Date,AMD,INTC,NVDA,QQQ,AMD_Return,INTC_Return,NVDA_Return,QQQ_Return
2022-11-16,72.69999694824219,28.475122451782227,15.890908241271973,280.0754089355469,0.0,0.0,0.0,0.0
2022-11-17,73.9000015258789,28.822261810302734,15.658187866210938,279.45721435546875,0.01650625348018986,0.01219096982316148,-0.014644875643835875,-0.002207243336455833
2022-11-18,73.56999969482422,28.802978515625,15.390510559082031,279.46710205078125,-0.004465518595951901,-0.0006690416874515215,-0.017095037396155588,3.538178584983065e-05
2022-11-21,72.45999908447266,27.906200408935547,15.29861831665039,276.5921325683594,-0.015087679964060907,-0.031134908711019982,-0.005970707864360936,-0.010287327063990048
2022-11-22,75.25,28.754762649536133,16.018754959106445,280.57586669921875,0.03850401532954484,0.030407659522464936,0.04707200529817035,0.014402919178747142
2022-11-23,76.4000015258789,28.610122680664062,16.49917221069336,283.3919372558594,0.015282412304038706,-0.005030122162194339,0.029990923315410534,0.010036752589485776
2022-11-25,75.13999938964844,28.291912078857422,16.250476837158203,281.5275573730469,-0.016492174228604828,-0.011122308189950525,-0.015073203089181253,-0.006578803549831647
2022-11-28,73.19000244140625,27.703699111938477,15.80800724029541,277.396728515625,-0.025951516689935228,-0.020790852356653455,-0.027228099291895624,-0.014672911227472496
2022-11-29,73.38999938964844,27.867626190185547,15.620233535766602,275.2969055175781,0.002732571957519747,0.005917154874687025,-0.011878391860181026,-0.0075697468001271195
2022-11-30,77.62999725341797,28.995832443237305,16.90701675415039,287.8465576171875,0.057773510001794204,0.0404844763365273,0.08237925607433216,0.04558588145411635
2022-12-01,77.4800033569336,28.764406204223633,17.118818283081055,288.1997985839844,-0.0019321641348862828,-0.007981362130806802,0.01252743355084629,0.0012271849617415675
2022-12-02,74.9800033569336,28.359407424926758,16.860057830810547,287.0517578125,-0.032266389928805816,-0.014079858851298255,-0.015115555758089205,-0.003983489152751152
2022-12-05,73.62000274658203,28.12798500061035,16.59431266784668,282.23406982421875,-0.018138177506840547,-0.00816034061815396,-0.015761817997933414,-0.01678334257555092
2022-12-06,70.2699966430664,27.578346252441406,15.97189998626709,276.3861083984375,-0.04550402035500001,-0.019540637132628547,-0.037507590343623165,-0.020720253332361604
2022-12-07,70.13999938964844,27.317989349365234,16.104778289794922,275.25762939453125,-0.0018499681176631366,-0.009440627827824288,0.00831950510847701,-0.004082980184660467
2022-12-08,70.47000122070312,27.424062728881836,17.15278434753418,278.5152587890625,0.004704902109015308,0.003882913129515053,0.06507423069607521,0.011834837790679398
2022-12-09,68.58999633789062,27.231204986572266,16.984941482543945,276.7392578125,-0.026678087842294196,-0.00703242784324809,-0.009785167328496325,-0.00637667388237273
2022-12-12,70.66999816894531,27.665130615234375,17.518442153930664,280.2127380371094,0.030325148594674056,0.015934866961490712,0.03141021545084621,0.0125514545788179
2022-12-13,71.6500015258789,27.703699111938477,18.054933547973633,283.2250671386719,0.013867318272610785,0.001394119450961906,0.03062437797430495,0.010750150484463594
2022-12-14,68.93000030517578,27.250490188598633,17.65730857849121,281.1253356933594,-0.037962333046436925,-0.016359148340033047,-0.02202306468898907,-0.007413649739853145
2022-12-15,66.52999877929688,26.18014144897461,16.935991287231445,271.68609619140625,-0.03481795321707981,-0.0392781462724604,-0.040850919496214666,-0.033576623318821386
2022-12-16,65.41000366210938,25.958356857299805,16.555347442626953,269.0957336425781,-0.016834437663269974,-0.008471481794972924,-0.02247543932615692,-0.009534394969565096
2022-12-19,64.58999633789062,25.833003997802734,16.238649368286133,265.3139343261719,-0.01253642070492289,-0.004828998236913407,-0.01912965435720071,-0.014053731975659511
2022-12-20,65.05000305175781,25.495506286621094,16.069812774658203,265.107421875,0.007121949836639496,-0.0130645940832258,-0.010397206676416415,-0.0007783701662574805
2022-12-21,67.68000030517578,25.871572494506836,16.485416412353516,268.9530944824219,0.04043039400513759,0.014750293783461155,0.025862382065254153,0.01450609183335172
2022-12-22,63.86000061035156,25.04229164123535,15.32451343536377,262.37310791015625,-0.05644207561464931,-0.03205374754269619,-0.07041999716305691,-0.02446518261828612
2022-12-23,64.5199966430664,25.158008575439453,15.191637992858887,262.9632568359375,0.01033504582534972,0.004620860417325234,-0.008670777252754447,0.002249273679310715
2022-12-27,63.27000045776367,25.01336669921875,14.107664108276367,259.2453918457031,-0.019373779453490836,-0.005749337265188337,-0.07135332510503878,-0.014138344021780713
2022-12-28,62.56999969482422,24.627655029296875,14.022743225097656,255.8226776123047,-0.011063707252645605,-0.015420222098048164,-0.006019485758020804,-0.013202603946131264
2022-12-29,64.81999969482422,25.273717880249023,14.58920669555664,262.05841064453125,0.035959725283267296,0.026233226435224744,0.04039605242468802,0.024375216030209534
2022-12-30,64.7699966430664,25.485862731933594,14.600196838378906,261.9009704589844,-0.000771413946208388,0.00839389173724836,0.0007533064032612113,-0.0006007827993753656
2023-01-03,64.0199966430664,25.775146484375,14.30147933959961,260.130615234375,-0.01157943552372076,0.01135075376824246,-0.020459826815079074,-0.006759635985719381
2023-01-04,64.66000366210938,26.691207885742188,14.735069274902344,261.3698425292969,0.009996986138740782,0.03554049254084779,0.030317838106590722,0.004763865621143282
2023-01-05,62.33000183105469,26.57549285888672,14.251527786254883,257.2782897949219,-0.03603466902399921,-0.004335323727229334,-0.03281569157405029,-0.01565426483323673
2023-01-06,63.959999084472656,27.703699111938477,14.844966888427734,264.3795471191406,0.02615108624312379,0.04245288164710326,0.04164038488176702,0.027601463496508716
2023-01-09,67.23999786376953,28.26297950744629,15.613240242004395,266.09100341796875,0.05128203293069067,0.020187932060913738,0.05175312005414856,0.0064734822246173
2023-01-10,68.05000305175781,28.388338088989258,15.893974304199219,268.34326171875,0.012046478490814083,0.0044354340457961605,0.01798051255495081,0.008464240699049386
2023-01-11,69.05999755859375,28.78369140625,15.985885620117188,272.98565673828125,0.014841946532577754,0.013926610146089757,0.005782777432431496,0.017300210893303358
2023-01-12,70.80000305175781,29.20797348022461,16.495405197143555,274.46099853515625,0.025195562622019496,0.014740363492171227,0.031873090370743595,0.005404466353664317
2023-01-13,71.0,29.03440284729004,16.883039474487305,276.3494567871094,0.0028248155313777,-0.005942577051848086,0.023499530488094722,0.006880606942451406
2023-01-17,71.58999633789062,28.542621612548828,17.685283660888672,276.9100341796875,0.008309807575924255,-0.01693788011855435,0.047517758139088206,0.002028509117027122
2023-01-18,70.52999877929688,27.780841827392578,17.360591888427734,273.31024169921875,-0.014806503880664734,-0.026689201696221576,-0.01835943254780803,-0.012999862901800219
2023-01-19,67.70999908447266,27.404773712158203,16.74916648864746,270.6251525878906,-0.03998298232853492,-0.013536958943539346,-0.035219156334631574,-0.00982432672348632
2023-01-20,70.06999969482422,28.17619514465332,17.822153091430664,278.03131103515625,0.034854536143285264,0.028149162645808357,0.0640620895081836,0.027366851811234882
2023-01-23,76.52999877929688,29.18868637084961,19.17487335205078,284.2080383300781,0.09219350810058335,0.03593427788948356,0.07590105716634987,0.02221594133381921
2023-01-24,74.69999694824219,28.85118865966797,19.24680519104004,283.627685546875,-0.023912215604918408,-0.011562620766609633,0.003751359274639654,-0.0020419998906896497
2023-01-25,74.91000366210938,28.639049530029297,19.304750442504883,282.99822998046875,0.0028113349725127357,-0.007352873122181913,0.0030106425918323687,-0.0022193022701312293
2023-01-26,75.16000366210938,29.015117645263672,19.783296585083008,288.5160217285156,0.0033373379759484845,0.01313130573136001,0.024789035424382933,0.019497619290508306
2023-01-27,75.4000015258789,27.154062271118164,20.345766067504883,291.38800048828125,0.0031931592878635673,-0.06414088672321139,0.02843153465363235,0.009954312909763008
2023-01-30,72.44999694824219,26.95156478881836,19.143905639648438,285.4964599609375,-0.03912472835460368,-0.007457355009279243,-0.05907177070004699,-0.020218885189064895
2023-01-31,75.1500015258789,27.250490188598633,19.5185489654541,289.77496337890625,0.037267145498509624,0.011091207583772356,0.019569848120738254,0.014986187284263153
2023-02-01,84.63999938964844,28.031553268432617,20.9232177734375,295.9714050292969,0.12628074079947327,0.02866234972025472,0.07196584184969512,0.021383633624303844
2023-02-02,88.30999755859375,29.111547470092773,21.68849754333496,306.59375,0.04336009210078218,0.038527804410909194,0.03657562513491586,0.03588976769445562
2023-02-03,86.08999633789062,29.236902236938477,21.080074310302734,301.1448669433594,-0.025138730405129373,0.004306015232425686,-0.028052806876850744,-0.017772322679900143
2023-02-06,83.68000030517578,28.002227783203125,21.06908416748047,298.597412109375,-0.027993914917314733,-0.04223000247185693,-0.0005213521859784853,-0.008459233789508747
2023-02-07,85.91000366210938,28.353593826293945,22.15205955505371,304.7840270996094,0.026649179598481343,0.012547788904909263,0.05140116100750047,0.020718916974298063
2023-02-08,84.69000244140625,27.56301498413086,22.18402671813965,299.3646240234375,-0.014200921530646005,-0.027882844305610943,0.00144307859982451,-0.01778112563097245
2023-02-09,83.20999908447266,27.06524085998535,22.315902709960938,296.7188415527344,-0.017475538012382885,-0.01805949474076385,0.005944637260712149,-0.008837993063923189
2023-02-10,81.4800033569336,27.133563995361328,21.244916915893555,294.77142333984375,-0.020790719223332976,0.002524386748650409,-0.047992044417245916,-0.006563176786144598
2023-02-13,83.12999725341797,27.865581512451172,21.76742172241211,299.49249267578125,0.020250292446066354,0.026978303226770528,0.024594344547785196,0.016016034670004453
2023-02-14,85.94999694824219,27.95342445373535,22.94930648803711,301.70550537109375,0.0339227690123407,0.003152381415221006,0.05429603839613728,0.007389209243746198
2023-02-15,85.18000030517578,28.15839195251465,22.74250030517578,304.0168151855469,-0.008958658178080947,0.007332464726049315,-0.009011434962931442,0.007660814182393727
2023-02-16,80.08000183105469,27.52397346496582,21.981218338012695,298.3122253417969,-0.059873191545541715,-0.022530352181285407,-0.03347397854007428,-0.01876406027169386
2023-02-17,78.5,26.948116302490234,21.367801666259766,296.2074279785156,-0.019730292144448547,-0.020922021422836057,-0.027906400014785948,-0.007055685903819886
2023-02-21,76.7699966430664,25.435274124145508,20.6354923248291,289.1946716308594,-0.022038259323994835,-0.05613906966124116,-0.03427162760439684,-0.023675153575706043
2023-02-22,76.61000061035156,24.859418869018555,20.73439598083496,289.41107177734375,-0.0020840958670185206,-0.022640025514028106,0.004792890542614003,0.0007482853859790417
2023-02-23,79.75,24.996061325073242,23.641651153564453,291.9388427734375,0.040986808048976364,0.005496607011396426,0.14021412417399093,0.008734188987899127
2023-02-24,78.08999633789062,24.537330627441406,23.264007568359375,287.0505065917969,-0.020815092941810387,-0.018352119226547448,-0.015973655255806518,-0.016744384321048633
2023-02-27,78.7699966430664,24.303083419799805,23.478805541992188,289.10614013671875,0.00870790545607747,-0.009546564424560144,0.009233059824350853,0.007161225978413288
2023-02-28,78.58000183105469,24.332361221313477,23.194074630737305,288.73236083984375,-0.0024120200597779196,0.0012046949355331016,-0.012127146363797636,-0.001292879136701286
2023-03-01,78.29000091552734,24.7227725982666,22.67656135559082,286.4112243652344,-0.0036905180551005667,0.0160449441549122,-0.0223123053359785,-0.008039058967473589
2023-03-02,80.44000244140625,25.571916580200195,23.291980743408203,288.78155517578125,0.02746201942440507,0.03434663238350266,0.027139008342887738,0.008275970384192144
2023-03-03,81.5199966430664,25.76712417602539,23.8674373626709,294.7517395019531,0.013426083650940335,0.0076336709144571024,0.02470621221965219,0.020673703770789142
2023-03-06,81.16000366210938,25.366952896118164,23.531755447387695,295.086181640625,-0.00441600828976052,-0.015530304320090171,-0.014064430553747509,0.0011346570481212126
2023-03-07,82.11000061035156,24.917980194091797,23.269960403442383,291.46673583984375,0.01170523540384849,-0.017699118371251932,-0.011125181227156333,-0.012265724476347217
2023-03-08,85.37000274658203,25.35719108581543,24.162267684936523,292.9223327636719,0.03970286337836759,0.017626263778304674,0.03834588740263345,0.004994041325621312
2023-03-09,84.02999877929688,25.806167602539062,23.4178409576416,287.8471984863281,-0.015696426428178922,0.01770608247594052,-0.030809472728382192,-0.01732587006753883
2023-03-10,82.66999816894531,26.56746482849121,22.947206497192383,283.8047790527344,-0.016184703440536463,0.029500592171510354,-0.020097260943077844,-0.014043629588376016
2023-03-13,82.01000213623047,26.30394172668457,22.948205947875977,285.90960693359375,-0.007983501237850188,-0.009919015740035397,4.35543508843228e-05,0.007416463837870202
2023-03-14,87.44999694824219,27.33852767944336,24.044355392456055,292.479736328125,0.06633330899047052,0.039331974025369476,0.04776623702392446,0.02297974337062847
2023-03-15,89.68000030517578,27.728939056396484,24.209230422973633,294.01409912109375,0.025500325154424353,0.01428062921057327,0.006857120011181772,0.005246048195446162
2023-03-16,96.5999984741211,29.456506729125977,25.521211624145508,301.7645263671875,0.07716322642057283,0.062301975175317104,0.05419342863236398,0.026360733275248904
2023-03-17,97.83999633789062,29.09537696838379,25.70507049560547,300.33837890625,0.01283641701197058,-0.012259761962375215,0.007204159197755855,-0.0047260275357950965
2023-03-20,96.80999755859375,28.460960388183594,25.87993049621582,301.4041442871094,-0.010527379577363938,-0.02180472110361653,0.006802548961701849,0.003548548756041825
2023-03-21,95.93000030517578,27.777740478515625,26.17870330810547,305.7090148925781,-0.009089941902801435,-0.024005511421590242,0.011544575513189104,0.014282718692043117
2023-03-22,97.58000183105469,27.455650329589844,26.447494506835938,301.5519104003906,0.017200057548523606,-0.011595260931136497,0.010267552046676176,-0.01359823979560515
2023-03-23,100.27999877929688,28.334075927734375,27.16993522644043,305.1277770996094,0.027669572633507666,0.031994346795632955,0.027316036285318424,0.011858212718569128
2023-03-24,97.94999694824219,28.656166076660156,26.75825309753418,306.25079345703125,-0.023234960704204943,0.011367589673553002,-0.015152120366692001,0.003680478939337206
2023-03-27,96.61000061035156,28.480480194091797,26.510446548461914,304.1526184082031,-0.013680412247472518,-0.006130823017230225,-0.009260938977182387,-0.006851166082358251
2023-03-28,94.55999755859375,28.587848663330078,26.38953971862793,302.53704833984375,-0.021219366926886862,0.003769896733010647,-0.004560724000365779,-0.0053117085653069385
2023-03-29,96.08999633789062,30.764385223388672,26.963092803955078,308.0534973144531,0.016180190554138107,0.0761350245585446,0.021734107204692377,0.01823396177387404
2023-03-30,97.87999725341797,31.32071876525879,27.361787796020508,310.9693298339844,0.01862837947493512,0.01808368793429249,0.01478669360982754,0.00946534463965154
2023-03-31,98.01000213623047,31.886808395385742,27.755477905273438,316.14093017578125,0.0013282068498214894,0.01807396676844042,0.01438831819718267,0.01663058007861351
2023-04-03,96.55999755859375,32.10154342651367,27.943336486816406,315.3725891113281,-0.014794455117154937,0.006734290508641827,0.006768342529864135,-0.0024303751621971292
2023-04-04,95.87000274658203,32.3065071105957,27.43172836303711,314.3087463378906,-0.007145762525449739,0.006384854502439419,-0.018308770107702488,-0.0033732886438712084
2023-04-05,92.55999755859375,32.0429801940918,26.86017417907715,311.20574951171875,-0.03452597364305687,-0.008157084750814114,-0.020835514860598536,-0.009872448229092723
2023-04-06,92.47000122070312,32.023460388183594,27.016054153442383,313.30389404296875,-0.0009723027254149308,-0.0006091757317817637,0.005803386579922298,0.006741985116091254
2023-04-10,95.4800033569336,31.740407943725586,27.557628631591797,313.1266174316406,0.03255112032545915,-0.008838908757107689,0.020046394453958616,-0.0005658295817536629
2023-04-11,94.02999877929688,31.57448387145996,27.14794921875,311.1170654296875,-0.015186473886224738,-0.005227534332885697,-0.014866279617838485,-0.006417697794061983
2023-04-12,92.33000183105469,31.252399444580078,26.47447395324707,308.36871337890625,-0.018079304161561782,-0.010200782004579745,-0.024807592650047616,-0.008833819665229448
2023-04-13,92.08999633789062,31.359758377075195,26.44249725341797,314.4071960449219,-0.002599431261825602,0.0034352220758440133,-0.0012078313580685673,0.0195820211455624
2023-04-14,91.75,31.125513076782227,26.73726463317871,313.8161926269531,-0.0036920007754494,-0.007469614321525153,0.011147486447129706,-0.0018797388399606207
2023-04-17,89.87000274658203,31.369522094726562,26.9810791015625,314.0821533203125,-0.020490433279759857,0.007839517933163176,0.009118900969444566,0.0008475046846150303
2023-04-18,89.77999877929688,31.066953659057617,27.64556312561035,314.101806640625,-0.0010014906479857144,-0.009645299496603088,0.02462777791602,6.257382059038363e-05
2023-04-19,89.94000244140625,30.403255462646484,27.909358978271484,313.9540710449219,0.0017821749196356151,-0.021363478495344257,0.009542068340679055,-0.0004703430307618772
2023-04-20,90.11000061035156,30.120206832885742,27.0830020904541,311.56036376953125,0.001890128578282635,-0.00930981322406399,-0.029608594323529025,-0.00762438680098565
2023-04-21,88.43000030517578,29.573631286621094,27.097990036010742,311.88543701171875,-0.018643882963005898,-0.018146473870421342,0.0005534078351647764,0.001043371622290179
2023-04-24,87.56999969482422,28.948972702026367,27.021045684814453,311.23529052734375,-0.009725213246451037,-0.021122146906501715,-0.002839485552029397,-0.0020845682652075315
2023-04-25,83.80000305175781,28.18766975402832,26.22066879272461,305.36419677734375,-0.043051235082843475,-0.026298098928559166,-0.029620500310232112,-0.018863843300199856
2023-04-26,85.94000244140625,28.353593826293945,26.93511390686035,307.2162170410156,0.025536984626679526,0.00588640613834035,0.02724740241309087,0.006064955496476454
2023-04-27,87.44000244140625,29.144180297851562,27.204906463623047,315.56964111328125,0.01745403720488259,0.027883113385946068,0.01001638818739048,0.02719070025899839
2023-04-28,89.37000274658203,30.31540870666504,27.727502822875977,317.74664306640625,0.022072281007415206,0.04018738550350709,0.019209636318791246,0.006898641914491188
2023-05-01,89.69000244140625,29.573631286621094,28.887603759765625,317.38214111328125,0.0035806163700320415,-0.024468659724216746,0.041839358715438646,-0.0011471465114701873
2023-05-02,89.91000366210938,29.05633544921875,28.188140869140625,314.6141052246094,0.0024529068426200062,-0.017491793022940794,-0.024213254115566518,-0.00872146075693625
2023-05-03,81.62000274658203,29.91524314880371,27.78046226501465,312.5552978515625,-0.0922033208527272,0.029560083414030602,-0.014462770213139131,-0.0065439131267717165
2023-05-04,86.61000061035156,30.615957260131836,27.540645599365234,311.4520263671875,0.0611369480011259,0.023423313253469136,-0.008632565698931005,-0.0035298441330499086
2023-05-05,89.83999633789062,30.370952606201172,28.657779693603516,318.07171630859375,0.03729356546330531,-0.008002514892771595,0.040563104819301365,0.021254284387290934
2023-05-08,95.04000091552734,30.15534782409668,29.128414154052734,318.8597717285156,0.05788073007126315,-0.007099045752699595,0.01642257235141864,0.0024776029414614875
2023-05-09,95.05999755859375,29.49873161315918,28.548864364624023,316.84039306640625,0.00021040238713987414,-0.021774453233559088,-0.019896372880570112,-0.006333124593179251
2023-05-10,97.0199966430664,29.371328353881836,28.862621307373047,320.2881164550781,0.02061854759952575,-0.004318940249638081,0.010990172454558689,0.010881577804220388
2023-05-11,97.0999984741211,28.28350257873535,28.555856704711914,321.3323669433594,0.0008245911546360674,-0.03703699614943401,-0.010628438747618874,0.0032603472768173436
2023-05-12,95.26000213623047,28.3717041015625,28.318042755126953,320.1798095703125,-0.01894949914320565,0.0031184794945964267,-0.00832802713797487,-0.0035868075911881236
2023-05-15,97.4000015258789,29.204723358154297,28.930566787719727,321.9134826660156,0.022464826177392316,0.029360917257907015,0.02163016836613396,0.005414685885502202
2023-05-16,101.4800033569336,28.636308670043945,29.19036865234375,322.2779846191406,0.04188913518621096,-0.019463108112326766,0.008980185785171013,0.0011322978773871117
2023-05-17,103.75,28.29330062866211,30.154617309570312,326.1788635253906,0.022368905872836686,-0.01197808157937097,0.033033109951803974,0.01210408123552087
2023-05-18,107.93000030517578,29.087121963500977,31.65345573425293,332.23712158203125,0.04028915956795931,0.02805686566079535,0.0497051051683195,0.018573423155510582
2023-05-19,105.81999969482422,29.33212661743164,31.239778518676758,331.4884948730469,-0.019549713743958752,0.008423131523225269,-0.01306894321584362,-0.002253290377124628
2023-05-22,108.0,29.675134658813477,31.151845932006836,332.60162353515625,0.02060102354434612,0.011693937021872491,-0.0028147634471016314,0.003357970726965087
2023-05-23,108.12000274658203,28.92051887512207,30.664220809936523,328.3854675292969,0.0011111365424261166,-0.02542922862414998,-0.015653169418422985,-0.012676294123422194
2023-05-24,108.2699966430664,28.420705795288086,30.514345169067383,326.70098876953125,0.0013872909052354832,-0.01728229987823393,-0.004887638978277042,-0.005129577665051066
2023-05-25,120.3499984741211,26.852664947509766,37.95056915283203,334.6504821777344,0.11157293992424155,-0.05517248090433735,0.24369600404542857,0.024332627330402756
2023-05-26,127.02999877929688,28.420705795288086,38.91582489013672,343.20111083984375,0.055504780971078915,0.05839423576183034,0.02543455233615788,0.025550922880691163
2023-05-30,125.2699966430664,29.390928268432617,40.07992172241211,344.7574768066406,-0.013855011832978992,0.034137873989934064,0.02991319946478721,0.004534851192609324
2023-05-31,118.20999908447266,30.81196403503418,37.804691314697266,342.7972106933594,-0.056358248166238134,0.048349468707588494,-0.05676733660990585,-0.005685927775775812
2023-06-01,119.47000122070312,30.508155822753906,39.73918533325195,346.7571716308594,0.010659014854826898,-0.009860072922804775,0.051170739696071,0.01155190536553774
2023-06-02,117.86000061035156,30.68456268310547,39.296531677246094,349.3577575683594,-0.013476191461464282,0.005782285280580446,-0.011138971579154777,0.007499732234142353
2023-06-05,117.93000030517578,29.263526916503906,39.140655517578125,349.60406494140625,0.0005939224033744139,-0.04631109725360261,-0.00396666456338246,0.0007050290646506419
2023-06-06,124.2300033569336,30.341550827026367,38.624053955078125,349.5449523925781,0.0534215469808772,0.036838482032542696,-0.013198592503592455,-0.0001690842720550867
2023-06-07,117.83000183105469,30.6551570892334,37.4498405456543,343.61474609375,-0.05151735774723143,0.01033586793222474,-0.030401091785691392,-0.016965504030988954
2023-06-08,121.05000305175781,31.184371948242188,38.48414611816406,347.8801574707031,0.027327515663794877,0.017263485470595086,0.02761842393558034,0.012413353691722362
2023-06-09,124.91999816894531,30.713960647583008,38.74397277832031,349.21002197265625,0.03197021907990205,-0.015084841260870618,0.006751524624152072,0.003822766183682491
2023-06-12,129.19000244140625,32.40940475463867,39.45549392700195,355.1106872558594,0.034181911103505325,0.05520109003555307,0.01836469256141382,0.01689718195907086
2023-06-13,124.52999877929688,33.23262405395508,40.99445724487305,357.83929443359375,-0.036070930985723226,0.025400630019240866,0.03900504504438307,0.007683821624237419
2023-06-14,127.33000183105469,34.8692626953125,42.968143463134766,360.4399108886719,0.02248456660406961,0.04924795101043622,0.04814519695851227,0.007267554166164203
2023-06-15,124.23999786376953,35.104469299316406,42.624366760253906,364.7348327636719,-0.024267681794154616,0.006745385070488608,-0.008000734385366415,0.011915777762819824
2023-06-16,120.08000183105469,35.64348220825195,42.66333770751953,362.4396057128906,-0.03348354881071658,0.015354538031601583,0.0009142880053754077,-0.006292864965459555
2023-06-20,118.93000030517578,34.30084991455078,43.77859115600586,361.9208068847656,-0.009576961262016681,-0.03766838172142262,0.02614079226834054,-0.0014314076606075643
2023-06-21,112.11000061035156,32.242801666259766,43.0161018371582,356.9885559082031,-0.05734465380748355,-0.05999991992670628,-0.01741694510292735,-0.013627984030586293
2023-06-22,110.69999694824219,32.05659103393555,42.99611282348633,361.20062255859375,-0.012576965965863884,-0.005775262157788119,-0.0004646867758391071,0.011798884251835062
2023-06-23,110.01000213623047,32.34080123901367,42.180667877197266,357.61993408203125,-0.006233015637157835,0.008865889850148356,-0.018965550435611322,-0.00991329541792707
2023-06-26,107.51000213623047,32.67401123046875,40.60472869873047,352.8258361816406,-0.022725206358092165,0.010303083989555484,-0.037361645933509324,-0.013405566758174503
2023-06-27,110.38999938964844,33.418827056884766,41.84788513183594,358.8923645019531,0.026788179668795875,0.022795359319748076,0.03061605071490936,0.017194115901391527
2023-06-28,110.16999816894531,32.899417877197266,41.089393615722656,359.5928039550781,-0.0019929452116996815,-0.015542412030301822,-0.01812496650006945,0.0019516699779806856
2023-06-29,111.23999786376953,32.25259780883789,40.79459762573242,358.8726501464844,0.00971226025785521,-0.01966053231621734,-0.007174503297547652,-0.0020026924918211675
2023-06-30,113.91000366210938,32.772010803222656,42.27360153198242,364.4065856933594,0.024002210082830766,0.016104532027570118,0.0362548962933531,0.015420332378675683
2023-07-03,115.81999969482422,32.94841766357422,42.384521484375,365.2647705078125,0.016767588195155003,0.005382851281564127,0.002623858587224026,0.0023550200466884164
2023-07-05,113.94999694824219,31.8605899810791,42.28858947753906,365.2548828125,-0.016145767151695134,-0.0330160827024405,-0.002263373596686824,-2.7069939700918866e-05
2023-07-06,113.4800033569336,31.331375122070312,42.074737548828125,362.4731140136719,-0.004124559928878946,-0.01661032828717457,-0.0050569652795944275,-0.007615966082118342
2023-07-07,113.16999816894531,31.213773727416992,42.47446060180664,361.26971435546875,-0.0027318045366390153,-0.00375347057686215,0.00950031007358354,-0.0033199694313265082
2023-07-10,113.58000183105469,32.085994720458984,42.151676177978516,361.3880615234375,0.0036229006692860555,0.02794346497988065,-0.007599494360957082,0.0003275867399510357
2023-07-11,111.31999969482422,32.63480758666992,42.37652587890625,363.17352294921875,-0.01989788783057178,0.017104436717400473,0.005334300348539989,0.004940565602124858
2023-07-12,114.58000183105469,33.30122756958008,43.87252426147461,367.7603759765625,0.029284963574986778,0.02042052741203726,0.035302525432199694,0.012629921339241124
2023-07-13,115.91999816894531,33.19342041015625,45.946136474609375,374.0045166015625,0.011694853521353687,-0.0032373328940674684,0.04726448382081472,0.016978829240151594
2023-07-14,115.94000244140625,32.48780822753906,45.4384765625,373.92559814453125,0.0001725696409327071,-0.021257591832907097,-0.011049022857230195,-0.00021100936894657973
2023-07-17,118.31999969482422,33.68342971801758,46.4298095703125,377.4175720214844,0.020527835115587312,0.03680215920090957,0.02181703883599484,0.009338686343702607
2023-07-18,117.93000030517578,33.81083679199219,47.46211242675781,380.50506591796875,-0.0032961408946444726,0.0037824851875596366,0.022233622450723356,0.00818057802647476
2023-07-19,116.43000030517578,33.77163314819336,47.04539108276367,380.4162292480469,-0.01271940978646946,-0.0011594993652482843,-0.008780084212164252,-0.0002334703999473664
2023-07-20,110.25,32.70340347290039,45.489437103271484,371.64691162109375,-0.05307910580586894,-0.031630974747518636,-0.033073462536529985,-0.023051901976650857
2023-07-21,110.94999694824219,33.340431213378906,44.27924728393555,370.5322570800781,0.00634917866886342,0.019478943254526593,-0.026603754550502123,-0.002999229930779168
2023-07-24,110.61000061035156,32.95821762084961,44.58205032348633,371.1241455078125,-0.003064410520436822,-0.01146396668006866,0.006838486607712468,0.0015974005405052782
2023-07-25,113.0,33.418827056884766,45.648338317871094,373.6394958496094,0.02160744396040415,0.01397555660727745,0.02391742835172006,0.006777652093627795
2023-07-26,110.08999633789062,33.67363357543945,45.42148208618164,372.3966369628906,-0.025752244797428103,0.007624639791245835,-0.004969649280763377,-0.003326358429781795
2023-07-27,111.0999984741211,33.859840393066406,45.86919021606445,371.50885009765625,0.009174331636187416,0.005529751258051441,0.00985674859823682,-0.002383981962014503
2023-07-28,112.95999908447266,36.094295501708984,46.71861267089844,378.2757568359375,0.01674167989106512,0.06599130659517627,0.018518366049908863,0.018214658241660908
2023-07-31,114.4000015258789,35.05546569824219,46.6976318359375,378.4730224609375,0.012747897070443548,-0.028780996803708492,-0.00044908942627930326,0.000521486300496754
2023-08-01,117.5999984741211,35.08486557006836,46.47577667236328,377.5951232910156,0.02797200092273,0.0008386672731506284,-0.0047508868191359355,-0.002319581893085898
2023-08-02,109.3499984741211,33.703033447265625,44.23927307128906,369.3091125488281,-0.07015306213473704,-0.039385418765338076,-0.048121919873243324,-0.02194416779000985
2023-08-03,113.1500015258789,34.17344665527344,44.48511505126953,368.71722412109375,0.034750828575979664,0.013957592533736074,0.005557098092102697,-0.0016026910997386512
2023-08-04,115.81999969482422,34.561946868896484,44.65000534057617,366.99102783203125,0.02359697863843735,0.01136848201301044,0.003706639605553619,-0.00468162639588432
2023-08-07,116.80999755859375,34.65047073364258,45.38651657104492,370.0982971191406,0.008547728081316652,0.002561310133421868,0.016495210355539136,0.008466880799417043
2023-08-08,113.2300033569336,34.44392013549805,44.63401412963867,366.9515380859375,-0.030648011955178522,-0.005960975241354749,-0.016579867728520936,-0.008502495303808755
2023-08-09,110.47000122070312,33.716094970703125,42.525428771972656,362.9170227050781,-0.02437518373579961,-0.02113072965945073,-0.04724166980683542,-0.010994681755263636
2023-08-10,110.2300033569336,34.10951614379883,42.35954666137695,363.5877990722656,-0.0021725161683491256,0.011668645892638496,-0.0039007745573874653,0.0018482912765780402
2023-08-11,107.56999969482422,34.316062927246094,40.827571868896484,361.26971435546875,-0.02413139418581045,0.006055400568466096,-0.03616598649478253,-0.006375584446760119
2023-08-14,111.9800033569336,35.09306335449219,43.7236213684082,365.32391357421875,0.04099659453956073,0.022642470055303843,0.07093366974679194,0.011222084380870356
2023-08-15,111.3499984741211,34.198036193847656,43.91049575805664,361.447265625,-0.005626048079355517,-0.02550438961692869,0.004273991581663861,-0.010611536242702502
2023-08-16,107.19000244140625,32.978431701660156,43.45680618286133,357.61993408203125,-0.037359641578097236,-0.035662997877255576,-0.010332144225724704,-0.01058890717114902
2023-08-17,104.44000244140625,32.0440673828125,43.31489944458008,353.71368408203125,-0.02565537771587645,-0.028332588016931726,-0.003265466350291013,-0.010922909009607906
2023-08-18,105.44999694824219,32.21126937866211,43.269927978515625,353.2697448730469,0.009670571459461375,0.005217876802346533,-0.0010382447296684028,-0.0012550806738973463
2023-08-21,108.22000122070312,32.5948486328125,46.93546676635742,358.9614562988281,0.026268414913473537,0.011908231545959769,0.0847133091985226,0.016111516789603986
2023-08-22,105.66000366210938,32.348960876464844,45.63733673095703,358.4485168457031,-0.023655493713892195,-0.00754376125864642,-0.02765776341082149,-0.001428954123414261
2023-08-23,109.43000030517578,33.4210319519043,47.084373474121094,364.10076904296875,0.035680451565405,0.03314081956244319,0.03170730035573044,0.015768658347381725
2023-08-24,101.80000305175781,32.05389404296875,47.1313362121582,356.31781005859375,-0.06972491302329908,-0.040906513925212606,0.0009974166495583248,-0.021375837806748788
2023-08-25,102.25,32.70303726196289,45.98711013793945,359.079833984375,0.00442040210954997,0.020251618044408337,-0.024277395172250138,0.007751574150411056
2023-08-28,102.61000061035156,33.06695556640625,46.80355453491211,361.7826843261719,0.0035207883652963456,0.011127966541096601,0.017753766099320334,0.007527157155571285
2023-08-29,105.91999816894531,33.745601654052734,48.751243591308594,369.68389892578125,0.03225804053118608,0.02052339188842467,0.041614126870292534,0.021839670448367432
2023-08-30,106.58999633789062,33.96198272705078,49.23092269897461,371.7455749511719,0.006325511523108673,0.006412126688873476,0.009839320442515564,0.005576861830827395
2023-08-31,105.72000122070312,34.561946868896484,49.32186508178711,372.8602294921875,-0.008162070992381087,0.017665757228238377,0.001847261392368571,0.0029984339185800124
2023-09-01,109.44999694824219,36.00776672363281,48.47643280029297,372.4656982421875,0.035281835834945374,0.04183270867873112,-0.017141125545277247,-0.0010581210297953003
2023-09-05,110.77999877929688,36.10612106323242,48.51540756225586,372.939208984375,0.012151684496470416,0.0027314756939662566,0.0008039940175352811,0.0012712868444588743
2023-09-06,109.27999877929688,36.371681213378906,47.033287048339844,369.6543273925781,-0.013540350392929668,0.0073549897448526025,-0.030549480843052423,-0.008808088591013452
2023-09-07,106.58999633789062,37.551937103271484,46.21376419067383,367.0107421875,-0.02461568879442444,0.03244985798067623,-0.01742431603438066,-0.0071515061753101294
2023-09-08,106.08999633789062,37.38473129272461,45.5451545715332,367.5236511230469,-0.004690871725100743,-0.0044526547348821,-0.01446775935372846,0.0013975311253555667
2023-09-11,105.31999969482422,37.955196380615234,45.151390075683594,371.8540954589844,-0.007257957108547819,0.01525930689253463,-0.008645584795000771,0.011782763701614574
2023-09-12,105.30999755859375,38.22075271606445,44.84356689453125,367.7308044433594,-9.496901119876444e-05,0.006996573875845957,-0.006817579273558638,-0.011088464712310286
2023-09-13,107.70999908447266,38.073219299316406,45.45820617675781,369.1315612792969,0.022789873530702165,-0.003860034307645588,0.013706297799016554,0.003809190905444737
2023-09-14,106.62999725341797,38.033878326416016,45.55414962768555,372.1499938964844,-0.010026941233261755,-0.001033297777923825,0.0021105859424956908,0.008177118766887759
2023-09-15,101.48999786376953,37.256874084472656,43.874141693115234,365.7776794433594,-0.04820406566674351,-0.02042926664682787,-0.03687936111860346,-0.017122973418340237
2023-09-18,102.37000274658203,37.36507034301758,43.940101623535156,366.1589660644531,0.008670853299196368,0.0029040616316766688,0.0015033896476264186,0.0010423999126298877
2023-09-19,101.61000061035156,35.742210388183594,43.494361877441406,365.37860107421875,-0.007424070683204498,-0.04343254113897976,-0.010144258425087593,-0.0021312191221803944
2023-09-20,100.33999633789062,34.11935043334961,42.21411895751953,360.11334228515625,-0.012498811778685837,-0.045404577310934946,-0.029434686811346977,-0.014410419147652731
2023-09-21,96.11000061035156,34.08000946044922,40.992835998535156,353.51446533203125,-0.04215662628982697,-0.0011530399143219183,-0.028930675071375145,-0.01832444449642101
2023-09-22,96.19999694824219,33.617740631103516,41.585487365722656,353.5638427734375,0.000936388901457752,-0.01356422244783051,0.014457437568083265,0.0001396758725555891
2023-09-25,97.37999725341797,33.72593307495117,42.19712448120117,355.2431640625,0.012266115827536339,0.0032183139561603458,0.014707946310680065,0.0047496974687499804
2023-09-26,95.95999908447266,33.273502349853516,41.88631057739258,349.90875244140625,-0.014582031310290233,-0.013414920918338735,-0.007365760288880807,-0.015016225956582363
2023-09-27,98.06999969482422,34.04066848754883,42.4429817199707,350.7287292480469,0.021988335040459495,0.02305636868728045,0.013290049538967397,0.0023434018181009986
2023-09-28,102.76000213623047,34.60129165649414,43.06361770629883,353.6626281738281,0.04782300862649813,0.016469217375985723,0.014622817746946737,0.008365151415087757
2023-09-29,102.81999969482422,34.96520233154297,43.47337341308594,353.91943359375,0.0005838610095998398,0.010517256946982467,0.009515125031568816,0.0007261310623853934
2023-10-02,103.2699966430664,34.87668228149414,44.75562286376953,356.8731689453125,0.0043765507642268275,-0.0025316613131385335,0.029495052948838474,0.008345784580320537
2023-10-03,100.08000183105469,35.102901458740234,43.49135971069336,350.6101379394531,-0.030889851028438997,0.0064862585099192405,-0.028248141176013375,-0.01754973909741897
2023-10-04,104.06999969482422,35.33895492553711,44.01506042480469,355.3814697265625,0.039868083440936175,0.006724614119842265,0.01204148864498622,0.013608653232763501
2023-10-05,102.91000366210938,35.29961013793945,44.661678314208984,354.3343200683594,-0.011146305718424343,-0.0011133545878920792,0.014690832709612689,-0.00294655109341746
2023-10-06,107.23999786376953,35.59467315673828,45.73504638671875,360.2713623046875,0.042075542197793414,0.008358818061894091,0.02403331251813423,0.016755481758534474
2023-10-09,106.97000122070312,35.46681594848633,45.246334075927734,362.1087341308594,-0.0025176860168292237,-0.0035920320911205783,-0.010685728984696885,0.005099966354300323
2023-10-10,109.01000213623047,35.830726623535156,45.77102279663086,364.1141052246094,0.019070775846009136,0.010260596146476342,0.01159627031490884,0.0055380356913050655
2023-10-11,108.30999755859375,36.2733268737793,46.77843475341797,366.71221923828125,-0.006421471093651765,0.012352533480396222,0.022009819646443773,0.00713543907360914
2023-10-12,108.79000091552734,36.23398208618164,46.91734313964844,365.4378356933594,0.004431754849536507,-0.0010846754623463628,0.002969496242503533,-0.0034751597521592847
2023-10-13,105.08999633789062,35.3782958984375,45.43422317504883,360.8443298339844,-0.03401052069582822,-0.023615571308417405,-0.03161133741493283,-0.012569869375073206
2023-10-16,106.45999908447266,35.95859146118164,46.06784439086914,364.9241638183594,0.013036471541754802,0.01640258661440419,0.013945901823370077,0.01130635469941299
2023-10-17,105.13999938964844,35.46681594848633,43.91211700439453,363.7288818359375,-0.012399020347321654,-0.013676161738042425,-0.046794622474280234,-0.0032754256936978754
2023-10-18,102.16999816894531,35.05372619628906,42.171142578125,358.9574890136719,-0.028248061993003337,-0.01164721842516836,-0.039646788746151795,-0.013117992715293347
2023-10-19,102.4000015258789,35.083229064941406,42.07620620727539,355.5987854003906,0.0022511829407421136,0.0008416471472145748,-0.002251216472822226,-0.00935682836012186
2023-10-20,101.80999755859375,34.34556198120117,41.36262130737305,350.2940368652344,-0.005761757407162227,-0.021026202644424896,-0.016959345060414632,-0.01491779149128225
2023-10-23,100.01000213623047,33.29317092895508,42.949684143066406,351.35101318359375,-0.017679947603646218,-0.030641252946220887,0.038369493652242515,0.003017397406527955
2023-10-24,101.66999816894531,34.020999908447266,43.637271881103516,354.7690124511719,0.016598300142556255,0.021861209346665023,0.016009145393170776,0.009728161124704426
2023-10-25,96.05999755859375,32.28995132446289,41.754390716552734,346.0857238769531,-0.05517852573410509,-0.05088176680999201,-0.04314846193137334,-0.024475893523575043
2023-10-26,93.66999816894531,31.985044479370117,40.30224609375,339.48687744140625,-0.024880277434846,-0.009442778096161897,-0.03477824961356846,-0.019067086505691888
2023-10-27,96.43000030517578,34.95537185668945,40.47614669799805,341.1168212890625,0.029465166971098578,0.09286613245872322,0.004314910981475517,0.004801198384870142
2023-10-30,96.18000030517578,35.102901458740234,41.136756896972656,344.9595947265625,-0.0025925541761776527,0.004220513020305683,0.016320975509442004,0.011265271008853661
2023-10-31,98.5,35.89957809448242,40.75597381591797,346.60931396484375,0.024121435719099082,0.022695463982616904,-0.009256516793687997,0.0047823549873686755
2023-11-01,108.04000091552734,36.67658233642578,42.30007553100586,352.6253967285156,0.09685280117286643,0.02164382656248498,0.03788651258983822,0.017356956438516535
2023-11-02,107.83000183105469,37.07984161376953,43.48037338256836,359.0267028808594,-0.001943716056026723,0.010995006940525354,0.02790297267193642,0.018153276002613294
2023-11-03,112.25,37.51259994506836,44.97848892211914,363.24481201171875,0.040990430250297694,0.011670986510851966,0.034454983317861565,0.011748733720954307
2023-11-06,111.75,37.448455810546875,45.72404861450195,364.7265930175781,-0.0044543429844098315,-0.001709935718009814,0.016575916849357997,0.004079290211064457
2023-11-07,113.44999694824219,38.25762176513672,45.92793273925781,368.17425537109375,0.015212500655411132,0.02160745849397494,0.004459012946880447,0.00945273094838317
2023-11-08,113.58999633789062,37.418853759765625,46.54656982421875,368.41131591796875,0.0012340184523080833,-0.021924206646201982,0.013469735040613884,0.0006438813779525709
2023-11-09,113.48999786376953,37.300437927246094,46.92234420776367,365.576171875,-0.0008803457817150306,-0.003164603418367107,0.008073084331756686,-0.00769559435465339
2023-11-10,118.58999633789062,38.346431732177734,48.30652618408203,373.7951354980469,0.04493786739024341,0.028042400117978206,0.02949942079171186,0.02248221917991189
2023-11-13,116.79000091552734,37.72475814819336,48.59136199951172,372.6294250488281,-0.015178307428517557,-0.016212032147510325,0.005896425140244244,-0.003118581111724583
2023-11-14,119.87999725341797,38.889163970947266,49.626747131347656,380.65081787109375,0.02645771310615519,0.03086582604929622,0.021308008033327885,0.021526461097951533
2023-11-15,118.0,40.073307037353516,48.85920715332031,380.93731689453125,-0.015682326463886898,0.030449177752725154,-0.015466256049301186,0.0007526557411325907
2023-11-16,119.83000183105469,42.77709197998047,49.45085525512695,381.26336669921875,0.015508490093683713,0.06747097114063183,0.012109244833835353,0.0008559145828650472
2023-11-17,120.62000274658203,43.231014251708984,49.26896667480469,381.3522644042969,0.006592680492829794,0.010611340105609601,-0.0036781685449900348,0.00023316613355151006
2023-11-20,121.52999877929688,44.14872360229492,50.379310607910156,385.99517822265625,0.00754432110755876,0.021228031922699175,0.022536375492390404,0.012174868885627355
2023-11-21,119.16000366210938,43.06325912475586,49.91457748413086,383.7527160644531,-0.019501317707502852,-0.02458654268959748,-0.009224682080233304,-0.005809560027482008
2023-11-22,122.51000213623047,43.09286117553711,48.68730545043945,385.3234558105469,0.02811344722362019,0.0006874085097807736,-0.024587447105639426,0.004093103919113217
2023-11-24,122.30999755859375,43.379032135009766,47.747859954833984,384.7801208496094,-0.0016325571312481024,0.006640797377248875,-0.019295491646416196,-0.0014100749714147653
2023-11-27,122.6500015258789,43.4974479675293,48.213584899902344,384.44427490234375,0.0027798542561681128,0.002729794250618145,0.009753839135594689,-0.0008728256192759298
2023-11-28,122.01000213623047,43.64546203613281,47.79282760620117,385.4518737792969,-0.00521809524407868,0.0034028219015056482,-0.008726944793147395,0.002620923090112637
2023-11-29,123.8499984741211,44.3460807800293,48.11164855957031,385.07647705078125,0.015080700808743241,0.016052499188036196,0.0066708953903320545,-0.0009739133574184766
2023-11-30,121.16000366210938,44.109249114990234,46.74244689941406,384.1083068847656,-0.021719780744073214,-0.005340532035149281,-0.028458838995320423,-0.002514228273382546
2023-12-01,121.38999938964844,43.16194152832031,46.73745346069336,385.2048645019531,0.0018982809556564728,-0.021476393402216964,-0.00010682878308554411,0.002854813596927741
2023-12-04,118.56999969482422,41.790306091308594,45.48320007324219,381.62884521484375,-0.02323090624436308,-0.03177881690312134,-0.026836151621012272,-0.009283421931166269
2023-12-05,118.37999725341797,41.365989685058594,46.542667388916016,382.5870666503906,-0.00160244953947275,-0.010153464904585796,0.023293596623978896,0.002510872664793995
2023-12-06,116.81999969482422,40.72458267211914,45.48019790649414,380.374267578125,-0.013177881354856202,-0.015505660998874404,-0.022827859725867317,-0.005783779079724272
2023-12-07,128.3699951171875,41.592952728271484,46.5726432800293,385.6889343261719,0.09887001757007385,0.021322994593799605,0.024020242299323202,0.013972203697915297
2023-12-08,128.9199981689453,42.135684967041016,47.48219299316406,387.4078369140625,0.004284514081781543,0.013048658562791138,0.01952969917695846,0.004456707037482577
2023-12-11,134.41000366210938,43.95136642456055,46.60363006591797,390.71710205078125,0.04258459177116647,0.04309130037733522,-0.018502998110735525,0.008542070710492178
2023-12-12,137.61000061035156,43.457977294921875,47.633113861083984,393.8288879394531,0.02380772904587225,-0.011225797279489358,0.022090206142952207,0.00796429404379495
2023-12-13,138.19000244140625,43.9809684753418,48.063899993896484,398.8373107910156,0.004214823257627787,0.012034411469975081,0.009043837320164227,0.012717256161088208
2023-12-14,138.0,44.582908630371094,48.325767517089844,398.4915466308594,-0.0013749362330810477,0.013686377901541258,0.005448320324122902,-0.000866930326730242
2023-12-15,139.14999389648438,45.549957275390625,48.86549758911133,400.4178771972656,0.00833328910495923,0.02169101735907719,0.011168577339834673,0.004834056287248423
2023-12-18,138.89999389648438,45.08616638183594,50.051902770996094,402.9399108886719,-0.0017966224287869759,-0.01018202697207049,0.02427899520968202,0.006298504225284107
2023-12-19,140.14999389648438,46.04335021972656,49.57913589477539,404.998779296875,0.008999280453039882,0.02123010037678097,-0.009445532538168822,0.005109616477708467
2023-12-20,135.47000122070312,45.15523910522461,48.086883544921875,398.98065185546875,-0.03339274262999914,-0.019288585871005015,-0.030098393667461365,-0.014859618717504297
2023-12-21,139.91000366210938,46.457801818847656,48.965450286865234,403.62298583984375,0.03277480181145598,0.028846325242298132,0.018270403011719782,0.011635486489847802
2023-12-22,139.60000610351562,47.365638732910156,48.80552673339844,404.2267761230469,-0.002215692591520546,0.019541107812255376,-0.0032660488677196398,0.0014959264075280476
2023-12-26,143.41000366210938,49.83259963989258,49.25429916381836,406.7013244628906,0.02729224492847493,0.05208334507834578,0.009195114989155817,0.006121683386680177
2023-12-27,146.07000732421875,50.08916091918945,49.392234802246094,407.5292663574219,0.018548243457106706,0.005148462676056953,0.002800479161604974,0.0020357491965994345
2023-12-28,148.75999450683594,49.724056243896484,49.4971809387207,407.3311462402344,0.018415739356036687,-0.007289095456839534,0.002124749708021678,-0.0004861494217540674
2023-12-29,147.41000366210938,49.58590316772461,49.4971809387207,405.568359375,-0.009074958957897339,-0.002778395139250822,0.0,-0.004327650565161378
2024-01-02,138.5800018310547,47.16828155517578,48.143856048583984,398.7052307128906,-0.05990096744922868,-0.048756228244370314,-0.027341453886276512,-0.016922248749103086
2024-01-03,135.32000732421875,46.428192138671875,47.5451545715332,394.486328125,-0.02352427813365343,-0.015690404485865672,-0.01243567769990439,-0.010581507998646433
2024-01-04,136.00999450683594,46.250572204589844,47.97394943237305,392.45611572265625,0.005098929539399277,-0.003825691371990403,0.009018686861028247,-0.005146470885298848
2024-01-05,138.5800018310547,46.27030563354492,49.07239532470703,392.921630859375,0.018895724049820428,0.0004266634554872528,0.022896715932934075,0.0011861584469428088
2024-01-08,146.17999267578125,47.8096923828125,52.226806640625,401.04248046875,0.05484190174850667,0.033269431186803367,0.06428076915841485,0.020667860895348333
2024-01-09,149.25999450683594,47.41497802734375,53.11336898803711,401.834716796875,0.021069927386615506,-0.008255948444685024,0.0169752356009929,0.001975442419962725
2024-01-10,148.5399932861328,46.842647552490234,54.322757720947266,404.5582275390625,-0.004823805756405508,-0.012070668355544933,0.022769949561711078,0.006777689005811327
2024-01-11,148.02000427246094,47.01039505004883,54.79452133178711,405.4000244140625,-0.0035006667374100076,0.0035810848942861018,0.008684456213789105,0.002080780509942093
2024-01-12,146.55999755859375,46.49726867675781,54.682579040527344,405.6080017089844,-0.009863577028276227,-0.01091516828873107,-0.0020429467862661532,0.0005130174701455381
2024-01-16,158.74000549316406,46.43806838989258,56.35374450683594,405.568359375,0.08310595071960769,-0.0012731992340622167,0.0305612042378256,-9.773558168812979e-05
2024-01-17,160.1699981689453,45.45127868652344,56.0249137878418,403.2806701660156,0.009008395025177363,-0.021249585471214805,-0.0058351174686227525,-0.005640699418736239
2024-01-18,162.6699981689453,46.122291564941406,57.0783805847168,409.0048828125,0.01560841623637299,0.014763344350462226,0.018803541596946083,0.014194116083292352
2024-01-19,174.22999572753906,47.51365661621094,59.46118927001953,417.1158447265625,0.07106410333015312,0.03016686734462115,0.04174625595353265,0.019830965973530512
2024-01-22,168.17999267578125,47.58273696899414,59.62410354614258,417.66058349609375,-0.03472423348513887,0.0014539052075321912,0.0027398422083897422,0.0013059651807001416
2024-01-23,168.4199981689453,48.24387741088867,59.842994689941406,419.3937072753906,0.0014270751790717018,0.013894544198358005,0.0036711854901001484,0.0041495986161526055
2024-01-24,178.2899932861328,48.44123458862305,61.33124542236328,421.720947265625,0.05860346291707419,0.004090823298747326,0.02486925562687503,0.005549057961201642
2024-01-25,180.3300018310547,48.8951530456543,61.586124420166016,422.2359619140625,0.011442081001416193,0.009370497281624868,0.004155777304822195,0.0012212214066595894
2024-01-26,177.25,43.07312774658203,61.00041198730469,419.7204284667969,-0.01707980812832377,-0.11907162441308106,-0.009510460974380464,-0.005957648505026225
2024-01-29,177.8300018310547,43.260616302490234,62.433692932128906,424.01861572265625,0.0032722247168106566,0.00435279641198294,0.023496250240449434,0.010240595797446073
2024-01-30,172.05999755859375,42.35277557373047,62.74253463745117,421.1960754394531,-0.03244674246780166,-0.0209853859319038,0.004946715320171879,-0.006656642370271082
2024-01-31,167.69000244140625,42.51066207885742,61.49616622924805,412.9465026855469,-0.02539808891778772,0.003727890391790112,-0.019864808066889394,-0.019586062726959397
2024-02-01,170.47999572753906,42.786964416503906,62.99541473388672,417.8091125488281,0.016637803360445957,0.006499600903273173,0.024379544231256878,0.011775399069026804
2024-02-02,177.66000366210938,42.03700256347656,66.12684631347656,424.87030029296875,0.042116424885682235,-0.017527811642044533,0.04970888107996485,0.01690051157827588
2024-02-05,174.22999572753906,42.20476150512695,69.29725646972656,424.3157043457031,-0.019306584846715547,0.003990744615938624,0.0479443725657287,-0.00130532999572619
2024-02-06,167.8800048828125,42.29877853393555,68.18881225585938,423.4639892578125,-0.036446025371295265,0.0022276403290935054,-0.01599549924969146,-0.0020072674170850124
2024-02-07,170.94000244140625,42.33836364746094,70.0638656616211,427.821533203125,0.018227290145302,0.0009358453103707198,0.027497962550309785,0.010290234957049726
2024-02-08,169.35000610351562,42.061256408691406,69.60609436035156,428.6138000488281,-0.009301487745301928,-0.00654506256020948,-0.006533628953337756,0.0018518629480179793
2024-02-09,172.47999572753906,42.862892150878906,72.09686279296875,432.8327331542969,0.018482370895872346,0.019058768344871746,0.03578376944585404,0.009843204080195456
2024-02-12,171.91000366210938,43.57545852661133,72.2117919921875,431.13922119140625,-0.0033046850623192903,0.01662431861163638,0.001594094316541561,-0.003912624515593044
2024-02-13,171.5399932861328,42.714439392089844,72.09185791015625,424.41473388671875,-0.002152349299601064,-0.019759267340713427,-0.0016608656110379538,-0.015597020577494902
2024-02-14,178.6999969482422,43.73380661010742,73.86297607421875,429.0396728515625,0.041739558950351086,0.023864698507698456,0.02456752004185736,0.01089721584943426
2024-02-15,176.75999450683594,43.595252990722656,72.62157440185547,430.3172302246094,-0.010856197395281098,-0.0031681124997874344,-0.016806819036317977,0.002977713843001384
2024-02-16,173.8699951171875,43.060829162597656,72.57661437988281,426.415283203125,-0.01634984996300548,-0.012258761939946239,-0.0006191000724367068,-0.009067605820588964
2024-02-20,165.69000244140625,44.060401916503906,69.41719818115234,423.1966247558594,-0.047046603240932794,0.02321304009571823,-0.04353215186083703,-0.007548177971220649
2024-02-21,164.2899932861328,43.021244049072266,67.43818664550781,421.50311279296875,-0.008449569283871083,-0.02358484766890878,-0.02850895149182009,-0.004001714247762744
2024-02-22,181.86000061035156,42.53630065917969,78.49864196777344,433.8428649902344,0.10694508516789725,-0.01127218425714116,0.16400878897301108,0.02927558972340627
2024-02-23,176.52000427246094,42.54619598388672,78.77750396728516,432.5653076171875,-0.029363226217797966,0.00023263247047067281,0.003552443615855161,-0.0029447467646509518
2024-02-26,176.00999450683594,42.54619598388672,79.0523681640625,432.33758544921875,-0.00288924627963294,0.0,0.0034891204079210425,-0.0005264457504073894
2024-02-27,178.0,42.28887939453125,78.66155242919922,433.3774108886719,0.011306207347712816,-0.006047934096221508,-0.004943757460272313,0.002405123853325586
2024-02-28,176.5399932861328,41.5565185546875,77.62407684326172,431.0698547363281,-0.008202284909366253,-0.017318047920145574,-0.013189106417284324,-0.00532458797889801
2024-02-29,192.52999877929688,42.60557556152344,79.07234954833984,434.7638854980469,0.09057440863979038,0.025244102329106344,0.018657519212788465,0.008569448132665913
2024-03-01,202.63999938964844,43.36763000488281,82.23776245117188,441.31011962890625,0.05251130044383867,0.017886260972086898,0.04003185590048641,0.015056986905341185
2024-03-04,205.36000061035156,45.13915252685547,85.19427490234375,439.7354431152344,0.013422824856374582,0.04084895858439119,0.03595078906636462,-0.00356818582586782
2024-03-05,205.1300048828125,42.714439392089844,85.9249496459961,431.8423767089844,-0.0011199636095416965,-0.05371640801902622,0.008576570954913265,-0.017949579752618683
2024-03-06,210.6300048828125,44.05050277709961,88.65970611572266,434.555908203125,0.026812264754451975,0.03127896336753011,0.0318272688083443,0.006283615597941328
2024-03-07,211.3800048828125,45.67357635498047,92.62689971923828,441.15167236328125,0.0035607462498863374,0.03684574466933532,0.04474629769624383,0.015178171636026194
2024-03-08,207.38999938964844,43.54576873779297,87.48824310302734,434.78369140625,-0.01887598354147113,-0.046587278400314625,-0.05547693630885564,-0.014434901545125056
2024-03-11,198.38999938964844,44.39689254760742,85.73503112792969,433.16943359375,-0.043396499476769046,0.019545499700313496,-0.020039400871646795,-0.003712783723048396
2024-03-12,202.75999450683594,44.772972106933594,91.87125396728516,439.37890625,0.022027295380976364,0.008470853200432726,0.0715719439140261,0.014334974203358941
2024-03-13,194.7899932861328,42.78371810913086,90.84671020507812,436.0018310546875,-0.03930756281626557,-0.044429795570678166,-0.01115195143164005,-0.007686020305651575
2024-03-14,187.05999755859375,42.30867385864258,87.904052734375,434.9025573730469,-0.03968374143421338,-0.011103388660063551,-0.03239145879977767,-0.0025212593235709457
2024-03-15,191.05999755859375,42.199806213378906,87.7970962524414,429.7329406738281,0.02138351359032309,-0.0025731755532544254,-0.0012167411923178495,-0.01188683904377319
2024-03-18,190.64999389648438,42.26908874511719,88.41481018066406,433.8315124511719,-0.0021459419415288394,0.0016417736941245487,0.007035698839589877,0.009537485701973658
2024-03-19,181.4199981689453,41.61589813232422,89.35740661621094,434.91241455078125,-0.04841330198285032,-0.015453151042164937,0.010661069493004716,0.002491525093468283
2024-03-20,179.72999572753906,41.76435089111328,90.33094787597656,440.0690002441406,-0.009315414278818657,0.003567212662743291,0.010894913993497735,0.011856607263523555
2024-03-21,178.67999267578125,41.982078552246094,91.3934555053711,442.1514892578125,-0.0058421135966061355,0.005213241831543591,0.011762387690798404,0.004732187480864569
2024-03-22,179.64999389648438,42.130531311035156,94.24617004394531,442.6572265625,0.005428706405105066,0.0035360983521650624,0.031213553780188974,0.0011438100220728664
2024-03-25,178.6300048828125,41.39817428588867,94.95884704589844,441.0507507324219,-0.005677645690651101,-0.017383047456481004,0.007561866987494836,-0.0036291643594150713
2024-03-26,177.8699951171875,41.5565185546875,92.5189437866211,439.6227722167969,-0.004254659042995601,0.0038249094683580065,-0.025694322700632766,-0.0032376739258547227
2024-03-27,179.58999633789062,43.318145751953125,90.20899963378906,441.12017822265625,0.009669990824309194,0.04239111596769973,-0.024967255983374792,0.003406115652992092
2024-03-28,180.49000549316406,43.714012145996094,90.31495666503906,440.3070068359375,0.005011465970410134,0.009138581238212762,0.0011745727330991773,-0.0018434236901044843
2024-04-01,183.33999633789062,44.060401916503906,90.32195281982422,441.2391662597656,0.01579029729064141,0.007923998587705539,7.74639665841459e-05,0.0021170669768046935
2024-04-02,178.6999969482422,43.486385345458984,89.41136169433594,437.4311828613281,-0.025308167788424374,-0.01302794677480934,-0.01008161468015134,-0.008630202596737857
2024-04-03,180.77000427246094,39.91366195678711,88.92359161376953,438.4129333496094,0.011583700948905484,-0.08215728578703207,-0.005455347858742021,0.002244354144712357
2024-04-04,165.8300018310547,39.31985092163086,85.86597442626953,431.7093200683594,-0.08264646837585021,-0.01487738799309235,-0.03438476935097767,-0.01529063759600413
2024-04-05,170.4199981689453,38.31038284301758,87.968017578125,436.7965393066406,0.027678925931429843,-0.025673242775647087,0.024480513566644824,0.011783899493936545
2024-04-08,169.89999389648438,37.58791732788086,87.09341430664062,436.9254455566406,-0.003051310163408316,-0.01885821705559898,-0.009942286930674893,0.00029511737937437665
2024-04-09,170.77999877929688,37.934303283691406,85.3152084350586,438.5418395996094,0.005179546288557546,0.009215353774166601,-0.020417225409504303,0.0036994733527351276
2024-04-10,167.13999938964844,36.81597137451172,86.99945831298828,434.7140197753906,-0.021313967769448827,-0.02948075521029736,0.019741496373553602,-0.00872851682227982
2024-04-11,170.5,37.24153137207031,90.57483673095703,441.6556396484375,0.02010291146716159,0.011559113658297093,0.04109655953380775,0.015968244770742546
2024-04-12,163.27999877929688,35.321556091308594,88.14593505859375,434.6148681640625,-0.04234604821526755,-0.05155468129330543,-0.02681651725829859,-0.015941767414041186
2024-04-15,160.32000732421875,35.935157775878906,85.96192169189453,427.4649963378906,-0.018128316249433007,0.017371875774218726,-0.02477724429660233,-0.016451052069099692
2024-04-16,163.4600067138672,35.88566970825195,87.37528991699219,427.50469970703125,0.019585823641451894,-0.0013771490286922372,0.01644179419538183,9.288098319348848e-05
2024-04-17,154.02000427246094,35.31166076660156,83.996826171875,422.2885437011719,-0.0577511443391211,-0.015995491969832076,-0.03866612343520437,-0.012201400380940863
2024-04-18,155.0800018310547,34.67826843261719,84.63253021240234,419.8787841796875,0.006882207045771915,-0.017937200353472127,0.007568191198398022,-0.0057064288326742485
2024-04-19,146.63999938964844,33.84693908691406,76.16539001464844,411.1918640136719,-0.054423538443086006,-0.023972631370521524,-0.10004593005200146,-0.020689114318998447
2024-04-22,148.63999938964844,34.054771423339844,79.48187255859375,415.3271179199219,0.013638843482845608,0.006140358390816392,0.04354317024185761,0.010056750310877938
2024-04-23,152.27000427246094,33.92611312866211,82.38555908203125,421.52496337890625,0.02442145383287242,-0.00377798144871877,0.03653268890081707,0.014922804679899038
2024-04-24,151.74000549316406,34.14384078979492,79.64080810546875,422.9529724121094,-0.0034806512407298262,0.006417701323670588,-0.03331592341115941,0.0033877211488408943
2024-04-25,153.75999450683594,34.74754333496094,82.59446716308594,420.9101257324219,0.01331217174473398,0.017681155113236535,0.03708725624312659,-0.004829961752100043
2024-04-26,157.39999389648438,31.55088996887207,87.69515228271484,427.405517578125,0.023673253900165836,-0.0919965286545188,0.061755772448503166,0.015431778540372587
2024-04-29,160.1999969482422,31.036258697509766,87.7171401977539,429.14093017578125,0.017789092505297477,-0.016311149126697733,0.0002507312487260993,0.004060342055221655
2024-04-30,158.3800048828125,30.155445098876953,86.36275482177734,421.0489807128906,-0.011360749688513971,-0.02838014746614692,-0.015440373146265007,-0.01885615865067003
2024-05-01,144.27000427246094,30.05647850036621,83.00326538085938,418.0045471191406,-0.0890895326136133,-0.003281881537023912,-0.03889974848360023,-0.0072305924802272825
2024-05-02,146.16000366210938,30.195032119750977,85.77801513671875,423.3396911621094,0.013100432062641998,0.004609775539176297,0.03342940477254075,0.01276336365175501
2024-05-03,150.60000610351562,30.581005096435547,88.74866485595703,431.84814453125,0.03037768425123044,0.012782664881886285,0.034631830947632114,0.020098406898214627
2024-05-06,155.77999877929688,30.774776458740234,92.09813690185547,436.5783386230469,0.03439570030442596,0.006336330728621942,0.03774109786704716,0.010953373660853138
2024-05-07,154.42999267578125,30.486604690551758,90.51286315917969,436.6478271484375,-0.008666106779396388,-0.009363894765404002,-0.017212875265491312,0.0001591662234314839
2024-05-08,153.6199951171875,29.81089210510254,90.37092590332031,436.389892578125,-0.005245079304603162,-0.022164245323738285,-0.0015681445808399808,-0.0005907153414617117
2024-05-09,152.38999938964844,29.90032386779785,88.70668029785156,437.3419189453125,-0.008006742394443989,0.002999969352812659,-0.018415719312748657,0.002181595823778304
2024-05-10,151.9199981689453,29.66183853149414,89.83716583251953,438.3732604980469,-0.003084199898848783,-0.007976011810378991,0.012744085686355655,0.0023582042060399377
2024-05-13,150.55999755859375,30.317676544189453,90.3579330444336,439.384765625,-0.008952084167610064,0.022110497702256815,0.005796790304860133,0.0023074060808452312
2024-05-14,153.16000366210938,30.854272842407227,91.31450653076172,442.2109680175781,0.01726890373057932,0.01769912339541113,0.01058649145789703,0.006432181117062674
2024-05-15,159.6699981689453,31.072887420654297,94.58700561523438,449.1228332519531,0.04250453350208727,0.007085390712776585,0.03583766926857601,0.01563024378468203
2024-05-16,162.6199951171875,31.828094482421875,94.3161392211914,448.2105407714844,0.018475587036212104,0.024304373505552812,-0.002863674479186007,-0.002031276107391733
2024-05-17,164.47000122070312,31.629356384277344,92.4369888305664,447.992431640625,0.011376252361725125,-0.006244109217857563,-0.01992395369596278,-0.00048662204704952305
2024-05-20,166.3300018310547,31.897653579711914,94.73694610595703,451.1161193847656,0.011309056949878826,0.008482537304108417,0.024881352199890072,0.006972635079349754
2024-05-21,164.66000366210938,31.5399227142334,95.34266662597656,451.9986572265625,-0.010040270249269678,-0.011214958635893058,0.006393709581286933,0.0019563429544493527
2024-05-22,165.52000427246094,31.221940994262695,94.90686798095703,451.909423828125,0.0052228871081305694,-0.010081880125445086,-0.0045708669627329,-0.0001974196095736458
2024-05-23,160.42999267578125,29.8903865814209,103.75184631347656,449.87652587890625,-0.030751640075486364,-0.04264803437705811,0.09319639896128762,-0.004498463280535492
2024-05-24,166.36000061035156,30.526351928710938,106.4206314086914,454.1307678222656,0.03696321264911151,0.02127658488315909,0.025722772076280487,0.00945646571589398
2024-05-28,171.61000061035156,30.86421012878418,113.84925079345703,455.8463134765625,0.031558066727209066,0.011067755520287825,0.06980431600933845,0.003777646827418435
2024-05-29,165.13999938964844,29.94007110595703,114.77283477783203,452.63336181640625,-0.037701772610522655,-0.02994209211805776,0.008112341345579477,-0.007048322132194751
2024-05-30,166.75,29.99969482421875,110.4498062133789,447.7841491699219,0.009749307353167369,0.001991435426145438,-0.037665956171783144,-0.010713334578398293
2024-05-31,166.89999389648438,30.655534744262695,109.58319854736328,446.95111083984375,0.0008995136220952826,0.021861553055349203,-0.007846167374358393,-0.0018603568965591677
2024-06-03,163.5500030517578,30.099063873291016,114.94775390625,449.3509826660156,-0.02007184522010419,-0.01815237853829399,0.04895417755640796,0.005369428038029422
2024-06-04,159.99000549316406,29.8407039642334,116.38411712646484,450.5805969238281,-0.02176702838377287,-0.008583652639339356,0.012495791969857173,0.002736422763598201
2024-06-05,166.1699981689453,30.585975646972656,122.38436889648438,459.6641845703125,0.03862736710791159,0.024975003392430972,0.05155558952687289,0.02015973991889397
2024-06-06,166.77999877929688,30.22824478149414,120.94303131103516,459.50555419921875,0.0036709431129160475,-0.01169591153826488,-0.011777137868548726,-0.00034510056780268084
2024-06-07,167.8699951171875,30.546226501464844,120.83308410644531,459.09893798828125,0.006535533912151115,0.010519357715581767,-0.0009090825936641789,-0.0008848994472898664
2024-06-10,160.33999633789062,30.71515464782715,121.73467254638672,460.953369140625,-0.04485613271174693,0.005530245981584692,0.007461436961645029,0.004039284343522187
2024-06-11,158.9600067138672,30.7250919342041,120.86500549316406,464.11676025390625,-0.008606646223911163,0.00032353040350585616,-0.007143955251461054,0.006862713942581422
2024-06-12,160.24000549316406,30.56610107421875,125.15339660644531,470.1956481933594,0.008052332191963885,-0.005174626013351613,0.03548083331302876,0.013097755694337687
2024-06-13,159.89999389648438,30.26799201965332,129.56175231933594,472.74420166015625,-0.002121889572040736,-0.009752930340758192,0.035223620232641695,0.005420197903977186
2024-06-14,159.6300048828125,30.258056640625,131.8309326171875,475.193603515625,-0.001688486704049863,-0.00032824704796630133,0.017514276067049694,0.005181241455457508
2024-06-17,158.39999389648438,30.784713745117188,130.93125915527344,481.0146484375,-0.007705387137155739,0.017405516512421615,-0.006824448891115331,0.012249838547508052
2024-06-18,154.6300048828125,30.436920166015625,135.529541015625,481.16339111328125,-0.02380043660945841,-0.011297606402356997,0.035119816994186204,0.0003092269149482796
2024-06-20,161.77999877929688,30.426984786987305,130.7313232421875,477.4546203613281,0.04623936927314376,-0.0003264252419143965,-0.035403482794089336,-0.007707923795640448
2024-06-21,161.22999572753906,30.894020080566406,126.52288818359375,476.17535400390625,-0.003399697465124474,0.015349378088191035,-0.032191482149977024,-0.0026793464820882296
2024-06-24,160.25,30.37729835510254,118.06603240966797,470.7542419433594,-0.006078246936104592,-0.016725622761827208,-0.06684052107358063,-0.011384696866319599
2024-06-25,160.25,30.546226501464844,126.04306030273438,476.13763427734375,0.0,0.005560999677705958,0.06756412263764022,0.011435674613914815
2024-06-26,157.5399932861328,30.347488403320312,126.35296630859375,477.1208801269531,-0.01691111833926484,-0.0065061423588606004,0.0024587312075337042,0.0020650454381780925
2024-06-27,159.47000122070312,30.397172927856445,123.94385528564453,478.3525085449219,0.012250907812754175,0.0016371873637719414,-0.01906651733893927,0.0025813760605928326
2024-06-28,162.2100067138672,30.774776458740234,123.4940185546875,475.8694152832031,0.017181949408603625,0.012422324002958396,-0.0036293588731795,-0.005190927647211407
2024-07-01,157.69000244140625,30.645597457885742,124.25374603271484,478.66046142578125,-0.02786513831069659,-0.004197560980749415,0.006151937453479972,0.0058651513481216
2024-07-02,164.30999755859375,30.874147415161133,122.62434387207031,483.6861877441406,0.041981070547876476,0.007457839828036272,-0.013113505328165465,0.010499564353799506
2024-07-03,163.89999389648438,31.033138275146484,128.2322540283203,487.71875,-0.0024953056308284483,0.005149643740681054,0.04573243761532808,0.008337145773516408
2024-07-05,171.89999389648438,31.818159103393555,125.78316497802734,492.80413818359375,0.048810251970190066,0.02529621146552774,-0.019098853629696655,0.010426886773563071
2024-07-08,178.69000244140625,33.77574157714844,128.1522674560547,493.97613525390625,0.039499760244382065,0.0615240645253452,0.01883481369260509,0.0023782208376583736
2024-07-09,177.10000610351562,34.3719596862793,131.33111572265625,494.4032287597656,-0.008898071051356093,0.017652258138256327,0.02480524402497708,0.000864603521058438
2024-07-10,183.9600067138672,34.65019226074219,134.85980224609375,499.55810546875,0.038735179977023027,0.008094754474355925,0.02686862518467703,0.010426462468531295
2024-07-11,181.94000244140625,33.2888298034668,127.35259246826172,488.60272216796875,-0.01098067079114029,-0.03928874180642805,-0.055666771364033196,-0.02193014822670425
2024-07-12,181.61000061035156,34.27259063720703,129.19190979003906,491.4731750488281,-0.0018137948039269602,0.029552280436057288,0.014442715975614862,0.00587481966560266
2024-07-15,179.8300018310547,34.242774963378906,128.3922119140625,492.7941589355469,-0.009801215645144468,-0.0008699568160381865,-0.006189999646852629,0.0026878046529956734
2024-07-16,177.5500030517578,34.12353515625,126.3129653930664,492.98291015625,-0.012678634021473623,-0.0034821887903777604,-0.016194491005325218,0.0003830224390459769
2024-07-17,159.42999267578125,34.242774963378906,117.94607543945312,478.5114440917969,-0.10205581562673571,0.003494356800457954,-0.06623935973299977,-0.029354904128150006
2024-07-18,155.77000427246094,34.65019226074219,121.044921875,476.2468566894531,-0.022956711857619605,0.01189790540629354,0.02627341710184883,-0.004732566859799725
2024-07-19,151.5800018310547,32.7721061706543,117.88611602783203,472.0256042480469,-0.026898647534716713,-0.05420131801738126,-0.026096145118999603,-0.008863580687439199
2024-07-22,155.8699951171875,33.15964889526367,123.4940185546875,479.0577087402344,0.02830184215800635,0.011825383531693712,0.04757050885900327,0.014897718320576958
2024-07-23,154.0,32.7422981262207,122.54437255859375,477.3692321777344,-0.011997146184431373,-0.012586103380080704,-0.0076898137027844315,-0.00352457862945188
2024-07-24,144.6300048828125,31.50017547607422,114.20747375488281,460.2458190917969,-0.060844124137581224,-0.03793633071686464,-0.06803167399404408,-0.03587037440142793
2024-07-25,138.32000732421875,30.90395736694336,112.23820495605469,455.1703796386719,-0.043628551099797575,-0.018927453581447984,-0.017242906563669003,-0.011027670958837499
2024-07-26,139.99000549316406,31.152381896972656,113.01791381835938,459.8385925292969,0.012073438985806817,0.008038599299099003,0.006946911371310538,0.010255968093378032
2024-07-29,139.75,30.63566017150879,111.54846954345703,460.7622985839844,-0.0017144473444269392,-0.01658690905795812,-0.013001870458023257,0.0020087614865180736
2024-07-30,138.44000244140625,29.94007110595703,103.69139862060547,454.4353942871094,-0.009373864462209336,-0.022705208951190103,-0.07043638478420011,-0.013731384525858203
2024-07-31,144.47999572753906,30.546226501464844,116.9764404296875,467.88385009765625,0.04362895969096203,0.020245623110334288,0.12812096264310635,0.029593768398352926
2024-08-01,132.5399932861328,28.866878509521484,109.16935729980469,456.55096435546875,-0.0826412153549807,-0.054977265092394534,-0.06674064539154367,-0.02422157922275392
2024-08-02,132.5,21.3445987701416,107.23006439208984,445.71478271484375,-0.00030174504420321657,-0.2605851455985698,-0.01776407735358454,-0.023734878439963136
2024-08-05,134.82000732421875,19.983234405517578,100.41261291503906,432.42529296875,0.017509489239386777,-0.06378027431128852,-0.06357779896617954,-0.029816129644943845
2024-08-06,130.17999267578125,19.704999923706055,104.21119689941406,436.55712890625,-0.03441636549743743,-0.013923395790958693,0.037829749411949276,0.009555028359080175
2024-08-07,128.6699981689453,18.989999771118164,98.8731918334961,431.8293151855469,-0.0115992824688248,-0.0362852146844066,-0.0512229513213468,-0.01082977096845994
2024-08-08,136.32000732421875,20.489999771118164,104.9309310913086,445.0394287109375,0.05945449027852545,0.07898894250021771,0.06126776273202372,0.0305910531333764
2024-08-09,134.27000427246094,19.709999084472656,104.71101379394531,447.3635559082031,-0.015038167118654577,-0.03806738386327191,-0.0020958290856288864,0.005222295031245938
2024-08-12,136.77000427246094,19.360000610351562,108.97942352294922,448.32696533203125,0.018619199526701324,-0.017757406919253427,0.040763713141040325,0.0021535268376349226
2024-08-13,141.1300048828125,20.469999313354492,116.09677124023438,459.45123291015625,0.03187833935916218,0.05733464194259508,0.06530909677446006,0.02481284517402682
2024-08-14,140.75,19.920000076293945,118.03606414794922,459.6002197265625,-0.0026925874701700936,-0.026868551807997965,0.016704107159896342,0.00032427122996825375
2024-08-15,147.36000061035156,20.690000534057617,122.81427764892578,471.211181640625,0.046962704158803215,0.03865464130595164,0.04048096262331691,0.025263177465342457
2024-08-16,148.55999755859375,20.8700008392334,124.53363037109375,471.8170166015625,0.008143301732301156,0.008699869527769355,0.013999615965522239,0.0012856973360184654
2024-08-19,155.27999877929688,21.520000457763672,129.95162963867188,478.0148010253906,0.045234257748642426,0.031145164944523795,0.04350631432997831,0.013135991720836904
2024-08-20,156.39999389648438,20.989999771118164,127.20263671875,477.0116271972656,0.0072127455306034705,-0.024628284171541504,-0.02115397034700839,-0.0020986250341477053
2024-08-21,157.80999755859375,21.40999984741211,128.45217895507812,479.2364807128906,0.00901536903538891,0.020009532199798175,0.009823241628952317,0.004664149443688315
2024-08-22,151.6999969482422,20.100000381469727,123.69395446777344,471.6382751464844,-0.03871744949544764,-0.06118633700507603,-0.03704276973743448,-0.015854814631606318
2024-08-23,154.97999572753906,20.540000915527344,129.32183837890625,476.75341796875,0.02162161400976137,0.02189057341825995,0.04549845572767319,0.01084547860471452
2024-08-26,149.99000549316406,20.1299991607666,126.41293334960938,472.1249084472656,-0.0321976408048662,-0.019961136148285097,-0.022493532923449022,-0.009708392949136169
2024-08-27,150.5,20.06999969482422,128.25225830078125,473.5353088378906,0.00340018993371638,-0.00298059952527574,0.014550132667873639,0.002987345859940982
2024-08-28,146.36000061035156,19.610000610351562,125.5632553100586,468.1618957519531,-0.027508301592348405,-0.022919735499113303,-0.020966515727281143,-0.011347439115204416
2024-08-29,145.49000549316406,20.1299991607666,117.54623413085938,467.4765930175781,-0.005944213675590615,0.02651700837482629,-0.06384846553557766,-0.0014638157026305443
2024-08-30,148.55999755859375,22.040000915527344,119.32557678222656,473.0486145019531,0.02110105127168982,0.09488334994485936,0.015137385425604721,0.011919359316810763
2024-09-03,136.94000244140625,20.100000381469727,107.95980072021484,458.6864318847656,-0.07821752361435275,-0.08802179915931274,-0.09525012464640892,-0.030360901981096866
2024-09-04,140.8699951171875,19.43000030517578,106.17047119140625,457.49456787109375,0.028698646164131647,-0.03333333649643222,-0.016574035121144415,-0.0025984287539844164
2024-09-05,139.44000244140625,19.399999618530273,107.17009735107422,457.92169189453125,-0.010151151596134111,-0.0015440394325426654,0.009415293616487963,0.000933615508103447
2024-09-06,134.35000610351562,18.889999389648438,102.7917251586914,445.6551818847656,-0.036503128576962585,-0.026288672108771616,-0.04085442022171426,-0.02678735300574242
2024-09-09,138.14999389648438,19.06999969482422,106.43037414550781,451.38616943359375,0.02828423982385897,0.009528867707344624,0.03539826752784814,0.012859690141132418
2024-09-10,142.83999633789062,18.979999542236328,108.05976104736328,455.5577697753906,0.033948625759046,-0.004719462717784784,0.015309416272725196,0.009241754896990972
2024-09-11,149.86000061035156,19.639999389648438,116.86648559570312,465.45037841796875,0.04914592867851231,0.03477343853161896,0.08149864910842997,0.02171537683893665
2024-09-12,150.77000427246094,19.360000610351562,119.10585021972656,470.0192565917969,0.006072358590705429,-0.014256557433726447,0.019161734971396838,0.009816037080810691
2024-09-13,152.30999755859375,19.65999984741211,119.06584930419922,472.1249084472656,0.010214188780878652,0.015495827872037404,-0.0003358434153616363,0.00447992678159026
2024-09-16,152.0800018310547,20.90999984741211,116.74651336669922,470.03912353515625,-0.0015100501032480063,0.06358087536631096,-0.01947943890757764,-0.004417866701778461
2024-09-17,150.82000732421875,21.469999313354492,115.5568618774414,470.28741455078125,-0.008285076878389752,0.026781418939689328,-0.010190038699666615,0.0005282347855590785
2024-09-18,148.2899932861328,20.770000457763672,113.33749389648438,468.2513122558594,-0.016775055796457772,-0.03260358071625158,-0.019205851949414043,-0.004329484974346487
2024-09-19,156.74000549316406,21.139999389648438,117.8362045288086,480.0906982421875,0.05698302373462605,0.017814103212812515,0.03969304841373211,0.025284255861004246
2024-09-20,155.9499969482422,21.84000015258789,115.96674346923828,479.17694091796875,-0.005040248291661165,0.03311261982733171,-0.01586491237600296,-0.0019033014544218574
2024-09-23,156.75,22.559999465942383,116.22667694091797,480.44708251953125,0.005129868979884211,0.03296700129689234,0.002241448400666979,0.0026506734633959805
2024-09-24,158.32000732421875,22.809999465942383,120.8353500366211,482.7644958496094,0.010015995688795742,0.011081560546019054,0.03965245515920479,0.004823451768975806
2024-09-25,162.02000427246094,23.540000915527344,123.47459411621094,483.2121276855469,0.023370368728350854,0.032003571533393727,0.021841655432702334,0.0009272260901243001
2024-09-26,167.49000549316406,23.920000076293945,124.00444030761719,486.842529296875,0.033761270685467304,0.016142699489699153,0.004291135315719785,0.007513059799878707
2024-09-27,164.35000610351562,23.90999984741211,121.36520385742188,484.13714599609375,-0.01874738364479067,-0.0004180697679740941,-0.021283402784998406,-0.00555699869665971
2024-09-30,164.0800018310547,23.459999084472656,121.40518951416016,485.4500427246094,-0.00164286134733016,-0.018820609193276883,0.0003294655755305964,0.0027118281242692888
2024-10-01,159.75,22.690000534057617,116.9664535522461,478.68658447265625,-0.026389576930362812,-0.03282176387315694,-0.03656133629605962,-0.01393234659944187
2024-10-02,159.77999877929688,22.389999389648438,118.81592559814453,479.3629455566406,0.00018778578589584427,-0.013221733686558435,0.015811987024743956,0.0014129518267771424
2024-10-03,162.85000610351562,22.260000228881836,122.81478118896484,479.0048522949219,0.01921396512500495,-0.005806126141598034,0.033655888894432495,-0.0007470190698676271
2024-10-04,170.89999389648438,22.59000015258789,124.88418579101562,484.7041015625,0.04943191581983597,0.014824794263833319,0.016849800830298856,0.01189810341225761
2024-10-07,170.97000122070312,22.3799991607666,127.68338775634766,479.5121154785156,0.000409639126500716,-0.009296192580912077,0.022414382954910606,-0.010711661129434225
2024-10-08,172.8000030517578,23.31999969482422,132.85189819335938,486.67340087890625,0.010703642849556827,0.042001812748299505,0.04047911422020345,0.014934524424360385
2024-10-09,171.02000427246094,23.459999084472656,132.61196899414062,490.5027770996094,-0.010300918679750914,0.006003404437415538,-0.001805989996993107,0.00786847239604116
2024-10-10,164.17999267578125,23.219999313354492,134.7713623046875,489.9457702636719,-0.03999538899427524,-0.010230169671106792,0.016283547608302973,-0.0011355834501715067
2024-10-11,167.88999938964844,23.559999465942383,134.76136779785156,490.71160888671875,0.02259719137150662,0.014642556530669149,-7.415898055063153e-05,0.0015631089592522684
2024-10-14,165.27000427246094,23.440000534057617,138.0304412841797,494.8294372558594,-0.015605426926632249,-0.005093333387304666,0.024258239135950932,0.008391544635519832
2024-10-15,156.63999938964844,22.65999984741211,131.56228637695312,488.21514892578125,-0.05221761154301929,-0.03327647904752351,-0.04686035085485096,-0.013366804462480064
2024-10-16,156.1300048828125,22.309999465942383,135.68109130859375,488.2748107910156,-0.0032558382841110234,-0.015445736267721055,0.031306881668500264,0.0001222040433723759
2024-10-17,156.25,22.440000534057617,136.8907470703125,488.6130065917969,0.0007685589792785219,0.00582703143107155,0.008915433610181545,0.0006926341341126907
2024-10-18,155.97000122070312,22.770000457763672,137.96043395996094,491.8157043457031,-0.0017919921875000355,0.014705878603042288,0.007814165037020482,0.006554671510375698
2024-10-21,157.89999389648438,22.84000015258789,143.66880798339844,492.7606201171875,0.012374127464743978,0.003074207001183993,0.04137689234214936,0.001921280193241115
2024-10-22,154.08999633789062,22.399999618530273,143.54885864257812,493.2976989746094,-0.02412918116444951,-0.019264471590109133,-0.0008349017612380161,0.0010899386750795603
2024-10-23,152.91000366210938,21.979999542236328,139.51998901367188,485.7384948730469,-0.007657814938185514,-0.018750003725290343,-0.028066190612756614,-0.015323817883755364
2024-10-24,153.44000244140625,22.34000015258789,140.3697509765625,489.67724609375,0.003466083098578876,0.016378554042268956,0.006090610878756175,0.008108789528267879
2024-10-25,156.22999572753906,22.68000030517578,141.49942016601562,492.6611633300781,0.018182959083295147,0.015219344237493493,0.008047810739806316,0.006093640781007048
2024-10-28,159.9199981689453,22.920000076293945,140.47972106933594,492.74072265625,0.023619039507890127,0.010582000347830522,-0.007206383570217523,0.00016148893416745302
2024-10-29,166.25,22.899999618530273,141.20950317382812,497.47515869140625,0.039582303048599554,-0.0008726203183724301,0.005194928484603123,0.009608371740890354
2024-10-30,148.60000610351562,22.299999237060547,139.300048828125,493.7154541015625,-0.10616537682095861,-0.026200890456968273,-0.013522137694603975,-0.007557572522281397
2024-10-31,144.07000732421875,21.520000457763672,132.72195434570312,481.2527160644531,-0.030484512740472258,-0.034977524931955495,-0.04722248511583971,-0.025242754573661097
2024-11-01,141.86000061035156,23.200000762939453,135.36119079589844,484.8134765625,-0.015339811213403554,0.07806692701856766,0.01988545499654748,0.007398941095160483
2024-11-04,140.7100067138672,22.520000457763672,136.01100158691406,483.401123046875,-0.008106540896211323,-0.029310357017834243,0.004800569403939692,-0.002913189471627553
2024-11-05,141.66000366210938,23.31999969482422,139.86988830566406,489.5678405761719,0.006751452653783074,0.03552394408521198,0.02837187193481605,0.01275693670388689
2024-11-06,145.10000610351562,25.049999237060547,145.5682373046875,502.8660583496094,0.02428351230041903,0.07418523005471123,0.04074035568378065,0.027163176727022842
2024-11-07,149.82000732421875,26.229999542236328,148.83734130859375,510.7832946777344,0.03252929718924924,0.047105802040505296,0.02245753650958715,0.015744224921660388
2024-11-08,147.9499969482422,26.200000762939453,147.58767700195312,511.3800964355469,-0.012481713286328633,-0.001143682036614968,-0.008396174613530705,0.0011684050046880667
2024-11-11,147.35000610351562,25.049999237060547,145.21835327148438,511.081787109375,-0.004055362332561985,-0.043893186732483325,-0.016053669104348023,-0.0005833416831260152
2024-11-12,143.6300048828125,24.15999984741211,148.24746704101562,510.15667724609375,-0.02524602013310928,-0.035528918832528955,0.020859028499437215,-0.0018101014096267853
2024-11-13,139.3000030517578,24.920000076293945,146.22805786132812,509.5002746582031,-0.030146916966183546,0.03145696331464354,-0.013621879820238658,-0.001286668619989384
2024-11-14,138.83999633789062,25.030000686645508,146.71791076660156,505.9593811035156,-0.003302273537612699,0.004414149679566215,0.0033499241693955017,-0.006949738264739658
2024-11-15,134.89999389648438,24.350000381469727,141.9392852783203,493.9044189453125,-0.02837800738497276,-0.027167410568174177,-0.03257015768090554,-0.02382594850185571
2024-11-18,138.92999267578125,24.84000015258789,140.10980224609375,497.3359069824219,0.029873973029155954,0.020123193570504183,-0.01288919433854574,0.0069476763225504445
2024-11-19,139.38999938964844,24.200000762939453,146.9678497314453,500.7574157714844,0.0033110684381931765,-0.02576487060052457,0.048947663728094115,0.006879673759778271
2024-11-20,137.60000610351562,24.010000228881836,145.84817504882812,500.4690246582031,-0.012841619154679074,-0.007851261490395833,-0.007618500812682338,-0.0005759098202009483
2024-11-21,137.49000549316406,24.440000534057617,146.62796020507812,502.2692565917969,-0.0007994230048856688,0.017909217037762826,0.0053465540860482275,0.0035970896197285995
2024-11-22,138.35000610351562,24.5,141.9093017578125,503.074951171875,0.006255004552998766,0.0024549699112637047,-0.032181164088117775,0.0016041088908074208
2024-11-25,141.1300048828125,24.8700008392334,135.9810028076172,503.87060546875,0.02009395487280896,0.015102075070750898,-0.041775266855394455,0.0015815820187858876
2024-11-26,137.72000122070312,24.049999237060547,136.88075256347656,506.5760498046875,-0.02416214514369841,-0.0329715148573404,0.006616731288063171,0.005369323605254994
2024-11-27,136.24000549316406,23.649999618530273,135.3011932373047,502.5875549316406,-0.010746410938286988,-0.01663200129810738,-0.01153967447278148,-0.007873437511672021
2024-11-29,137.17999267578125,24.049999237060547,138.2103729248047,507.00372314453125,0.006899494603032297,0.01691330338191066,0.021501507990381086,0.008786863442114656
2024-12-02,142.05999755859375,23.93000030517578,138.5902557373047,512.52392578125,0.035573736283440294,-0.0049895607356131855,0.0027485839482299657,0.010887893687410166
2024-12-03,141.97999572753906,22.469999313354492,140.2198028564453,514.0953979492188,-0.0005631552332083789,-0.06101132357718808,0.011758020868576802,0.0030661440157615516
2024-12-04,143.99000549316406,21.959999084472656,145.09840393066406,520.451171875,0.014156992718060257,-0.022696940118673292,0.034792525555134235,0.012363024355275476
2024-12-05,141.36000061035156,20.799999237060547,145.02841186523438,519.0089111328125,-0.018265190516555396,-0.052823310372190124,-0.0004823765357414578,-0.0027711739739033625
2024-12-06,138.58999633789062,20.920000076293945,142.4089813232422,523.6538696289062,-0.019595389505523864,0.0057692713286059405,-0.01806149918007971,0.008949670027736945
2024-12-09,130.8699951171875,20.809999465942383,138.77975463867188,519.5758666992188,-0.055703885018376864,-0.00525815535135743,-0.02548453511041293,-0.007787592465567816
2024-12-10,127.73999786376953,20.15999984741211,135.04058837890625,517.805419921875,-0.023916843968819657,-0.031234965651684043,-0.026943168111955185,-0.0034074846250867763
2024-12-11,130.14999389648438,20.1200008392334,139.27964782714844,527.075439453125,0.018866416729433677,-0.001984077801659545,0.031391002506208965,0.01790251545194077
2024-12-12,130.60000610351562,20.780000686645508,137.31008911132812,523.6737670898438,0.003457642936112393,0.03280317196235538,-0.014141037449093896,-0.006453862404992128
2024-12-13,126.91000366210938,20.34000015258789,134.22076416015625,527.68212890625,-0.02825422870563643,-0.021174230968162955,-0.022498892624467803,0.007654310886492377
2024-12-16,126.69000244140625,20.829999923706055,131.9712371826172,535.2811279296875,-0.0017335215062231901,0.0240904507100419,-0.01675990292273155,0.014400713246037533
2024-12-17,125.0199966430664,20.440000534057617,130.36160278320312,532.923828125,-0.01318182781717303,-0.018722966446321987,-0.012196857692458485,-0.004403853754016751
2024-12-18,121.41000366210938,19.299999237060547,128.88192749023438,513.6976318359375,-0.028875324571185246,-0.05577305612578498,-0.011350545416578761,-0.03607681862660661
2024-12-19,118.87999725341797,19.059999465942383,130.65151977539062,511.409912109375,-0.020838533336450138,-0.01243522179303036,0.013730336903056806,-0.004453436389002308
2024-12-20,119.20999908447266,19.520000457763672,134.670654296875,515.8757934570312,0.0027759239458191587,0.0241343654097812,0.030762248524884184,0.008732488835103247
2024-12-23,124.5999984741211,20.200000762939453,139.6395721435547,520.90185546875,0.04521432288435023,0.03483608039083452,0.03689681224631136,0.009742775442200369
2024-12-24,126.29000091552734,20.399999618530273,140.18946838378906,527.9652099609375,0.013563422649296886,0.00990093307113904,0.0039379685270666265,0.013559856656358615
2024-12-26,125.05999755859375,20.440000534057617,139.89952087402344,527.6065063476562,-0.009739514989443365,0.0019608292291832807,-0.0020682545779533434,-0.0006794076702663077
2024-12-27,125.19000244140625,20.299999237060547,136.98016357421875,520.593017578125,0.0010395401035538931,-0.006849378343400603,-0.020867528934809587,-0.013293029341283069
2024-12-30,122.44000244140625,19.81999969482422,137.46005249023438,513.669189453125,-0.021966610323273295,-0.02364529853577635,0.0035033460575160102,-0.013299886650824932
2024-12-31,120.79000091552734,20.049999237060547,134.26075744628906,509.3056640625,-0.013476000432689594,0.011604417042266224,-0.023274362158217543,-0.008494816275180117
2025-01-02,120.62999725341797,20.219999313354492,138.27987670898438,508.3094482421875,-0.0013246432725939616,0.008478807120337217,0.029935174947178123,-0.0019560273733579825
2025-01-03,125.37000274658203,20.559999465942383,144.43853759765625,516.6280517578125,0.039293754464789776,0.016815042736590735,0.04453765099626916,0.016365234886725144
2025-01-06,129.5500030517578,19.8700008392334,149.39744567871094,522.5655517578125,0.033341311426985154,-0.03356024536148294,0.03433230606964521,0.0114927944384704
2025-01-07,127.33000183105469,20.010000228881836,140.10946655273438,513.2407836914062,-0.017136249852623964,0.007045766670125575,-0.062169597905649465,-0.017844207363151843
2025-01-08,121.83999633789062,19.8799991607666,140.07948303222656,513.3304443359375,-0.04311635446647022,-0.00649680492894722,-0.0002140006756540247,0.00017469508928424915
2025-01-10,116.04000091552734,19.149999618530273,135.8804168701172,505.2808837890625,-0.04760337817376936,-0.03672030045539387,-0.029976311100058384,-0.01568105035595191
2025-01-13,117.31999969482422,19.200000762939453,133.20098876953125,503.656982421875,0.01103066846947609,0.0026110258697236155,-0.019719015898715497,-0.0032138587056964596
2025-01-14,116.08999633789062,19.200000762939453,131.73129272460938,503.1788330078125,-0.010484174566426141,0.0,-0.01103367218590845,-0.000949355277004793
2025-01-15,119.95999908447266,19.719999313354492,136.21034240722656,514.7550659179688,0.03333622937947234,0.027083256757924667,0.03400140991541667,0.023006200083890427
2025-01-16,118.44000244140625,19.670000076293945,133.54090881347656,511.1487121582031,-0.012670862409694283,-0.0025354583570744715,-0.01959787741939023,-0.00700596069576187
2025-01-17,121.45999908447266,21.489999771118164,137.6800079345703,519.776123046875,0.025498113650921583,0.09252667451779328,0.030994989908860404,0.016878475252817715
2025-01-21,122.27999877929688,21.770000457763672,140.79933166503906,522.8245849609375,0.0067511913469875395,0.013029348051544432,0.02265633026365843,0.005864951810777175
2025-01-22,123.75,21.860000610351562,147.03799438476562,529.5093383789062,0.012021599896777202,0.004134136458219251,0.044308894409870625,0.012785843684967935
2025-01-23,123.04000091552734,21.56999969482422,147.1879425048828,530.6350708007812,-0.005737366339172989,-0.013266281218218157,0.0010197916582350697,0.002125991630896218
2025-01-24,122.83999633789062,20.829999923706055,142.58892822265625,527.6364135742188,-0.0016255248386581878,-0.03430689761649508,-0.031245862969203397,-0.005651072444264216
2025-01-27,115.01000213623047,20.290000915527344,118.39420318603516,512.2745361328125,-0.0637414069935539,-0.025924100343569956,-0.16968165297406834,-0.029114513415297916
2025-01-28,114.16999816894531,19.799999237060547,128.9619140625,519.8458251953125,-0.007303747080103173,-0.02414990913538173,0.08925868490249966,0.014779748998761555
2025-01-29,117.3499984741211,19.75,123.67305755615234,518.8695678710938,0.027853204486086636,-0.002525214090259187,-0.041010995725330734,-0.0018779747319350726
2025-01-30,118.86000061035156,20.010000228881836,124.62285614013672,521.0811767578125,0.012867508784531134,0.013164568550979139,0.007679915114519931,0.004262359991149545
2025-01-31,115.94999694824219,19.43000030517578,120.04385375976562,520.323974609375,-0.024482615237812366,-0.028985503102038956,-0.03674287784916486,-0.0014531366363084164
2025-02-03,114.2699966430664,19.3799991607666,116.63459777832031,516.1597900390625,-0.014489006894288226,-0.0025733990542378127,-0.02840008775682923,-0.008003061118678434
2025-02-04,119.5,19.290000915527344,118.62416076660156,522.4957885742188,0.04576882393083492,-0.004643872504465962,0.017058085904001485,0.012275265639496435
2025-02-05,112.01000213623047,19.649999618530273,124.80281829833984,524.8668823242188,-0.06267780639137688,0.018662451317622786,0.05208599573484074,0.004538015045959076
2025-02-06,110.16000366210938,19.3799991607666,128.65196228027344,527.6065063476562,-0.016516368528152192,-0.01374048157787533,0.03084180336963427,0.0052196549557592675
2025-02-07,107.55999755859375,19.100000381469727,129.81170654296875,520.95166015625,-0.023602088027253054,-0.014447822054797221,0.009014586657984713,-0.012613275445510053
2025-02-10,110.4800033569336,19.770000457763672,133.54090881347656,527.2578735351562,0.027147693051491117,0.035078537325264225,0.028727780951507853,0.012105179542022837
2025-02-11,111.0999984741211,20.969999313354492,132.77108764648438,526.0025634765625,0.005611831085707397,0.06069796802253391,-0.005764684199262349,-0.0023808275259640244
2025-02-12,111.72000122070312,22.479999542236328,131.11143493652344,526.3114013671875,0.005580582854161298,0.07200764322010311,-0.012500106306125303,0.0005871414173037603
2025-02-13,111.80999755859375,24.1299991607666,135.26052856445312,533.8828735351562,0.0008055526038961425,0.07339856103778764,0.031645551205647715,0.014385917060319331
2025-02-14,113.0999984741211,23.600000381469727,138.81976318359375,536.1243286132812,0.011537438008182743,-0.02196430989349596,0.02631391919664594,0.004198402288657421
2025-02-18,114.27999877929688,27.389999389648438,139.36964416503906,537.3397216796875,0.010433247755045505,0.16059317571683374,0.003961114533224563,0.0022669985328775955
2025-02-19,114.69000244140625,25.719999313354492,139.19967651367188,537.4891967773438,0.0035877114673512622,-0.06097116150083204,-0.0012195457080016459,0.00027817615490821623
2025-02-20,114.16999816894531,26.09000015258789,140.07948303222656,535.207763671875,-0.004533998268302475,0.014385725082087575,0.00632046381564888,-0.004244612020386063
2025-02-21,110.83999633789062,24.8700008392334,134.4007110595703,524.0997924804688,-0.02916704812526183,-0.046761184600203176,-0.04053964113609554,-0.020754503102119237
2025-02-24,108.11000061035156,24.270000457763672,130.2516326904297,517.9131469726562,-0.02463005970531429,-0.02412546687667183,-0.03087095549146035,-0.011804327337227583
2025-02-25,103.95999908447266,22.989999771118164,126.60242462158203,511.3877868652344,-0.038386842127920096,-0.05274003553782591,-0.028016601354401205,-0.012599332813936881
2025-02-26,104.73999786376953,23.520000457763672,131.2514190673828,512.6231079101562,0.007502874049307051,0.023053531619053658,0.03672121177534127,0.0024156248480127207
2025-02-27,99.51000213623047,23.09000015258789,120.12384033203125,498.38690185546875,-0.04993312807148875,-0.018282325544506706,-0.08478063562603311,-0.02777129207601503
2025-02-28,99.86000061035156,23.729999542236328,124.89279174804688,506.2571716308594,0.003517219039367969,0.02771760006145807,0.039700290989980846,0.0157914859842625
2025-03-03,98.2300033569336,22.739999771118164,114.03515625,495.1790466308594,-0.016322824388697255,-0.04171933376383308,-0.08693564573326684,-0.021882406059183124
2025-03-04,100.75,21.329999923706055,115.96473693847656,493.6846923828125,0.025654042114908737,-0.062005270958838565,0.01692092817627522,-0.003017805899127368
2025-03-05,101.66999816894531,20.809999465942383,117.27445220947266,500.1203918457031,0.009131495473402529,-0.024378830737160295,0.011294082197512711,0.013036052286385713
2025-03-06,98.8499984741211,20.75,110.5459213256836,486.3623962402344,-0.027736793012804184,-0.002883203627207065,-0.05737422564780548,-0.02750936740390575
2025-03-07,100.30999755859375,20.639999389648438,112.66545867919922,489.9388732910156,0.014769844279308497,-0.005301234233810237,0.019173365494608907,0.007353522966472736
2025-03-10,96.62999725341797,19.93000030517578,106.95669555664062,470.95062255859375,-0.036686276490298986,-0.03439918146648502,-0.050670038443757504,-0.03875636690118922
2025-03-11,96.76000213623047,19.780000686645508,108.73631286621094,469.8248596191406,0.0013453884560459262,-0.007526322941967978,0.016638671382923187,-0.002390405459784861
2025-03-12,100.79000091552734,20.68000030517578,115.7254409790039,475.1248474121094,0.041649428382845244,0.04550048469603496,0.06427593440097956,0.011280773429624746
2025-03-13,98.11000061035156,23.700000762939453,115.56546020507812,466.5771179199219,-0.026589942264430566,0.14603483622811297,-0.0013824166282918604,-0.017990491422927968
2025-03-14,100.97000122070312,24.049999237060547,121.65469360351562,477.8544921875,0.029150959051668757,0.014767867630974818,0.052690772724235835,0.0241704400718461
2025-03-17,104.58999633789062,25.690000534057617,119.51496124267578,480.9527893066406,0.03585218454414796,0.06819132428369734,-0.01758857219116783,0.006483766857474427
2025-03-18,103.51000213623047,25.920000076293945,115.41547393798828,472.7537841796875,-0.010325979916579242,0.008952881956207692,-0.03430103864873846,-0.017047421928404027
2025-03-19,106.2300033569336,24.1200008392334,117.50521087646484,479.0798645019531,0.026277665583692267,-0.06944441480564656,0.01810621112728228,0.01338134253804557
2025-03-20,107.13999938964844,23.959999084472656,118.51508331298828,477.4560241699219,0.008566280748925958,-0.006633571691278095,0.008594277896195823,-0.003389498186736284
2025-03-21,106.44000244140625,24.260000228881836,117.68518829345703,479.0300598144531,-0.006533479113588814,0.012520916355276412,-0.00700244218990731,0.0032967133408103866
2025-03-24,113.8499984741211,24.219999313354492,121.39472961425781,489.54205322265625,0.06961664658730116,-0.0016488423392396756,0.031520885292299905,0.021944329364789406
2025-03-25,114.80999755859375,24.200000762939453,120.67481994628906,492.3356628417969,0.008432139634071856,-0.0008257040042115582,-0.005930320618171225,0.005706577403821189
2025-03-26,110.19000244140625,23.420000076293945,113.74568939208984,483.2763671875,-0.04024035550414207,-0.0322314323163172,-0.05741985409452688,-0.018400648862213154
2025-03-27,106.6500015258789,23.6200008392334,111.41598510742188,480.52264404296875,-0.03212633484974958,0.008539742198459432,-0.020481692951346053,-0.005698029805506488
2025-03-28,103.22000122070312,22.709999084472656,109.65620422363281,467.8715515136719,-0.0321612776005773,-0.03852674523403099,-0.015794689443281995,-0.02632777598752578
2025-03-31,102.73999786376953,22.709999084472656,108.36636352539062,467.85162353515625,-0.004650294044341807,0.0,-0.011762587510431133,-4.2592840815314226e-05
2025-04-01,102.77999877929688,22.049999237060547,110.13613891601562,471.62298583984375,0.00038934121431832835,-0.029062081638892123,0.016331408871262276,0.008061022159526754
2025-04-02,102.95999908447266,21.979999542236328,110.4061050415039,475.0650939941406,0.0017513164751277177,-0.0031745894442738454,0.002451203829599846,0.00729843170847011
2025-04-03,93.80000305175781,22.43000030517578,101.78719329833984,449.6331787109375,-0.08896655122538999,0.020473192552836084,-0.07806553577742859,-0.05353353804503436
2025-04-04,85.76000213623047,19.850000381469727,94.29813385009766,421.70697021484375,-0.08571429268601372,-0.1150245157647507,-0.07357565530166099,-0.06210886967050777
2025-04-07,83.63999938964844,19.56999969482422,97.6277084350586,422.7246398925781,-0.024720180664342672,-0.014105827771514479,0.03530901884287374,0.002413215217229814
2025-04-08,78.20999908447266,18.1299991607666,96.28788757324219,415.11199951171875,-0.06492109450980954,-0.07358204172269156,-0.013723776613149163,-0.01800850876067661
2025-04-09,96.83999633789062,21.530000686645508,114.31561279296875,464.938232421875,0.23820480081192907,0.18753456609289443,0.18722734161151489,0.1200308181135814
2025-04-10,88.69999694824219,19.8799991607666,107.55646514892578,445.16339111328125,-0.08405617201023685,-0.076637318776416,-0.05912707353705149,-0.04253219014832599
2025-04-11,93.4000015258789,19.739999771118164,110.9160385131836,453.36468505859375,0.05298765207826617,-0.007042223116625057,0.03123543860990652,0.018423109602077492
2025-04-14,94.5,20.309999465942383,110.6960678100586,456.43768310546875,0.011777285397755799,0.028875364814248572,-0.0019832181718143493,0.006778203393759785
2025-04-15,95.29000091552734,19.850000381469727,112.18588256835938,456.94647216796875,0.008359798047908429,-0.02264889692606953,0.013458605962924697,0.0011146955681624604
2025-04-16,88.29000091552734,19.229999542236328,104.47685241699219,443.1679382324219,-0.07345996361365725,-0.031234298605463895,-0.06871657979487544,-0.03015349668895584
2025-04-17,87.5,18.93000030517578,101.47722625732422,443.088134765625,-0.008947795982958362,-0.015600584721889077,-0.028710916248660956,-0.00018007500072136917
2025-04-21,85.55999755859375,18.84000015258789,96.89781188964844,432.1231384277344,-0.02217145647321428,-0.0047543661456403985,-0.045127508275239814,-0.024746761372183124
2025-04-22,86.26000213623047,19.510000228881836,98.87755584716797,443.46728515625,0.00818144690989886,0.035562636457936225,0.020431255555844352,0.026252115935728293
2025-04-23,90.38999938964844,20.59000015258789,102.69707489013672,453.5242919921875,0.04787847381333776,0.055356223015685435,0.03862877687705457,0.022678125698480933
2025-04-24,94.47000122070312,21.489999771118164,106.4166030883789,466.28515625,0.04513775703733369,0.04371052024577837,0.036218443438834624,0.028137113012751902
2025-04-25,96.6500015258789,20.049999237060547,110.99604034423828,471.4832763671875,0.023076111749832817,-0.06700793622124324,0.04303310877209787,0.01114794251438811
2025-04-28,96.38999938964844,20.510000228881836,108.71631622314453,471.3336181640625,-0.0026901410463077147,0.02294269373192903,-0.02053878781642582,-0.00031741996084810875
2025-04-29,96.05999755859375,20.34000015258789,109.00627899169922,474.446533203125,-0.0034236106768782415,-0.008288643315301103,0.0026671504207291807,0.006604483361886793
2025-04-30,97.3499984741211,20.100000381469727,108.90629577636719,474.38665771484375,0.013429116680337971,-0.011799398688186802,-0.0009172243677783021,-0.00012620070775315462
2025-05-01,96.6500015258789,19.979999542236328,111.59595489501953,480.5824890136719,-0.0071905183278279106,-0.005970190893330951,0.024697003047237986,0.013060719980350965
2025-05-02,98.80000305175781,20.6200008392334,114.485595703125,487.7162170410156,0.022245230128663973,0.03203209768069071,0.025893777340082025,0.014843920014615541
2025-05-05,100.58999633789062,20.270000457763672,113.80567932128906,484.82281494140625,0.018117340393148496,-0.01697382964232408,-0.005938881460677781,-0.005932552575683703
2025-05-06,98.62000274658203,19.940000534057617,113.52571868896484,480.3131408691406,-0.019584388736740954,-0.01628021293801507,-0.002459988236033883,-0.009301695244706365
2025-05-07,100.36000061035156,20.309999465942383,117.04527282714844,482.1988220214844,0.01764345787173327,0.018555612937562582,0.031002262560666072,0.003925941207711947
2025-05-08,101.69999694824219,21.0,117.35523986816406,487.1774597167969,0.01335189647012025,0.03397343930090546,0.002648266209549277,0.01032486490622464
2025-05-09,102.83999633789062,21.420000076293945,116.63532257080078,486.8581848144531,0.011209433862899854,0.020000003633044994,-0.006134513449693735,-0.0006553564742698414
2025-05-12,108.12000274658203,22.18000030517578,122.98452758789062,506.69287109375,0.0513419544604361,0.03548086956932117,0.054436382368091785,0.04074017218557402
2025-05-13,112.45999908447266,22.559999465942383,129.9136505126953,514.4152221679688,0.04014054964522118,0.017132513775391045,0.05634142002011444,0.015240694145842726
2025-05-14,117.72000122070312,21.520000457763672,135.32296752929688,517.4982299804688,0.046772205042252324,-0.04609924790772901,0.041637787832564666,0.005993228193183819
2025-05-15,114.98999786376953,21.549999237060547,134.8130340576172,518.06689453125,-0.023190650090253895,0.0013939952908343933,-0.0037682699470013015,0.0010988724556655338
2025-05-16,117.16999816894531,21.65999984741211,135.38296508789062,520.32177734375,0.01895817328180538,0.005104436855960071,0.004227566230946556,0.004352493541476488
2025-05-19,114.73999786376953,21.3799991607666,135.55294799804688,520.8206787109375,-0.020739099967143515,-0.01292708627045358,0.0012555708914034902,0.0009588323781763997
2025-05-20,113.51000213623047,21.270000457763672,134.3630828857422,519.0846557617188,-0.010719851406999603,-0.0051449348606515954,-0.008777862303089301,-0.0033332450499383715
2025-05-21,112.05999755859375,20.690000534057617,131.78341674804688,511.8710632324219,-0.012774245003506213,-0.02726844904671133,-0.01919921813560177,-0.013896755469898214
2025-05-22,110.70999908447266,20.549999237060547,132.81329345703125,512.8289184570312,-0.012047104261404318,-0.006766616403253156,0.007814918860036713,0.0018712822298658782
2025-05-23,110.30999755859375,20.049999237060547,131.2734832763672,508.0797119140625,-0.003613056898082889,-0.024330901146618178,-0.011593795625301828,-0.009260800965081861
2025-05-27,114.55999755859375,20.549999237060547,135.48294067382812,520.0324096679688,0.03852778618495134,0.024937656809272957,0.03206631904936086,0.023525241165165633
2025-05-28,112.86000061035156,20.3700008392334,134.7930450439453,517.7276611328125,-0.014839359152156839,-0.008759046448164054,-0.0050921217568175026,-0.0044319324955685024
2025-05-29,113.02999877929688,20.25,139.17250061035156,518.745361328125,0.0015062747477048166,-0.005891057157065616,0.032490219098310735,0.0019657056628685776
2025-05-30,110.7300033569336,19.549999237060547,135.11300659179688,517.92724609375,-0.02034853974345574,-0.03456793891059029,-0.0291687941278016,-0.0015771037109235664
2025-06-02,114.62999725341797,19.739999771118164,137.3627166748047,522.0179443359375,0.03522075118080603,0.009718697773523965,0.016650581167249268,0.007898210169555497
2025-06-03,117.30999755859375,20.290000915527344,141.2022247314453,526.0985717773438,0.023379572270694426,0.027862267010453134,0.02795160251329598,0.007817025230037355
2025-06-04,118.58000183105469,20.25,141.9021453857422,527.5652465820312,0.010826053182948936,-0.0019714595230369003,0.004956867043901525,0.0027878327054424723
2025-06-05,115.69000244140625,19.989999771118164,139.97239685058594,523.5942993164062,-0.024371726640432412,-0.012839517475646267,-0.013599149821945877,-0.007526931107292967
2025-06-06,116.19000244140625,20.059999465942383,141.70216369628906,528.7125854492188,0.004321894627439704,0.0035017356491096052,0.012357914021787986,0.009775290027975503
2025-06-09,121.7300033569336,20.479999542236328,142.612060546875,529.4908447265625,0.047680530158531687,0.02093719279539452,0.006421192357627836,0.0014719893166199594
2025-06-10,123.23999786376953,22.079999923706055,143.94189453125,532.9928588867188,0.012404456298324096,0.07812502037268176,0.009324835355968286,0.006613927691166754
2025-06-11,121.13999938964844,20.68000030517578,142.8219451904297,531.1968994140625,-0.017039910017220605,-0.06340578004382924,-0.007780565515463356,-0.0033695751128964835
2025-06-12,118.5,20.770000457763672,144.9918212890625,532.444091796875,-0.02179296188665847,0.004352038262076974,0.015192875966922648,0.002347890931193808
2025-06-13,116.16000366210938,20.139999389648438,141.9619903564453,525.7593994140625,-0.019746804539161444,-0.03033226067550443,-0.020896564410876506,-0.01255473107092464
2025-06-16,126.38999938964844,20.739999771118164,144.6818389892578,533.0726318359375,0.08806814226088067,0.029791479625273176,0.019158991966676142,0.013909846271936033
2025-06-17,127.0999984741211,20.799999237060547,144.1118621826172,527.87451171875,0.0056175258161350605,0.0028929347446733367,-0.003939518675062925,-0.009751241775974973
2025-06-18,126.79000091552734,21.489999771118164,145.47178649902344,527.78466796875,-0.0024390052109786176,0.03317310381570615,0.009436588326663609,-0.0001701990681600707
2025-06-20,128.24000549316406,21.079999923706055,143.84188842773438,525.629638671875,0.011436269162919066,-0.019078634331264,-0.011204221179341944,-0.004083160098547256
2025-06-23,129.5800018310547,21.190000534057617,144.161865234375,531.034423828125,0.010449128824796095,0.00521824529173065,0.002224503655632759,0.010282496949575393
2025-06-24,138.42999267578125,22.549999237060547,147.8916473388672,539.1549682617188,0.06829750516800503,0.06418115472989605,0.025872182622140638,0.015291936019993457
2025-06-25,143.39999389648438,22.200000762939453,154.30130004882812,540.5333251953125,0.035902632981737126,-0.015520997160207273,0.043340194157648115,0.002556513460383547
2025-06-26,143.67999267578125,22.5,155.01126098632812,545.5874633789062,0.0019525717657908892,0.013513478682458668,0.004601133867798479,0.009350280450826087
2025-06-27,143.80999755859375,22.690000534057617,157.74110412597656,547.4553833007812,0.0009048224487724355,0.008444468180338616,0.017610611785741304,0.003423685563276546
2025-06-30,141.89999389648438,22.399999618530273,157.98109436035156,551.001220703125,-0.013281438665842193,-0.012781000824220068,0.0015214185022018878,0.006476943163778559
2025-07-01,136.11000061035156,22.850000381469727,153.29136657714844,546.3566284179688,-0.040803337104838744,0.020089320116201792,-0.029685373444153784,-0.00842936841270392
2025-07-02,138.52000427246094,21.8799991607666,157.2411346435547,550.1621704101562,0.017706293816048158,-0.04245081857809285,0.02576640912401551,0.006965307629207107
2025-07-03,137.91000366210938,22.489999771118164,159.3310089111328,555.575927734375,-0.00440370048756078,0.02787937082947267,0.013290887733134138,0.009840293672287004
2025-07-07,134.8000030517578,22.0,158.2310791015625,551.3908081054688,-0.02255094284509862,-0.021787451138502223,-0.006903425874769886,-0.007532939099742952
2025-07-08,137.82000732421875,23.59000015258789,159.99098205566406,551.700439453125,0.022403592018476193,0.07227273420854052,0.01112235955220875,0.000561546081480957
2025-07-09,138.41000366210938,23.440000534057617,162.87081909179688,555.6058959960938,0.0042809193624744335,-0.006358610324714964,0.01799999599434221,0.007078944049491831
2025-07-10,144.16000366210938,23.81999969482422,164.09075927734375,554.8068237304688,0.04154323999612819,0.01621156792272571,0.007490231782154355,-0.0014381997588279738
2025-07-11,146.4199981689453,23.43000030517578,164.91070556640625,553.5582885742188,0.01567698702431386,-0.0163727705560458,0.004996907154757091,-0.0022503961790789617
2025-07-14,146.24000549316406,23.299999237060547,164.06076049804688,555.5659790039062,-0.0012292902474535516,-0.005548487683396108,-0.005153971450429062,0.003626881705373064
2025-07-15,155.61000061035156,22.920000076293945,170.69036865234375,556.0753173828125,0.06407272131582009,-0.016308977390959822,0.040409468627178535,0.0009167918809922515
2025-07-16,160.0800018310547,22.690000534057617,171.36033630371094,556.6446533203125,0.028725668036568175,-0.01003488400832142,0.0039250466013800445,0.0010238468058241246
2025-07-17,160.41000366210938,22.799999237060547,172.99024963378906,561.1494750976562,0.0020614806801599883,0.004847893363326472,0.009511613744672687,0.008092814240598711
2025-07-18,156.99000549316406,23.100000381469727,172.40028381347656,560.610107421875,-0.021320354659110086,0.013157945370521729,-0.0034103992656315807,-0.0009611836056468981
2025-07-21,157.0,23.260000228881836,171.37034606933594,563.5167236328125,6.366333197171947e-05,0.006926400206489047,-0.005974107010490393,0.005184737435977471
2025-07-22,154.72000122070312,23.239999771118164,167.0205841064453,560.60009765625,-0.014522285218451447,-0.0008598648996932523,-0.025382232472884958,-0.005175757620394905
2025-07-23,158.64999389648438,23.489999771118164,170.77037048339844,563.1571655273438,0.025400676349370155,0.010757315080127006,0.022451043366986,0.004561304719325365
2025-07-24,162.1199951171875,22.6299991607666,173.73020935058594,564.3557739257812,0.021872053918686074,-0.03661135030784313,0.017332274087179744,0.0021283728092407195
2025-07-25,166.47000122070312,20.700000762939453,173.49021911621094,565.7141723632812,0.026832014770116652,-0.08528495224927657,-0.0013813961041784228,0.0024069895272811337
2025-07-28,173.66000366210938,20.68000030517578,176.7400360107422,567.4821166992188,0.04319097968812935,-0.0009662056534548435,0.018731989106281377,0.0031251547553632353
2025-07-29,177.44000244140625,20.40999984741211,175.50009155273438,566.6031494140625,0.021766663017303678,-0.013056114786231254,-0.00701563995343113,-0.0015488898403861473
2025-07-30,179.50999450683594,20.34000015258789,179.25990295410156,567.3623046875,0.011665870361522446,-0.0034296764011536585,0.021423415612506602,0.0013398359578880026
2025-07-31,176.30999755859375,19.799999237060547,177.85997009277344,564.3557739257812,-0.017826288486239794,-0.026548717378384046,-0.0078095147785869345,-0.005299137318216296
2025-08-01,171.6999969482422,19.309999465942383,173.710205078125,553.2386474609375,-0.02614713104297728,-0.02474746414136264,-0.02333164124835896,-0.01969879104365424
2025-08-04,176.77999877929688,19.5,179.98985290527344,563.44677734375,0.029586499250702003,0.009839489348134167,0.03615013766361175,0.018451584916675978
2025-08-05,174.30999755859375,20.190000534057617,178.24993896484375,559.6212768554688,-0.013972175799066622,0.03538464277218556,-0.009666733498278846,-0.006789462007957048
2025-08-06,163.1199951171875,20.40999984741211,179.40988159179688,566.6630859375,-0.06419598759758327,0.010896449110211037,0.006507394244785081,0.012583168963123503
2025-08-07,172.39999389648438,19.770000457763672,180.7598114013672,568.5808715820312,0.05689062688255975,-0.03135714818388824,0.007524277913753652,0.003384348993473729
2025-08-08,172.75999450683594,19.950000762939453,182.689697265625,573.8847045898438,0.002088170667614575,0.00910471932260859,0.01067652067844116,0.009328194585679572
2025-08-11,172.27999877929688,20.649999618530273,182.0497283935547,572.1866455078125,-0.0027783962884999625,0.03508766059253432,-0.003503037563961864,-0.002958885414527379
2025-08-12,174.9499969482422,21.809999465942383,183.14967346191406,579.3782958984375,0.01549801594998712,0.056174327788906186,0.006042003347467295,0.012568714154875815
2025-08-13,184.4199981689453,22.219999313354492,181.5797576904297,579.6680297851562,0.054129759279188505,0.01879870964932162,-0.008571763966649049,0.0005000772185803637
2025-08-14,180.9499969482422,23.860000610351562,182.00973510742188,579.2185668945312,-0.01881575347118425,0.07380744138958684,0.0023679810043872873,-0.0007753798166022507
2025-08-15,177.50999450683594,24.559999465942383,180.4398193359375,576.6715087890625,-0.01901079027036512,0.02933775514184722,-0.008625449460479717,-0.004397404107960079
2025-08-18,176.13999938964844,23.65999984741211,181.99972534179688,576.4417114257812,-0.00771784778087381,-0.03664493640475497,0.008645020880647225,-0.00039848919147023043
2025-08-19,166.5500030517578,25.309999465942383,175.63009643554688,568.620849609375,-0.05444530697809358,0.06973793868011158,-0.034998013839239506,-0.013567480738099214
2025-08-20,165.1999969482422,23.540000915527344,175.39010620117188,565.2447509765625,-0.008105710470002747,-0.06993277707479939,-0.001366452784833938,-0.005937345834455043
2025-08-21,163.7100067138672,23.5,174.97012329101562,562.6278076171875,-0.009019311512710404,-0.0016992741704168202,-0.0023945644326968107,-0.004629752606908344
2025-08-22,167.75999450683594,24.799999237060547,177.97996520996094,571.3076782226562,0.02473879193009454,0.05531911647066168,0.017202033480534507,0.015427375767702145
2025-08-25,163.36000061035156,24.549999237060547,179.79986572265625,569.6596069335938,-0.02622790915926676,-0.01008064547140819,0.010225311093573941,-0.0028847350593810273
2025-08-26,166.6199951171875,24.350000381469727,181.75975036621094,571.9469604492188,0.019955891862486697,-0.00814659314892785,0.010900367670896083,0.004015298764006747
2025-08-27,167.1300048828125,24.850000381469727,181.5897674560547,572.825927734375,0.0030609157398324705,0.02053388058180472,-0.0009352065559826706,0.0015367985948659957
2025-08-28,168.5800018310547,24.93000030517578,180.1598358154297,576.4118041992188,0.008675862537423473,0.0032193127757740303,-0.007874516613228466,0.006259975834240761
2025-08-29,162.6300048828125,24.350000381469727,174.170166015625,569.7395629882812,-0.03529479703176819,-0.023265139053593953,-0.03324642128304889,-0.01157547635619105
2025-09-02,162.32000732421875,24.209999084472656,170.77037048339844,564.9650268554688,-0.001906152304534059,-0.005749539827671235,-0.019519964928560563,-0.008380208156460234
2025-09-03,162.1300048828125,24.0,170.61038208007812,569.409912109375,-0.0011705423412576854,-0.008674064122841774,-0.0009368627758283843,0.00786754054254657
2025-09-04,161.7899932861328,24.610000610351562,171.65032958984375,574.5639038085938,-0.002097154051931671,0.025416692097981697,0.0060954526746064275,0.009051461152346008
2025-09-05,151.13999938964844,24.489999771118164,167.01058959960938,575.3929443359375,-0.06582603583924618,-0.0048761006199619095,-0.027030183986951672,0.001442903951759389
2025-09-08,151.41000366210938,24.479999542236328,168.30050659179688,578.19970703125,0.0017864514592516034,-0.0004083392803306829,0.007723564088240931,0.004877992896753058
2025-09-09,155.82000732421875,24.440000534057617,170.7503662109375,579.8378295898438,0.029126237074472705,-0.001633946443083012,0.0145564601601742,0.00283314318335548
2025-09-10,159.5399932861328,24.770000457763672,177.32000732421875,580.027587890625,0.023873609209719815,0.013502451575080565,0.03847512165898026,0.00032726098763768974
2025-09-11,155.6699981689453,24.610000610351562,177.1699981689453,583.4036865234375,-0.024257209978984506,-0.0064594204463149785,-0.0008459798617036496,0.005820582853809153
2025-09-12,158.57000732421875,24.079999923706055,177.82000732421875,585.9806518554688,0.018629210441218902,-0.021535988358430846,0.003668844397986648,0.004417122125826234
2025-09-15,161.16000366210938,24.770000457763672,177.75,590.994873046875,0.016333456632785515,0.028654507319094025,-0.00039369767931174415,0.008556973981187044
2025-09-16,160.4600067138672,25.270000457763672,174.8800048828125,590.4954223632812,-0.004343490520823057,0.02018570814532561,-0.016146245385021074,-0.0008451015505749337
2025-09-17,159.16000366210938,24.899999618530273,170.2899932861328,589.3168334960938,-0.008101726270496656,-0.014641900772887517,-0.026246634655319623,-0.0019959322672994384
2025-09-18,157.9199981689453,30.56999969482422,176.24000549316406,594.6306762695312,-0.0077909365709525336,0.22771084992605384,0.03494046885675561,0.009016953990459431
2025-09-19,157.38999938964844,29.579999923706055,176.6699981689453,598.6559448242188,-0.003356121994947503,-0.03238468370955794,0.0024398131092768782,0.006769359058197866
2025-09-22,159.7899932861328,28.760000228881836,183.61000061035156,602.2000122070312,0.015248706434916048,-0.027721423155483316,0.03928229191902566,0.005920040406268923
2025-09-23,160.89999389648438,29.34000015258789,178.42999267578125,598.2000122070312,0.006946621546969567,0.020166895656822614,-0.028212014146021813,-0.006642311389766009
2025-09-24,160.8800048828125,31.219999313354492,176.97000122070312,596.0999755859375,-0.00012423253219473462,0.06407631734796637,-0.008182432970958109,-0.0035105927419589733
2025-09-25,161.27000427246094,33.9900016784668,177.69000244140625,593.530029296875,0.002424163213648134,0.08872525387684504,0.004068493053832389,-0.004311267227508853
2025-09-26,159.4600067138672,35.5,178.19000244140625,595.969970703125,-0.011223398714219734,0.04442477925765487,0.0028138893192084513,0.004110897993047535
2025-09-29,161.36000061035156,34.47999954223633,181.85000610351562,598.72998046875,0.01191517506890416,-0.0287324072609485,0.02053989343938012,0.004631122206323113
2025-09-30,161.7899932861328,33.54999923706055,186.5800018310547,600.3699951171875,0.002664803384697434,-0.02697216698151561,0.026010423804146532,0.0027391557161602353
2025-10-01,164.00999450683594,35.939998626708984,187.24000549316406,603.25,0.01372149893582697,0.07123694318920748,0.003537376222704669,0.004797049996228209
2025-10-02,169.72999572753906,37.29999923706055,188.88999938964844,605.72998046875,0.03487593081081841,0.03784086428264,0.008812186755381202,0.004111032687525995
2025-10-03,164.6699981689453,36.83000183105469,187.6199951171875,603.1799926757812,-0.02981204080577704,-0.012600466906682373,-0.0067235125023275,-0.004209776427106071
2025-10-06,203.7100067138672,36.59000015258789,185.5399932861328,607.7100219726562,0.23708027557556832,-0.006516472075340229,-0.011086248188821868,0.0075102446232993
2025-10-07,211.50999450683594,37.16999816894531,185.0399932861328,604.510009765625,0.03828966440477655,0.015851271219970098,-0.002694836790410604,-0.005265689377054961
2025-10-08,235.55999755859375,37.43000030517578,189.11000061035156,611.4400024414062,0.11370622512583206,0.006994946167301563,0.02199528465138445,0.01146381790843809
2025-10-09,232.88999938964844,37.79999923706055,192.57000732421875,610.7000122070312,-0.011334684142544904,0.00988509027165585,0.018296265150970603,-0.0012102417758411699
2025-10-10,214.89999389648438,36.369998931884766,183.16000366210938,589.5,-0.07724679265022871,-0.03783069666768024,-0.04886536482426518,-0.03471428161662504
2025-10-13,216.4199981689453,37.220001220703125,188.32000732421875,602.010009765625,0.007073077317969245,0.02337097370858543,0.028172109406748413,0.021221390611747326
2025-10-14,218.08999633789062,35.630001068115234,180.02999877929688,598.0,0.0077164688248525515,-0.04271897099518296,-0.04402085929536681,-0.006661035033597162
2025-10-15,238.60000610351562,37.150001525878906,179.8300018310547,602.219970703125,0.09404378976580152,0.04266069077174128,-0.0011109090129327592,0.007056807195861214
2025-10-16,234.55999755859375,36.84000015258789,181.80999755859375,599.989990234375,-0.016932139319263628,-0.008344585748538025,0.011010374839450998,-0.0037029334416565085
2025-10-17,233.0800018310547,37.0099983215332,183.22000122070312,603.9299926757812,-0.006309668071894259,0.004614499680814177,0.007755369237354204,0.006566780288896457
2025-10-20,240.55999755859375,38.099998474121094,182.63999938964844,611.5399780273438,0.032091967001788735,0.029451505053263105,-0.0031656032485013474,0.012600774003366899
2025-10-21,238.02999877929688,38.119998931884766,181.16000366210938,611.3800048828125,-0.01051712173667041,0.0005249464190204556,-0.008103349389427028,-0.00026159065683206695
2025-10-22,230.22999572753906,36.91999816894531,180.27999877929688,605.489990234375,-0.03276899168911074,-0.03147955919630774,-0.00485761131057294,-0.009633966765999258
2025-10-23,234.99000549316406,38.15999984741211,182.16000366210938,610.5800170898438,0.02067501999721233,0.03358617930565888,0.010428249919804289,0.008406459128248223
2025-10-24,252.9199981689453,38.279998779296875,186.25999450683594,617.0999755859375,0.07630108624472043,0.0031446261101832906,0.02250763483915863,0.010678303111145482
2025-10-27,259.6700134277344,39.540000915527344,191.49000549316406,628.0900268554688,0.026688341403039884,0.03291541735659398,0.028079089125798262,0.0178091908998963
2025-10-28,258.010009765625,41.529998779296875,201.02999877929688,632.9199829101562,-0.006392743005619872,0.05032872578887715,0.049819797443545255,0.00768991043985956
2025-10-29,264.3299865722656,41.34000015258789,207.0399932861328,635.77001953125,0.02449508378524401,-0.004574973086772682,0.029896008274039154,0.004502996742162146
2025-10-30,254.83999633789062,40.15999984741211,202.88999938964844,626.0499877929688,-0.035902056960837925,-0.028543790537502334,-0.020044407027916655,-0.015288597196589704
2025-10-31,256.1199951171875,39.9900016784668,202.49000549316406,629.0700073242188,0.005022754660535034,-0.004233022151175825,-0.0019714815796129104,0.004823927146611062
2025-11-03,259.6499938964844,39.5,206.8800048828125,632.0800170898438,0.013782597401978514,-0.012253104723690122,0.02168007936469052,0.0047848565828598755
2025-11-04,250.0500030517578,37.029998779296875,198.69000244140625,619.25,-0.03697281367375582,-0.06253167647349689,-0.03958817792007252,-0.020298090024921778
2025-11-05,256.3299865722656,38.380001068115234,195.2100067138672,623.280029296875,0.0251149107932942,0.036456989827748254,-0.017514699706973502,0.006507919736576495
2025-11-06,237.6999969482422,37.2400016784668,188.0800018310547,611.6699829101562,-0.0726797120896786,-0.029702953567541934,-0.03652479195527836,-0.018627335773642728
2025-11-07,233.5399932861328,38.130001068115234,188.14999389648438,609.739990234375,-0.01750106737702306,0.023899015830685544,0.000372139859359244,-0.0031552842704474227
2025-11-10,243.97999572753906,38.45000076293945,199.0500030517578,623.22998046875,0.04470327456340706,0.008392333749285052,0.0579325512031128,0.022124168416753687
2025-11-11,237.52000427246094,37.880001068115234,193.16000366210938,621.5700073242188,-0.026477545570138594,-0.01482443910309672,-0.02959055161690649,-0.0026635001469004216
2025-11-12,258.8900146484375,37.88999938964844,193.8000030517578,621.0800170898438,0.08997141289818633,0.00026394723472211723,0.003313312163567561,-0.0007883106144138674
2025-11-13,247.9600067138672,35.90999984741211,186.86000061035156,608.4000244140625,-0.04221873118363728,-0.052256520826898356,-0.03581012555274732,-0.02041603710773876
2025-11-14,246.80999755859375,35.52000045776367,190.1699981689453,608.8599853515625,-0.004637881610482841,-0.010860467594141276,0.01771378330184148,0.0007560172896821094
