Date,Ticker,Return
2022-11-16,NVDA,0.0
2022-11-17,NVDA,-0.014644875643835875
2022-11-18,NVDA,-0.017095037396155588
2022-11-21,NVDA,-0.005970707864360936
2022-11-22,NVDA,0.04707200529817035
2022-11-23,NVDA,0.029990923315410534
2022-11-25,NVDA,-0.015073203089181253
2022-11-28,NVDA,-0.027228099291895624
2022-11-29,NVDA,-0.011878391860181026
2022-11-30,NVDA,0.08237925607433216
2022-12-01,NVDA,0.01252743355084629
2022-12-02,NVDA,-0.015115555758089205
2022-12-05,NVDA,-0.015761817997933414
2022-12-06,NVDA,-0.037507590343623165
2022-12-07,NVDA,0.00831950510847701
2022-12-08,NVDA,0.06507423069607521
2022-12-09,NVDA,-0.009785167328496325
2022-12-12,NVDA,0.03141021545084621
2022-12-13,NVDA,0.03062437797430495
2022-12-14,NVDA,-0.02202306468898907
2022-12-15,NVDA,-0.040850919496214666
2022-12-16,NVDA,-0.02247543932615692
2022-12-19,NVDA,-0.01912965435720071
2022-12-20,NVDA,-0.010397206676416415
2022-12-21,NVDA,0.025862382065254153
2022-12-22,NVDA,-0.07041999716305691
2022-12-23,NVDA,-0.008670777252754447
2022-12-27,NVDA,-0.07135332510503878
2022-12-28,NVDA,-0.006019485758020804
2022-12-29,NVDA,0.04039605242468802
2022-12-30,NVDA,0.0007533064032612113
2023-01-03,NVDA,-0.020459826815079074
2023-01-04,NVDA,0.030317838106590722
2023-01-05,NVDA,-0.03281569157405029
2023-01-06,NVDA,0.04164038488176702
2023-01-09,NVDA,0.05175312005414856
2023-01-10,NVDA,0.01798051255495081
2023-01-11,NVDA,0.005782777432431496
2023-01-12,NVDA,0.031873090370743595
2023-01-13,NVDA,0.023499530488094722
2023-01-17,NVDA,0.047517758139088206
2023-01-18,NVDA,-0.01835943254780803
2023-01-19,NVDA,-0.035219156334631574
2023-01-20,NVDA,0.0640620895081836
2023-01-23,NVDA,0.07590105716634987
2023-01-24,NVDA,0.003751359274639654
2023-01-25,NVDA,0.0030106425918323687
2023-01-26,NVDA,0.024789035424382933
2023-01-27,NVDA,0.02843153465363235
2023-01-30,NVDA,-0.05907177070004699
2023-01-31,NVDA,0.019569848120738254
2023-02-01,NVDA,0.07196584184969512
2023-02-02,NVDA,0.03657562513491586
2023-02-03,NVDA,-0.028052806876850744
2023-02-06,NVDA,-0.0005213521859784853
2023-02-07,NVDA,0.05140116100750047
2023-02-08,NVDA,0.00144307859982451
2023-02-09,NVDA,0.005944637260712149
2023-02-10,NVDA,-0.047992044417245916
2023-02-13,NVDA,0.024594344547785196
2023-02-14,NVDA,0.05429603839613728
2023-02-15,NVDA,-0.009011434962931442
2023-02-16,NVDA,-0.03347397854007428
2023-02-17,NVDA,-0.027906400014785948
2023-02-21,NVDA,-0.03427162760439684
2023-02-22,NVDA,0.004792890542614003
2023-02-23,NVDA,0.14021412417399093
2023-02-24,NVDA,-0.015973655255806518
2023-02-27,NVDA,0.009233059824350853
2023-02-28,NVDA,-0.012127146363797636
2023-03-01,NVDA,-0.0223123053359785
2023-03-02,NVDA,0.027139008342887738
2023-03-03,NVDA,0.02470621221965219
2023-03-06,NVDA,-0.014064430553747509
2023-03-07,NVDA,-0.011125181227156333
2023-03-08,NVDA,0.03834588740263345
2023-03-09,NVDA,-0.030809472728382192
2023-03-10,NVDA,-0.020097260943077844
2023-03-13,NVDA,4.35543508843228e-05
2023-03-14,NVDA,0.04776623702392446
2023-03-15,NVDA,0.006857120011181772
2023-03-16,NVDA,0.05419342863236398
2023-03-17,NVDA,0.007204159197755855
2023-03-20,NVDA,0.006802548961701849
2023-03-21,NVDA,0.011544575513189104
2023-03-22,NVDA,0.010267552046676176
2023-03-23,NVDA,0.027316036285318424
2023-03-24,NVDA,-0.015152120366692001
2023-03-27,NVDA,-0.009260938977182387
2023-03-28,NVDA,-0.004560724000365779
2023-03-29,NVDA,0.021734107204692377
2023-03-30,NVDA,0.01478669360982754
2023-03-31,NVDA,0.01438831819718267
2023-04-03,NVDA,0.006768342529864135
2023-04-04,NVDA,-0.018308770107702488
2023-04-05,NVDA,-0.020835514860598536
2023-04-06,NVDA,0.005803386579922298
2023-04-10,NVDA,0.020046394453958616
2023-04-11,NVDA,-0.014866279617838485
2023-04-12,NVDA,-0.024807592650047616
2023-04-13,NVDA,-0.0012078313580685673
2023-04-14,NVDA,0.011147486447129706
2023-04-17,NVDA,0.009118900969444566
2023-04-18,NVDA,0.02462777791602
2023-04-19,NVDA,0.009542068340679055
2023-04-20,NVDA,-0.029608594323529025
2023-04-21,NVDA,0.0005534078351647764
2023-04-24,NVDA,-0.002839485552029397
2023-04-25,NVDA,-0.029620500310232112
2023-04-26,NVDA,0.02724740241309087
2023-04-27,NVDA,0.01001638818739048
2023-04-28,NVDA,0.019209636318791246
2023-05-01,NVDA,0.041839358715438646
2023-05-02,NVDA,-0.024213254115566518
2023-05-03,NVDA,-0.014462770213139131
2023-05-04,NVDA,-0.008632565698931005
2023-05-05,NVDA,0.040563104819301365
2023-05-08,NVDA,0.01642257235141864
2023-05-09,NVDA,-0.019896372880570112
2023-05-10,NVDA,0.010990172454558689
2023-05-11,NVDA,-0.010628438747618874
2023-05-12,NVDA,-0.00832802713797487
2023-05-15,NVDA,0.02163016836613396
2023-05-16,NVDA,0.008980185785171013
2023-05-17,NVDA,0.033033109951803974
2023-05-18,NVDA,0.0497051051683195
2023-05-19,NVDA,-0.01306894321584362
2023-05-22,NVDA,-0.0028147634471016314
2023-05-23,NVDA,-0.015653169418422985
2023-05-24,NVDA,-0.004887638978277042
2023-05-25,NVDA,0.24369600404542857
2023-05-26,NVDA,0.02543455233615788
2023-05-30,NVDA,0.02991319946478721
2023-05-31,NVDA,-0.05676733660990585
2023-06-01,NVDA,0.051170739696071
2023-06-02,NVDA,-0.011138971579154777
2023-06-05,NVDA,-0.00396666456338246
2023-06-06,NVDA,-0.013198592503592455
2023-06-07,NVDA,-0.030401091785691392
2023-06-08,NVDA,0.02761842393558034
2023-06-09,NVDA,0.006751524624152072
2023-06-12,NVDA,0.01836469256141382
2023-06-13,NVDA,0.03900504504438307
2023-06-14,NVDA,0.04814519695851227
2023-06-15,NVDA,-0.008000734385366415
2023-06-16,NVDA,0.0009142880053754077
2023-06-20,NVDA,0.02614079226834054
2023-06-21,NVDA,-0.01741694510292735
2023-06-22,NVDA,-0.0004646867758391071
2023-06-23,NVDA,-0.018965550435611322
2023-06-26,NVDA,-0.037361645933509324
2023-06-27,NVDA,0.03061605071490936
2023-06-28,NVDA,-0.01812496650006945
2023-06-29,NVDA,-0.007174503297547652
2023-06-30,NVDA,0.0362548962933531
2023-07-03,NVDA,0.002623858587224026
2023-07-05,NVDA,-0.002263373596686824
2023-07-06,NVDA,-0.0050569652795944275
2023-07-07,NVDA,0.00950031007358354
2023-07-10,NVDA,-0.007599494360957082
2023-07-11,NVDA,0.005334300348539989
2023-07-12,NVDA,0.035302525432199694
2023-07-13,NVDA,0.04726448382081472
2023-07-14,NVDA,-0.011049022857230195
2023-07-17,NVDA,0.02181703883599484
2023-07-18,NVDA,0.022233622450723356
2023-07-19,NVDA,-0.008780084212164252
2023-07-20,NVDA,-0.033073462536529985
2023-07-21,NVDA,-0.026603754550502123
2023-07-24,NVDA,0.006838486607712468
2023-07-25,NVDA,0.02391742835172006
2023-07-26,NVDA,-0.004969649280763377
2023-07-27,NVDA,0.00985674859823682
2023-07-28,NVDA,0.018518366049908863
2023-07-31,NVDA,-0.00044908942627930326
2023-08-01,NVDA,-0.0047508868191359355
2023-08-02,NVDA,-0.048121919873243324
2023-08-03,NVDA,0.005557098092102697
2023-08-04,NVDA,0.003706639605553619
2023-08-07,NVDA,0.016495210355539136
2023-08-08,NVDA,-0.016579867728520936
2023-08-09,NVDA,-0.04724166980683542
2023-08-10,NVDA,-0.0039007745573874653
2023-08-11,NVDA,-0.03616598649478253
2023-08-14,NVDA,0.07093366974679194
2023-08-15,NVDA,0.004273991581663861
2023-08-16,NVDA,-0.010332144225724704
2023-08-17,NVDA,-0.003265466350291013
2023-08-18,NVDA,-0.0010382447296684028
2023-08-21,NVDA,0.0847133091985226
2023-08-22,NVDA,-0.02765776341082149
2023-08-23,NVDA,0.03170730035573044
2023-08-24,NVDA,0.0009974166495583248
2023-08-25,NVDA,-0.024277395172250138
2023-08-28,NVDA,0.017753766099320334
2023-08-29,NVDA,0.041614126870292534
2023-08-30,NVDA,0.009839320442515564
2023-08-31,NVDA,0.001847261392368571
2023-09-01,NVDA,-0.017141125545277247
2023-09-05,NVDA,0.0008039940175352811
2023-09-06,NVDA,-0.030549480843052423
2023-09-07,NVDA,-0.01742431603438066
2023-09-08,NVDA,-0.01446775935372846
2023-09-11,NVDA,-0.008645584795000771
2023-09-12,NVDA,-0.006817579273558638
2023-09-13,NVDA,0.013706297799016554
2023-09-14,NVDA,0.0021105859424956908
2023-09-15,NVDA,-0.03687936111860346
2023-09-18,NVDA,0.0015033896476264186
2023-09-19,NVDA,-0.010144258425087593
2023-09-20,NVDA,-0.029434686811346977
2023-09-21,NVDA,-0.028930675071375145
2023-09-22,NVDA,0.014457437568083265
2023-09-25,NVDA,0.014707946310680065
2023-09-26,NVDA,-0.007365760288880807
2023-09-27,NVDA,0.013290049538967397
2023-09-28,NVDA,0.014622817746946737
2023-09-29,NVDA,0.009515125031568816
2023-10-02,NVDA,0.029495052948838474
2023-10-03,NVDA,-0.028248141176013375
2023-10-04,NVDA,0.01204148864498622
2023-10-05,NVDA,0.014690832709612689
2023-10-06,NVDA,0.02403331251813423
2023-10-09,NVDA,-0.010685728984696885
2023-10-10,NVDA,0.01159627031490884
2023-10-11,NVDA,0.022009819646443773
2023-10-12,NVDA,0.002969496242503533
2023-10-13,NVDA,-0.03161133741493283
2023-10-16,NVDA,0.013945901823370077
2023-10-17,NVDA,-0.046794622474280234
2023-10-18,NVDA,-0.039646788746151795
2023-10-19,NVDA,-0.002251216472822226
2023-10-20,NVDA,-0.016959345060414632
2023-10-23,NVDA,0.038369493652242515
2023-10-24,NVDA,0.016009145393170776
2023-10-25,NVDA,-0.04314846193137334
2023-10-26,NVDA,-0.03477824961356846
2023-10-27,NVDA,0.004314910981475517
2023-10-30,NVDA,0.016320975509442004
2023-10-31,NVDA,-0.009256516793687997
2023-11-01,NVDA,0.03788651258983822
2023-11-02,NVDA,0.02790297267193642
2023-11-03,NVDA,0.034454983317861565
2023-11-06,NVDA,0.016575916849357997
2023-11-07,NVDA,0.004459012946880447
2023-11-08,NVDA,0.013469735040613884
2023-11-09,NVDA,0.008073084331756686
2023-11-10,NVDA,0.02949942079171186
2023-11-13,NVDA,0.005896425140244244
2023-11-14,NVDA,0.021308008033327885
2023-11-15,NVDA,-0.015466256049301186
2023-11-16,NVDA,0.012109244833835353
2023-11-17,NVDA,-0.0036781685449900348
2023-11-20,NVDA,0.022536375492390404
2023-11-21,NVDA,-0.009224682080233304
2023-11-22,NVDA,-0.024587447105639426
2023-11-24,NVDA,-0.019295491646416196
2023-11-27,NVDA,0.009753839135594689
2023-11-28,NVDA,-0.008726944793147395
2023-11-29,NVDA,0.0066708953903320545
2023-11-30,NVDA,-0.028458838995320423
2023-12-01,NVDA,-0.00010682878308554411
2023-12-04,NVDA,-0.026836151621012272
2023-12-05,NVDA,0.023293596623978896
2023-12-06,NVDA,-0.022827859725867317
2023-12-07,NVDA,0.024020242299323202
2023-12-08,NVDA,0.01952969917695846
2023-12-11,NVDA,-0.018502998110735525
2023-12-12,NVDA,0.022090206142952207
2023-12-13,NVDA,0.009043837320164227
2023-12-14,NVDA,0.005448320324122902
2023-12-15,NVDA,0.011168577339834673
2023-12-18,NVDA,0.02427899520968202
2023-12-19,NVDA,-0.009445532538168822
2023-12-20,NVDA,-0.030098393667461365
2023-12-21,NVDA,0.018270403011719782
2023-12-22,NVDA,-0.0032660488677196398
2023-12-26,NVDA,0.009195114989155817
2023-12-27,NVDA,0.002800479161604974
2023-12-28,NVDA,0.002124749708021678
2023-12-29,NVDA,0.0
2024-01-02,NVDA,-0.027341453886276512
2024-01-03,NVDA,-0.01243567769990439
2024-01-04,NVDA,0.009018686861028247
2024-01-05,NVDA,0.022896715932934075
2024-01-08,NVDA,0.06428076915841485
2024-01-09,NVDA,0.0169752356009929
2024-01-10,NVDA,0.022769949561711078
2024-01-11,NVDA,0.008684456213789105
2024-01-12,NVDA,-0.0020429467862661532
2024-01-16,NVDA,0.0305612042378256
2024-01-17,NVDA,-0.0058351174686227525
2024-01-18,NVDA,0.018803541596946083
2024-01-19,NVDA,0.04174625595353265
2024-01-22,NVDA,0.0027398422083897422
2024-01-23,NVDA,0.0036711854901001484
2024-01-24,NVDA,0.02486925562687503
2024-01-25,NVDA,0.004155777304822195
2024-01-26,NVDA,-0.009510460974380464
2024-01-29,NVDA,0.023496250240449434
2024-01-30,NVDA,0.004946715320171879
2024-01-31,NVDA,-0.019864808066889394
2024-02-01,NVDA,0.024379544231256878
2024-02-02,NVDA,0.04970888107996485
2024-02-05,NVDA,0.0479443725657287
2024-02-06,NVDA,-0.01599549924969146
2024-02-07,NVDA,0.027497962550309785
2024-02-08,NVDA,-0.006533628953337756
2024-02-09,NVDA,0.03578376944585404
2024-02-12,NVDA,0.001594094316541561
2024-02-13,NVDA,-0.0016608656110379538
2024-02-14,NVDA,0.02456752004185736
2024-02-15,NVDA,-0.016806819036317977
2024-02-16,NVDA,-0.0006191000724367068
2024-02-20,NVDA,-0.04353215186083703
2024-02-21,NVDA,-0.02850895149182009
2024-02-22,NVDA,0.16400878897301108
2024-02-23,NVDA,0.003552443615855161
2024-02-26,NVDA,0.0034891204079210425
2024-02-27,NVDA,-0.004943757460272313
2024-02-28,NVDA,-0.013189106417284324
2024-02-29,NVDA,0.018657519212788465
2024-03-01,NVDA,0.04003185590048641
2024-03-04,NVDA,0.03595078906636462
2024-03-05,NVDA,0.008576570954913265
2024-03-06,NVDA,0.0318272688083443
2024-03-07,NVDA,0.04474629769624383
2024-03-08,NVDA,-0.05547693630885564
2024-03-11,NVDA,-0.020039400871646795
2024-03-12,NVDA,0.0715719439140261
2024-03-13,NVDA,-0.01115195143164005
2024-03-14,NVDA,-0.03239145879977767
2024-03-15,NVDA,-0.0012167411923178495
2024-03-18,NVDA,0.007035698839589877
2024-03-19,NVDA,0.010661069493004716
2024-03-20,NVDA,0.010894913993497735
2024-03-21,NVDA,0.011762387690798404
2024-03-22,NVDA,0.031213553780188974
2024-03-25,NVDA,0.007561866987494836
2024-03-26,NVDA,-0.025694322700632766
2024-03-27,NVDA,-0.024967255983374792
2024-03-28,NVDA,0.0011745727330991773
2024-04-01,NVDA,7.74639665841459e-05
2024-04-02,NVDA,-0.01008161468015134
2024-04-03,NVDA,-0.005455347858742021
2024-04-04,NVDA,-0.03438476935097767
2024-04-05,NVDA,0.024480513566644824
2024-04-08,NVDA,-0.009942286930674893
2024-04-09,NVDA,-0.020417225409504303
2024-04-10,NVDA,0.019741496373553602
2024-04-11,NVDA,0.04109655953380775
2024-04-12,NVDA,-0.02681651725829859
2024-04-15,NVDA,-0.02477724429660233
2024-04-16,NVDA,0.01644179419538183
2024-04-17,NVDA,-0.03866612343520437
2024-04-18,NVDA,0.007568191198398022
2024-04-19,NVDA,-0.10004593005200146
2024-04-22,NVDA,0.04354317024185761
2024-04-23,NVDA,0.03653268890081707
2024-04-24,NVDA,-0.03331592341115941
2024-04-25,NVDA,0.03708725624312659
2024-04-26,NVDA,0.061755772448503166
2024-04-29,NVDA,0.0002507312487260993
2024-04-30,NVDA,-0.015440373146265007
2024-05-01,NVDA,-0.03889974848360023
2024-05-02,NVDA,0.03342940477254075
2024-05-03,NVDA,0.034631830947632114
2024-05-06,NVDA,0.03774109786704716
2024-05-07,NVDA,-0.017212875265491312
2024-05-08,NVDA,-0.0015681445808399808
2024-05-09,NVDA,-0.018415719312748657
2024-05-10,NVDA,0.012744085686355655
2024-05-13,NVDA,0.005796790304860133
2024-05-14,NVDA,0.01058649145789703
2024-05-15,NVDA,0.03583766926857601
2024-05-16,NVDA,-0.002863674479186007
2024-05-17,NVDA,-0.01992395369596278
2024-05-20,NVDA,0.024881352199890072
2024-05-21,NVDA,0.006393709581286933
2024-05-22,NVDA,-0.0045708669627329
2024-05-23,NVDA,0.09319639896128762
2024-05-24,NVDA,0.025722772076280487
2024-05-28,NVDA,0.06980431600933845
2024-05-29,NVDA,0.008112341345579477
2024-05-30,NVDA,-0.037665956171783144
2024-05-31,NVDA,-0.007846167374358393
2024-06-03,NVDA,0.04895417755640796
2024-06-04,NVDA,0.012495791969857173
2024-06-05,NVDA,0.05155558952687289
2024-06-06,NVDA,-0.011777137868548726
2024-06-07,NVDA,-0.0009090825936641789
2024-06-10,NVDA,0.007461436961645029
2024-06-11,NVDA,-0.007143955251461054
2024-06-12,NVDA,0.03548083331302876
2024-06-13,NVDA,0.035223620232641695
2024-06-14,NVDA,0.017514276067049694
2024-06-17,NVDA,-0.006824448891115331
2024-06-18,NVDA,0.035119816994186204
2024-06-20,NVDA,-0.035403482794089336
2024-06-21,NVDA,-0.032191482149977024
2024-06-24,NVDA,-0.06684052107358063
2024-06-25,NVDA,0.06756412263764022
2024-06-26,NVDA,0.0024587312075337042
2024-06-27,NVDA,-0.01906651733893927
2024-06-28,NVDA,-0.0036293588731795
2024-07-01,NVDA,0.006151937453479972
2024-07-02,NVDA,-0.013113505328165465
2024-07-03,NVDA,0.04573243761532808
2024-07-05,NVDA,-0.019098853629696655
2024-07-08,NVDA,0.01883481369260509
2024-07-09,NVDA,0.02480524402497708
2024-07-10,NVDA,0.02686862518467703
2024-07-11,NVDA,-0.055666771364033196
2024-07-12,NVDA,0.014442715975614862
2024-07-15,NVDA,-0.006189999646852629
2024-07-16,NVDA,-0.016194491005325218
2024-07-17,NVDA,-0.06623935973299977
2024-07-18,NVDA,0.02627341710184883
2024-07-19,NVDA,-0.026096145118999603
2024-07-22,NVDA,0.04757050885900327
2024-07-23,NVDA,-0.0076898137027844315
2024-07-24,NVDA,-0.06803167399404408
2024-07-25,NVDA,-0.017242906563669003
2024-07-26,NVDA,0.006946911371310538
2024-07-29,NVDA,-0.013001870458023257
2024-07-30,NVDA,-0.07043638478420011
2024-07-31,NVDA,0.12812096264310635
2024-08-01,NVDA,-0.06674064539154367
2024-08-02,NVDA,-0.01776407735358454
2024-08-05,NVDA,-0.06357779896617954
2024-08-06,NVDA,0.037829749411949276
2024-08-07,NVDA,-0.0512229513213468
2024-08-08,NVDA,0.06126776273202372
2024-08-09,NVDA,-0.0020958290856288864
2024-08-12,NVDA,0.040763713141040325
2024-08-13,NVDA,0.06530909677446006
2024-08-14,NVDA,0.016704107159896342
2024-08-15,NVDA,0.04048096262331691
2024-08-16,NVDA,0.013999615965522239
2024-08-19,NVDA,0.04350631432997831
2024-08-20,NVDA,-0.02115397034700839
2024-08-21,NVDA,0.009823241628952317
2024-08-22,NVDA,-0.03704276973743448
2024-08-23,NVDA,0.04549845572767319
2024-08-26,NVDA,-0.022493532923449022
2024-08-27,NVDA,0.014550132667873639
2024-08-28,NVDA,-0.020966515727281143
2024-08-29,NVDA,-0.06384846553557766
2024-08-30,NVDA,0.015137385425604721
2024-09-03,NVDA,-0.09525012464640892
2024-09-04,NVDA,-0.016574035121144415
2024-09-05,NVDA,0.009415293616487963
2024-09-06,NVDA,-0.04085442022171426
2024-09-09,NVDA,0.03539826752784814
2024-09-10,NVDA,0.015309416272725196
2024-09-11,NVDA,0.08149864910842997
2024-09-12,NVDA,0.019161734971396838
2024-09-13,NVDA,-0.0003358434153616363
2024-09-16,NVDA,-0.01947943890757764
2024-09-17,NVDA,-0.010190038699666615
2024-09-18,NVDA,-0.019205851949414043
2024-09-19,NVDA,0.03969304841373211
2024-09-20,NVDA,-0.01586491237600296
2024-09-23,NVDA,0.002241448400666979
2024-09-24,NVDA,0.03965245515920479
2024-09-25,NVDA,0.021841655432702334
2024-09-26,NVDA,0.004291135315719785
2024-09-27,NVDA,-0.021283402784998406
2024-09-30,NVDA,0.0003294655755305964
2024-10-01,NVDA,-0.03656133629605962
2024-10-02,NVDA,0.015811987024743956
2024-10-03,NVDA,0.033655888894432495
2024-10-04,NVDA,0.016849800830298856
2024-10-07,NVDA,0.022414382954910606
2024-10-08,NVDA,0.04047911422020345
2024-10-09,NVDA,-0.001805989996993107
2024-10-10,NVDA,0.016283547608302973
2024-10-11,NVDA,-7.415898055063153e-05
2024-10-14,NVDA,0.024258239135950932
2024-10-15,NVDA,-0.04686035085485096
2024-10-16,NVDA,0.031306881668500264
2024-10-17,NVDA,0.008915433610181545
2024-10-18,NVDA,0.007814165037020482
2024-10-21,NVDA,0.04137689234214936
2024-10-22,NVDA,-0.0008349017612380161
2024-10-23,NVDA,-0.028066190612756614
2024-10-24,NVDA,0.006090610878756175
2024-10-25,NVDA,0.008047810739806316
2024-10-28,NVDA,-0.007206383570217523
2024-10-29,NVDA,0.005194928484603123
2024-10-30,NVDA,-0.013522137694603975
2024-10-31,NVDA,-0.04722248511583971
2024-11-01,NVDA,0.01988545499654748
2024-11-04,NVDA,0.004800569403939692
2024-11-05,NVDA,0.02837187193481605
2024-11-06,NVDA,0.04074035568378065
2024-11-07,NVDA,0.02245753650958715
2024-11-08,NVDA,-0.008396174613530705
2024-11-11,NVDA,-0.016053669104348023
2024-11-12,NVDA,0.020859028499437215
2024-11-13,NVDA,-0.013621879820238658
2024-11-14,NVDA,0.0033499241693955017
2024-11-15,NVDA,-0.03257015768090554
2024-11-18,NVDA,-0.01288919433854574
2024-11-19,NVDA,0.048947663728094115
2024-11-20,NVDA,-0.007618500812682338
2024-11-21,NVDA,0.0053465540860482275
2024-11-22,NVDA,-0.032181164088117775
2024-11-25,NVDA,-0.041775266855394455
2024-11-26,NVDA,0.006616731288063171
2024-11-27,NVDA,-0.01153967447278148
2024-11-29,NVDA,0.021501507990381086
2024-12-02,NVDA,0.0027485839482299657
2024-12-03,NVDA,0.011758020868576802
2024-12-04,NVDA,0.034792525555134235
2024-12-05,NVDA,-0.0004823765357414578
2024-12-06,NVDA,-0.01806149918007971
2024-12-09,NVDA,-0.02548453511041293
2024-12-10,NVDA,-0.026943168111955185
2024-12-11,NVDA,0.031391002506208965
2024-12-12,NVDA,-0.014141037449093896
2024-12-13,NVDA,-0.022498892624467803
2024-12-16,NVDA,-0.01675990292273155
2024-12-17,NVDA,-0.012196857692458485
2024-12-18,NVDA,-0.011350545416578761
2024-12-19,NVDA,0.013730336903056806
2024-12-20,NVDA,0.030762248524884184
2024-12-23,NVDA,0.03689681224631136
2024-12-24,NVDA,0.0039379685270666265
2024-12-26,NVDA,-0.0020682545779533434
2024-12-27,NVDA,-0.020867528934809587
2024-12-30,NVDA,0.0035033460575160102
2024-12-31,NVDA,-0.023274362158217543
2025-01-02,NVDA,0.029935174947178123
2025-01-03,NVDA,0.04453765099626916
2025-01-06,NVDA,0.03433230606964521
2025-01-07,NVDA,-0.062169597905649465
2025-01-08,NVDA,-0.0002140006756540247
2025-01-10,NVDA,-0.029976311100058384
2025-01-13,NVDA,-0.019719015898715497
2025-01-14,NVDA,-0.01103367218590845
2025-01-15,NVDA,0.03400140991541667
2025-01-16,NVDA,-0.01959787741939023
2025-01-17,NVDA,0.030994989908860404
2025-01-21,NVDA,0.02265633026365843
2025-01-22,NVDA,0.044308894409870625
2025-01-23,NVDA,0.0010197916582350697
2025-01-24,NVDA,-0.031245862969203397
2025-01-27,NVDA,-0.16968165297406834
2025-01-28,NVDA,0.08925868490249966
2025-01-29,NVDA,-0.041010995725330734
2025-01-30,NVDA,0.007679915114519931
2025-01-31,NVDA,-0.03674287784916486
2025-02-03,NVDA,-0.02840008775682923
2025-02-04,NVDA,0.017058085904001485
2025-02-05,NVDA,0.05208599573484074
2025-02-06,NVDA,0.03084180336963427
2025-02-07,NVDA,0.009014586657984713
2025-02-10,NVDA,0.028727780951507853
2025-02-11,NVDA,-0.005764684199262349
2025-02-12,NVDA,-0.012500106306125303
2025-02-13,NVDA,0.031645551205647715
2025-02-14,NVDA,0.02631391919664594
2025-02-18,NVDA,0.003961114533224563
2025-02-19,NVDA,-0.0012195457080016459
2025-02-20,NVDA,0.00632046381564888
2025-02-21,NVDA,-0.04053964113609554
2025-02-24,NVDA,-0.03087095549146035
2025-02-25,NVDA,-0.028016601354401205
2025-02-26,NVDA,0.03672121177534127
2025-02-27,NVDA,-0.08478063562603311
2025-02-28,NVDA,0.039700290989980846
2025-03-03,NVDA,-0.08693564573326684
2025-03-04,NVDA,0.01692092817627522
2025-03-05,NVDA,0.011294082197512711
2025-03-06,NVDA,-0.05737422564780548
2025-03-07,NVDA,0.019173365494608907
2025-03-10,NVDA,-0.050670038443757504
2025-03-11,NVDA,0.016638671382923187
2025-03-12,NVDA,0.06427593440097956
2025-03-13,NVDA,-0.0013824166282918604
2025-03-14,NVDA,0.052690772724235835
2025-03-17,NVDA,-0.01758857219116783
2025-03-18,NVDA,-0.03430103864873846
2025-03-19,NVDA,0.01810621112728228
2025-03-20,NVDA,0.008594277896195823
2025-03-21,NVDA,-0.00700244218990731
2025-03-24,NVDA,0.031520885292299905
2025-03-25,NVDA,-0.005930320618171225
2025-03-26,NVDA,-0.05741985409452688
2025-03-27,NVDA,-0.020481692951346053
2025-03-28,NVDA,-0.015794689443281995
2025-03-31,NVDA,-0.011762587510431133
2025-04-01,NVDA,0.016331408871262276
2025-04-02,NVDA,0.002451203829599846
2025-04-03,NVDA,-0.07806553577742859
2025-04-04,NVDA,-0.07357565530166099
2025-04-07,NVDA,0.03530901884287374
2025-04-08,NVDA,-0.013723776613149163
2025-04-09,NVDA,0.18722734161151489
2025-04-10,NVDA,-0.05912707353705149
2025-04-11,NVDA,0.03123543860990652
2025-04-14,NVDA,-0.0019832181718143493
2025-04-15,NVDA,0.013458605962924697
2025-04-16,NVDA,-0.06871657979487544
2025-04-17,NVDA,-0.028710916248660956
2025-04-21,NVDA,-0.045127508275239814
2025-04-22,NVDA,0.020431255555844352
2025-04-23,NVDA,0.03862877687705457
2025-04-24,NVDA,0.036218443438834624
2025-04-25,NVDA,0.04303310877209787
2025-04-28,NVDA,-0.02053878781642582
2025-04-29,NVDA,0.0026671504207291807
2025-04-30,NVDA,-0.0009172243677783021
2025-05-01,NVDA,0.024697003047237986
2025-05-02,NVDA,0.025893777340082025
2025-05-05,NVDA,-0.005938881460677781
2025-05-06,NVDA,-0.002459988236033883
2025-05-07,NVDA,0.031002262560666072
2025-05-08,NVDA,0.002648266209549277
2025-05-09,NVDA,-0.006134513449693735
2025-05-12,NVDA,0.054436382368091785
2025-05-13,NVDA,0.05634142002011444
2025-05-14,NVDA,0.041637787832564666
2025-05-15,NVDA,-0.0037682699470013015
2025-05-16,NVDA,0.004227566230946556
2025-05-19,NVDA,0.0012555708914034902
2025-05-20,NVDA,-0.008777862303089301
2025-05-21,NVDA,-0.01919921813560177
2025-05-22,NVDA,0.007814918860036713
2025-05-23,NVDA,-0.011593795625301828
2025-05-27,NVDA,0.03206631904936086
2025-05-28,NVDA,-0.0050921217568175026
2025-05-29,NVDA,0.032490219098310735
2025-05-30,NVDA,-0.0291687941278016
2025-06-02,NVDA,0.016650581167249268
2025-06-03,NVDA,0.02795160251329598
2025-06-04,NVDA,0.004956867043901525
2025-06-05,NVDA,-0.013599149821945877
2025-06-06,NVDA,0.012357914021787986
2025-06-09,NVDA,0.006421192357627836
2025-06-10,NVDA,0.009324835355968286
2025-06-11,NVDA,-0.007780565515463356
2025-06-12,NVDA,0.015192875966922648
2025-06-13,NVDA,-0.020896564410876506
2025-06-16,NVDA,0.019158991966676142
2025-06-17,NVDA,-0.003939518675062925
2025-06-18,NVDA,0.009436588326663609
2025-06-20,NVDA,-0.011204221179341944
2025-06-23,NVDA,0.002224503655632759
2025-06-24,NVDA,0.025872182622140638
2025-06-25,NVDA,0.043340194157648115
2025-06-26,NVDA,0.004601133867798479
2025-06-27,NVDA,0.017610611785741304
2025-06-30,NVDA,0.0015214185022018878
2025-07-01,NVDA,-0.029685373444153784
2025-07-02,NVDA,0.02576640912401551
2025-07-03,NVDA,0.013290887733134138
2025-07-07,NVDA,-0.006903425874769886
2025-07-08,NVDA,0.01112235955220875
2025-07-09,NVDA,0.01799999599434221
2025-07-10,NVDA,0.007490231782154355
2025-07-11,NVDA,0.004996907154757091
2025-07-14,NVDA,-0.005153971450429062
2025-07-15,NVDA,0.040409468627178535
2025-07-16,NVDA,0.0039250466013800445
2025-07-17,NVDA,0.009511613744672687
2025-07-18,NVDA,-0.0034103992656315807
2025-07-21,NVDA,-0.005974107010490393
2025-07-22,NVDA,-0.025382232472884958
2025-07-23,NVDA,0.022451043366986
2025-07-24,NVDA,0.017332274087179744
2025-07-25,NVDA,-0.0013813961041784228
2025-07-28,NVDA,0.018731989106281377
2025-07-29,NVDA,-0.00701563995343113
2025-07-30,NVDA,0.021423415612506602
2025-07-31,NVDA,-0.0078095147785869345
2025-08-01,NVDA,-0.02333164124835896
2025-08-04,NVDA,0.03615013766361175
2025-08-05,NVDA,-0.009666733498278846
2025-08-06,NVDA,0.006507394244785081
2025-08-07,NVDA,0.007524277913753652
2025-08-08,NVDA,0.01067652067844116
2025-08-11,NVDA,-0.003503037563961864
2025-08-12,NVDA,0.006042003347467295
2025-08-13,NVDA,-0.008571763966649049
2025-08-14,NVDA,0.0023679810043872873
2025-08-15,NVDA,-0.008625449460479717
2025-08-18,NVDA,0.008645020880647225
2025-08-19,NVDA,-0.034998013839239506
2025-08-20,NVDA,-0.001366452784833938
2025-08-21,NVDA,-0.0023945644326968107
2025-08-22,NVDA,0.017202033480534507
2025-08-25,NVDA,0.010225311093573941
2025-08-26,NVDA,0.010900367670896083
2025-08-27,NVDA,-0.0009352065559826706
2025-08-28,NVDA,-0.007874516613228466
2025-08-29,NVDA,-0.03324642128304889
2025-09-02,NVDA,-0.019519964928560563
2025-09-03,NVDA,-0.0009368627758283843
2025-09-04,NVDA,0.0060954526746064275
2025-09-05,NVDA,-0.027030183986951672
2025-09-08,NVDA,0.007723564088240931
2025-09-09,NVDA,0.0145564601601742
2025-09-10,NVDA,0.03847512165898026
2025-09-11,NVDA,-0.0008459798617036496
2025-09-12,NVDA,0.003668844397986648
2025-09-15,NVDA,-0.00039369767931174415
2025-09-16,NVDA,-0.016146245385021074
2025-09-17,NVDA,-0.026246634655319623
2025-09-18,NVDA,0.03494046885675561
2025-09-19,NVDA,0.0024398131092768782
2025-09-22,NVDA,0.03928229191902566
2025-09-23,NVDA,-0.028212014146021813
2025-09-24,NVDA,-0.008182432970958109
2025-09-25,NVDA,0.004068493053832389
2025-09-26,NVDA,0.0028138893192084513
2025-09-29,NVDA,0.02053989343938012
2025-09-30,NVDA,0.026010423804146532
2025-10-01,NVDA,0.003537376222704669
2025-10-02,NVDA,0.008812186755381202
2025-10-03,NVDA,-0.0067235125023275
2025-10-06,NVDA,-0.011086248188821868
2025-10-07,NVDA,-0.002694836790410604
2025-10-08,NVDA,0.02199528465138445
2025-10-09,NVDA,0.018296265150970603
2025-10-10,NVDA,-0.04886536482426518
2025-10-13,NVDA,0.028172109406748413
2025-10-14,NVDA,-0.04402085929536681
2025-10-15,NVDA,-0.0011109090129327592
2025-10-16,NVDA,0.011010374839450998
2025-10-17,NVDA,0.007755369237354204
2025-10-20,NVDA,-0.0031656032485013474
2025-10-21,NVDA,-0.008103349389427028
2025-10-22,NVDA,-0.00485761131057294
2025-10-23,NVDA,0.010428249919804289
2025-10-24,NVDA,0.02250763483915863
2025-10-27,NVDA,0.028079089125798262
2025-10-28,NVDA,0.049819797443545255
2025-10-29,NVDA,0.029896008274039154
2025-10-30,NVDA,-0.020044407027916655
2025-10-31,NVDA,-0.0019714815796129104
2025-11-03,NVDA,0.02168007936469052
2025-11-04,NVDA,-0.03958817792007252
2025-11-05,NVDA,-0.017514699706973502
2025-11-06,NVDA,-0.03652479195527836
2025-11-07,NVDA,0.000372139859359244
2025-11-10,NVDA,0.0579325512031128
2025-11-11,NVDA,-0.02959055161690649
2025-11-12,NVDA,0.003313312163567561
2025-11-13,NVDA,-0.03581012555274732
2025-11-14,NVDA,0.01771378330184148
2022-11-16,AMD,0.0
2022-11-17,AMD,0.01650625348018986
2022-11-18,AMD,-0.004465518595951901
2022-11-21,AMD,-0.015087679964060907
2022-11-22,AMD,0.03850401532954484
2022-11-23,AMD,0.015282412304038706
2022-11-25,AMD,-0.016492174228604828
2022-11-28,AMD,-0.025951516689935228
2022-11-29,AMD,0.002732571957519747
2022-11-30,AMD,0.057773510001794204
2022-12-01,AMD,-0.0019321641348862828
2022-12-02,AMD,-0.032266389928805816
2022-12-05,AMD,-0.018138177506840547
2022-12-06,AMD,-0.04550402035500001
2022-12-07,AMD,-0.0018499681176631366
2022-12-08,AMD,0.004704902109015308
2022-12-09,AMD,-0.026678087842294196
2022-12-12,AMD,0.030325148594674056
2022-12-13,AMD,0.013867318272610785
2022-12-14,AMD,-0.037962333046436925
2022-12-15,AMD,-0.03481795321707981
2022-12-16,AMD,-0.016834437663269974
2022-12-19,AMD,-0.01253642070492289
2022-12-20,AMD,0.007121949836639496
2022-12-21,AMD,0.04043039400513759
2022-12-22,AMD,-0.05644207561464931
2022-12-23,AMD,0.01033504582534972
2022-12-27,AMD,-0.019373779453490836
2022-12-28,AMD,-0.011063707252645605
2022-12-29,AMD,0.035959725283267296
2022-12-30,AMD,-0.000771413946208388
2023-01-03,AMD,-0.01157943552372076
2023-01-04,AMD,0.009996986138740782
2023-01-05,AMD,-0.03603466902399921
2023-01-06,AMD,0.02615108624312379
2023-01-09,AMD,0.05128203293069067
2023-01-10,AMD,0.012046478490814083
2023-01-11,AMD,0.014841946532577754
2023-01-12,AMD,0.025195562622019496
2023-01-13,AMD,0.0028248155313777
2023-01-17,AMD,0.008309807575924255
2023-01-18,AMD,-0.014806503880664734
2023-01-19,AMD,-0.03998298232853492
2023-01-20,AMD,0.034854536143285264
2023-01-23,AMD,0.09219350810058335
2023-01-24,AMD,-0.023912215604918408
2023-01-25,AMD,0.0028113349725127357
2023-01-26,AMD,0.0033373379759484845
2023-01-27,AMD,0.0031931592878635673
2023-01-30,AMD,-0.03912472835460368
2023-01-31,AMD,0.037267145498509624
2023-02-01,AMD,0.12628074079947327
2023-02-02,AMD,0.04336009210078218
2023-02-03,AMD,-0.025138730405129373
2023-02-06,AMD,-0.027993914917314733
2023-02-07,AMD,0.026649179598481343
2023-02-08,AMD,-0.014200921530646005
2023-02-09,AMD,-0.017475538012382885
2023-02-10,AMD,-0.020790719223332976
2023-02-13,AMD,0.020250292446066354
2023-02-14,AMD,0.0339227690123407
2023-02-15,AMD,-0.008958658178080947
2023-02-16,AMD,-0.059873191545541715
2023-02-17,AMD,-0.019730292144448547
2023-02-21,AMD,-0.022038259323994835
2023-02-22,AMD,-0.0020840958670185206
2023-02-23,AMD,0.040986808048976364
2023-02-24,AMD,-0.020815092941810387
2023-02-27,AMD,0.00870790545607747
2023-02-28,AMD,-0.0024120200597779196
2023-03-01,AMD,-0.0036905180551005667
2023-03-02,AMD,0.02746201942440507
2023-03-03,AMD,0.013426083650940335
2023-03-06,AMD,-0.00441600828976052
2023-03-07,AMD,0.01170523540384849
2023-03-08,AMD,0.03970286337836759
2023-03-09,AMD,-0.015696426428178922
2023-03-10,AMD,-0.016184703440536463
2023-03-13,AMD,-0.007983501237850188
2023-03-14,AMD,0.06633330899047052
2023-03-15,AMD,0.025500325154424353
2023-03-16,AMD,0.07716322642057283
2023-03-17,AMD,0.01283641701197058
2023-03-20,AMD,-0.010527379577363938
2023-03-21,AMD,-0.009089941902801435
2023-03-22,AMD,0.017200057548523606
2023-03-23,AMD,0.027669572633507666
2023-03-24,AMD,-0.023234960704204943
2023-03-27,AMD,-0.013680412247472518
2023-03-28,AMD,-0.021219366926886862
2023-03-29,AMD,0.016180190554138107
2023-03-30,AMD,0.01862837947493512
2023-03-31,AMD,0.0013282068498214894
2023-04-03,AMD,-0.014794455117154937
2023-04-04,AMD,-0.007145762525449739
2023-04-05,AMD,-0.03452597364305687
2023-04-06,AMD,-0.0009723027254149308
2023-04-10,AMD,0.03255112032545915
2023-04-11,AMD,-0.015186473886224738
2023-04-12,AMD,-0.018079304161561782
2023-04-13,AMD,-0.002599431261825602
2023-04-14,AMD,-0.0036920007754494
2023-04-17,AMD,-0.020490433279759857
2023-04-18,AMD,-0.0010014906479857144
2023-04-19,AMD,0.0017821749196356151
2023-04-20,AMD,0.001890128578282635
2023-04-21,AMD,-0.018643882963005898
2023-04-24,AMD,-0.009725213246451037
2023-04-25,AMD,-0.043051235082843475
2023-04-26,AMD,0.025536984626679526
2023-04-27,AMD,0.01745403720488259
2023-04-28,AMD,0.022072281007415206
2023-05-01,AMD,0.0035806163700320415
2023-05-02,AMD,0.0024529068426200062
2023-05-03,AMD,-0.0922033208527272
2023-05-04,AMD,0.0611369480011259
2023-05-05,AMD,0.03729356546330531
2023-05-08,AMD,0.05788073007126315
2023-05-09,AMD,0.00021040238713987414
2023-05-10,AMD,0.02061854759952575
2023-05-11,AMD,0.0008245911546360674
2023-05-12,AMD,-0.01894949914320565
2023-05-15,AMD,0.022464826177392316
2023-05-16,AMD,0.04188913518621096
2023-05-17,AMD,0.022368905872836686
2023-05-18,AMD,0.04028915956795931
2023-05-19,AMD,-0.019549713743958752
2023-05-22,AMD,0.02060102354434612
2023-05-23,AMD,0.0011111365424261166
2023-05-24,AMD,0.0013872909052354832
2023-05-25,AMD,0.11157293992424155
2023-05-26,AMD,0.055504780971078915
2023-05-30,AMD,-0.013855011832978992
2023-05-31,AMD,-0.056358248166238134
2023-06-01,AMD,0.010659014854826898
2023-06-02,AMD,-0.013476191461464282
2023-06-05,AMD,0.0005939224033744139
2023-06-06,AMD,0.0534215469808772
2023-06-07,AMD,-0.05151735774723143
2023-06-08,AMD,0.027327515663794877
2023-06-09,AMD,0.03197021907990205
2023-06-12,AMD,0.034181911103505325
2023-06-13,AMD,-0.036070930985723226
2023-06-14,AMD,0.02248456660406961
2023-06-15,AMD,-0.024267681794154616
2023-06-16,AMD,-0.03348354881071658
2023-06-20,AMD,-0.009576961262016681
2023-06-21,AMD,-0.05734465380748355
2023-06-22,AMD,-0.012576965965863884
2023-06-23,AMD,-0.006233015637157835
2023-06-26,AMD,-0.022725206358092165
2023-06-27,AMD,0.026788179668795875
2023-06-28,AMD,-0.0019929452116996815
2023-06-29,AMD,0.00971226025785521
2023-06-30,AMD,0.024002210082830766
2023-07-03,AMD,0.016767588195155003
2023-07-05,AMD,-0.016145767151695134
2023-07-06,AMD,-0.004124559928878946
2023-07-07,AMD,-0.0027318045366390153
2023-07-10,AMD,0.0036229006692860555
2023-07-11,AMD,-0.01989788783057178
2023-07-12,AMD,0.029284963574986778
2023-07-13,AMD,0.011694853521353687
2023-07-14,AMD,0.0001725696409327071
2023-07-17,AMD,0.020527835115587312
2023-07-18,AMD,-0.0032961408946444726
2023-07-19,AMD,-0.01271940978646946
2023-07-20,AMD,-0.05307910580586894
2023-07-21,AMD,0.00634917866886342
2023-07-24,AMD,-0.003064410520436822
2023-07-25,AMD,0.02160744396040415
2023-07-26,AMD,-0.025752244797428103
2023-07-27,AMD,0.009174331636187416
2023-07-28,AMD,0.01674167989106512
2023-07-31,AMD,0.012747897070443548
2023-08-01,AMD,0.02797200092273
2023-08-02,AMD,-0.07015306213473704
2023-08-03,AMD,0.034750828575979664
2023-08-04,AMD,0.02359697863843735
2023-08-07,AMD,0.008547728081316652
2023-08-08,AMD,-0.030648011955178522
2023-08-09,AMD,-0.02437518373579961
2023-08-10,AMD,-0.0021725161683491256
2023-08-11,AMD,-0.02413139418581045
2023-08-14,AMD,0.04099659453956073
2023-08-15,AMD,-0.005626048079355517
2023-08-16,AMD,-0.037359641578097236
2023-08-17,AMD,-0.02565537771587645
2023-08-18,AMD,0.009670571459461375
2023-08-21,AMD,0.026268414913473537
2023-08-22,AMD,-0.023655493713892195
2023-08-23,AMD,0.035680451565405
2023-08-24,AMD,-0.06972491302329908
2023-08-25,AMD,0.00442040210954997
2023-08-28,AMD,0.0035207883652963456
2023-08-29,AMD,0.03225804053118608
2023-08-30,AMD,0.006325511523108673
2023-08-31,AMD,-0.008162070992381087
2023-09-01,AMD,0.035281835834945374
2023-09-05,AMD,0.012151684496470416
2023-09-06,AMD,-0.013540350392929668
2023-09-07,AMD,-0.02461568879442444
2023-09-08,AMD,-0.004690871725100743
2023-09-11,AMD,-0.007257957108547819
2023-09-12,AMD,-9.496901119876444e-05
2023-09-13,AMD,0.022789873530702165
2023-09-14,AMD,-0.010026941233261755
2023-09-15,AMD,-0.04820406566674351
2023-09-18,AMD,0.008670853299196368
2023-09-19,AMD,-0.007424070683204498
2023-09-20,AMD,-0.012498811778685837
2023-09-21,AMD,-0.04215662628982697
2023-09-22,AMD,0.000936388901457752
2023-09-25,AMD,0.012266115827536339
2023-09-26,AMD,-0.014582031310290233
2023-09-27,AMD,0.021988335040459495
2023-09-28,AMD,0.04782300862649813
2023-09-29,AMD,0.0005838610095998398
2023-10-02,AMD,0.0043765507642268275
2023-10-03,AMD,-0.030889851028438997
2023-10-04,AMD,0.039868083440936175
2023-10-05,AMD,-0.011146305718424343
2023-10-06,AMD,0.042075542197793414
2023-10-09,AMD,-0.0025176860168292237
2023-10-10,AMD,0.019070775846009136
2023-10-11,AMD,-0.006421471093651765
2023-10-12,AMD,0.004431754849536507
2023-10-13,AMD,-0.03401052069582822
2023-10-16,AMD,0.013036471541754802
2023-10-17,AMD,-0.012399020347321654
2023-10-18,AMD,-0.028248061993003337
2023-10-19,AMD,0.0022511829407421136
2023-10-20,AMD,-0.005761757407162227
2023-10-23,AMD,-0.017679947603646218
2023-10-24,AMD,0.016598300142556255
2023-10-25,AMD,-0.05517852573410509
2023-10-26,AMD,-0.024880277434846
2023-10-27,AMD,0.029465166971098578
2023-10-30,AMD,-0.0025925541761776527
2023-10-31,AMD,0.024121435719099082
2023-11-01,AMD,0.09685280117286643
2023-11-02,AMD,-0.001943716056026723
2023-11-03,AMD,0.040990430250297694
2023-11-06,AMD,-0.0044543429844098315
2023-11-07,AMD,0.015212500655411132
2023-11-08,AMD,0.0012340184523080833
2023-11-09,AMD,-0.0008803457817150306
2023-11-10,AMD,0.04493786739024341
2023-11-13,AMD,-0.015178307428517557
2023-11-14,AMD,0.02645771310615519
2023-11-15,AMD,-0.015682326463886898
2023-11-16,AMD,0.015508490093683713
2023-11-17,AMD,0.006592680492829794
2023-11-20,AMD,0.00754432110755876
2023-11-21,AMD,-0.019501317707502852
2023-11-22,AMD,0.02811344722362019
2023-11-24,AMD,-0.0016325571312481024
2023-11-27,AMD,0.0027798542561681128
2023-11-28,AMD,-0.00521809524407868
2023-11-29,AMD,0.015080700808743241
2023-11-30,AMD,-0.021719780744073214
2023-12-01,AMD,0.0018982809556564728
2023-12-04,AMD,-0.02323090624436308
2023-12-05,AMD,-0.00160244953947275
2023-12-06,AMD,-0.013177881354856202
2023-12-07,AMD,0.09887001757007385
2023-12-08,AMD,0.004284514081781543
2023-12-11,AMD,0.04258459177116647
2023-12-12,AMD,0.02380772904587225
2023-12-13,AMD,0.004214823257627787
2023-12-14,AMD,-0.0013749362330810477
2023-12-15,AMD,0.00833328910495923
2023-12-18,AMD,-0.0017966224287869759
2023-12-19,AMD,0.008999280453039882
2023-12-20,AMD,-0.03339274262999914
2023-12-21,AMD,0.03277480181145598
2023-12-22,AMD,-0.002215692591520546
2023-12-26,AMD,0.02729224492847493
2023-12-27,AMD,0.018548243457106706
2023-12-28,AMD,0.018415739356036687
2023-12-29,AMD,-0.009074958957897339
2024-01-02,AMD,-0.05990096744922868
2024-01-03,AMD,-0.02352427813365343
2024-01-04,AMD,0.005098929539399277
2024-01-05,AMD,0.018895724049820428
2024-01-08,AMD,0.05484190174850667
2024-01-09,AMD,0.021069927386615506
2024-01-10,AMD,-0.004823805756405508
2024-01-11,AMD,-0.0035006667374100076
2024-01-12,AMD,-0.009863577028276227
2024-01-16,AMD,0.08310595071960769
2024-01-17,AMD,0.009008395025177363
2024-01-18,AMD,0.01560841623637299
2024-01-19,AMD,0.07106410333015312
2024-01-22,AMD,-0.03472423348513887
2024-01-23,AMD,0.0014270751790717018
2024-01-24,AMD,0.05860346291707419
2024-01-25,AMD,0.011442081001416193
2024-01-26,AMD,-0.01707980812832377
2024-01-29,AMD,0.0032722247168106566
2024-01-30,AMD,-0.03244674246780166
2024-01-31,AMD,-0.02539808891778772
2024-02-01,AMD,0.016637803360445957
2024-02-02,AMD,0.042116424885682235
2024-02-05,AMD,-0.019306584846715547
2024-02-06,AMD,-0.036446025371295265
2024-02-07,AMD,0.018227290145302
2024-02-08,AMD,-0.009301487745301928
2024-02-09,AMD,0.018482370895872346
2024-02-12,AMD,-0.0033046850623192903
2024-02-13,AMD,-0.002152349299601064
2024-02-14,AMD,0.041739558950351086
2024-02-15,AMD,-0.010856197395281098
2024-02-16,AMD,-0.01634984996300548
2024-02-20,AMD,-0.047046603240932794
2024-02-21,AMD,-0.008449569283871083
2024-02-22,AMD,0.10694508516789725
2024-02-23,AMD,-0.029363226217797966
2024-02-26,AMD,-0.00288924627963294
2024-02-27,AMD,0.011306207347712816
2024-02-28,AMD,-0.008202284909366253
2024-02-29,AMD,0.09057440863979038
2024-03-01,AMD,0.05251130044383867
2024-03-04,AMD,0.013422824856374582
2024-03-05,AMD,-0.0011199636095416965
2024-03-06,AMD,0.026812264754451975
2024-03-07,AMD,0.0035607462498863374
2024-03-08,AMD,-0.01887598354147113
2024-03-11,AMD,-0.043396499476769046
2024-03-12,AMD,0.022027295380976364
2024-03-13,AMD,-0.03930756281626557
2024-03-14,AMD,-0.03968374143421338
2024-03-15,AMD,0.02138351359032309
2024-03-18,AMD,-0.0021459419415288394
2024-03-19,AMD,-0.04841330198285032
2024-03-20,AMD,-0.009315414278818657
2024-03-21,AMD,-0.0058421135966061355
2024-03-22,AMD,0.005428706405105066
2024-03-25,AMD,-0.005677645690651101
2024-03-26,AMD,-0.004254659042995601
2024-03-27,AMD,0.009669990824309194
2024-03-28,AMD,0.005011465970410134
2024-04-01,AMD,0.01579029729064141
2024-04-02,AMD,-0.025308167788424374
2024-04-03,AMD,0.011583700948905484
2024-04-04,AMD,-0.08264646837585021
2024-04-05,AMD,0.027678925931429843
2024-04-08,AMD,-0.003051310163408316
2024-04-09,AMD,0.005179546288557546
2024-04-10,AMD,-0.021313967769448827
2024-04-11,AMD,0.02010291146716159
2024-04-12,AMD,-0.04234604821526755
2024-04-15,AMD,-0.018128316249433007
2024-04-16,AMD,0.019585823641451894
2024-04-17,AMD,-0.0577511443391211
2024-04-18,AMD,0.006882207045771915
2024-04-19,AMD,-0.054423538443086006
2024-04-22,AMD,0.013638843482845608
2024-04-23,AMD,0.02442145383287242
2024-04-24,AMD,-0.0034806512407298262
2024-04-25,AMD,0.01331217174473398
2024-04-26,AMD,0.023673253900165836
2024-04-29,AMD,0.017789092505297477
2024-04-30,AMD,-0.011360749688513971
2024-05-01,AMD,-0.0890895326136133
2024-05-02,AMD,0.013100432062641998
2024-05-03,AMD,0.03037768425123044
2024-05-06,AMD,0.03439570030442596
2024-05-07,AMD,-0.008666106779396388
2024-05-08,AMD,-0.005245079304603162
2024-05-09,AMD,-0.008006742394443989
2024-05-10,AMD,-0.003084199898848783
2024-05-13,AMD,-0.008952084167610064
2024-05-14,AMD,0.01726890373057932
2024-05-15,AMD,0.04250453350208727
2024-05-16,AMD,0.018475587036212104
2024-05-17,AMD,0.011376252361725125
2024-05-20,AMD,0.011309056949878826
2024-05-21,AMD,-0.010040270249269678
2024-05-22,AMD,0.0052228871081305694
2024-05-23,AMD,-0.030751640075486364
2024-05-24,AMD,0.03696321264911151
2024-05-28,AMD,0.031558066727209066
2024-05-29,AMD,-0.037701772610522655
2024-05-30,AMD,0.009749307353167369
2024-05-31,AMD,0.0008995136220952826
2024-06-03,AMD,-0.02007184522010419
2024-06-04,AMD,-0.02176702838377287
2024-06-05,AMD,0.03862736710791159
2024-06-06,AMD,0.0036709431129160475
2024-06-07,AMD,0.006535533912151115
2024-06-10,AMD,-0.04485613271174693
2024-06-11,AMD,-0.008606646223911163
2024-06-12,AMD,0.008052332191963885
2024-06-13,AMD,-0.002121889572040736
2024-06-14,AMD,-0.001688486704049863
2024-06-17,AMD,-0.007705387137155739
2024-06-18,AMD,-0.02380043660945841
2024-06-20,AMD,0.04623936927314376
2024-06-21,AMD,-0.003399697465124474
2024-06-24,AMD,-0.006078246936104592
2024-06-25,AMD,0.0
2024-06-26,AMD,-0.01691111833926484
2024-06-27,AMD,0.012250907812754175
2024-06-28,AMD,0.017181949408603625
2024-07-01,AMD,-0.02786513831069659
2024-07-02,AMD,0.041981070547876476
2024-07-03,AMD,-0.0024953056308284483
2024-07-05,AMD,0.048810251970190066
2024-07-08,AMD,0.039499760244382065
2024-07-09,AMD,-0.008898071051356093
2024-07-10,AMD,0.038735179977023027
2024-07-11,AMD,-0.01098067079114029
2024-07-12,AMD,-0.0018137948039269602
2024-07-15,AMD,-0.009801215645144468
2024-07-16,AMD,-0.012678634021473623
2024-07-17,AMD,-0.10205581562673571
2024-07-18,AMD,-0.022956711857619605
2024-07-19,AMD,-0.026898647534716713
2024-07-22,AMD,0.02830184215800635
2024-07-23,AMD,-0.011997146184431373
2024-07-24,AMD,-0.060844124137581224
2024-07-25,AMD,-0.043628551099797575
2024-07-26,AMD,0.012073438985806817
2024-07-29,AMD,-0.0017144473444269392
2024-07-30,AMD,-0.009373864462209336
2024-07-31,AMD,0.04362895969096203
2024-08-01,AMD,-0.0826412153549807
2024-08-02,AMD,-0.00030174504420321657
2024-08-05,AMD,0.017509489239386777
2024-08-06,AMD,-0.03441636549743743
2024-08-07,AMD,-0.0115992824688248
2024-08-08,AMD,0.05945449027852545
2024-08-09,AMD,-0.015038167118654577
2024-08-12,AMD,0.018619199526701324
2024-08-13,AMD,0.03187833935916218
2024-08-14,AMD,-0.0026925874701700936
2024-08-15,AMD,0.046962704158803215
2024-08-16,AMD,0.008143301732301156
2024-08-19,AMD,0.045234257748642426
2024-08-20,AMD,0.0072127455306034705
2024-08-21,AMD,0.00901536903538891
2024-08-22,AMD,-0.03871744949544764
2024-08-23,AMD,0.02162161400976137
2024-08-26,AMD,-0.0321976408048662
2024-08-27,AMD,0.00340018993371638
2024-08-28,AMD,-0.027508301592348405
2024-08-29,AMD,-0.005944213675590615
2024-08-30,AMD,0.02110105127168982
2024-09-03,AMD,-0.07821752361435275
2024-09-04,AMD,0.028698646164131647
2024-09-05,AMD,-0.010151151596134111
2024-09-06,AMD,-0.036503128576962585
2024-09-09,AMD,0.02828423982385897
2024-09-10,AMD,0.033948625759046
2024-09-11,AMD,0.04914592867851231
2024-09-12,AMD,0.006072358590705429
2024-09-13,AMD,0.010214188780878652
2024-09-16,AMD,-0.0015100501032480063
2024-09-17,AMD,-0.008285076878389752
2024-09-18,AMD,-0.016775055796457772
2024-09-19,AMD,0.05698302373462605
2024-09-20,AMD,-0.005040248291661165
2024-09-23,AMD,0.005129868979884211
2024-09-24,AMD,0.010015995688795742
2024-09-25,AMD,0.023370368728350854
2024-09-26,AMD,0.033761270685467304
2024-09-27,AMD,-0.01874738364479067
2024-09-30,AMD,-0.00164286134733016
2024-10-01,AMD,-0.026389576930362812
2024-10-02,AMD,0.00018778578589584427
2024-10-03,AMD,0.01921396512500495
2024-10-04,AMD,0.04943191581983597
2024-10-07,AMD,0.000409639126500716
2024-10-08,AMD,0.010703642849556827
2024-10-09,AMD,-0.010300918679750914
2024-10-10,AMD,-0.03999538899427524
2024-10-11,AMD,0.02259719137150662
2024-10-14,AMD,-0.015605426926632249
2024-10-15,AMD,-0.05221761154301929
2024-10-16,AMD,-0.0032558382841110234
2024-10-17,AMD,0.0007685589792785219
2024-10-18,AMD,-0.0017919921875000355
2024-10-21,AMD,0.012374127464743978
2024-10-22,AMD,-0.02412918116444951
2024-10-23,AMD,-0.007657814938185514
2024-10-24,AMD,0.003466083098578876
2024-10-25,AMD,0.018182959083295147
2024-10-28,AMD,0.023619039507890127
2024-10-29,AMD,0.039582303048599554
2024-10-30,AMD,-0.10616537682095861
2024-10-31,AMD,-0.030484512740472258
2024-11-01,AMD,-0.015339811213403554
2024-11-04,AMD,-0.008106540896211323
2024-11-05,AMD,0.006751452653783074
2024-11-06,AMD,0.02428351230041903
2024-11-07,AMD,0.03252929718924924
2024-11-08,AMD,-0.012481713286328633
2024-11-11,AMD,-0.004055362332561985
2024-11-12,AMD,-0.02524602013310928
2024-11-13,AMD,-0.030146916966183546
2024-11-14,AMD,-0.003302273537612699
2024-11-15,AMD,-0.02837800738497276
2024-11-18,AMD,0.029873973029155954
2024-11-19,AMD,0.0033110684381931765
2024-11-20,AMD,-0.012841619154679074
2024-11-21,AMD,-0.0007994230048856688
2024-11-22,AMD,0.006255004552998766
2024-11-25,AMD,0.02009395487280896
2024-11-26,AMD,-0.02416214514369841
2024-11-27,AMD,-0.010746410938286988
2024-11-29,AMD,0.006899494603032297
2024-12-02,AMD,0.035573736283440294
2024-12-03,AMD,-0.0005631552332083789
2024-12-04,AMD,0.014156992718060257
2024-12-05,AMD,-0.018265190516555396
2024-12-06,AMD,-0.019595389505523864
2024-12-09,AMD,-0.055703885018376864
2024-12-10,AMD,-0.023916843968819657
2024-12-11,AMD,0.018866416729433677
2024-12-12,AMD,0.003457642936112393
2024-12-13,AMD,-0.02825422870563643
2024-12-16,AMD,-0.0017335215062231901
2024-12-17,AMD,-0.01318182781717303
2024-12-18,AMD,-0.028875324571185246
2024-12-19,AMD,-0.020838533336450138
2024-12-20,AMD,0.0027759239458191587
2024-12-23,AMD,0.04521432288435023
2024-12-24,AMD,0.013563422649296886
2024-12-26,AMD,-0.009739514989443365
2024-12-27,AMD,0.0010395401035538931
2024-12-30,AMD,-0.021966610323273295
2024-12-31,AMD,-0.013476000432689594
2025-01-02,AMD,-0.0013246432725939616
2025-01-03,AMD,0.039293754464789776
2025-01-06,AMD,0.033341311426985154
2025-01-07,AMD,-0.017136249852623964
2025-01-08,AMD,-0.04311635446647022
2025-01-10,AMD,-0.04760337817376936
2025-01-13,AMD,0.01103066846947609
2025-01-14,AMD,-0.010484174566426141
2025-01-15,AMD,0.03333622937947234
2025-01-16,AMD,-0.012670862409694283
2025-01-17,AMD,0.025498113650921583
2025-01-21,AMD,0.0067511913469875395
2025-01-22,AMD,0.012021599896777202
2025-01-23,AMD,-0.005737366339172989
2025-01-24,AMD,-0.0016255248386581878
2025-01-27,AMD,-0.0637414069935539
2025-01-28,AMD,-0.007303747080103173
2025-01-29,AMD,0.027853204486086636
2025-01-30,AMD,0.012867508784531134
2025-01-31,AMD,-0.024482615237812366
2025-02-03,AMD,-0.014489006894288226
2025-02-04,AMD,0.04576882393083492
2025-02-05,AMD,-0.06267780639137688
2025-02-06,AMD,-0.016516368528152192
2025-02-07,AMD,-0.023602088027253054
2025-02-10,AMD,0.027147693051491117
2025-02-11,AMD,0.005611831085707397
2025-02-12,AMD,0.005580582854161298
2025-02-13,AMD,0.0008055526038961425
2025-02-14,AMD,0.011537438008182743
2025-02-18,AMD,0.010433247755045505
2025-02-19,AMD,0.0035877114673512622
2025-02-20,AMD,-0.004533998268302475
2025-02-21,AMD,-0.02916704812526183
2025-02-24,AMD,-0.02463005970531429
2025-02-25,AMD,-0.038386842127920096
2025-02-26,AMD,0.007502874049307051
2025-02-27,AMD,-0.04993312807148875
2025-02-28,AMD,0.003517219039367969
2025-03-03,AMD,-0.016322824388697255
2025-03-04,AMD,0.025654042114908737
2025-03-05,AMD,0.009131495473402529
2025-03-06,AMD,-0.027736793012804184
2025-03-07,AMD,0.014769844279308497
2025-03-10,AMD,-0.036686276490298986
2025-03-11,AMD,0.0013453884560459262
2025-03-12,AMD,0.041649428382845244
2025-03-13,AMD,-0.026589942264430566
2025-03-14,AMD,0.029150959051668757
2025-03-17,AMD,0.03585218454414796
2025-03-18,AMD,-0.010325979916579242
2025-03-19,AMD,0.026277665583692267
2025-03-20,AMD,0.008566280748925958
2025-03-21,AMD,-0.006533479113588814
2025-03-24,AMD,0.06961664658730116
2025-03-25,AMD,0.008432139634071856
2025-03-26,AMD,-0.04024035550414207
2025-03-27,AMD,-0.03212633484974958
2025-03-28,AMD,-0.0321612776005773
2025-03-31,AMD,-0.004650294044341807
2025-04-01,AMD,0.00038934121431832835
2025-04-02,AMD,0.0017513164751277177
2025-04-03,AMD,-0.08896655122538999
2025-04-04,AMD,-0.08571429268601372
2025-04-07,AMD,-0.024720180664342672
2025-04-08,AMD,-0.06492109450980954
2025-04-09,AMD,0.23820480081192907
2025-04-10,AMD,-0.08405617201023685
2025-04-11,AMD,0.05298765207826617
2025-04-14,AMD,0.011777285397755799
2025-04-15,AMD,0.008359798047908429
2025-04-16,AMD,-0.07345996361365725
2025-04-17,AMD,-0.008947795982958362
2025-04-21,AMD,-0.02217145647321428
2025-04-22,AMD,0.00818144690989886
2025-04-23,AMD,0.04787847381333776
2025-04-24,AMD,0.04513775703733369
2025-04-25,AMD,0.023076111749832817
2025-04-28,AMD,-0.0026901410463077147
2025-04-29,AMD,-0.0034236106768782415
2025-04-30,AMD,0.013429116680337971
2025-05-01,AMD,-0.0071905183278279106
2025-05-02,AMD,0.022245230128663973
2025-05-05,AMD,0.018117340393148496
2025-05-06,AMD,-0.019584388736740954
2025-05-07,AMD,0.01764345787173327
2025-05-08,AMD,0.01335189647012025
2025-05-09,AMD,0.011209433862899854
2025-05-12,AMD,0.0513419544604361
2025-05-13,AMD,0.04014054964522118
2025-05-14,AMD,0.046772205042252324
2025-05-15,AMD,-0.023190650090253895
2025-05-16,AMD,0.01895817328180538
2025-05-19,AMD,-0.020739099967143515
2025-05-20,AMD,-0.010719851406999603
2025-05-21,AMD,-0.012774245003506213
2025-05-22,AMD,-0.012047104261404318
2025-05-23,AMD,-0.003613056898082889
2025-05-27,AMD,0.03852778618495134
2025-05-28,AMD,-0.014839359152156839
2025-05-29,AMD,0.0015062747477048166
2025-05-30,AMD,-0.02034853974345574
2025-06-02,AMD,0.03522075118080603
2025-06-03,AMD,0.023379572270694426
2025-06-04,AMD,0.010826053182948936
2025-06-05,AMD,-0.024371726640432412
2025-06-06,AMD,0.004321894627439704
2025-06-09,AMD,0.047680530158531687
2025-06-10,AMD,0.012404456298324096
2025-06-11,AMD,-0.017039910017220605
2025-06-12,AMD,-0.02179296188665847
2025-06-13,AMD,-0.019746804539161444
2025-06-16,AMD,0.08806814226088067
2025-06-17,AMD,0.0056175258161350605
2025-06-18,AMD,-0.0024390052109786176
2025-06-20,AMD,0.011436269162919066
2025-06-23,AMD,0.010449128824796095
2025-06-24,AMD,0.06829750516800503
2025-06-25,AMD,0.035902632981737126
2025-06-26,AMD,0.0019525717657908892
2025-06-27,AMD,0.0009048224487724355
2025-06-30,AMD,-0.013281438665842193
2025-07-01,AMD,-0.040803337104838744
2025-07-02,AMD,0.017706293816048158
2025-07-03,AMD,-0.00440370048756078
2025-07-07,AMD,-0.02255094284509862
2025-07-08,AMD,0.022403592018476193
2025-07-09,AMD,0.0042809193624744335
2025-07-10,AMD,0.04154323999612819
2025-07-11,AMD,0.01567698702431386
2025-07-14,AMD,-0.0012292902474535516
2025-07-15,AMD,0.06407272131582009
2025-07-16,AMD,0.028725668036568175
2025-07-17,AMD,0.0020614806801599883
2025-07-18,AMD,-0.021320354659110086
2025-07-21,AMD,6.366333197171947e-05
2025-07-22,AMD,-0.014522285218451447
2025-07-23,AMD,0.025400676349370155
2025-07-24,AMD,0.021872053918686074
2025-07-25,AMD,0.026832014770116652
2025-07-28,AMD,0.04319097968812935
2025-07-29,AMD,0.021766663017303678
2025-07-30,AMD,0.011665870361522446
2025-07-31,AMD,-0.017826288486239794
2025-08-01,AMD,-0.02614713104297728
2025-08-04,AMD,0.029586499250702003
2025-08-05,AMD,-0.013972175799066622
2025-08-06,AMD,-0.06419598759758327
2025-08-07,AMD,0.05689062688255975
2025-08-08,AMD,0.002088170667614575
2025-08-11,AMD,-0.0027783962884999625
2025-08-12,AMD,0.01549801594998712
2025-08-13,AMD,0.054129759279188505
2025-08-14,AMD,-0.01881575347118425
2025-08-15,AMD,-0.01901079027036512
2025-08-18,AMD,-0.00771784778087381
2025-08-19,AMD,-0.05444530697809358
2025-08-20,AMD,-0.008105710470002747
2025-08-21,AMD,-0.009019311512710404
2025-08-22,AMD,0.02473879193009454
2025-08-25,AMD,-0.02622790915926676
2025-08-26,AMD,0.019955891862486697
2025-08-27,AMD,0.0030609157398324705
2025-08-28,AMD,0.008675862537423473
2025-08-29,AMD,-0.03529479703176819
2025-09-02,AMD,-0.001906152304534059
2025-09-03,AMD,-0.0011705423412576854
2025-09-04,AMD,-0.002097154051931671
2025-09-05,AMD,-0.06582603583924618
2025-09-08,AMD,0.0017864514592516034
2025-09-09,AMD,0.029126237074472705
2025-09-10,AMD,0.023873609209719815
2025-09-11,AMD,-0.024257209978984506
2025-09-12,AMD,0.018629210441218902
2025-09-15,AMD,0.016333456632785515
2025-09-16,AMD,-0.004343490520823057
2025-09-17,AMD,-0.008101726270496656
2025-09-18,AMD,-0.0077909365709525336
2025-09-19,AMD,-0.003356121994947503
2025-09-22,AMD,0.015248706434916048
2025-09-23,AMD,0.006946621546969567
2025-09-24,AMD,-0.00012423253219473462
2025-09-25,AMD,0.002424163213648134
2025-09-26,AMD,-0.011223398714219734
2025-09-29,AMD,0.01191517506890416
2025-09-30,AMD,0.002664803384697434
2025-10-01,AMD,0.01372149893582697
2025-10-02,AMD,0.03487593081081841
2025-10-03,AMD,-0.02981204080577704
2025-10-06,AMD,0.23708027557556832
2025-10-07,AMD,0.03828966440477655
2025-10-08,AMD,0.11370622512583206
2025-10-09,AMD,-0.011334684142544904
2025-10-10,AMD,-0.07724679265022871
2025-10-13,AMD,0.007073077317969245
2025-10-14,AMD,0.0077164688248525515
2025-10-15,AMD,0.09404378976580152
2025-10-16,AMD,-0.016932139319263628
2025-10-17,AMD,-0.006309668071894259
2025-10-20,AMD,0.032091967001788735
2025-10-21,AMD,-0.01051712173667041
2025-10-22,AMD,-0.03276899168911074
2025-10-23,AMD,0.02067501999721233
2025-10-24,AMD,0.07630108624472043
2025-10-27,AMD,0.026688341403039884
2025-10-28,AMD,-0.006392743005619872
2025-10-29,AMD,0.02449508378524401
2025-10-30,AMD,-0.035902056960837925
2025-10-31,AMD,0.005022754660535034
2025-11-03,AMD,0.013782597401978514
2025-11-04,AMD,-0.03697281367375582
2025-11-05,AMD,0.0251149107932942
2025-11-06,AMD,-0.0726797120896786
2025-11-07,AMD,-0.01750106737702306
2025-11-10,AMD,0.04470327456340706
2025-11-11,AMD,-0.026477545570138594
2025-11-12,AMD,0.08997141289818633
2025-11-13,AMD,-0.04221873118363728
2025-11-14,AMD,-0.004637881610482841
2022-11-16,INTC,0.0
2022-11-17,INTC,0.01219096982316148
2022-11-18,INTC,-0.0006690416874515215
2022-11-21,INTC,-0.031134908711019982
2022-11-22,INTC,0.030407659522464936
2022-11-23,INTC,-0.005030122162194339
2022-11-25,INTC,-0.011122308189950525
2022-11-28,INTC,-0.020790852356653455
2022-11-29,INTC,0.005917154874687025
2022-11-30,INTC,0.0404844763365273
2022-12-01,INTC,-0.007981362130806802
2022-12-02,INTC,-0.014079858851298255
2022-12-05,INTC,-0.00816034061815396
2022-12-06,INTC,-0.019540637132628547
2022-12-07,INTC,-0.009440627827824288
2022-12-08,INTC,0.003882913129515053
2022-12-09,INTC,-0.00703242784324809
2022-12-12,INTC,0.015934866961490712
2022-12-13,INTC,0.001394119450961906
2022-12-14,INTC,-0.016359148340033047
2022-12-15,INTC,-0.0392781462724604
2022-12-16,INTC,-0.008471481794972924
2022-12-19,INTC,-0.004828998236913407
2022-12-20,INTC,-0.0130645940832258
2022-12-21,INTC,0.014750293783461155
2022-12-22,INTC,-0.03205374754269619
2022-12-23,INTC,0.004620860417325234
2022-12-27,INTC,-0.005749337265188337
2022-12-28,INTC,-0.015420222098048164
2022-12-29,INTC,0.026233226435224744
2022-12-30,INTC,0.00839389173724836
2023-01-03,INTC,0.01135075376824246
2023-01-04,INTC,0.03554049254084779
2023-01-05,INTC,-0.004335323727229334
2023-01-06,INTC,0.04245288164710326
2023-01-09,INTC,0.020187932060913738
2023-01-10,INTC,0.0044354340457961605
2023-01-11,INTC,0.013926610146089757
2023-01-12,INTC,0.014740363492171227
2023-01-13,INTC,-0.005942577051848086
2023-01-17,INTC,-0.01693788011855435
2023-01-18,INTC,-0.026689201696221576
2023-01-19,INTC,-0.013536958943539346
2023-01-20,INTC,0.028149162645808357
2023-01-23,INTC,0.03593427788948356
2023-01-24,INTC,-0.011562620766609633
2023-01-25,INTC,-0.007352873122181913
2023-01-26,INTC,0.01313130573136001
2023-01-27,INTC,-0.06414088672321139
2023-01-30,INTC,-0.007457355009279243
2023-01-31,INTC,0.011091207583772356
2023-02-01,INTC,0.02866234972025472
2023-02-02,INTC,0.038527804410909194
2023-02-03,INTC,0.004306015232425686
2023-02-06,INTC,-0.04223000247185693
2023-02-07,INTC,0.012547788904909263
2023-02-08,INTC,-0.027882844305610943
2023-02-09,INTC,-0.01805949474076385
2023-02-10,INTC,0.002524386748650409
2023-02-13,INTC,0.026978303226770528
2023-02-14,INTC,0.003152381415221006
2023-02-15,INTC,0.007332464726049315
2023-02-16,INTC,-0.022530352181285407
2023-02-17,INTC,-0.020922021422836057
2023-02-21,INTC,-0.05613906966124116
2023-02-22,INTC,-0.022640025514028106
2023-02-23,INTC,0.005496607011396426
2023-02-24,INTC,-0.018352119226547448
2023-02-27,INTC,-0.009546564424560144
2023-02-28,INTC,0.0012046949355331016
2023-03-01,INTC,0.0160449441549122
2023-03-02,INTC,0.03434663238350266
2023-03-03,INTC,0.0076336709144571024
2023-03-06,INTC,-0.015530304320090171
2023-03-07,INTC,-0.017699118371251932
2023-03-08,INTC,0.017626263778304674
2023-03-09,INTC,0.01770608247594052
2023-03-10,INTC,0.029500592171510354
2023-03-13,INTC,-0.009919015740035397
2023-03-14,INTC,0.039331974025369476
2023-03-15,INTC,0.01428062921057327
2023-03-16,INTC,0.062301975175317104
2023-03-17,INTC,-0.012259761962375215
2023-03-20,INTC,-0.02180472110361653
2023-03-21,INTC,-0.024005511421590242
2023-03-22,INTC,-0.011595260931136497
2023-03-23,INTC,0.031994346795632955
2023-03-24,INTC,0.011367589673553002
2023-03-27,INTC,-0.006130823017230225
2023-03-28,INTC,0.003769896733010647
2023-03-29,INTC,0.0761350245585446
2023-03-30,INTC,0.01808368793429249
2023-03-31,INTC,0.01807396676844042
2023-04-03,INTC,0.006734290508641827
2023-04-04,INTC,0.006384854502439419
2023-04-05,INTC,-0.008157084750814114
2023-04-06,INTC,-0.0006091757317817637
2023-04-10,INTC,-0.008838908757107689
2023-04-11,INTC,-0.005227534332885697
2023-04-12,INTC,-0.010200782004579745
2023-04-13,INTC,0.0034352220758440133
2023-04-14,INTC,-0.007469614321525153
2023-04-17,INTC,0.007839517933163176
2023-04-18,INTC,-0.009645299496603088
2023-04-19,INTC,-0.021363478495344257
2023-04-20,INTC,-0.00930981322406399
2023-04-21,INTC,-0.018146473870421342
2023-04-24,INTC,-0.021122146906501715
2023-04-25,INTC,-0.026298098928559166
2023-04-26,INTC,0.00588640613834035
2023-04-27,INTC,0.027883113385946068
2023-04-28,INTC,0.04018738550350709
2023-05-01,INTC,-0.024468659724216746
2023-05-02,INTC,-0.017491793022940794
2023-05-03,INTC,0.029560083414030602
2023-05-04,INTC,0.023423313253469136
2023-05-05,INTC,-0.008002514892771595
2023-05-08,INTC,-0.007099045752699595
2023-05-09,INTC,-0.021774453233559088
2023-05-10,INTC,-0.004318940249638081
2023-05-11,INTC,-0.03703699614943401
2023-05-12,INTC,0.0031184794945964267
2023-05-15,INTC,0.029360917257907015
2023-05-16,INTC,-0.019463108112326766
2023-05-17,INTC,-0.01197808157937097
2023-05-18,INTC,0.02805686566079535
2023-05-19,INTC,0.008423131523225269
2023-05-22,INTC,0.011693937021872491
2023-05-23,INTC,-0.02542922862414998
2023-05-24,INTC,-0.01728229987823393
2023-05-25,INTC,-0.05517248090433735
2023-05-26,INTC,0.05839423576183034
2023-05-30,INTC,0.034137873989934064
2023-05-31,INTC,0.048349468707588494
2023-06-01,INTC,-0.009860072922804775
2023-06-02,INTC,0.005782285280580446
2023-06-05,INTC,-0.04631109725360261
2023-06-06,INTC,0.036838482032542696
2023-06-07,INTC,0.01033586793222474
2023-06-08,INTC,0.017263485470595086
2023-06-09,INTC,-0.015084841260870618
2023-06-12,INTC,0.05520109003555307
2023-06-13,INTC,0.025400630019240866
2023-06-14,INTC,0.04924795101043622
2023-06-15,INTC,0.006745385070488608
2023-06-16,INTC,0.015354538031601583
2023-06-20,INTC,-0.03766838172142262
2023-06-21,INTC,-0.05999991992670628
2023-06-22,INTC,-0.005775262157788119
2023-06-23,INTC,0.008865889850148356
2023-06-26,INTC,0.010303083989555484
2023-06-27,INTC,0.022795359319748076
2023-06-28,INTC,-0.015542412030301822
2023-06-29,INTC,-0.01966053231621734
2023-06-30,INTC,0.016104532027570118
2023-07-03,INTC,0.005382851281564127
2023-07-05,INTC,-0.0330160827024405
2023-07-06,INTC,-0.01661032828717457
2023-07-07,INTC,-0.00375347057686215
2023-07-10,INTC,0.02794346497988065
2023-07-11,INTC,0.017104436717400473
2023-07-12,INTC,0.02042052741203726
2023-07-13,INTC,-0.0032373328940674684
2023-07-14,INTC,-0.021257591832907097
2023-07-17,INTC,0.03680215920090957
2023-07-18,INTC,0.0037824851875596366
2023-07-19,INTC,-0.0011594993652482843
2023-07-20,INTC,-0.031630974747518636
2023-07-21,INTC,0.019478943254526593
2023-07-24,INTC,-0.01146396668006866
2023-07-25,INTC,0.01397555660727745
2023-07-26,INTC,0.007624639791245835
2023-07-27,INTC,0.005529751258051441
2023-07-28,INTC,0.06599130659517627
2023-07-31,INTC,-0.028780996803708492
2023-08-01,INTC,0.0008386672731506284
2023-08-02,INTC,-0.039385418765338076
2023-08-03,INTC,0.013957592533736074
2023-08-04,INTC,0.01136848201301044
2023-08-07,INTC,0.002561310133421868
2023-08-08,INTC,-0.005960975241354749
2023-08-09,INTC,-0.02113072965945073
2023-08-10,INTC,0.011668645892638496
2023-08-11,INTC,0.006055400568466096
2023-08-14,INTC,0.022642470055303843
2023-08-15,INTC,-0.02550438961692869
2023-08-16,INTC,-0.035662997877255576
2023-08-17,INTC,-0.028332588016931726
2023-08-18,INTC,0.005217876802346533
2023-08-21,INTC,0.011908231545959769
2023-08-22,INTC,-0.00754376125864642
2023-08-23,INTC,0.03314081956244319
2023-08-24,INTC,-0.040906513925212606
2023-08-25,INTC,0.020251618044408337
2023-08-28,INTC,0.011127966541096601
2023-08-29,INTC,0.02052339188842467
2023-08-30,INTC,0.006412126688873476
2023-08-31,INTC,0.017665757228238377
2023-09-01,INTC,0.04183270867873112
2023-09-05,INTC,0.0027314756939662566
2023-09-06,INTC,0.0073549897448526025
2023-09-07,INTC,0.03244985798067623
2023-09-08,INTC,-0.0044526547348821
2023-09-11,INTC,0.01525930689253463
2023-09-12,INTC,0.006996573875845957
2023-09-13,INTC,-0.003860034307645588
2023-09-14,INTC,-0.001033297777923825
2023-09-15,INTC,-0.02042926664682787
2023-09-18,INTC,0.0029040616316766688
2023-09-19,INTC,-0.04343254113897976
2023-09-20,INTC,-0.045404577310934946
2023-09-21,INTC,-0.0011530399143219183
2023-09-22,INTC,-0.01356422244783051
2023-09-25,INTC,0.0032183139561603458
2023-09-26,INTC,-0.013414920918338735
2023-09-27,INTC,0.02305636868728045
2023-09-28,INTC,0.016469217375985723
2023-09-29,INTC,0.010517256946982467
2023-10-02,INTC,-0.0025316613131385335
2023-10-03,INTC,0.0064862585099192405
2023-10-04,INTC,0.006724614119842265
2023-10-05,INTC,-0.0011133545878920792
2023-10-06,INTC,0.008358818061894091
2023-10-09,INTC,-0.0035920320911205783
2023-10-10,INTC,0.010260596146476342
2023-10-11,INTC,0.012352533480396222
2023-10-12,INTC,-0.0010846754623463628
2023-10-13,INTC,-0.023615571308417405
2023-10-16,INTC,0.01640258661440419
2023-10-17,INTC,-0.013676161738042425
2023-10-18,INTC,-0.01164721842516836
2023-10-19,INTC,0.0008416471472145748
2023-10-20,INTC,-0.021026202644424896
2023-10-23,INTC,-0.030641252946220887
2023-10-24,INTC,0.021861209346665023
2023-10-25,INTC,-0.05088176680999201
2023-10-26,INTC,-0.009442778096161897
2023-10-27,INTC,0.09286613245872322
2023-10-30,INTC,0.004220513020305683
2023-10-31,INTC,0.022695463982616904
2023-11-01,INTC,0.02164382656248498
2023-11-02,INTC,0.010995006940525354
2023-11-03,INTC,0.011670986510851966
2023-11-06,INTC,-0.001709935718009814
2023-11-07,INTC,0.02160745849397494
2023-11-08,INTC,-0.021924206646201982
2023-11-09,INTC,-0.003164603418367107
2023-11-10,INTC,0.028042400117978206
2023-11-13,INTC,-0.016212032147510325
2023-11-14,INTC,0.03086582604929622
2023-11-15,INTC,0.030449177752725154
2023-11-16,INTC,0.06747097114063183
2023-11-17,INTC,0.010611340105609601
2023-11-20,INTC,0.021228031922699175
2023-11-21,INTC,-0.02458654268959748
2023-11-22,INTC,0.0006874085097807736
2023-11-24,INTC,0.006640797377248875
2023-11-27,INTC,0.002729794250618145
2023-11-28,INTC,0.0034028219015056482
2023-11-29,INTC,0.016052499188036196
2023-11-30,INTC,-0.005340532035149281
2023-12-01,INTC,-0.021476393402216964
2023-12-04,INTC,-0.03177881690312134
2023-12-05,INTC,-0.010153464904585796
2023-12-06,INTC,-0.015505660998874404
2023-12-07,INTC,0.021322994593799605
2023-12-08,INTC,0.013048658562791138
2023-12-11,INTC,0.04309130037733522
2023-12-12,INTC,-0.011225797279489358
2023-12-13,INTC,0.012034411469975081
2023-12-14,INTC,0.013686377901541258
2023-12-15,INTC,0.02169101735907719
2023-12-18,INTC,-0.01018202697207049
2023-12-19,INTC,0.02123010037678097
2023-12-20,INTC,-0.019288585871005015
2023-12-21,INTC,0.028846325242298132
2023-12-22,INTC,0.019541107812255376
2023-12-26,INTC,0.05208334507834578
2023-12-27,INTC,0.005148462676056953
2023-12-28,INTC,-0.007289095456839534
2023-12-29,INTC,-0.002778395139250822
2024-01-02,INTC,-0.048756228244370314
2024-01-03,INTC,-0.015690404485865672
2024-01-04,INTC,-0.003825691371990403
2024-01-05,INTC,0.0004266634554872528
2024-01-08,INTC,0.033269431186803367
2024-01-09,INTC,-0.008255948444685024
2024-01-10,INTC,-0.012070668355544933
2024-01-11,INTC,0.0035810848942861018
2024-01-12,INTC,-0.01091516828873107
2024-01-16,INTC,-0.0012731992340622167
2024-01-17,INTC,-0.021249585471214805
2024-01-18,INTC,0.014763344350462226
2024-01-19,INTC,0.03016686734462115
2024-01-22,INTC,0.0014539052075321912
2024-01-23,INTC,0.013894544198358005
2024-01-24,INTC,0.004090823298747326
2024-01-25,INTC,0.009370497281624868
2024-01-26,INTC,-0.11907162441308106
2024-01-29,INTC,0.00435279641198294
2024-01-30,INTC,-0.0209853859319038
2024-01-31,INTC,0.003727890391790112
2024-02-01,INTC,0.006499600903273173
2024-02-02,INTC,-0.017527811642044533
2024-02-05,INTC,0.003990744615938624
2024-02-06,INTC,0.0022276403290935054
2024-02-07,INTC,0.0009358453103707198
2024-02-08,INTC,-0.00654506256020948
2024-02-09,INTC,0.019058768344871746
2024-02-12,INTC,0.01662431861163638
2024-02-13,INTC,-0.019759267340713427
2024-02-14,INTC,0.023864698507698456
2024-02-15,INTC,-0.0031681124997874344
2024-02-16,INTC,-0.012258761939946239
2024-02-20,INTC,0.02321304009571823
2024-02-21,INTC,-0.02358484766890878
2024-02-22,INTC,-0.01127218425714116
2024-02-23,INTC,0.00023263247047067281
2024-02-26,INTC,0.0
2024-02-27,INTC,-0.006047934096221508
2024-02-28,INTC,-0.017318047920145574
2024-02-29,INTC,0.025244102329106344
2024-03-01,INTC,0.017886260972086898
2024-03-04,INTC,0.04084895858439119
2024-03-05,INTC,-0.05371640801902622
2024-03-06,INTC,0.03127896336753011
2024-03-07,INTC,0.03684574466933532
2024-03-08,INTC,-0.046587278400314625
2024-03-11,INTC,0.019545499700313496
2024-03-12,INTC,0.008470853200432726
2024-03-13,INTC,-0.044429795570678166
2024-03-14,INTC,-0.011103388660063551
2024-03-15,INTC,-0.0025731755532544254
2024-03-18,INTC,0.0016417736941245487
2024-03-19,INTC,-0.015453151042164937
2024-03-20,INTC,0.003567212662743291
2024-03-21,INTC,0.005213241831543591
2024-03-22,INTC,0.0035360983521650624
2024-03-25,INTC,-0.017383047456481004
2024-03-26,INTC,0.0038249094683580065
2024-03-27,INTC,0.04239111596769973
2024-03-28,INTC,0.009138581238212762
2024-04-01,INTC,0.007923998587705539
2024-04-02,INTC,-0.01302794677480934
2024-04-03,INTC,-0.08215728578703207
2024-04-04,INTC,-0.01487738799309235
2024-04-05,INTC,-0.025673242775647087
2024-04-08,INTC,-0.01885821705559898
2024-04-09,INTC,0.009215353774166601
2024-04-10,INTC,-0.02948075521029736
2024-04-11,INTC,0.011559113658297093
2024-04-12,INTC,-0.05155468129330543
2024-04-15,INTC,0.017371875774218726
2024-04-16,INTC,-0.0013771490286922372
2024-04-17,INTC,-0.015995491969832076
2024-04-18,INTC,-0.017937200353472127
2024-04-19,INTC,-0.023972631370521524
2024-04-22,INTC,0.006140358390816392
2024-04-23,INTC,-0.00377798144871877
2024-04-24,INTC,0.006417701323670588
2024-04-25,INTC,0.017681155113236535
2024-04-26,INTC,-0.0919965286545188
2024-04-29,INTC,-0.016311149126697733
2024-04-30,INTC,-0.02838014746614692
2024-05-01,INTC,-0.003281881537023912
2024-05-02,INTC,0.004609775539176297
2024-05-03,INTC,0.012782664881886285
2024-05-06,INTC,0.006336330728621942
2024-05-07,INTC,-0.009363894765404002
2024-05-08,INTC,-0.022164245323738285
2024-05-09,INTC,0.002999969352812659
2024-05-10,INTC,-0.007976011810378991
2024-05-13,INTC,0.022110497702256815
2024-05-14,INTC,0.01769912339541113
2024-05-15,INTC,0.007085390712776585
2024-05-16,INTC,0.024304373505552812
2024-05-17,INTC,-0.006244109217857563
2024-05-20,INTC,0.008482537304108417
2024-05-21,INTC,-0.011214958635893058
2024-05-22,INTC,-0.010081880125445086
2024-05-23,INTC,-0.04264803437705811
2024-05-24,INTC,0.02127658488315909
2024-05-28,INTC,0.011067755520287825
2024-05-29,INTC,-0.02994209211805776
2024-05-30,INTC,0.001991435426145438
2024-05-31,INTC,0.021861553055349203
2024-06-03,INTC,-0.01815237853829399
2024-06-04,INTC,-0.008583652639339356
2024-06-05,INTC,0.024975003392430972
2024-06-06,INTC,-0.01169591153826488
2024-06-07,INTC,0.010519357715581767
2024-06-10,INTC,0.005530245981584692
2024-06-11,INTC,0.00032353040350585616
2024-06-12,INTC,-0.005174626013351613
2024-06-13,INTC,-0.009752930340758192
2024-06-14,INTC,-0.00032824704796630133
2024-06-17,INTC,0.017405516512421615
2024-06-18,INTC,-0.011297606402356997
2024-06-20,INTC,-0.0003264252419143965
2024-06-21,INTC,0.015349378088191035
2024-06-24,INTC,-0.016725622761827208
2024-06-25,INTC,0.005560999677705958
2024-06-26,INTC,-0.0065061423588606004
2024-06-27,INTC,0.0016371873637719414
2024-06-28,INTC,0.012422324002958396
2024-07-01,INTC,-0.004197560980749415
2024-07-02,INTC,0.007457839828036272
2024-07-03,INTC,0.005149643740681054
2024-07-05,INTC,0.02529621146552774
2024-07-08,INTC,0.0615240645253452
2024-07-09,INTC,0.017652258138256327
2024-07-10,INTC,0.008094754474355925
2024-07-11,INTC,-0.03928874180642805
2024-07-12,INTC,0.029552280436057288
2024-07-15,INTC,-0.0008699568160381865
2024-07-16,INTC,-0.0034821887903777604
2024-07-17,INTC,0.003494356800457954
2024-07-18,INTC,0.01189790540629354
2024-07-19,INTC,-0.05420131801738126
2024-07-22,INTC,0.011825383531693712
2024-07-23,INTC,-0.012586103380080704
2024-07-24,INTC,-0.03793633071686464
2024-07-25,INTC,-0.018927453581447984
2024-07-26,INTC,0.008038599299099003
2024-07-29,INTC,-0.01658690905795812
2024-07-30,INTC,-0.022705208951190103
2024-07-31,INTC,0.020245623110334288
2024-08-01,INTC,-0.054977265092394534
2024-08-02,INTC,-0.2605851455985698
2024-08-05,INTC,-0.06378027431128852
2024-08-06,INTC,-0.013923395790958693
2024-08-07,INTC,-0.0362852146844066
2024-08-08,INTC,0.07898894250021771
2024-08-09,INTC,-0.03806738386327191
2024-08-12,INTC,-0.017757406919253427
2024-08-13,INTC,0.05733464194259508
2024-08-14,INTC,-0.026868551807997965
2024-08-15,INTC,0.03865464130595164
2024-08-16,INTC,0.008699869527769355
2024-08-19,INTC,0.031145164944523795
2024-08-20,INTC,-0.024628284171541504
2024-08-21,INTC,0.020009532199798175
2024-08-22,INTC,-0.06118633700507603
2024-08-23,INTC,0.02189057341825995
2024-08-26,INTC,-0.019961136148285097
2024-08-27,INTC,-0.00298059952527574
2024-08-28,INTC,-0.022919735499113303
2024-08-29,INTC,0.02651700837482629
2024-08-30,INTC,0.09488334994485936
2024-09-03,INTC,-0.08802179915931274
2024-09-04,INTC,-0.03333333649643222
2024-09-05,INTC,-0.0015440394325426654
2024-09-06,INTC,-0.026288672108771616
2024-09-09,INTC,0.009528867707344624
2024-09-10,INTC,-0.004719462717784784
2024-09-11,INTC,0.03477343853161896
2024-09-12,INTC,-0.014256557433726447
2024-09-13,INTC,0.015495827872037404
2024-09-16,INTC,0.06358087536631096
2024-09-17,INTC,0.026781418939689328
2024-09-18,INTC,-0.03260358071625158
2024-09-19,INTC,0.017814103212812515
2024-09-20,INTC,0.03311261982733171
2024-09-23,INTC,0.03296700129689234
2024-09-24,INTC,0.011081560546019054
2024-09-25,INTC,0.032003571533393727
2024-09-26,INTC,0.016142699489699153
2024-09-27,INTC,-0.0004180697679740941
2024-09-30,INTC,-0.018820609193276883
2024-10-01,INTC,-0.03282176387315694
2024-10-02,INTC,-0.013221733686558435
2024-10-03,INTC,-0.005806126141598034
2024-10-04,INTC,0.014824794263833319
2024-10-07,INTC,-0.009296192580912077
2024-10-08,INTC,0.042001812748299505
2024-10-09,INTC,0.006003404437415538
2024-10-10,INTC,-0.010230169671106792
2024-10-11,INTC,0.014642556530669149
2024-10-14,INTC,-0.005093333387304666
2024-10-15,INTC,-0.03327647904752351
2024-10-16,INTC,-0.015445736267721055
2024-10-17,INTC,0.00582703143107155
2024-10-18,INTC,0.014705878603042288
2024-10-21,INTC,0.003074207001183993
2024-10-22,INTC,-0.019264471590109133
2024-10-23,INTC,-0.018750003725290343
2024-10-24,INTC,0.016378554042268956
2024-10-25,INTC,0.015219344237493493
2024-10-28,INTC,0.010582000347830522
2024-10-29,INTC,-0.0008726203183724301
2024-10-30,INTC,-0.026200890456968273
2024-10-31,INTC,-0.034977524931955495
2024-11-01,INTC,0.07806692701856766
2024-11-04,INTC,-0.029310357017834243
2024-11-05,INTC,0.03552394408521198
2024-11-06,INTC,0.07418523005471123
2024-11-07,INTC,0.047105802040505296
2024-11-08,INTC,-0.001143682036614968
2024-11-11,INTC,-0.043893186732483325
2024-11-12,INTC,-0.035528918832528955
2024-11-13,INTC,0.03145696331464354
2024-11-14,INTC,0.004414149679566215
2024-11-15,INTC,-0.027167410568174177
2024-11-18,INTC,0.020123193570504183
2024-11-19,INTC,-0.02576487060052457
2024-11-20,INTC,-0.007851261490395833
2024-11-21,INTC,0.017909217037762826
2024-11-22,INTC,0.0024549699112637047
2024-11-25,INTC,0.015102075070750898
2024-11-26,INTC,-0.0329715148573404
2024-11-27,INTC,-0.01663200129810738
2024-11-29,INTC,0.01691330338191066
2024-12-02,INTC,-0.0049895607356131855
2024-12-03,INTC,-0.06101132357718808
2024-12-04,INTC,-0.022696940118673292
2024-12-05,INTC,-0.052823310372190124
2024-12-06,INTC,0.0057692713286059405
2024-12-09,INTC,-0.00525815535135743
2024-12-10,INTC,-0.031234965651684043
2024-12-11,INTC,-0.001984077801659545
2024-12-12,INTC,0.03280317196235538
2024-12-13,INTC,-0.021174230968162955
2024-12-16,INTC,0.0240904507100419
2024-12-17,INTC,-0.018722966446321987
2024-12-18,INTC,-0.05577305612578498
2024-12-19,INTC,-0.01243522179303036
2024-12-20,INTC,0.0241343654097812
2024-12-23,INTC,0.03483608039083452
2024-12-24,INTC,0.00990093307113904
2024-12-26,INTC,0.0019608292291832807
2024-12-27,INTC,-0.006849378343400603
2024-12-30,INTC,-0.02364529853577635
2024-12-31,INTC,0.011604417042266224
2025-01-02,INTC,0.008478807120337217
2025-01-03,INTC,0.016815042736590735
2025-01-06,INTC,-0.03356024536148294
2025-01-07,INTC,0.007045766670125575
2025-01-08,INTC,-0.00649680492894722
2025-01-10,INTC,-0.03672030045539387
2025-01-13,INTC,0.0026110258697236155
2025-01-14,INTC,0.0
2025-01-15,INTC,0.027083256757924667
2025-01-16,INTC,-0.0025354583570744715
2025-01-17,INTC,0.09252667451779328
2025-01-21,INTC,0.013029348051544432
2025-01-22,INTC,0.004134136458219251
2025-01-23,INTC,-0.013266281218218157
2025-01-24,INTC,-0.03430689761649508
2025-01-27,INTC,-0.025924100343569956
2025-01-28,INTC,-0.02414990913538173
2025-01-29,INTC,-0.002525214090259187
2025-01-30,INTC,0.013164568550979139
2025-01-31,INTC,-0.028985503102038956
2025-02-03,INTC,-0.0025733990542378127
2025-02-04,INTC,-0.004643872504465962
2025-02-05,INTC,0.018662451317622786
2025-02-06,INTC,-0.01374048157787533
2025-02-07,INTC,-0.014447822054797221
2025-02-10,INTC,0.035078537325264225
2025-02-11,INTC,0.06069796802253391
2025-02-12,INTC,0.07200764322010311
2025-02-13,INTC,0.07339856103778764
2025-02-14,INTC,-0.02196430989349596
2025-02-18,INTC,0.16059317571683374
2025-02-19,INTC,-0.06097116150083204
2025-02-20,INTC,0.014385725082087575
2025-02-21,INTC,-0.046761184600203176
2025-02-24,INTC,-0.02412546687667183
2025-02-25,INTC,-0.05274003553782591
2025-02-26,INTC,0.023053531619053658
2025-02-27,INTC,-0.018282325544506706
2025-02-28,INTC,0.02771760006145807
2025-03-03,INTC,-0.04171933376383308
2025-03-04,INTC,-0.062005270958838565
2025-03-05,INTC,-0.024378830737160295
2025-03-06,INTC,-0.002883203627207065
2025-03-07,INTC,-0.005301234233810237
2025-03-10,INTC,-0.03439918146648502
2025-03-11,INTC,-0.007526322941967978
2025-03-12,INTC,0.04550048469603496
2025-03-13,INTC,0.14603483622811297
2025-03-14,INTC,0.014767867630974818
2025-03-17,INTC,0.06819132428369734
2025-03-18,INTC,0.008952881956207692
2025-03-19,INTC,-0.06944441480564656
2025-03-20,INTC,-0.006633571691278095
2025-03-21,INTC,0.012520916355276412
2025-03-24,INTC,-0.0016488423392396756
2025-03-25,INTC,-0.0008257040042115582
2025-03-26,INTC,-0.0322314323163172
2025-03-27,INTC,0.008539742198459432
2025-03-28,INTC,-0.03852674523403099
2025-03-31,INTC,0.0
2025-04-01,INTC,-0.029062081638892123
2025-04-02,INTC,-0.0031745894442738454
2025-04-03,INTC,0.020473192552836084
2025-04-04,INTC,-0.1150245157647507
2025-04-07,INTC,-0.014105827771514479
2025-04-08,INTC,-0.07358204172269156
2025-04-09,INTC,0.18753456609289443
2025-04-10,INTC,-0.076637318776416
2025-04-11,INTC,-0.007042223116625057
2025-04-14,INTC,0.028875364814248572
2025-04-15,INTC,-0.02264889692606953
2025-04-16,INTC,-0.031234298605463895
2025-04-17,INTC,-0.015600584721889077
2025-04-21,INTC,-0.0047543661456403985
2025-04-22,INTC,0.035562636457936225
2025-04-23,INTC,0.055356223015685435
2025-04-24,INTC,0.04371052024577837
2025-04-25,INTC,-0.06700793622124324
2025-04-28,INTC,0.02294269373192903
2025-04-29,INTC,-0.008288643315301103
2025-04-30,INTC,-0.011799398688186802
2025-05-01,INTC,-0.005970190893330951
2025-05-02,INTC,0.03203209768069071
2025-05-05,INTC,-0.01697382964232408
2025-05-06,INTC,-0.01628021293801507
2025-05-07,INTC,0.018555612937562582
2025-05-08,INTC,0.03397343930090546
2025-05-09,INTC,0.020000003633044994
2025-05-12,INTC,0.03548086956932117
2025-05-13,INTC,0.017132513775391045
2025-05-14,INTC,-0.04609924790772901
2025-05-15,INTC,0.0013939952908343933
2025-05-16,INTC,0.005104436855960071
2025-05-19,INTC,-0.01292708627045358
2025-05-20,INTC,-0.0051449348606515954
2025-05-21,INTC,-0.02726844904671133
2025-05-22,INTC,-0.006766616403253156
2025-05-23,INTC,-0.024330901146618178
2025-05-27,INTC,0.024937656809272957
2025-05-28,INTC,-0.008759046448164054
2025-05-29,INTC,-0.005891057157065616
2025-05-30,INTC,-0.03456793891059029
2025-06-02,INTC,0.009718697773523965
2025-06-03,INTC,0.027862267010453134
2025-06-04,INTC,-0.0019714595230369003
2025-06-05,INTC,-0.012839517475646267
2025-06-06,INTC,0.0035017356491096052
2025-06-09,INTC,0.02093719279539452
2025-06-10,INTC,0.07812502037268176
2025-06-11,INTC,-0.06340578004382924
2025-06-12,INTC,0.004352038262076974
2025-06-13,INTC,-0.03033226067550443
2025-06-16,INTC,0.029791479625273176
2025-06-17,INTC,0.0028929347446733367
2025-06-18,INTC,0.03317310381570615
2025-06-20,INTC,-0.019078634331264
2025-06-23,INTC,0.00521824529173065
2025-06-24,INTC,0.06418115472989605
2025-06-25,INTC,-0.015520997160207273
2025-06-26,INTC,0.013513478682458668
2025-06-27,INTC,0.008444468180338616
2025-06-30,INTC,-0.012781000824220068
2025-07-01,INTC,0.020089320116201792
2025-07-02,INTC,-0.04245081857809285
2025-07-03,INTC,0.02787937082947267
2025-07-07,INTC,-0.021787451138502223
2025-07-08,INTC,0.07227273420854052
2025-07-09,INTC,-0.006358610324714964
2025-07-10,INTC,0.01621156792272571
2025-07-11,INTC,-0.0163727705560458
2025-07-14,INTC,-0.005548487683396108
2025-07-15,INTC,-0.016308977390959822
2025-07-16,INTC,-0.01003488400832142
2025-07-17,INTC,0.004847893363326472
2025-07-18,INTC,0.013157945370521729
2025-07-21,INTC,0.006926400206489047
2025-07-22,INTC,-0.0008598648996932523
2025-07-23,INTC,0.010757315080127006
2025-07-24,INTC,-0.03661135030784313
2025-07-25,INTC,-0.08528495224927657
2025-07-28,INTC,-0.0009662056534548435
2025-07-29,INTC,-0.013056114786231254
2025-07-30,INTC,-0.0034296764011536585
2025-07-31,INTC,-0.026548717378384046
2025-08-01,INTC,-0.02474746414136264
2025-08-04,INTC,0.009839489348134167
2025-08-05,INTC,0.03538464277218556
2025-08-06,INTC,0.010896449110211037
2025-08-07,INTC,-0.03135714818388824
2025-08-08,INTC,0.00910471932260859
2025-08-11,INTC,0.03508766059253432
2025-08-12,INTC,0.056174327788906186
2025-08-13,INTC,0.01879870964932162
2025-08-14,INTC,0.07380744138958684
2025-08-15,INTC,0.02933775514184722
2025-08-18,INTC,-0.03664493640475497
2025-08-19,INTC,0.06973793868011158
2025-08-20,INTC,-0.06993277707479939
2025-08-21,INTC,-0.0016992741704168202
2025-08-22,INTC,0.05531911647066168
2025-08-25,INTC,-0.01008064547140819
2025-08-26,INTC,-0.00814659314892785
2025-08-27,INTC,0.02053388058180472
2025-08-28,INTC,0.0032193127757740303
2025-08-29,INTC,-0.023265139053593953
2025-09-02,INTC,-0.005749539827671235
2025-09-03,INTC,-0.008674064122841774
2025-09-04,INTC,0.025416692097981697
2025-09-05,INTC,-0.0048761006199619095
2025-09-08,INTC,-0.0004083392803306829
2025-09-09,INTC,-0.001633946443083012
2025-09-10,INTC,0.013502451575080565
2025-09-11,INTC,-0.0064594204463149785
2025-09-12,INTC,-0.021535988358430846
2025-09-15,INTC,0.028654507319094025
2025-09-16,INTC,0.02018570814532561
2025-09-17,INTC,-0.014641900772887517
2025-09-18,INTC,0.22771084992605384
2025-09-19,INTC,-0.03238468370955794
2025-09-22,INTC,-0.027721423155483316
2025-09-23,INTC,0.020166895656822614
2025-09-24,INTC,0.06407631734796637
2025-09-25,INTC,0.08872525387684504
2025-09-26,INTC,0.04442477925765487
2025-09-29,INTC,-0.0287324072609485
2025-09-30,INTC,-0.02697216698151561
2025-10-01,INTC,0.07123694318920748
2025-10-02,INTC,0.03784086428264
2025-10-03,INTC,-0.012600466906682373
2025-10-06,INTC,-0.006516472075340229
2025-10-07,INTC,0.015851271219970098
2025-10-08,INTC,0.006994946167301563
2025-10-09,INTC,0.00988509027165585
2025-10-10,INTC,-0.03783069666768024
2025-10-13,INTC,0.02337097370858543
2025-10-14,INTC,-0.04271897099518296
2025-10-15,INTC,0.04266069077174128
2025-10-16,INTC,-0.008344585748538025
2025-10-17,INTC,0.004614499680814177
2025-10-20,INTC,0.029451505053263105
2025-10-21,INTC,0.0005249464190204556
2025-10-22,INTC,-0.03147955919630774
2025-10-23,INTC,0.03358617930565888
2025-10-24,INTC,0.0031446261101832906
2025-10-27,INTC,0.03291541735659398
2025-10-28,INTC,0.05032872578887715
2025-10-29,INTC,-0.004574973086772682
2025-10-30,INTC,-0.028543790537502334
2025-10-31,INTC,-0.004233022151175825
2025-11-03,INTC,-0.012253104723690122
2025-11-04,INTC,-0.06253167647349689
2025-11-05,INTC,0.036456989827748254
2025-11-06,INTC,-0.029702953567541934
2025-11-07,INTC,0.023899015830685544
2025-11-10,INTC,0.008392333749285052
2025-11-11,INTC,-0.01482443910309672
2025-11-12,INTC,0.00026394723472211723
2025-11-13,INTC,-0.052256520826898356
2025-11-14,INTC,-0.010860467594141276
2022-11-16,QQQ,0.0
2022-11-17,QQQ,-0.002207243336455833
2022-11-18,QQQ,3.538178584983065e-05
2022-11-21,QQQ,-0.010287327063990048
2022-11-22,QQQ,0.014402919178747142
2022-11-23,QQQ,0.010036752589485776
2022-11-25,QQQ,-0.006578803549831647
2022-11-28,QQQ,-0.014672911227472496
2022-11-29,QQQ,-0.0075697468001271195
2022-11-30,QQQ,0.04558588145411635
2022-12-01,QQQ,0.0012271849617415675
2022-12-02,QQQ,-0.003983489152751152
2022-12-05,QQQ,-0.01678334257555092
2022-12-06,QQQ,-0.020720253332361604
2022-12-07,QQQ,-0.004082980184660467
2022-12-08,QQQ,0.011834837790679398
2022-12-09,QQQ,-0.00637667388237273
2022-12-12,QQQ,0.0125514545788179
2022-12-13,QQQ,0.010750150484463594
2022-12-14,QQQ,-0.007413649739853145
2022-12-15,QQQ,-0.033576623318821386
2022-12-16,QQQ,-0.009534394969565096
2022-12-19,QQQ,-0.014053731975659511
2022-12-20,QQQ,-0.0007783701662574805
2022-12-21,QQQ,0.01450609183335172
2022-12-22,QQQ,-0.02446518261828612
2022-12-23,QQQ,0.002249273679310715
2022-12-27,QQQ,-0.014138344021780713
2022-12-28,QQQ,-0.013202603946131264
2022-12-29,QQQ,0.024375216030209534
2022-12-30,QQQ,-0.0006007827993753656
2023-01-03,QQQ,-0.006759635985719381
2023-01-04,QQQ,0.004763865621143282
2023-01-05,QQQ,-0.01565426483323673
2023-01-06,QQQ,0.027601463496508716
2023-01-09,QQQ,0.0064734822246173
2023-01-10,QQQ,0.008464240699049386
2023-01-11,QQQ,0.017300210893303358
2023-01-12,QQQ,0.005404466353664317
2023-01-13,QQQ,0.006880606942451406
2023-01-17,QQQ,0.002028509117027122
2023-01-18,QQQ,-0.012999862901800219
2023-01-19,QQQ,-0.00982432672348632
2023-01-20,QQQ,0.027366851811234882
2023-01-23,QQQ,0.02221594133381921
2023-01-24,QQQ,-0.0020419998906896497
2023-01-25,QQQ,-0.0022193022701312293
2023-01-26,QQQ,0.019497619290508306
2023-01-27,QQQ,0.009954312909763008
2023-01-30,QQQ,-0.020218885189064895
2023-01-31,QQQ,0.014986187284263153
2023-02-01,QQQ,0.021383633624303844
2023-02-02,QQQ,0.03588976769445562
2023-02-03,QQQ,-0.017772322679900143
2023-02-06,QQQ,-0.008459233789508747
2023-02-07,QQQ,0.020718916974298063
2023-02-08,QQQ,-0.01778112563097245
2023-02-09,QQQ,-0.008837993063923189
2023-02-10,QQQ,-0.006563176786144598
2023-02-13,QQQ,0.016016034670004453
2023-02-14,QQQ,0.007389209243746198
2023-02-15,QQQ,0.007660814182393727
2023-02-16,QQQ,-0.01876406027169386
2023-02-17,QQQ,-0.007055685903819886
2023-02-21,QQQ,-0.023675153575706043
2023-02-22,QQQ,0.0007482853859790417
2023-02-23,QQQ,0.008734188987899127
2023-02-24,QQQ,-0.016744384321048633
2023-02-27,QQQ,0.007161225978413288
2023-02-28,QQQ,-0.001292879136701286
2023-03-01,QQQ,-0.008039058967473589
2023-03-02,QQQ,0.008275970384192144
2023-03-03,QQQ,0.020673703770789142
2023-03-06,QQQ,0.0011346570481212126
2023-03-07,QQQ,-0.012265724476347217
2023-03-08,QQQ,0.004994041325621312
2023-03-09,QQQ,-0.01732587006753883
2023-03-10,QQQ,-0.014043629588376016
2023-03-13,QQQ,0.007416463837870202
2023-03-14,QQQ,0.02297974337062847
2023-03-15,QQQ,0.005246048195446162
2023-03-16,QQQ,0.026360733275248904
2023-03-17,QQQ,-0.0047260275357950965
2023-03-20,QQQ,0.003548548756041825
2023-03-21,QQQ,0.014282718692043117
2023-03-22,QQQ,-0.01359823979560515
2023-03-23,QQQ,0.011858212718569128
2023-03-24,QQQ,0.003680478939337206
2023-03-27,QQQ,-0.006851166082358251
2023-03-28,QQQ,-0.0053117085653069385
2023-03-29,QQQ,0.01823396177387404
2023-03-30,QQQ,0.00946534463965154
2023-03-31,QQQ,0.01663058007861351
2023-04-03,QQQ,-0.0024303751621971292
2023-04-04,QQQ,-0.0033732886438712084
2023-04-05,QQQ,-0.009872448229092723
2023-04-06,QQQ,0.006741985116091254
2023-04-10,QQQ,-0.0005658295817536629
2023-04-11,QQQ,-0.006417697794061983
2023-04-12,QQQ,-0.008833819665229448
2023-04-13,QQQ,0.0195820211455624
2023-04-14,QQQ,-0.0018797388399606207
2023-04-17,QQQ,0.0008475046846150303
2023-04-18,QQQ,6.257382059038363e-05
2023-04-19,QQQ,-0.0004703430307618772
2023-04-20,QQQ,-0.00762438680098565
2023-04-21,QQQ,0.001043371622290179
2023-04-24,QQQ,-0.0020845682652075315
2023-04-25,QQQ,-0.018863843300199856
2023-04-26,QQQ,0.006064955496476454
2023-04-27,QQQ,0.02719070025899839
2023-04-28,QQQ,0.006898641914491188
2023-05-01,QQQ,-0.0011471465114701873
2023-05-02,QQQ,-0.00872146075693625
2023-05-03,QQQ,-0.0065439131267717165
2023-05-04,QQQ,-0.0035298441330499086
2023-05-05,QQQ,0.021254284387290934
2023-05-08,QQQ,0.0024776029414614875
2023-05-09,QQQ,-0.006333124593179251
2023-05-10,QQQ,0.010881577804220388
2023-05-11,QQQ,0.0032603472768173436
2023-05-12,QQQ,-0.0035868075911881236
2023-05-15,QQQ,0.005414685885502202
2023-05-16,QQQ,0.0011322978773871117
2023-05-17,QQQ,0.01210408123552087
2023-05-18,QQQ,0.018573423155510582
2023-05-19,QQQ,-0.002253290377124628
2023-05-22,QQQ,0.003357970726965087
2023-05-23,QQQ,-0.012676294123422194
2023-05-24,QQQ,-0.005129577665051066
2023-05-25,QQQ,0.024332627330402756
2023-05-26,QQQ,0.025550922880691163
2023-05-30,QQQ,0.004534851192609324
2023-05-31,QQQ,-0.005685927775775812
2023-06-01,QQQ,0.01155190536553774
2023-06-02,QQQ,0.007499732234142353
2023-06-05,QQQ,0.0007050290646506419
2023-06-06,QQQ,-0.0001690842720550867
2023-06-07,QQQ,-0.016965504030988954
2023-06-08,QQQ,0.012413353691722362
2023-06-09,QQQ,0.003822766183682491
2023-06-12,QQQ,0.01689718195907086
2023-06-13,QQQ,0.007683821624237419
2023-06-14,QQQ,0.007267554166164203
2023-06-15,QQQ,0.011915777762819824
2023-06-16,QQQ,-0.006292864965459555
2023-06-20,QQQ,-0.0014314076606075643
2023-06-21,QQQ,-0.013627984030586293
2023-06-22,QQQ,0.011798884251835062
2023-06-23,QQQ,-0.00991329541792707
2023-06-26,QQQ,-0.013405566758174503
2023-06-27,QQQ,0.017194115901391527
2023-06-28,QQQ,0.0019516699779806856
2023-06-29,QQQ,-0.0020026924918211675
2023-06-30,QQQ,0.015420332378675683
2023-07-03,QQQ,0.0023550200466884164
2023-07-05,QQQ,-2.7069939700918866e-05
2023-07-06,QQQ,-0.007615966082118342
2023-07-07,QQQ,-0.0033199694313265082
2023-07-10,QQQ,0.0003275867399510357
2023-07-11,QQQ,0.004940565602124858
2023-07-12,QQQ,0.012629921339241124
2023-07-13,QQQ,0.016978829240151594
2023-07-14,QQQ,-0.00021100936894657973
2023-07-17,QQQ,0.009338686343702607
2023-07-18,QQQ,0.00818057802647476
2023-07-19,QQQ,-0.0002334703999473664
2023-07-20,QQQ,-0.023051901976650857
2023-07-21,QQQ,-0.002999229930779168
2023-07-24,QQQ,0.0015974005405052782
2023-07-25,QQQ,0.006777652093627795
2023-07-26,QQQ,-0.003326358429781795
2023-07-27,QQQ,-0.002383981962014503
2023-07-28,QQQ,0.018214658241660908
2023-07-31,QQQ,0.000521486300496754
2023-08-01,QQQ,-0.002319581893085898
2023-08-02,QQQ,-0.02194416779000985
2023-08-03,QQQ,-0.0016026910997386512
2023-08-04,QQQ,-0.00468162639588432
2023-08-07,QQQ,0.008466880799417043
2023-08-08,QQQ,-0.008502495303808755
2023-08-09,QQQ,-0.010994681755263636
2023-08-10,QQQ,0.0018482912765780402
2023-08-11,QQQ,-0.006375584446760119
2023-08-14,QQQ,0.011222084380870356
2023-08-15,QQQ,-0.010611536242702502
2023-08-16,QQQ,-0.01058890717114902
2023-08-17,QQQ,-0.010922909009607906
2023-08-18,QQQ,-0.0012550806738973463
2023-08-21,QQQ,0.016111516789603986
2023-08-22,QQQ,-0.001428954123414261
2023-08-23,QQQ,0.015768658347381725
2023-08-24,QQQ,-0.021375837806748788
2023-08-25,QQQ,0.007751574150411056
2023-08-28,QQQ,0.007527157155571285
2023-08-29,QQQ,0.021839670448367432
2023-08-30,QQQ,0.005576861830827395
2023-08-31,QQQ,0.0029984339185800124
2023-09-01,QQQ,-0.0010581210297953003
2023-09-05,QQQ,0.0012712868444588743
2023-09-06,QQQ,-0.008808088591013452
2023-09-07,QQQ,-0.0071515061753101294
2023-09-08,QQQ,0.0013975311253555667
2023-09-11,QQQ,0.011782763701614574
2023-09-12,QQQ,-0.011088464712310286
2023-09-13,QQQ,0.003809190905444737
2023-09-14,QQQ,0.008177118766887759
2023-09-15,QQQ,-0.017122973418340237
2023-09-18,QQQ,0.0010423999126298877
2023-09-19,QQQ,-0.0021312191221803944
2023-09-20,QQQ,-0.014410419147652731
2023-09-21,QQQ,-0.01832444449642101
2023-09-22,QQQ,0.0001396758725555891
2023-09-25,QQQ,0.0047496974687499804
2023-09-26,QQQ,-0.015016225956582363
2023-09-27,QQQ,0.0023434018181009986
2023-09-28,QQQ,0.008365151415087757
2023-09-29,QQQ,0.0007261310623853934
2023-10-02,QQQ,0.008345784580320537
2023-10-03,QQQ,-0.01754973909741897
2023-10-04,QQQ,0.013608653232763501
2023-10-05,QQQ,-0.00294655109341746
2023-10-06,QQQ,0.016755481758534474
2023-10-09,QQQ,0.005099966354300323
2023-10-10,QQQ,0.0055380356913050655
2023-10-11,QQQ,0.00713543907360914
2023-10-12,QQQ,-0.0034751597521592847
2023-10-13,QQQ,-0.012569869375073206
2023-10-16,QQQ,0.01130635469941299
2023-10-17,QQQ,-0.0032754256936978754
2023-10-18,QQQ,-0.013117992715293347
2023-10-19,QQQ,-0.00935682836012186
2023-10-20,QQQ,-0.01491779149128225
2023-10-23,QQQ,0.003017397406527955
2023-10-24,QQQ,0.009728161124704426
2023-10-25,QQQ,-0.024475893523575043
2023-10-26,QQQ,-0.019067086505691888
2023-10-27,QQQ,0.004801198384870142
2023-10-30,QQQ,0.011265271008853661
2023-10-31,QQQ,0.0047823549873686755
2023-11-01,QQQ,0.017356956438516535
2023-11-02,QQQ,0.018153276002613294
2023-11-03,QQQ,0.011748733720954307
2023-11-06,QQQ,0.004079290211064457
2023-11-07,QQQ,0.00945273094838317
2023-11-08,QQQ,0.0006438813779525709
2023-11-09,QQQ,-0.00769559435465339
2023-11-10,QQQ,0.02248221917991189
2023-11-13,QQQ,-0.003118581111724583
2023-11-14,QQQ,0.021526461097951533
2023-11-15,QQQ,0.0007526557411325907
2023-11-16,QQQ,0.0008559145828650472
2023-11-17,QQQ,0.00023316613355151006
2023-11-20,QQQ,0.012174868885627355
2023-11-21,QQQ,-0.005809560027482008
2023-11-22,QQQ,0.004093103919113217
2023-11-24,QQQ,-0.0014100749714147653
2023-11-27,QQQ,-0.0008728256192759298
2023-11-28,QQQ,0.002620923090112637
2023-11-29,QQQ,-0.0009739133574184766
2023-11-30,QQQ,-0.002514228273382546
2023-12-01,QQQ,0.002854813596927741
2023-12-04,QQQ,-0.009283421931166269
2023-12-05,QQQ,0.002510872664793995
2023-12-06,QQQ,-0.005783779079724272
2023-12-07,QQQ,0.013972203697915297
2023-12-08,QQQ,0.004456707037482577
2023-12-11,QQQ,0.008542070710492178
2023-12-12,QQQ,0.00796429404379495
2023-12-13,QQQ,0.012717256161088208
2023-12-14,QQQ,-0.000866930326730242
2023-12-15,QQQ,0.004834056287248423
2023-12-18,QQQ,0.006298504225284107
2023-12-19,QQQ,0.005109616477708467
2023-12-20,QQQ,-0.014859618717504297
2023-12-21,QQQ,0.011635486489847802
2023-12-22,QQQ,0.0014959264075280476
2023-12-26,QQQ,0.006121683386680177
2023-12-27,QQQ,0.0020357491965994345
2023-12-28,QQQ,-0.0004861494217540674
2023-12-29,QQQ,-0.004327650565161378
2024-01-02,QQQ,-0.016922248749103086
2024-01-03,QQQ,-0.010581507998646433
2024-01-04,QQQ,-0.005146470885298848
2024-01-05,QQQ,0.0011861584469428088
2024-01-08,QQQ,0.020667860895348333
2024-01-09,QQQ,0.001975442419962725
2024-01-10,QQQ,0.006777689005811327
2024-01-11,QQQ,0.002080780509942093
2024-01-12,QQQ,0.0005130174701455381
2024-01-16,QQQ,-9.773558168812979e-05
2024-01-17,QQQ,-0.005640699418736239
2024-01-18,QQQ,0.014194116083292352
2024-01-19,QQQ,0.019830965973530512
2024-01-22,QQQ,0.0013059651807001416
2024-01-23,QQQ,0.0041495986161526055
2024-01-24,QQQ,0.005549057961201642
2024-01-25,QQQ,0.0012212214066595894
2024-01-26,QQQ,-0.005957648505026225
2024-01-29,QQQ,0.010240595797446073
2024-01-30,QQQ,-0.006656642370271082
2024-01-31,QQQ,-0.019586062726959397
2024-02-01,QQQ,0.011775399069026804
2024-02-02,QQQ,0.01690051157827588
2024-02-05,QQQ,-0.00130532999572619
2024-02-06,QQQ,-0.0020072674170850124
2024-02-07,QQQ,0.010290234957049726
2024-02-08,QQQ,0.0018518629480179793
2024-02-09,QQQ,0.009843204080195456
2024-02-12,QQQ,-0.003912624515593044
2024-02-13,QQQ,-0.015597020577494902
2024-02-14,QQQ,0.01089721584943426
2024-02-15,QQQ,0.002977713843001384
2024-02-16,QQQ,-0.009067605820588964
2024-02-20,QQQ,-0.007548177971220649
2024-02-21,QQQ,-0.004001714247762744
2024-02-22,QQQ,0.02927558972340627
2024-02-23,QQQ,-0.0029447467646509518
2024-02-26,QQQ,-0.0005264457504073894
2024-02-27,QQQ,0.002405123853325586
2024-02-28,QQQ,-0.00532458797889801
2024-02-29,QQQ,0.008569448132665913
2024-03-01,QQQ,0.015056986905341185
2024-03-04,QQQ,-0.00356818582586782
2024-03-05,QQQ,-0.017949579752618683
2024-03-06,QQQ,0.006283615597941328
2024-03-07,QQQ,0.015178171636026194
2024-03-08,QQQ,-0.014434901545125056
2024-03-11,QQQ,-0.003712783723048396
2024-03-12,QQQ,0.014334974203358941
2024-03-13,QQQ,-0.007686020305651575
2024-03-14,QQQ,-0.0025212593235709457
2024-03-15,QQQ,-0.01188683904377319
2024-03-18,QQQ,0.009537485701973658
2024-03-19,QQQ,0.002491525093468283
2024-03-20,QQQ,0.011856607263523555
2024-03-21,QQQ,0.004732187480864569
2024-03-22,QQQ,0.0011438100220728664
2024-03-25,QQQ,-0.0036291643594150713
2024-03-26,QQQ,-0.0032376739258547227
2024-03-27,QQQ,0.003406115652992092
2024-03-28,QQQ,-0.0018434236901044843
2024-04-01,QQQ,0.0021170669768046935
2024-04-02,QQQ,-0.008630202596737857
2024-04-03,QQQ,0.002244354144712357
2024-04-04,QQQ,-0.01529063759600413
2024-04-05,QQQ,0.011783899493936545
2024-04-08,QQQ,0.00029511737937437665
2024-04-09,QQQ,0.0036994733527351276
2024-04-10,QQQ,-0.00872851682227982
2024-04-11,QQQ,0.015968244770742546
2024-04-12,QQQ,-0.015941767414041186
2024-04-15,QQQ,-0.016451052069099692
2024-04-16,QQQ,9.288098319348848e-05
2024-04-17,QQQ,-0.012201400380940863
2024-04-18,QQQ,-0.0057064288326742485
2024-04-19,QQQ,-0.020689114318998447
2024-04-22,QQQ,0.010056750310877938
2024-04-23,QQQ,0.014922804679899038
2024-04-24,QQQ,0.0033877211488408943
2024-04-25,QQQ,-0.004829961752100043
2024-04-26,QQQ,0.015431778540372587
2024-04-29,QQQ,0.004060342055221655
2024-04-30,QQQ,-0.01885615865067003
2024-05-01,QQQ,-0.0072305924802272825
2024-05-02,QQQ,0.01276336365175501
2024-05-03,QQQ,0.020098406898214627
2024-05-06,QQQ,0.010953373660853138
2024-05-07,QQQ,0.0001591662234314839
2024-05-08,QQQ,-0.0005907153414617117
2024-05-09,QQQ,0.002181595823778304
2024-05-10,QQQ,0.0023582042060399377
2024-05-13,QQQ,0.0023074060808452312
2024-05-14,QQQ,0.006432181117062674
2024-05-15,QQQ,0.01563024378468203
2024-05-16,QQQ,-0.002031276107391733
2024-05-17,QQQ,-0.00048662204704952305
2024-05-20,QQQ,0.006972635079349754
2024-05-21,QQQ,0.0019563429544493527
2024-05-22,QQQ,-0.0001974196095736458
2024-05-23,QQQ,-0.004498463280535492
2024-05-24,QQQ,0.00945646571589398
2024-05-28,QQQ,0.003777646827418435
2024-05-29,QQQ,-0.007048322132194751
2024-05-30,QQQ,-0.010713334578398293
2024-05-31,QQQ,-0.0018603568965591677
2024-06-03,QQQ,0.005369428038029422
2024-06-04,QQQ,0.002736422763598201
2024-06-05,QQQ,0.02015973991889397
2024-06-06,QQQ,-0.00034510056780268084
2024-06-07,QQQ,-0.0008848994472898664
2024-06-10,QQQ,0.004039284343522187
2024-06-11,QQQ,0.006862713942581422
2024-06-12,QQQ,0.013097755694337687
2024-06-13,QQQ,0.005420197903977186
2024-06-14,QQQ,0.005181241455457508
2024-06-17,QQQ,0.012249838547508052
2024-06-18,QQQ,0.0003092269149482796
2024-06-20,QQQ,-0.007707923795640448
2024-06-21,QQQ,-0.0026793464820882296
2024-06-24,QQQ,-0.011384696866319599
2024-06-25,QQQ,0.011435674613914815
2024-06-26,QQQ,0.0020650454381780925
2024-06-27,QQQ,0.0025813760605928326
2024-06-28,QQQ,-0.005190927647211407
2024-07-01,QQQ,0.0058651513481216
2024-07-02,QQQ,0.010499564353799506
2024-07-03,QQQ,0.008337145773516408
2024-07-05,QQQ,0.010426886773563071
2024-07-08,QQQ,0.0023782208376583736
2024-07-09,QQQ,0.000864603521058438
2024-07-10,QQQ,0.010426462468531295
2024-07-11,QQQ,-0.02193014822670425
2024-07-12,QQQ,0.00587481966560266
2024-07-15,QQQ,0.0026878046529956734
2024-07-16,QQQ,0.0003830224390459769
2024-07-17,QQQ,-0.029354904128150006
2024-07-18,QQQ,-0.004732566859799725
2024-07-19,QQQ,-0.008863580687439199
2024-07-22,QQQ,0.014897718320576958
2024-07-23,QQQ,-0.00352457862945188
2024-07-24,QQQ,-0.03587037440142793
2024-07-25,QQQ,-0.011027670958837499
2024-07-26,QQQ,0.010255968093378032
2024-07-29,QQQ,0.0020087614865180736
2024-07-30,QQQ,-0.013731384525858203
2024-07-31,QQQ,0.029593768398352926
2024-08-01,QQQ,-0.02422157922275392
2024-08-02,QQQ,-0.023734878439963136
2024-08-05,QQQ,-0.029816129644943845
2024-08-06,QQQ,0.009555028359080175
2024-08-07,QQQ,-0.01082977096845994
2024-08-08,QQQ,0.0305910531333764
2024-08-09,QQQ,0.005222295031245938
2024-08-12,QQQ,0.0021535268376349226
2024-08-13,QQQ,0.02481284517402682
2024-08-14,QQQ,0.00032427122996825375
2024-08-15,QQQ,0.025263177465342457
2024-08-16,QQQ,0.0012856973360184654
2024-08-19,QQQ,0.013135991720836904
2024-08-20,QQQ,-0.0020986250341477053
2024-08-21,QQQ,0.004664149443688315
2024-08-22,QQQ,-0.015854814631606318
2024-08-23,QQQ,0.01084547860471452
2024-08-26,QQQ,-0.009708392949136169
2024-08-27,QQQ,0.002987345859940982
2024-08-28,QQQ,-0.011347439115204416
2024-08-29,QQQ,-0.0014638157026305443
2024-08-30,QQQ,0.011919359316810763
2024-09-03,QQQ,-0.030360901981096866
2024-09-04,QQQ,-0.0025984287539844164
2024-09-05,QQQ,0.000933615508103447
2024-09-06,QQQ,-0.02678735300574242
2024-09-09,QQQ,0.012859690141132418
2024-09-10,QQQ,0.009241754896990972
2024-09-11,QQQ,0.02171537683893665
2024-09-12,QQQ,0.009816037080810691
2024-09-13,QQQ,0.00447992678159026
2024-09-16,QQQ,-0.004417866701778461
2024-09-17,QQQ,0.0005282347855590785
2024-09-18,QQQ,-0.004329484974346487
2024-09-19,QQQ,0.025284255861004246
2024-09-20,QQQ,-0.0019033014544218574
2024-09-23,QQQ,0.0026506734633959805
2024-09-24,QQQ,0.004823451768975806
2024-09-25,QQQ,0.0009272260901243001
2024-09-26,QQQ,0.007513059799878707
2024-09-27,QQQ,-0.00555699869665971
2024-09-30,QQQ,0.0027118281242692888
2024-10-01,QQQ,-0.01393234659944187
2024-10-02,QQQ,0.0014129518267771424
2024-10-03,QQQ,-0.0007470190698676271
2024-10-04,QQQ,0.01189810341225761
2024-10-07,QQQ,-0.010711661129434225
2024-10-08,QQQ,0.014934524424360385
2024-10-09,QQQ,0.00786847239604116
2024-10-10,QQQ,-0.0011355834501715067
2024-10-11,QQQ,0.0015631089592522684
2024-10-14,QQQ,0.008391544635519832
2024-10-15,QQQ,-0.013366804462480064
2024-10-16,QQQ,0.0001222040433723759
2024-10-17,QQQ,0.0006926341341126907
2024-10-18,QQQ,0.006554671510375698
2024-10-21,QQQ,0.001921280193241115
2024-10-22,QQQ,0.0010899386750795603
2024-10-23,QQQ,-0.015323817883755364
2024-10-24,QQQ,0.008108789528267879
2024-10-25,QQQ,0.006093640781007048
2024-10-28,QQQ,0.00016148893416745302
2024-10-29,QQQ,0.009608371740890354
2024-10-30,QQQ,-0.007557572522281397
2024-10-31,QQQ,-0.025242754573661097
2024-11-01,QQQ,0.007398941095160483
2024-11-04,QQQ,-0.002913189471627553
2024-11-05,QQQ,0.01275693670388689
2024-11-06,QQQ,0.027163176727022842
2024-11-07,QQQ,0.015744224921660388
2024-11-08,QQQ,0.0011684050046880667
2024-11-11,QQQ,-0.0005833416831260152
2024-11-12,QQQ,-0.0018101014096267853
2024-11-13,QQQ,-0.001286668619989384
2024-11-14,QQQ,-0.006949738264739658
2024-11-15,QQQ,-0.02382594850185571
2024-11-18,QQQ,0.0069476763225504445
2024-11-19,QQQ,0.006879673759778271
2024-11-20,QQQ,-0.0005759098202009483
2024-11-21,QQQ,0.0035970896197285995
2024-11-22,QQQ,0.0016041088908074208
2024-11-25,QQQ,0.0015815820187858876
2024-11-26,QQQ,0.005369323605254994
2024-11-27,QQQ,-0.007873437511672021
2024-11-29,QQQ,0.008786863442114656
2024-12-02,QQQ,0.010887893687410166
2024-12-03,QQQ,0.0030661440157615516
2024-12-04,QQQ,0.012363024355275476
2024-12-05,QQQ,-0.0027711739739033625
2024-12-06,QQQ,0.008949670027736945
2024-12-09,QQQ,-0.007787592465567816
2024-12-10,QQQ,-0.0034074846250867763
2024-12-11,QQQ,0.01790251545194077
2024-12-12,QQQ,-0.006453862404992128
2024-12-13,QQQ,0.007654310886492377
2024-12-16,QQQ,0.014400713246037533
2024-12-17,QQQ,-0.004403853754016751
2024-12-18,QQQ,-0.03607681862660661
2024-12-19,QQQ,-0.004453436389002308
2024-12-20,QQQ,0.008732488835103247
2024-12-23,QQQ,0.009742775442200369
2024-12-24,QQQ,0.013559856656358615
2024-12-26,QQQ,-0.0006794076702663077
2024-12-27,QQQ,-0.013293029341283069
2024-12-30,QQQ,-0.013299886650824932
2024-12-31,QQQ,-0.008494816275180117
2025-01-02,QQQ,-0.0019560273733579825
2025-01-03,QQQ,0.016365234886725144
2025-01-06,QQQ,0.0114927944384704
2025-01-07,QQQ,-0.017844207363151843
2025-01-08,QQQ,0.00017469508928424915
2025-01-10,QQQ,-0.01568105035595191
2025-01-13,QQQ,-0.0032138587056964596
2025-01-14,QQQ,-0.000949355277004793
2025-01-15,QQQ,0.023006200083890427
2025-01-16,QQQ,-0.00700596069576187
2025-01-17,QQQ,0.016878475252817715
2025-01-21,QQQ,0.005864951810777175
2025-01-22,QQQ,0.012785843684967935
2025-01-23,QQQ,0.002125991630896218
2025-01-24,QQQ,-0.005651072444264216
2025-01-27,QQQ,-0.029114513415297916
2025-01-28,QQQ,0.014779748998761555
2025-01-29,QQQ,-0.0018779747319350726
2025-01-30,QQQ,0.004262359991149545
2025-01-31,QQQ,-0.0014531366363084164
2025-02-03,QQQ,-0.008003061118678434
2025-02-04,QQQ,0.012275265639496435
2025-02-05,QQQ,0.004538015045959076
2025-02-06,QQQ,0.0052196549557592675
2025-02-07,QQQ,-0.012613275445510053
2025-02-10,QQQ,0.012105179542022837
2025-02-11,QQQ,-0.0023808275259640244
2025-02-12,QQQ,0.0005871414173037603
2025-02-13,QQQ,0.014385917060319331
2025-02-14,QQQ,0.004198402288657421
2025-02-18,QQQ,0.0022669985328775955
2025-02-19,QQQ,0.00027817615490821623
2025-02-20,QQQ,-0.004244612020386063
2025-02-21,QQQ,-0.020754503102119237
2025-02-24,QQQ,-0.011804327337227583
2025-02-25,QQQ,-0.012599332813936881
2025-02-26,QQQ,0.0024156248480127207
2025-02-27,QQQ,-0.02777129207601503
2025-02-28,QQQ,0.0157914859842625
2025-03-03,QQQ,-0.021882406059183124
2025-03-04,QQQ,-0.003017805899127368
2025-03-05,QQQ,0.013036052286385713
2025-03-06,QQQ,-0.02750936740390575
2025-03-07,QQQ,0.007353522966472736
2025-03-10,QQQ,-0.03875636690118922
2025-03-11,QQQ,-0.002390405459784861
2025-03-12,QQQ,0.011280773429624746
2025-03-13,QQQ,-0.017990491422927968
2025-03-14,QQQ,0.0241704400718461
2025-03-17,QQQ,0.006483766857474427
2025-03-18,QQQ,-0.017047421928404027
2025-03-19,QQQ,0.01338134253804557
2025-03-20,QQQ,-0.003389498186736284
2025-03-21,QQQ,0.0032967133408103866
2025-03-24,QQQ,0.021944329364789406
2025-03-25,QQQ,0.005706577403821189
2025-03-26,QQQ,-0.018400648862213154
2025-03-27,QQQ,-0.005698029805506488
2025-03-28,QQQ,-0.02632777598752578
2025-03-31,QQQ,-4.2592840815314226e-05
2025-04-01,QQQ,0.008061022159526754
2025-04-02,QQQ,0.00729843170847011
2025-04-03,QQQ,-0.05353353804503436
2025-04-04,QQQ,-0.06210886967050777
2025-04-07,QQQ,0.002413215217229814
2025-04-08,QQQ,-0.01800850876067661
2025-04-09,QQQ,0.1200308181135814
2025-04-10,QQQ,-0.04253219014832599
2025-04-11,QQQ,0.018423109602077492
2025-04-14,QQQ,0.006778203393759785
2025-04-15,QQQ,0.0011146955681624604
2025-04-16,QQQ,-0.03015349668895584
2025-04-17,QQQ,-0.00018007500072136917
2025-04-21,QQQ,-0.024746761372183124
2025-04-22,QQQ,0.026252115935728293
2025-04-23,QQQ,0.022678125698480933
2025-04-24,QQQ,0.028137113012751902
2025-04-25,QQQ,0.01114794251438811
2025-04-28,QQQ,-0.00031741996084810875
2025-04-29,QQQ,0.006604483361886793
2025-04-30,QQQ,-0.00012620070775315462
2025-05-01,QQQ,0.013060719980350965
2025-05-02,QQQ,0.014843920014615541
2025-05-05,QQQ,-0.005932552575683703
2025-05-06,QQQ,-0.009301695244706365
2025-05-07,QQQ,0.003925941207711947
2025-05-08,QQQ,0.01032486490622464
2025-05-09,QQQ,-0.0006553564742698414
2025-05-12,QQQ,0.04074017218557402
2025-05-13,QQQ,0.015240694145842726
2025-05-14,QQQ,0.005993228193183819
2025-05-15,QQQ,0.0010988724556655338
2025-05-16,QQQ,0.004352493541476488
2025-05-19,QQQ,0.0009588323781763997
2025-05-20,QQQ,-0.0033332450499383715
2025-05-21,QQQ,-0.013896755469898214
2025-05-22,QQQ,0.0018712822298658782
2025-05-23,QQQ,-0.009260800965081861
2025-05-27,QQQ,0.023525241165165633
2025-05-28,QQQ,-0.0044319324955685024
2025-05-29,QQQ,0.0019657056628685776
2025-05-30,QQQ,-0.0015771037109235664
2025-06-02,QQQ,0.007898210169555497
2025-06-03,QQQ,0.007817025230037355
2025-06-04,QQQ,0.0027878327054424723
2025-06-05,QQQ,-0.007526931107292967
2025-06-06,QQQ,0.009775290027975503
2025-06-09,QQQ,0.0014719893166199594
2025-06-10,QQQ,0.006613927691166754
2025-06-11,QQQ,-0.0033695751128964835
2025-06-12,QQQ,0.002347890931193808
2025-06-13,QQQ,-0.01255473107092464
2025-06-16,QQQ,0.013909846271936033
2025-06-17,QQQ,-0.009751241775974973
2025-06-18,QQQ,-0.0001701990681600707
2025-06-20,QQQ,-0.004083160098547256
2025-06-23,QQQ,0.010282496949575393
2025-06-24,QQQ,0.015291936019993457
2025-06-25,QQQ,0.002556513460383547
2025-06-26,QQQ,0.009350280450826087
2025-06-27,QQQ,0.003423685563276546
2025-06-30,QQQ,0.006476943163778559
2025-07-01,QQQ,-0.00842936841270392
2025-07-02,QQQ,0.006965307629207107
2025-07-03,QQQ,0.009840293672287004
2025-07-07,QQQ,-0.007532939099742952
2025-07-08,QQQ,0.000561546081480957
2025-07-09,QQQ,0.007078944049491831
2025-07-10,QQQ,-0.0014381997588279738
2025-07-11,QQQ,-0.0022503961790789617
2025-07-14,QQQ,0.003626881705373064
2025-07-15,QQQ,0.0009167918809922515
2025-07-16,QQQ,0.0010238468058241246
2025-07-17,QQQ,0.008092814240598711
2025-07-18,QQQ,-0.0009611836056468981
2025-07-21,QQQ,0.005184737435977471
2025-07-22,QQQ,-0.005175757620394905
2025-07-23,QQQ,0.004561304719325365
2025-07-24,QQQ,0.0021283728092407195
2025-07-25,QQQ,0.0024069895272811337
2025-07-28,QQQ,0.0031251547553632353
2025-07-29,QQQ,-0.0015488898403861473
2025-07-30,QQQ,0.0013398359578880026
2025-07-31,QQQ,-0.005299137318216296
2025-08-01,QQQ,-0.01969879104365424
2025-08-04,QQQ,0.018451584916675978
2025-08-05,QQQ,-0.006789462007957048
2025-08-06,QQQ,0.012583168963123503
2025-08-07,QQQ,0.003384348993473729
2025-08-08,QQQ,0.009328194585679572
2025-08-11,QQQ,-0.002958885414527379
2025-08-12,QQQ,0.012568714154875815
2025-08-13,QQQ,0.0005000772185803637
2025-08-14,QQQ,-0.0007753798166022507
2025-08-15,QQQ,-0.004397404107960079
2025-08-18,QQQ,-0.00039848919147023043
2025-08-19,QQQ,-0.013567480738099214
2025-08-20,QQQ,-0.005937345834455043
2025-08-21,QQQ,-0.004629752606908344
2025-08-22,QQQ,0.015427375767702145
2025-08-25,QQQ,-0.0028847350593810273
2025-08-26,QQQ,0.004015298764006747
2025-08-27,QQQ,0.0015367985948659957
2025-08-28,QQQ,0.006259975834240761
2025-08-29,QQQ,-0.01157547635619105
2025-09-02,QQQ,-0.008380208156460234
2025-09-03,QQQ,0.00786754054254657
2025-09-04,QQQ,0.009051461152346008
2025-09-05,QQQ,0.001442903951759389
2025-09-08,QQQ,0.004877992896753058
2025-09-09,QQQ,0.00283314318335548
2025-09-10,QQQ,0.00032726098763768974
2025-09-11,QQQ,0.005820582853809153
2025-09-12,QQQ,0.004417122125826234
2025-09-15,QQQ,0.008556973981187044
2025-09-16,QQQ,-0.0008451015505749337
2025-09-17,QQQ,-0.0019959322672994384
2025-09-18,QQQ,0.009016953990459431
2025-09-19,QQQ,0.006769359058197866
2025-09-22,QQQ,0.005920040406268923
2025-09-23,QQQ,-0.006642311389766009
2025-09-24,QQQ,-0.0035105927419589733
2025-09-25,QQQ,-0.004311267227508853
2025-09-26,QQQ,0.004110897993047535
2025-09-29,QQQ,0.004631122206323113
2025-09-30,QQQ,0.0027391557161602353
2025-10-01,QQQ,0.004797049996228209
2025-10-02,QQQ,0.004111032687525995
2025-10-03,QQQ,-0.004209776427106071
2025-10-06,QQQ,0.0075102446232993
2025-10-07,QQQ,-0.005265689377054961
2025-10-08,QQQ,0.01146381790843809
2025-10-09,QQQ,-0.0012102417758411699
2025-10-10,QQQ,-0.03471428161662504
2025-10-13,QQQ,0.021221390611747326
2025-10-14,QQQ,-0.006661035033597162
2025-10-15,QQQ,0.007056807195861214
2025-10-16,QQQ,-0.0037029334416565085
2025-10-17,QQQ,0.006566780288896457
2025-10-20,QQQ,0.012600774003366899
2025-10-21,QQQ,-0.00026159065683206695
2025-10-22,QQQ,-0.009633966765999258
2025-10-23,QQQ,0.008406459128248223
2025-10-24,QQQ,0.010678303111145482
2025-10-27,QQQ,0.0178091908998963
2025-10-28,QQQ,0.00768991043985956
2025-10-29,QQQ,0.004502996742162146
2025-10-30,QQQ,-0.015288597196589704
2025-10-31,QQQ,0.004823927146611062
2025-11-03,QQQ,0.0047848565828598755
2025-11-04,QQQ,-0.020298090024921778
2025-11-05,QQQ,0.006507919736576495
2025-11-06,QQQ,-0.018627335773642728
2025-11-07,QQQ,-0.0031552842704474227
2025-11-10,QQQ,0.022124168416753687
2025-11-11,QQQ,-0.0026635001469004216
2025-11-12,QQQ,-0.0007883106144138674
2025-11-13,QQQ,-0.02041603710773876
2025-11-14,QQQ,0.0007560172896821094
