id,antelope_duiker,bird,blank,civet_genet,hog,leopard,monkey_prosimian,rodent
ZJ016488,0.18346179,0.008431964,0.25766912,0.17349756,0.011216299,0.32733443,0.013869178,0.024519626
ZJ016489,0.5215318,0.15112346,0.04502275,0.051869277,0.037774872,0.022375882,0.095830366,0.074471585
ZJ016490,0.15610854,0.013684971,0.025514917,0.6025924,0.17110348,0.011146004,0.012656737,0.0071929377
ZJ016491,0.00081194844,0.0011904022,0.004033081,0.00035533818,0.0010750899,0.99191725,0.00020731904,0.0004095407
ZJ016492,0.32806602,0.12283358,0.05832462,0.0047894223,0.006287057,0.0053732675,0.27522033,0.19910568
ZJ016493,0.32310286,0.25941548,0.16837977,0.0058660945,0.0101295905,0.016606675,0.19355118,0.022948394
ZJ016494,0.22602582,0.03477833,0.3704457,0.0003944319,0.0028724377,0.011054357,0.3406192,0.013809761
ZJ016495,0.089295305,0.08551386,0.05918848,0.04547964,0.014871036,0.0546768,0.4322673,0.21870755
ZJ016496,0.25403202,0.22959101,0.08158632,0.023778215,0.051509358,0.0465986,0.27688614,0.036018346
ZJ016497,0.13461375,0.35819572,0.126259,0.0035000513,0.028362976,0.08394464,0.14225093,0.122872874
ZJ016498,0.15415974,0.15324743,0.08242857,0.04982641,0.012786283,0.45223397,0.056483276,0.03883433
ZJ016499,0.21460104,0.4161982,0.05822099,0.00058352103,0.013548508,0.027239902,0.26559472,0.0040131505
ZJ016500,0.3884231,0.1341039,0.22878754,0.014721655,0.017730433,0.02912358,0.13438566,0.052724108
ZJ016501,0.06699848,0.011764083,0.27473867,0.29412812,0.14428249,0.078919716,0.0034610422,0.12570743
ZJ016502,0.10263856,0.024321036,0.35919026,0.25251612,0.034990605,0.014409474,0.0068638213,0.20507014
ZJ016503,0.28514957,0.049058527,0.2928408,0.002750732,0.0068030288,0.0038791208,0.31321758,0.046300612
ZJ016504,0.18441443,0.20417072,0.124884,0.004827839,0.3758544,0.0062303534,0.07774843,0.021869838
ZJ016505,0.30043498,0.06963706,0.24433136,0.10006946,0.09752137,0.031087298,0.027455263,0.12946314
ZJ016506,0.1700011,0.29499358,0.18927519,0.00041969775,0.01197818,0.013153904,0.3122557,0.007922562
ZJ016507,0.22902118,0.07295054,0.20750304,0.00819004,0.05423742,0.06894038,0.26783338,0.091324
ZJ016508,0.11489958,0.03929878,0.31891337,0.15245873,0.017220752,0.013909021,0.012069932,0.33122984
ZJ016509,0.041574482,0.87815344,0.022107266,0.0063701496,0.0009303035,0.0020484135,0.011113241,0.03770265
ZJ016510,0.09484298,0.010938793,0.13422976,0.19689932,0.0067171967,0.0021885987,0.0024863472,0.551697
ZJ016511,0.20335196,0.005797207,0.4846438,0.013988912,0.015459837,0.0113130445,0.004370999,0.26107424
ZJ016512,0.118360974,0.24619697,0.2185172,0.0038807187,0.007624178,0.012388854,0.36951408,0.023516959
ZJ016513,0.16356023,0.16675246,0.11743593,0.008544147,0.037074167,0.004553812,0.44309166,0.058987588
ZJ016514,0.3418769,0.028521145,0.030014783,0.4730632,0.07672592,0.0383067,0.0067704045,0.004720928
ZJ016515,0.13533118,0.108105496,0.22665727,0.004477316,0.08696639,0.17254063,0.24194469,0.023977041
ZJ016516,0.23750257,0.0018610612,0.16082081,0.23771256,0.00096460205,0.0048900535,0.0048614577,0.35138685
ZJ016517,0.179053,0.37194386,0.18677248,0.009817483,0.098816335,0.010842731,0.06979886,0.07295523
ZJ016518,0.8835625,1.955374e-05,0.013582383,0.07320715,0.0005515676,0.0058048293,0.00031669613,0.022955343
ZJ016519,0.04098514,0.0013541791,0.26200297,0.29279414,0.27721468,0.052875616,0.0029843573,0.06978887
ZJ016520,0.34108496,0.0009486171,0.08377139,0.46559182,0.0034053875,0.026404122,0.001729475,0.077064246
ZJ016521,0.19870213,0.01886876,0.19758375,0.0013639488,0.006151003,0.006148091,0.53361076,0.037571546
ZJ016522,0.8340741,0.008684793,0.060475457,0.0024253703,0.00765165,0.02954358,0.01022944,0.046915602
ZJ016523,0.117378995,0.6930002,0.051353183,0.0015589894,0.012474889,0.0021583308,0.08392888,0.038146537
ZJ016524,0.30333793,0.005491981,0.48911908,0.01958054,0.0020148612,0.018072702,0.007987137,0.15439573
ZJ016525,0.05873189,0.0050853374,0.0747889,0.130848,0.37542623,0.2850871,0.009973714,0.06005876
ZJ016526,0.29701167,0.14660579,0.06786529,0.18708973,0.016593162,0.007629869,0.16089512,0.11630937
ZJ016527,0.050574385,0.0013049573,0.15719496,0.36406443,0.0009994253,0.0027538496,0.0018587329,0.4212493
ZJ016528,0.20439318,0.029289676,0.4386328,0.00037676323,0.002561432,0.011143964,0.3060555,0.007546784
ZJ016529,0.07482952,0.11817293,0.03849839,0.019329054,0.013575798,0.07245279,0.5806845,0.08245711
ZJ016530,0.2280642,0.11361897,0.26192084,0.0014162889,0.044875734,0.17849906,0.14816724,0.023437709
ZJ016531,0.116977856,0.0038787832,0.14703746,0.57953197,0.012883576,0.100816205,0.004108489,0.03476559
ZJ016532,3.6945963e-05,4.2238213e-07,0.00030259058,8.695123e-08,1.2307067e-06,0.99964166,6.3857037e-06,1.056522e-05
ZJ016533,0.17194918,0.11209497,0.15406734,0.010720795,0.08473915,0.046011515,0.3360786,0.08433844
ZJ016534,0.082701944,0.003946363,0.3038479,0.2750257,0.015546828,0.014230462,0.0022710313,0.30242974
ZJ016535,0.07583668,0.022232495,0.06307459,0.0022116292,0.016107962,0.002228924,0.7993742,0.018933468
ZJ016536,0.2701521,0.17850946,0.23417594,0.00039523828,0.006600842,0.018133478,0.24966691,0.04236604
ZJ016537,0.38428512,0.029594151,0.16217056,0.0028644693,0.015251004,0.05618479,0.32023603,0.029413862
ZJ016538,0.036606863,0.44806117,0.047283348,0.00020362034,0.0018595936,0.027255235,0.3734117,0.065318495
ZJ016539,0.31100142,0.080387354,0.22654217,0.0025781859,0.0014410758,0.0044471696,0.3125743,0.06102827
ZJ016540,0.23396379,0.24922152,0.23466222,0.0010399116,0.0047100666,0.036064718,0.14941038,0.09092742
ZJ016541,0.20092681,0.03677712,0.4248334,0.0006213554,0.031867694,0.0632778,0.22490036,0.016795453
ZJ016542,0.08371054,0.009755441,0.12799682,0.32823887,0.01032329,0.03622354,0.0024942732,0.40125725
ZJ016543,0.2850217,0.02908244,0.047811817,0.39719376,0.16970946,0.028732104,0.016958384,0.025490344
ZJ016544,0.881988,0.010395216,0.047306493,5.391564e-05,0.0007036571,0.0031385925,0.041010197,0.015403921
ZJ016545,0.19925655,0.05309531,0.24379179,0.0064452873,0.030439742,0.14321128,0.28844908,0.03531099
ZJ016546,0.13961019,0.0026882624,0.40335172,0.09825535,0.041494355,0.062183317,0.00440546,0.2480114
ZJ016547,0.14600287,0.0022086368,0.39937943,0.08747722,0.01820863,0.25404736,0.0033489494,0.08932696
ZJ016548,0.28142834,0.04088915,0.32760897,0.059516735,0.01644948,0.005405631,0.040389642,0.228312
ZJ016549,0.20927928,0.17143074,0.29142383,0.0005478902,0.009664245,0.014320493,0.2972672,0.0060663642
ZJ016550,0.43238494,0.082051456,0.038629893,0.0055396464,0.007871909,0.0016528929,0.17853783,0.25333136
ZJ016551,0.32265365,0.31494775,0.08213962,0.0014104598,0.005532933,0.054561682,0.20820077,0.010553122
ZJ016552,0.09611995,0.015116952,0.60378104,0.0028928432,0.011843481,0.052200507,0.20827425,0.009770972
ZJ016553,0.359132,0.049303725,0.31938145,0.0033450427,0.011083804,0.054283064,0.17820795,0.025263024
ZJ016554,0.42022237,0.1185096,0.13948433,0.0010050752,0.018711094,0.0426479,0.25098372,0.008435904
ZJ016555,0.2542764,0.11265614,0.17907079,0.1594854,0.023665657,0.020637859,0.07384823,0.17635952
ZJ016556,0.22386035,0.5255541,0.03654204,0.0022785456,0.015030053,0.02497137,0.16656594,0.0051976424
ZJ016557,0.31119812,0.23142745,0.12980075,0.0059754266,0.05206794,0.027964652,0.14369504,0.09787062
ZJ016558,0.0015375974,0.0026749428,0.0069217086,0.00046115214,0.0007487309,0.98553973,0.0016507109,0.00046535127
ZJ016559,0.5301314,0.024123829,0.1763545,0.022433965,0.020748723,0.0091015315,0.1489,0.06820598
ZJ016560,0.3086117,0.07964417,0.28362805,0.0008298719,0.040625244,0.0162891,0.26085797,0.009513909
ZJ016561,0.20740837,0.033517376,0.24329513,0.0011601748,0.07885361,0.01594098,0.33658096,0.083243355
ZJ016562,0.16608916,0.3882733,0.13574164,0.00070452737,0.0151328975,0.002307751,0.2862993,0.005451344
ZJ016563,0.3558926,0.03273138,0.17882644,0.0005811911,0.0043573263,0.16854715,0.24722797,0.0118359355
ZJ016564,0.05764922,0.82942003,0.03100126,0.00047531823,0.0012219527,0.0057643955,0.060876403,0.013591443
ZJ016565,0.057531726,0.089121506,0.013690283,0.057795417,0.018963072,0.75550526,0.00518162,0.002211061
ZJ016566,0.098493874,0.042997785,0.29586324,0.0037606792,0.002655367,0.007585664,0.49864867,0.04999473
ZJ016567,0.13289455,0.011438085,0.2098767,0.07312052,0.0043344665,0.0028620353,0.0042664735,0.5612072
ZJ016568,0.0068030143,0.006854419,0.017250706,6.1154766e-05,0.0018713083,0.9623443,0.003728211,0.0010868881
ZJ016569,0.08254799,0.045073587,0.36366743,0.0013573657,0.0024570383,0.015042059,0.44481176,0.0450428
ZJ016570,0.20674886,0.27671883,0.17634818,0.004472388,0.04429598,0.040778898,0.19844833,0.05218847
ZJ016571,0.05265434,0.0009297436,0.2586104,0.047119003,0.028061278,0.5458688,0.0013983591,0.06535802
ZJ016572,0.14975435,0.2952759,0.12692364,0.002301529,0.0027563367,0.05496029,0.33932588,0.028702058
ZJ016573,0.30304745,0.064171486,0.49913502,0.011805562,0.0016605739,0.010127997,0.058521707,0.051530253
ZJ016574,0.03896626,0.0011924946,0.31861725,0.16101545,0.000539319,0.012169613,0.0018429706,0.4656566
ZJ016575,0.03673457,0.0033785747,0.39399433,0.10974346,0.050480284,0.13229755,0.0019301394,0.27144113
ZJ016576,0.3954019,0.06937585,0.0743782,0.157224,0.0023746474,0.0031853572,0.010079805,0.28798023
ZJ016577,0.2898637,0.079551876,0.17916279,0.00344427,0.0011702457,0.012719908,0.3389012,0.09518597
ZJ016578,0.38380763,0.029187493,0.19164534,0.0046974625,0.022867346,0.0051521305,0.33430433,0.028338239
ZJ016579,0.29950225,0.26946864,0.09998205,0.0024335019,0.0066146594,0.04064961,0.26644313,0.014906126
ZJ016580,0.27474457,0.10215486,0.19504575,0.010711394,0.0027993855,0.004261199,0.35111386,0.059169013
ZJ016581,0.17584042,0.2192451,0.08543684,0.00097566436,0.0027972362,0.018050056,0.16486035,0.33279434
ZJ016582,6.83863e-05,6.452213e-07,0.00042221535,9.434243e-08,9.702251e-06,0.99948037,5.0643284e-06,1.3491259e-05
ZJ016583,0.41297588,0.06920306,0.21509439,0.004609703,0.010897358,0.008071966,0.22264777,0.05649994
ZJ016584,0.1157417,0.0059109414,0.114473954,0.35902274,0.003016763,0.36694306,0.00908955,0.025801348
ZJ016585,0.00884436,0.008288551,0.008960521,0.008776413,0.00888432,0.9535747,0.0014764334,0.0011947255
ZJ016586,0.30481094,0.052310612,0.22973126,0.0019178754,0.00170546,0.0066099158,0.347619,0.055294964
ZJ016587,0.08648025,0.019879721,0.61208403,0.00045085605,0.0019660643,0.23918998,0.032284312,0.0076648006
ZJ016588,0.4684315,0.014627288,0.012385776,0.46172354,0.01584851,0.007866699,0.008777181,0.010339502
ZJ016589,0.10500782,0.06993837,0.17988844,0.0028376593,0.00866305,0.16945659,0.4500891,0.014119008
ZJ016590,0.30779135,0.11485163,0.23389989,0.04028662,0.10927417,0.0324796,0.068634644,0.092782095
ZJ016591,0.16678551,0.017326389,0.09230557,0.0008907324,0.008019458,0.006918051,0.6976788,0.010075475
ZJ016592,0.24535184,0.21683702,0.086413525,0.018046971,0.011060627,0.07117863,0.21480659,0.13630484
ZJ016593,0.31946778,0.15403631,0.24515395,0.050640684,0.0387454,0.014516598,0.12084456,0.056594677
ZJ016594,0.4328937,0.11551677,0.02950732,0.18963388,0.029270768,0.012501693,0.072801046,0.11787482
ZJ016595,0.15133867,0.054230172,0.2172665,0.00055912614,0.0046819253,0.015497057,0.54355305,0.012873484
ZJ016596,0.5288141,0.019731915,0.2226552,0.0016088721,0.060904976,0.014648682,0.13989289,0.011743357
ZJ016597,0.18978052,0.2623816,0.11137633,0.0045411964,0.011003873,0.0021433297,0.3996013,0.019171843
ZJ016598,0.00018433176,1.2061254e-06,0.0005714321,6.8693384e-07,4.2237166e-06,0.9992195,7.766018e-06,1.0905136e-05
ZJ016599,0.2483655,0.13267134,0.17608719,0.0024970032,0.046898235,0.031221732,0.30991215,0.052346822
ZJ016600,0.22166763,0.56500846,0.010251206,0.0024174594,0.02868623,0.0064352364,0.16316709,0.0023666462
ZJ016601,0.36718798,0.07055623,0.18824445,0.013841892,0.18437268,0.020996463,0.12863873,0.026161617
ZJ016602,0.2694545,0.1419157,0.118403226,0.022230223,0.021364808,0.028958201,0.29609698,0.101576366
ZJ016603,0.20259406,0.061889738,0.037919894,0.010140246,0.015982123,0.0045259865,0.61555034,0.051397603
ZJ016604,0.088090315,0.00995679,0.23877104,0.2603155,0.0037689279,0.0033680806,0.0032210236,0.39250833
ZJ016605,0.1699143,0.06400803,0.23448709,0.004676756,0.0035446966,0.23721728,0.22840182,0.057750035
ZJ016606,0.31331962,0.12166005,0.18100625,0.005293681,0.15497011,0.04430693,0.14922538,0.030217925
ZJ016607,0.006056552,0.00019660313,0.019891713,0.23002917,0.00012062291,0.73819226,0.00090479787,0.0046083066
ZJ016608,0.052851994,0.0023649659,0.14893632,0.6102055,0.009248561,0.015803477,0.001701016,0.15888816
ZJ016609,0.13923664,0.067560226,0.16558677,0.0044218944,0.016632056,0.06688693,0.40688935,0.13278615
ZJ016610,0.31529376,0.18246004,0.24467786,0.0024498857,0.06995038,0.01234275,0.09897755,0.073847875
ZJ016611,0.123490766,0.051311795,0.20757405,0.001165403,0.005286037,0.07253729,0.4451834,0.093451254
ZJ016612,0.12924077,0.0035401783,0.41628233,0.2517525,0.026541004,0.0830297,0.008821884,0.08079164
ZJ016613,0.0020917326,0.0016218402,0.00267763,0.006427691,0.00013093831,0.98463476,0.002189095,0.00022628576
ZJ016614,0.10024482,0.035005666,0.078290716,0.7122724,0.015630594,0.031334195,0.008774052,0.018447535
ZJ016615,0.16465774,0.28451252,0.26925775,0.0024681964,0.006975326,0.006486683,0.11290027,0.15274154
ZJ016616,0.41319984,0.014084728,0.329229,0.0009003057,0.006591502,0.052079033,0.1786844,0.0052311514
ZJ016617,0.23598549,0.067379065,0.15416278,0.003603118,0.0032494252,0.0025754024,0.4769744,0.0560703
ZJ016618,0.33434996,0.14703439,0.10729539,0.031622257,0.021763997,0.025757112,0.21279922,0.11937768
ZJ016619,0.25831255,0.040904354,0.034561284,0.33882868,0.18662676,0.10989719,0.016453257,0.014415954
ZJ016620,0.3187731,0.021935835,0.037346326,0.4444057,0.08179913,0.07451629,0.009462013,0.0117616225
ZJ016621,0.30366465,0.034901906,0.037775677,0.3145752,0.23971711,0.036928304,0.01550733,0.016929809
ZJ016622,0.26231474,0.07645706,0.23919523,0.0066845696,0.033832397,0.06632325,0.27872923,0.03646355
ZJ016623,0.05607261,0.0029915273,0.1591714,0.36999688,0.0074666166,0.006336131,0.0013995982,0.39656523
ZJ016624,0.3205352,0.082295336,0.2553449,0.003011009,0.07519802,0.031223614,0.18503475,0.047357216
ZJ016625,0.41841674,0.00083513546,0.09853647,0.14081427,0.0018033112,0.0031573228,0.004193495,0.33224326
ZJ016626,0.14031436,0.028676558,0.086575456,0.5918479,0.059858646,0.05615519,0.0054652477,0.031106628
ZJ016627,0.025380727,0.0021307638,0.014618995,0.0001724163,0.00015914027,0.004710754,0.8905621,0.06226506
ZJ016628,0.6443554,0.066463694,0.008095571,0.0010905488,0.11323934,0.0065850085,0.121920705,0.038249686
ZJ016629,0.09200966,0.20163578,0.08756502,0.49617836,0.054041214,0.025877267,0.02261951,0.020073121
ZJ016630,0.18186624,0.04431318,0.3697525,0.0016443495,0.011681617,0.04112654,0.32992628,0.01968926
ZJ016631,0.20601916,0.006103214,0.3941823,0.25863495,0.004818213,0.014720302,0.017217012,0.09830479
ZJ016632,0.25984102,0.023351563,0.04554287,0.59045434,0.032749828,0.011873598,0.019294571,0.016892238
ZJ016633,0.2367484,0.03768926,0.43788555,7.993862e-05,0.0024466892,0.004718092,0.27715296,0.0032790957
ZJ016634,0.22697729,0.1413273,0.1961777,0.038826525,0.19348262,0.01648931,0.1093232,0.07739599
ZJ016635,0.14045271,0.33891886,0.14967337,0.0032763537,0.04552712,0.045131322,0.23560157,0.041418646
ZJ016636,0.19363348,0.016118448,0.14413296,0.11744482,0.013749533,0.004075198,0.01917869,0.49166688
ZJ016637,0.15494874,0.0765811,0.24855055,0.012100588,0.008524229,0.14828146,0.16220005,0.18881336
ZJ016638,0.28642637,0.16912964,0.14106041,0.032361824,0.018416923,0.019644555,0.2007819,0.13217844
ZJ016639,0.12671198,0.002306648,0.11211397,0.6126585,0.0018977661,0.0053014145,0.0075617568,0.13144799
ZJ016640,0.23625797,0.4541738,0.15677768,0.021996776,0.0053977007,0.0033023956,0.015833033,0.10626062
ZJ016641,0.35454634,0.015841926,0.054877475,0.47266415,0.05802933,0.025698809,0.012359882,0.0059820786
ZJ016642,0.24950524,0.040582556,0.0308974,0.5177628,0.114449285,0.019464651,0.015628519,0.011709536
ZJ016643,0.35737598,0.19259822,0.17230453,0.0040699644,0.07036549,0.030095333,0.11218934,0.061001144
ZJ016644,0.2597893,0.05661257,0.3671258,0.008148762,0.016776387,0.012205307,0.22629501,0.053046897
ZJ016645,0.6341167,0.06172485,0.013785387,0.00022741409,0.008926674,0.033677932,0.24023299,0.0073080133
ZJ016646,0.1540233,0.09077713,0.035624783,0.0066566775,0.036384698,0.0036715653,0.63912654,0.033735286
ZJ016647,0.116030596,0.0016326176,0.201933,0.31161007,0.0014699945,0.0049332106,0.0030500346,0.35934046
ZJ016648,0.22793193,0.036252763,0.3712464,0.0005993405,0.0074773044,0.0160977,0.32435828,0.016036259
ZJ016649,0.104555875,0.009627208,0.36452445,0.36674216,0.018141076,0.020337103,0.0087953145,0.10727677
ZJ016650,0.3378844,0.0685176,0.21505912,0.01739943,0.013010685,0.052579887,0.04433184,0.25121704
ZJ016651,0.33770302,0.16181682,0.20157695,0.0039469595,0.03697428,0.0041170213,0.12169349,0.13217138
ZJ016652,0.20800744,0.07864036,0.3742116,0.0010319904,0.015373072,0.07672522,0.23312809,0.012882181
ZJ016653,0.2668951,0.001399183,0.01819944,0.0003957254,0.69828594,0.00512706,0.0060482984,0.003649221
ZJ016654,0.28583986,0.09308336,0.12998126,0.006810702,0.014938747,0.006705569,0.43185148,0.030789027
ZJ016655,0.73273593,0.025429368,0.06326698,0.00054919557,0.0018054437,0.029160656,0.13432589,0.012726557
ZJ016656,0.06682881,0.88493377,0.018259885,0.002302351,0.0073363087,0.00039543584,0.011224347,0.008719081
ZJ016657,0.14568488,0.17619196,0.21769989,0.0022973805,0.0038899395,0.0064870226,0.4152822,0.032466684
ZJ016658,0.27158448,0.042161644,0.3424933,0.05998938,0.007647112,0.009505901,0.07443068,0.19218752
ZJ016659,0.04399868,0.14331284,0.29847676,0.00067023205,0.040763054,0.39615187,0.018053133,0.058573432
ZJ016660,0.3485459,0.0499758,0.20842128,0.0018825912,0.018606078,0.009792092,0.34564385,0.017132359
ZJ016661,0.26824883,0.008734831,0.45689085,0.06642967,0.006091514,0.033336803,0.0068037338,0.15346375
ZJ016662,0.015985072,0.0072845207,0.02816238,0.06408508,0.0012436903,0.8737856,0.0053229127,0.004130774
ZJ016663,0.017192695,0.0038347547,0.034869272,0.0023384285,0.006662097,0.9154851,0.0038923342,0.015725343
ZJ016664,0.1149922,0.0053235563,0.31505883,0.32525593,0.12090295,0.02355494,0.010944287,0.08396736
ZJ016665,0.1361808,0.029043995,0.40148947,0.0010171385,0.0028868678,0.009315093,0.39197132,0.02809534
ZJ016666,0.31656784,0.23999503,0.07345093,0.0049417205,0.04322514,0.0166536,0.2170914,0.088074334
ZJ016667,0.34930962,0.108322516,0.07907002,0.025350345,0.014844353,0.008497754,0.23923916,0.17536622
ZJ016668,0.38557073,0.0358155,0.29118246,0.06555279,0.02332296,0.010737919,0.039916005,0.14790161
ZJ016669,0.22232363,0.041055728,0.2550768,0.0021509759,0.0067638443,0.014031959,0.43415636,0.024440756
ZJ016670,0.19900844,0.0010231216,0.3462411,0.28359807,0.0019844694,0.012089173,0.0015352973,0.15452036
ZJ016671,0.22541822,0.0075138477,0.5309538,0.018401425,0.0017907142,0.011754733,0.00527078,0.19889635
ZJ016672,0.1583571,0.00719326,0.05060578,0.00575066,0.71546453,0.04053994,0.010520312,0.0115684215
ZJ016673,0.10670497,0.035874438,0.46393207,0.000519394,0.03176809,0.004300205,0.31935972,0.037541136
ZJ016674,0.026680391,0.0049597886,0.013069645,0.0006528933,0.0015897931,0.0043765176,0.93865824,0.010012678
ZJ016675,0.11693654,0.03610123,0.04106283,0.00044045993,0.0019875139,0.002816931,0.78573465,0.014919823
ZJ016676,0.30614036,0.07928444,0.21843435,0.00039217356,0.06815674,0.0019394768,0.32238555,0.0032668968
ZJ016677,0.08592323,0.03874229,0.057675555,0.7381558,0.008426664,0.022619758,0.021157335,0.02729941
ZJ016678,0.032273304,0.17478709,0.05302667,0.0027412563,0.24456146,0.04610623,0.42997304,0.016530968
ZJ016679,0.46652532,0.10587627,0.15828356,0.0010617645,0.0038808328,0.021106213,0.21407378,0.02919228
ZJ016680,0.23706779,0.24826652,0.121070914,0.042107224,0.013515355,0.031437244,0.17550835,0.13102664
ZJ016681,0.29524195,0.09334811,0.13649009,0.002976568,0.025755972,0.008412849,0.3944941,0.043280385
ZJ016682,0.1758447,0.1609435,0.10269324,0.00037012485,0.011032638,0.009963492,0.53425413,0.004898205
ZJ016683,0.36693254,0.041412126,0.24189113,0.046396136,0.023016592,0.09015561,0.05746752,0.13272837
ZJ016684,0.39034808,0.025995983,0.035303775,0.43980208,0.026676003,0.06247333,0.008645405,0.010755372
ZJ016685,0.14669667,0.12754163,0.2263252,0.0015455085,0.0026843853,0.012886846,0.46328726,0.01903249
ZJ016686,0.10485595,0.5941638,0.06790723,0.0005554492,0.0094445525,0.02659413,0.18987294,0.00660601
ZJ016687,0.47606018,0.0566684,0.33644196,0.002053732,0.0031759727,0.03392775,0.045118403,0.046553627
ZJ016688,0.25941494,0.0714707,0.28001964,0.0022272929,0.03282071,0.07746896,0.2498189,0.026758919
ZJ016689,0.465964,0.045209207,0.17825693,0.07454335,0.0895698,0.010318546,0.047087066,0.08905102
ZJ016690,0.101947635,0.005618196,0.24617416,0.2688992,0.042390622,0.21057704,0.0030466893,0.1213465
ZJ016691,0.042303175,0.008382419,0.034651875,0.00019209817,0.21757218,0.003687281,0.6885394,0.0046715895
ZJ016692,0.09405495,0.0182205,0.60165286,0.00045287356,0.0020329764,0.24521632,0.03136394,0.007005526
ZJ016693,0.052333392,0.015765626,0.08533118,0.009141525,0.005490955,0.80017465,0.022011831,0.009750834
ZJ016694,0.21727085,0.19266339,0.121872224,0.034219265,0.018348677,0.036303174,0.27350935,0.105813004
ZJ016695,0.15978003,0.026793974,0.15422519,0.0028005904,0.038421236,0.014477703,0.57845455,0.025046688
ZJ016696,0.18735324,0.0137791345,0.4090671,0.000114522016,0.0013769572,0.006144818,0.37544355,0.0067206663
ZJ016697,0.23121384,0.44727805,0.13746753,0.0036827712,0.032430455,0.0029430091,0.098686494,0.04629786
ZJ016698,0.43453735,0.01069796,0.01176413,0.0001348169,0.46644464,0.07098465,0.0038532706,0.001583186
ZJ016699,0.2744382,0.31543082,0.1361525,0.031093126,0.024928993,0.0032657462,0.16980094,0.044889722
ZJ016700,0.0013364645,0.0013209879,0.0070700385,0.00019275857,0.00013198314,0.9877785,0.00046717617,0.0017021376
ZJ016701,0.25049207,0.40714905,0.1190558,0.00035775392,0.011365792,0.02575495,0.121616,0.06420856
ZJ016702,0.2048797,0.021881633,0.30207112,0.00043175396,0.0014920301,0.10607534,0.35339746,0.009770949
ZJ016703,0.08367322,0.48323563,0.2679711,0.00047920752,0.0040369076,0.037206586,0.11777217,0.0056252168
ZJ016704,0.08929294,0.08353647,0.15480946,0.010244943,0.0060233832,0.5958549,0.035270207,0.024967732
ZJ016705,0.28953788,0.1168843,0.0866742,0.04767504,0.009074509,0.012024627,0.27698663,0.16114281
ZJ016706,0.2496559,0.010023901,0.33057323,0.07810652,0.05951837,0.12412316,0.0071347402,0.14086421
ZJ016707,0.14503369,0.052482966,0.31968182,0.00029742843,0.0029262768,0.0077259326,0.44524103,0.02661081
ZJ016708,0.2053213,0.01938091,0.20940767,0.085206605,0.01873525,0.004012915,0.03315964,0.42477572
ZJ016709,0.4248284,0.14070272,0.17812142,0.01443299,0.037156295,0.028105814,0.13085666,0.045795668
ZJ016710,0.25933066,0.09825456,0.21695027,0.0677187,0.018782418,0.01355832,0.08644143,0.2389636
ZJ016711,0.060940452,0.0884561,0.24195747,0.00020657634,0.0020457988,0.35220888,0.1771007,0.07708398
ZJ016712,0.35814342,0.1268723,0.10243452,0.005977006,0.19725043,0.008179731,0.16783535,0.033307236
ZJ016713,0.09019775,0.024785861,0.41571057,0.0011339815,0.115266226,0.00231736,0.26190326,0.088684976
ZJ016714,0.021975057,0.0013048674,0.29872477,0.4041369,0.003163826,0.19958319,0.00079496717,0.07031647
ZJ016715,0.45193148,0.012175036,0.22525851,0.06604272,0.098870054,0.030902978,0.027447185,0.08737201
ZJ016716,0.07827246,0.029717473,0.33124128,0.004876673,0.0022622673,0.036899824,0.44495392,0.0717761
ZJ016717,0.14795256,0.01704578,0.048754744,0.0026132276,0.0016986908,0.0030833294,0.73833716,0.040514514
ZJ016718,0.1362909,0.04280209,0.3017774,0.00025106428,0.00088335463,0.44485226,0.05923157,0.013911377
ZJ016719,0.21076955,0.14494555,0.25787634,0.0010012115,0.009408155,0.037962604,0.25537923,0.0826574
ZJ016720,0.37910125,0.122257516,0.10552911,0.01751349,0.031090612,0.0042224564,0.19038627,0.14989932
ZJ016721,0.0731342,0.014843953,0.16285579,0.0002990375,0.0036553773,0.61379606,0.099361375,0.03205425
ZJ016722,0.14378329,0.10168389,0.14184542,0.13369472,0.0656095,0.26781812,0.1319449,0.01362011
ZJ016723,0.3837026,0.012962914,0.047209904,0.41424692,0.08021398,0.02870804,0.015916672,0.017038992
ZJ016724,0.21847261,0.11819891,0.2671259,0.00033725522,0.00831903,0.0035866192,0.37815237,0.0058073346
ZJ016725,0.08820914,0.06598839,0.16005705,0.015780006,0.0038795695,0.6149245,0.028072368,0.023089012
ZJ016726,0.15552324,0.16357836,0.13878565,0.0008665777,0.018138142,0.0072060106,0.5046427,0.011259287
ZJ016727,0.08963592,0.09307308,0.032572977,5.075575e-05,0.03866521,0.73004144,0.01524136,0.0007192512
ZJ016728,0.40347517,0.037107736,0.028340137,0.40654376,0.061119847,0.019805089,0.023475565,0.020132713
ZJ016729,0.20118253,0.117659025,0.2570896,0.0007276222,0.027852058,0.0012618315,0.3816391,0.012588196
ZJ016730,0.09864112,0.0045511094,0.20883283,0.4230775,0.016093183,0.07476464,0.0025495437,0.17149013
ZJ016731,0.26359484,0.014864629,0.030907435,0.6359771,0.016829975,0.017951982,0.009328725,0.010545349
ZJ016732,0.32580456,0.0842346,0.28987992,0.0008170256,0.044492185,0.020733168,0.2257331,0.008305483
ZJ016733,0.38508844,0.122506686,0.1572664,0.0060880473,0.010688205,0.01455512,0.2869946,0.016812515
ZJ016734,0.3271837,0.09369304,0.07898316,0.029438403,0.0076082363,0.005864322,0.27151975,0.18570942
ZJ016735,0.018378455,0.0020259297,0.010349933,4.6343677e-05,0.016979102,0.003917874,0.9464391,0.0018633322
ZJ016736,0.27889538,0.13897033,0.18224052,0.0049624876,0.009617995,0.03405119,0.26251373,0.0887483
ZJ016737,0.25716734,0.1838016,0.07448546,0.010573922,0.01842044,0.011357861,0.28471833,0.15947507
ZJ016738,0.061538424,0.08957799,0.32532457,0.00032104485,0.0015228278,0.28055727,0.17201033,0.06914757
ZJ016739,0.11230444,0.10864209,0.024501536,0.0016006036,0.0027976858,0.0003801228,0.73598826,0.013785258
ZJ016740,0.54153275,0.028740423,0.017560244,0.1473917,0.18525244,0.049114306,0.022904381,0.0075037233
ZJ016741,0.27379638,0.17927772,0.08243918,0.04134597,0.013956563,0.050164822,0.2387111,0.120308235
ZJ016742,0.3105522,0.11710598,0.069441885,0.008116618,0.02311008,0.005808084,0.27701715,0.18884802
ZJ016743,0.23224595,0.041031063,0.25263023,0.0038315477,0.013001617,0.024944685,0.34912354,0.08319133
ZJ016744,0.8122471,0.00029968066,0.039972227,0.083018996,0.005164363,0.002167789,0.0006731736,0.056456663
ZJ016745,0.2230322,0.32962108,0.18872975,0.057249945,0.0027333545,0.0044524116,0.021682993,0.17249818
ZJ016746,0.7106546,0.04404623,0.051211685,0.0099918395,0.039842892,0.0044022603,0.01117998,0.12867051
ZJ016747,0.37375155,0.012395821,0.062772445,0.00067144743,0.006107384,0.004583231,0.5287622,0.010955969
ZJ016748,0.12024482,0.55071205,0.047230523,0.0015540671,0.0036910991,0.011463415,0.13894968,0.1261544
ZJ016749,0.07781025,0.017872322,0.3792747,0.00021553796,0.0024761888,0.00062061695,0.4431182,0.07861219
ZJ016750,0.25342995,0.1856079,0.15786944,0.0025497947,0.005064843,0.036335923,0.16660766,0.19253452
ZJ016751,0.12976848,0.3293482,0.31697217,0.001065788,0.006767056,0.022203341,0.10777866,0.08609634
ZJ016752,0.08142576,0.62588596,0.05572936,0.0017443331,0.041738,0.02616729,0.15569735,0.011611947
ZJ016753,0.10177249,0.60287297,0.03699566,0.0031704437,0.012690624,0.004262587,0.22205433,0.016180899
ZJ016754,0.28052527,0.0065319035,0.30330938,0.06284416,0.02034608,0.2020628,0.009512545,0.114867866
ZJ016755,0.13466503,0.019090192,0.14500216,0.0003409239,0.0029165016,0.009250269,0.67891806,0.009816894
ZJ016756,0.2367468,0.02746979,0.53281665,0.0003685295,0.00769631,0.0073953527,0.16020793,0.027298644
ZJ016757,0.08787576,0.6249387,0.07773938,0.0028413637,0.015662821,0.017845426,0.15413694,0.018959578
ZJ016758,0.05581817,0.010085597,0.008680502,0.0015721656,0.0072240382,0.014040346,0.8977986,0.0047805477
ZJ016759,0.36231402,0.027463062,0.02079859,0.51839375,0.03652731,0.017644392,0.0076121576,0.009246652
ZJ016760,0.22886282,0.056641385,0.27166808,0.0004591031,0.0031958474,0.0039609317,0.42857096,0.0066408413
ZJ016761,0.42743942,0.09540146,0.17836544,0.0083582485,0.057806496,0.0064127212,0.13868895,0.08752721
ZJ016762,0.12837869,0.009708672,0.19940437,0.33232757,0.0067285276,0.009946157,0.0033161985,0.3101898
ZJ016763,0.117245734,0.11711686,0.029421872,3.6736466e-05,0.05962739,0.65929383,0.01595969,0.0012978439
ZJ016764,0.21610968,0.049258742,0.31714407,0.003927973,0.033473127,0.11574486,0.22907221,0.035269346
ZJ016765,0.36228746,0.03315795,0.1485854,0.008274968,0.10423009,0.013559043,0.29372525,0.036179896
ZJ016766,0.17922293,0.037676543,0.35630006,0.0007254039,0.009235961,0.0146429455,0.38010302,0.022093136
ZJ016767,0.3625386,0.13456234,0.15361512,0.03386719,0.13347568,0.012696986,0.13380325,0.03544086
ZJ016768,0.22576328,0.18920137,0.18449669,0.010722098,0.009395547,0.033347853,0.20791823,0.13915494
ZJ016769,0.29760164,0.13499221,0.21156996,0.0038346504,0.017895475,0.05710163,0.2350336,0.041970864
ZJ016770,0.29461145,0.20242094,0.13636556,0.022102326,0.013140937,0.009937217,0.21355723,0.10786437
ZJ016771,0.07652173,0.006431787,0.2504697,0.28252196,0.004110728,0.01014477,0.001837727,0.36796162
ZJ016772,0.008098262,0.004185405,0.01746692,0.00019216447,0.0016226743,0.9665757,0.00109701,0.0007619135
ZJ016773,0.47940233,0.03280122,0.20573926,0.02293513,0.04824734,0.06850928,0.04981123,0.092554204
ZJ016774,0.2678467,0.052112028,0.33691016,0.0006523123,0.016658582,0.10903815,0.19540094,0.021381088
ZJ016775,0.19096904,0.03749146,0.4619671,0.0003270598,0.0046087783,0.022989737,0.275514,0.0061328537
ZJ016776,0.11781882,0.013708828,0.093108684,0.11893558,0.0038888569,0.0032371106,0.008158091,0.64114404
ZJ016777,0.005594239,0.00036331377,0.0016780841,4.784404e-05,0.00099022,0.0007462872,0.98929304,0.0012869487
ZJ016778,0.07117186,0.0036553142,0.31358957,0.37337747,0.028405,0.008014043,0.0019393446,0.19984746
ZJ016779,0.14109273,0.5763593,0.083363414,0.015646745,0.00933595,0.014123245,0.076289356,0.08378928
ZJ016780,0.115306675,0.01796871,0.20722093,0.00051892723,0.005607241,0.023747712,0.6140698,0.015560014
ZJ016781,0.19556336,0.23826429,0.19188619,0.006781176,0.17077518,0.032592453,0.11287467,0.05126265
ZJ016782,0.28494006,0.017184982,0.1922985,0.07432213,0.11830203,0.042993564,0.011989995,0.25796875
ZJ016783,0.16725251,0.085457414,0.1612984,0.0046144184,0.002724401,0.014523804,0.39715862,0.16697046
ZJ016784,0.4322242,0.11501371,0.11281872,0.005386544,0.02053853,0.01810104,0.23030841,0.065608785
ZJ016785,0.08843602,0.029515946,0.081206195,0.0025010821,0.0018496356,0.017158708,0.7004974,0.07883501
ZJ016786,0.02959653,0.0034307695,0.21863008,0.29661453,0.006865631,0.013332071,0.0032644998,0.4282659
ZJ016787,0.24407701,0.022543274,0.3827141,0.00064654124,0.00309108,0.06592831,0.25196722,0.029032556
ZJ016788,0.5247731,0.022720747,0.13235867,0.019964952,0.007094006,0.012159226,0.23152429,0.04940498
ZJ016789,0.045930315,0.8208096,0.04673523,5.8195117e-05,0.0006927363,0.012473384,0.06514818,0.008152391
ZJ016790,0.29304433,0.09703773,0.28301147,0.008454231,0.016489042,0.005778677,0.10610925,0.1900753
ZJ016791,0.3810251,0.12639888,0.0742486,0.08550795,0.024574418,0.06827423,0.23417562,0.005795202
ZJ016792,0.17786932,0.03389329,0.26109427,0.00048600286,0.004314213,0.0064274683,0.5023474,0.013567993
ZJ016793,0.41244397,0.103369825,0.15548037,0.010852423,0.05196108,0.021760551,0.19530259,0.048829198
ZJ016794,0.11265659,0.0022826735,0.20658669,0.29826602,0.00094892207,0.04505749,0.005424971,0.32877663
ZJ016795,0.10476619,0.027249364,0.23816596,0.05353171,0.0043252446,0.0028382356,0.0049962928,0.564127
ZJ016796,0.11148336,0.23352592,0.09237271,0.0018469328,0.03277772,0.04601839,0.4626124,0.019362606
ZJ016797,0.20207997,0.014038807,0.07193546,0.0005629331,0.0049581123,0.005853387,0.6820532,0.018518087
ZJ016798,0.13362317,0.54570085,0.02930165,0.0006472594,0.16611154,0.1094902,0.008461964,0.006663441
ZJ016799,0.106017254,0.5890261,0.0610984,0.002764989,0.0063772458,0.00247579,0.20705518,0.02518503
ZJ016800,0.1652651,0.30552587,0.20569816,0.009903765,0.0036161607,0.0110487575,0.15913302,0.13980918
ZJ016801,0.1490852,0.013612306,0.3951287,0.055558432,0.20578557,0.029372018,0.032259185,0.119198665
ZJ016802,0.020881321,0.01691205,0.033870045,0.01897242,0.00081213086,0.8876715,0.0037679388,0.017112602
ZJ016803,0.22626987,0.2227666,0.1793226,0.0030330992,0.08225266,0.0707814,0.10428135,0.11129241
ZJ016804,0.11459484,0.012883985,0.028380511,0.7697237,0.007638634,0.05131808,0.0069657206,0.008494602
ZJ016805,0.06887927,0.0032449102,0.16928162,0.23275943,0.021073675,0.012001775,0.0027002238,0.49005914
ZJ016806,0.8148406,0.014618599,0.015163896,0.023632722,0.045100003,0.009634546,0.01446011,0.062549554
ZJ016807,0.21607602,0.13863492,0.2378376,0.007065819,0.025954865,0.007307814,0.32918543,0.03793755
ZJ016808,0.34925935,0.07891219,0.2690854,0.0005700717,0.0042274543,0.18771233,0.09130447,0.018928722
ZJ016809,0.15577394,0.0015440377,0.15620351,0.42257252,0.0020266748,0.0101819495,0.005579192,0.24611822
ZJ016810,0.053125624,0.040567894,0.13029386,0.0022264826,0.39035988,0.3535044,0.011371406,0.018550375
ZJ016811,0.19010507,0.37679172,0.059540216,0.017982028,0.01651202,0.008298164,0.30683422,0.023936557
ZJ016812,0.034706816,0.063612096,0.031963836,0.059668265,0.0017564556,0.7414125,0.00953218,0.05734772
ZJ016813,0.12346991,0.07419012,0.08825202,0.0061085424,0.006334566,0.015031546,0.64819413,0.03841909
ZJ016814,0.19747832,0.0029571138,0.19762647,0.21910086,0.0022464506,0.007144141,0.0023816857,0.371065
ZJ016815,0.2810069,0.06413378,0.20668465,0.00048518457,0.051987372,0.006812386,0.38273492,0.006154784
ZJ016816,0.29249915,0.1024342,0.19826563,0.0126697,0.1867534,0.034232143,0.10213696,0.07100885
ZJ016817,0.3257761,0.03202693,0.027029376,0.054124493,0.02279258,0.006810421,0.45467412,0.076765954
ZJ016818,0.22885524,0.049741406,0.47562945,0.13769731,0.020681363,0.020619918,0.040701795,0.02607354
ZJ016819,0.4524382,0.06751875,0.08553183,0.018353011,0.029630575,0.008945865,0.26063138,0.076950334
ZJ016820,0.15888761,0.037568387,0.57183766,0.00023353082,0.0058663804,0.02141963,0.12910855,0.075078234
ZJ016821,0.7085511,0.0034847176,0.10170146,0.012425721,0.012662466,0.08318409,0.003652312,0.07433811
ZJ016822,0.39718437,0.039510533,0.19087428,0.048526533,0.0074862433,0.016069267,0.045073796,0.255275
ZJ016823,0.1688648,0.12593287,0.05319346,0.0020721746,0.004244213,0.0025582197,0.6331092,0.01002505
ZJ016824,0.10798756,0.0013357397,0.57744557,0.06721528,0.006487504,0.039876085,0.0014927891,0.19815946
ZJ016825,0.20770916,0.005902155,0.3347926,0.30328768,0.00887107,0.025504382,0.0050756205,0.10885733
ZJ016826,0.7577818,0.02425945,0.047537223,0.004051446,0.07273982,0.0013458767,0.06846166,0.023822702
ZJ016827,0.2984926,0.103198215,0.23318428,0.00084769586,0.06573661,0.05221034,0.24018793,0.0061423182
ZJ016828,0.15295035,0.0042905733,0.19367039,0.31884062,0.0036951294,0.023981016,0.006366401,0.29620558
ZJ016829,0.61348766,0.0088359825,0.054850455,0.084168136,0.05664891,0.028075749,0.02057923,0.13335387
ZJ016830,0.16973373,0.011246471,0.64691937,0.08266432,0.0046416014,0.01978411,0.010431951,0.05457843
ZJ016831,0.0016384633,0.0011396855,0.008532969,0.00016662384,0.00016246754,0.9868399,0.0007621186,0.0007577598
ZJ016832,0.12900682,0.014103342,0.042319868,0.0074185673,0.73766416,0.04278389,0.01490836,0.011794919
ZJ016833,0.7085632,0.0036535738,0.09468267,0.036612708,0.0029045718,0.0032100924,0.0045737587,0.14579944
ZJ016834,0.24530365,0.19922006,0.075296685,0.02160951,0.0055482797,0.0042943284,0.26149523,0.18723224
ZJ016835,0.42508915,0.07907759,0.1579868,0.0019689032,0.008784971,0.061031044,0.23424542,0.03181615
ZJ016836,0.80892694,0.000607027,0.04189484,0.051573865,0.0013795849,0.0038464717,0.003807907,0.0879634
ZJ016837,0.2635635,0.080049194,0.19830884,0.003657059,0.01586765,0.039916527,0.29676095,0.10187633
ZJ016838,0.14663894,0.5272754,0.06503831,0.002174204,0.07694636,0.007977619,0.1522791,0.021670084
ZJ016839,0.09567677,0.015960671,0.3820772,0.00408077,0.002491287,0.016903637,0.4032827,0.079526946
ZJ016840,0.18194623,0.03652451,0.35334817,0.00095192326,0.0030235834,0.013083935,0.3816142,0.029507417
ZJ016841,0.858135,0.012037901,0.007965168,0.0008761714,0.012723646,0.00843795,0.077696204,0.022127941
ZJ016842,0.44964147,0.115246,0.15904127,0.035675313,0.08665243,0.008264831,0.09805095,0.047427725
ZJ016843,0.04477407,0.0020442964,0.10271481,0.28004032,0.009860015,0.5243585,0.0026879406,0.033519976
ZJ016844,0.36104023,0.055796027,0.21008015,0.0014888021,0.0065088724,0.054921266,0.29596388,0.0142008085
ZJ016845,0.21136206,0.0032948714,0.42015713,0.1518902,0.021081557,0.06801839,0.009754061,0.11444173
ZJ016846,0.13238443,0.025833933,0.6408141,0.00085602206,0.004132472,0.1481722,0.038122106,0.009684696
ZJ016847,0.46923527,0.021007141,0.28097832,0.026495248,0.00640935,0.020494483,0.015975544,0.15940467
ZJ016848,0.43816495,0.093238756,0.2638705,0.0310224,0.04597448,0.0107759945,0.06635038,0.050602496
ZJ016849,0.051751584,0.0050639533,0.011627206,0.8943672,0.0045556393,0.029542036,0.0029159302,0.000176494
ZJ016850,0.20313387,0.085617736,0.011077922,0.6470242,0.013280755,0.013999553,0.016822442,0.00904355
ZJ016851,0.112471744,0.004754956,0.533438,0.070901625,0.02301922,0.028463459,0.0026610128,0.22429
ZJ016852,0.0930525,0.008052419,0.5466058,0.15930136,0.021673784,0.072226696,0.0069988878,0.09208857
ZJ016853,8.724006e-05,2.634018e-06,0.00069393485,1.3568123e-06,2.0769667e-06,0.9991931,6.0892403e-06,1.3549852e-05
ZJ016854,0.35777843,0.061541907,0.1640653,0.013585664,0.18826175,0.013997658,0.1851619,0.015607318
ZJ016855,0.1699132,0.0792104,0.48785013,0.007716682,0.013993001,0.041221447,0.12931295,0.07078216
ZJ016856,0.41008395,0.03392565,0.1540509,0.014133894,0.13002677,0.1066013,0.023265814,0.12791178
ZJ016857,0.07048825,0.0153618865,0.15776488,0.5606762,0.0066703493,0.0010817227,0.009761217,0.17819555
ZJ016858,0.23705262,0.0354429,0.40640432,0.0006339804,0.014807168,0.01489961,0.28189823,0.008861271
ZJ016859,0.2452645,0.0010714195,0.15871306,0.26580945,0.0011769853,0.004021811,0.0021272644,0.3218155
ZJ016860,0.012355231,0.0012024003,0.05290388,0.0008334732,0.090502135,0.83531415,0.0026179305,0.0042708395
ZJ016861,0.16706266,0.015834628,0.19932942,0.47454637,0.0024806908,0.011409016,0.015900217,0.11343704
ZJ016862,0.08049395,0.5580986,0.058316145,0.0005274912,0.0010735915,0.008217516,0.22215723,0.071115494
ZJ016863,0.1612211,0.35136533,0.24004912,0.011627963,0.0027232,0.00428167,0.108991295,0.11974033
ZJ016864,0.1837417,0.20777294,0.28462753,0.0007605216,0.002774341,0.00068663957,0.3028546,0.016781641
ZJ016865,0.04385324,0.15255605,0.0969691,0.005663899,0.07990578,0.015307228,0.5535482,0.05219644
ZJ016866,0.2274704,0.07417046,0.22955748,0.12875515,0.02418479,0.01748937,0.07077917,0.22759317
ZJ016867,0.39462593,0.030730778,0.18700969,0.006011244,0.028362071,0.0037715158,0.32111484,0.028373908
ZJ016868,0.21934357,0.109134026,0.33133227,0.0027017032,0.00884618,0.01266069,0.27764302,0.038338512
ZJ016869,0.1806204,0.10832001,0.3550437,0.0010149844,0.039054427,0.054262903,0.23356171,0.02812186
ZJ016870,0.21800363,0.08710239,0.36652344,0.002749171,0.0007501939,0.068639494,0.22245975,0.033772003
ZJ016871,0.25206465,0.19642164,0.14056322,0.0064444984,0.077163234,0.075936176,0.21331197,0.038094617
ZJ016872,0.34698704,0.014536118,0.31353244,0.0038351137,0.0023359333,0.182579,0.10444379,0.03175047
ZJ016873,0.22437991,0.3368394,0.08790904,0.012864594,0.015985673,0.034126077,0.1723009,0.11559444
ZJ016874,0.21808437,0.02674368,0.38674203,0.00051146094,0.0020683121,0.0045142383,0.35479608,0.0065398593
ZJ016875,0.07878939,0.022076778,0.26490384,0.0057570245,0.0019834975,0.026690802,0.53748727,0.062311407
ZJ016876,0.19746038,0.2568534,0.111503094,0.0008973846,0.0125242565,0.016518388,0.365691,0.03855208
ZJ016877,0.66767496,0.0013742418,0.07241018,0.013872974,0.05886585,0.0034671067,0.0008332268,0.18150146
ZJ016878,0.13123281,0.008901662,0.47685164,0.054939874,0.038543936,0.024450473,0.0050002257,0.26007944
ZJ016879,0.32107645,0.10997277,0.17152956,0.109844506,0.031573713,0.0029616419,0.030059304,0.22298208
ZJ016880,0.25119635,0.31244382,0.19063756,0.003673696,0.01920509,0.07921564,0.09866223,0.04496558
ZJ016881,0.001612978,0.9681655,0.0022378424,0.00015139888,0.023624223,0.0007348622,0.0032107153,0.00026246748
ZJ016882,0.057946343,0.042740982,0.29408023,0.002027396,0.011132021,0.12084987,0.4551876,0.01603556
ZJ016883,0.20985407,0.03229763,0.35887468,0.00028458366,0.00461868,0.011237807,0.3709231,0.011909421
ZJ016884,0.315872,0.0064426647,0.010729954,0.0018347261,0.022374384,0.0007069199,0.6257075,0.016331857
ZJ016885,0.35804412,0.22163895,0.0793554,0.08390614,0.0154357115,0.009131249,0.13276373,0.09972471
ZJ016886,0.44159293,0.08068879,0.11108215,0.0025356608,0.01506122,0.008498849,0.3214999,0.0190404
ZJ016887,0.44302642,0.06727103,0.046204966,0.023130435,0.02604662,0.009266782,0.22540057,0.1596531
ZJ016888,0.08763554,0.0028019408,0.19361953,0.3178782,0.004004267,0.031600397,0.0024029268,0.3600572
ZJ016889,0.33638433,0.16905166,0.24654762,0.0033974666,0.033318877,0.0033799992,0.12923664,0.078683406
ZJ016890,0.12648696,0.008407553,0.4279521,0.07323627,0.07799491,0.021233557,0.006124604,0.25856405
ZJ016891,0.25741148,0.12830661,0.22819938,0.005428223,0.12920788,0.049559318,0.11014737,0.091739796
ZJ016892,0.3059426,0.05695292,0.26935667,0.01214528,0.18917876,0.05051961,0.06231125,0.053592864
ZJ016893,0.24828435,0.015092148,0.20423332,0.17050624,0.0477954,0.02141269,0.039627414,0.25304848
ZJ016894,0.067320414,0.048354194,0.20120217,0.0012607798,0.302579,0.32188237,0.0066479403,0.050753172
ZJ016895,0.15409932,0.5019604,0.034295995,0.00029880553,0.12082974,0.16042253,0.01693484,0.011158412
ZJ016896,0.14971317,0.04375465,0.19006495,0.0010592936,0.13055283,0.2606863,0.2117917,0.012377026
ZJ016897,0.28744742,0.011412069,0.09868464,0.00037881505,0.0060435915,0.0076253815,0.57816714,0.010240856
ZJ016898,0.31251574,0.003700865,0.38577175,0.16806515,0.0052218465,0.06395681,0.018471986,0.042295836
ZJ016899,0.2763943,0.0346252,0.20052283,0.0011550821,0.005799182,0.033319954,0.43671542,0.01146811
ZJ016900,0.1300713,0.0006130269,0.5645115,0.07265426,0.008144087,0.037769165,0.0013624413,0.1848742
ZJ016901,0.011372439,0.0043700193,0.035286,0.0027494454,0.0007116893,0.93811363,0.00526199,0.0021347774
ZJ016902,0.8039231,0.01243009,0.062072024,0.0010379995,0.027373368,0.0028573119,0.047112633,0.043193486
ZJ016903,0.16881628,0.067040436,0.25405183,0.00048398218,0.0019729445,0.006601613,0.47827074,0.022762176
ZJ016904,0.51394945,0.012452352,0.252687,0.032399833,0.008231416,0.05203721,0.014591011,0.11365178
ZJ016905,0.123757996,0.043598298,0.22955215,0.22522028,0.0345847,0.030081203,0.014211887,0.29899347
ZJ016906,0.21582636,0.12939751,0.32818723,0.0005835359,0.015413707,0.014733017,0.25134936,0.04450922
ZJ016907,0.78359973,0.018886697,0.080890134,0.0009132397,0.03723844,0.008915693,0.06616093,0.0033950908
ZJ016908,0.016907467,0.013629507,0.011328948,0.0010665731,0.014453887,0.015492647,0.9067056,0.020415412
ZJ016909,0.029829992,0.01607275,0.2108187,0.00034249184,0.004201231,0.64497036,0.07479794,0.018966582
ZJ016910,0.4164777,0.0021685706,0.3490213,0.17911518,0.0011086403,0.0258268,0.0076274597,0.018654324
ZJ016911,0.023404073,0.93787986,0.01108254,0.0005334545,0.005793169,0.0022858214,0.016171832,0.0028492552
ZJ016912,0.196354,0.028551724,0.33475325,0.0035364472,0.0027510512,0.018371576,0.35767844,0.05800351
ZJ016913,0.43924913,0.08889061,0.13979279,0.002544855,0.012081207,0.06317918,0.2462898,0.007972501
ZJ016914,0.09403089,0.04003284,0.2475161,0.14877461,0.0142656015,0.005602295,0.014654342,0.43512326
ZJ016915,0.29972944,0.116614394,0.16835226,0.0008432429,0.0059982752,0.19953404,0.17317837,0.035749935
ZJ016916,0.16654888,0.03637943,0.28683683,0.16782154,0.031511277,0.027953347,0.009013888,0.2739348
ZJ016917,0.30480558,0.17359099,0.109227166,0.012517604,0.03558259,0.0075419336,0.26072884,0.09600528
ZJ016918,0.42017737,0.036462314,0.18526222,0.11960505,0.017363256,0.009842995,0.041816883,0.1694699
ZJ016919,0.66598403,0.014391737,0.085474506,0.066864446,0.007287854,0.008777163,0.017344614,0.13387573
ZJ016920,0.0068400195,0.0028852758,0.026432257,0.0005921334,0.0009155844,0.9574785,0.0014667603,0.003389414
ZJ016921,0.3506866,0.057523683,0.26214725,0.15950406,0.05063996,0.0047171265,0.030249462,0.0845318
ZJ016922,0.4417438,0.09015008,0.21341856,0.0019496797,0.0036071506,0.09399344,0.11224696,0.04289027
ZJ016923,0.46244863,0.009109482,0.22522143,0.031076724,0.08272714,0.06258758,0.015482057,0.111346945
ZJ016924,0.17404275,0.09433539,0.11520866,0.012484964,0.004734034,0.010410188,0.43878847,0.14999558
ZJ016925,9.7224336e-05,3.7936413e-06,0.0005312517,4.5857914e-07,1.7647951e-06,0.9993264,1.7271132e-05,2.180975e-05
ZJ016926,0.3261056,0.011693031,0.3427931,0.06124833,0.018542353,0.120097145,0.025143104,0.09437738
ZJ016927,0.17206775,0.03770177,0.20803271,0.0009953993,0.0073174923,0.0071789613,0.55322856,0.013477382
ZJ016928,0.3345923,0.012914022,0.09152872,0.0007851633,0.0039982926,0.0015484031,0.5248153,0.029817803
ZJ016929,0.40813825,0.22805753,0.09420974,0.0025798494,0.011897938,0.028078342,0.20465861,0.022379698
ZJ016930,0.18419002,0.25719723,0.13999997,0.014763619,0.020950295,0.004129639,0.24751264,0.13125652
ZJ016931,0.07893759,0.0048080143,0.28071177,0.040920265,0.0020976108,0.007956017,0.0029485961,0.5816201
ZJ016932,0.17813362,0.016786495,0.0681373,0.5505915,0.05334391,0.04540254,0.0053332015,0.08227139
ZJ016933,0.116426855,0.13849075,0.08528769,0.0074017397,0.0031201853,0.0163994,0.60036653,0.032506816
ZJ016934,0.31650555,0.012850229,0.5495707,0.019456856,0.0017689046,0.019634522,0.038205862,0.04200739
ZJ016935,0.054137062,0.88036984,0.019597333,0.00026259525,0.0035617105,0.0008006479,0.03826007,0.0030108013
ZJ016936,0.26259,0.14876562,0.084506944,0.046702232,0.007946844,0.023196736,0.17057914,0.25571245
ZJ016937,0.19448684,0.5884108,0.1198624,0.0013118866,0.010294727,0.00211144,0.06861708,0.014904866
ZJ016938,0.006421752,0.022973794,0.04104409,0.0008316475,0.0015545802,0.9243639,0.0026163312,0.0001939152
ZJ016939,0.35741916,0.049824443,0.25770935,0.0017461923,0.019670177,0.009978877,0.2950066,0.008645187
ZJ016940,0.7311679,0.0035305943,0.028892195,0.09670158,0.049600273,0.016121522,0.0056099803,0.068375975
ZJ016941,0.10324746,0.0015766561,0.15831503,0.30005497,0.0029456315,0.007326089,0.004178253,0.42235586
ZJ016942,0.13264002,0.087928765,0.53761345,0.00016504458,0.0010102439,0.013344872,0.17231655,0.05498104
ZJ016943,0.4236714,0.021858238,0.17044185,0.024050506,0.016276207,0.02437559,0.049143817,0.2701824
ZJ016944,0.21611775,0.18199289,0.17359032,0.021138418,0.0076821386,0.01371636,0.22957823,0.15618385
ZJ016945,0.15888624,0.13613927,0.22537066,0.0008229527,0.00658091,0.0041589616,0.46175057,0.006290394
ZJ016946,0.07125676,0.042799868,0.2913812,0.0016757608,0.00876917,0.07320697,0.49618697,0.014723248
ZJ016947,0.0876766,0.02693731,0.2632792,0.0023634508,0.00094905554,0.02589986,0.54762477,0.045269772
ZJ016948,0.21005408,0.1161004,0.29993895,0.005447766,0.0075584976,0.016982768,0.21970053,0.124217026
ZJ016949,0.11795982,0.02738454,0.51393133,0.010780414,0.035758,0.13629022,0.022721218,0.13517444
ZJ016950,0.66062623,0.040653236,0.04342837,0.0004951291,0.10788398,0.0044136574,0.1353647,0.0071346937
ZJ016951,0.070653535,0.0011148328,0.16828406,0.32940817,0.00085634383,0.0050486797,0.0019332807,0.4227011
ZJ016952,0.28343952,0.13301027,0.3482421,0.00450603,0.08969946,0.0059261,0.05303301,0.082143515
ZJ016953,0.36241823,0.18098809,0.09079399,0.0004518591,0.005420684,0.07019366,0.28323227,0.0065011666
ZJ016954,0.20402414,0.084704764,0.29784578,0.0024768903,0.0036724387,0.098206945,0.25651252,0.052556504
ZJ016955,0.66434765,0.00986563,0.09548004,0.0005549524,0.038534056,0.015384803,0.16544928,0.01038356
ZJ016956,0.21983641,0.07991873,0.3001656,0.0012809781,0.0044336403,0.05051961,0.27843648,0.06540855
ZJ016957,0.13381769,0.08216239,0.53070164,0.0030088872,0.023331536,0.023638073,0.18161574,0.021724075
ZJ016958,0.007462027,0.00076264626,0.017665958,0.0042784195,0.00040869525,0.9673076,0.0017076565,0.00040695124
ZJ016959,0.20825678,0.0029744888,0.43248668,0.18332437,0.005633993,0.08219778,0.004829006,0.080296844
ZJ016960,0.5695074,0.04480768,0.15929878,0.00059159857,0.004522511,0.009060133,0.17654723,0.035664648
ZJ016961,0.10295649,0.25780505,0.49757382,0.0003576551,0.0017741314,0.0034608978,0.11945156,0.016620388
ZJ016962,0.051969573,0.0006743772,0.10892687,0.374573,0.0022398792,0.0047957003,0.0012416677,0.45557892
ZJ016963,0.15530647,0.28655982,0.16419072,0.0030194398,0.008554293,0.00466559,0.36228028,0.015423441
ZJ016964,0.13671562,0.690204,0.075712405,0.0025587564,0.011027694,0.00247741,0.06657229,0.014731803
ZJ016965,0.23672049,0.11507019,0.15357742,0.0033204271,0.003850228,0.004628078,0.39686757,0.085965626
ZJ016966,0.43469352,0.007582325,0.008875952,0.4433032,0.08244208,0.014298915,0.0058078053,0.0029961911
ZJ016967,0.20742565,0.02140115,0.022239903,0.028871141,0.048466314,0.24028157,0.42150235,0.009811882
ZJ016968,0.17658609,0.26307285,0.10830271,0.003895043,0.10953309,0.020122865,0.3004526,0.018034758
ZJ016969,0.3923087,0.0942266,0.14609273,0.002505462,0.04646012,0.0139305405,0.28080478,0.023671083
ZJ016970,0.22189568,0.033594925,0.55592144,8.255796e-05,0.0065198904,0.014254871,0.16467446,0.0030561325
ZJ016971,0.36157572,0.07742396,0.16319378,0.0052572233,0.016357806,0.02643485,0.32618952,0.02356714
ZJ016972,0.2768562,0.0075911484,0.4299027,0.1399716,0.0022611886,0.008623851,0.0064950665,0.12829816
ZJ016973,0.05935424,0.40245667,0.048301835,0.00034042733,0.0028874332,0.018273331,0.43613482,0.03225124
ZJ016974,0.17810273,0.030374411,0.5348358,0.0005239574,0.0022897283,0.0019721976,0.18583901,0.06606215
ZJ016975,0.13502502,0.0985149,0.5334414,0.00025388045,0.0011102791,0.028345885,0.16088854,0.04242009
ZJ016976,0.24535847,0.28487262,0.04965244,0.0011407101,0.016454669,0.0019586908,0.33343673,0.067125656
ZJ016977,0.029694822,0.0030547583,0.050408978,0.37017563,0.003953105,0.5075646,0.0019288835,0.03321923
ZJ016978,0.4149105,0.061439093,0.2533731,0.0015288024,0.0027080646,0.07099197,0.14575548,0.049292993
ZJ016979,0.24081075,0.20505057,0.22963065,0.008739506,0.18796472,0.011669488,0.056754157,0.05938015
ZJ016980,0.03723922,0.7947074,0.0052413177,0.0009633343,0.016087573,0.0017027415,0.13654256,0.007515804
ZJ016981,0.20885424,0.008466996,0.12645273,0.08979677,0.004655749,0.0029589706,0.012753008,0.54606146
ZJ016982,0.28547475,0.1308688,0.24828672,0.09424824,0.0473187,0.029064542,0.05471814,0.11002011
ZJ016983,0.050848313,0.0012058134,0.1514057,0.23591985,0.00018145119,0.0010998837,0.00046230125,0.5588767
ZJ016984,0.23161095,0.020701455,0.023904562,0.64633876,0.04205282,0.010767052,0.008853652,0.015770786
ZJ016985,0.42360684,0.1303811,0.15718132,0.0027065848,0.0052180085,0.043246597,0.21414527,0.023514258
ZJ016986,0.28187796,0.030873947,0.013336117,0.54000497,0.031048356,0.074551016,0.022622652,0.0056849234
ZJ016987,0.33494222,0.05366618,0.10714277,0.010741078,0.039178904,0.045640953,0.32446232,0.08422564
ZJ016988,0.4888623,0.049286827,0.028296547,0.28759533,0.098077945,0.018115316,0.024862517,0.004903268
ZJ016989,0.09607288,0.05926102,0.11219092,0.018369105,0.00725131,0.6460286,0.023794334,0.037031833
ZJ016990,0.24240072,0.25561157,0.050565716,0.0124662975,0.0065072724,0.00213902,0.20879555,0.22151385
ZJ016991,0.0123518845,0.0135719385,0.016351879,0.00018081816,0.009447702,0.9444712,0.0028265475,0.0007980378
ZJ016992,0.07485265,0.007796845,0.09159853,0.00038689128,0.0011642938,0.0114508495,0.74018764,0.072562225
ZJ016993,0.3860078,0.05878067,0.15174873,0.0009840846,0.024079215,0.03595645,0.3246589,0.017784247
ZJ016994,0.17204207,0.050309736,0.4597125,0.00030274183,0.00448042,0.00868833,0.2984114,0.0060527935
ZJ016995,0.015327255,0.24452233,0.102719836,0.00038983344,0.11030406,0.45994762,0.05104713,0.015741955
ZJ016996,0.2021719,0.24211445,0.16731562,0.0031490258,0.014612919,0.044026904,0.2304277,0.096181445
ZJ016997,0.16308711,0.15083113,0.32692635,0.008417706,0.06668971,0.067142874,0.20510891,0.011796169
ZJ016998,0.3245479,0.12596415,0.22566009,0.010479236,0.07397538,0.035928782,0.15520605,0.04823844
ZJ016999,0.017031364,0.0035108402,0.09223956,0.00024025388,0.0011695249,0.83190364,0.047965758,0.005939063
ZJ017000,0.070520155,0.5706923,0.20715651,0.00023506835,0.003256937,0.07262802,0.07104862,0.0044623623
ZJ017001,0.105461374,0.0014087278,0.35298595,0.18883793,0.0016297151,0.011685875,0.0010209992,0.33696947
ZJ017002,0.80196697,0.0008886375,0.06867233,0.004922176,0.059010692,0.037171073,0.0025849468,0.024783237
ZJ017003,0.07576767,0.0041044583,0.3437194,0.22076295,0.18989815,0.042529482,0.00681543,0.11640249
ZJ017004,0.34497225,0.17162015,0.09891411,0.0014923838,0.010501693,0.05002667,0.2464631,0.07600966
ZJ017005,0.2082482,0.2841413,0.22318894,0.01605029,0.0017609748,0.0031396667,0.11598044,0.14749026
ZJ017006,0.30739635,0.15875995,0.13760906,0.02026648,0.0147617515,0.06518843,0.19174525,0.10427269
ZJ017007,0.4604059,0.009980782,0.34731716,0.014687747,0.013492622,0.045119833,0.013331545,0.09566441
ZJ017008,0.3514801,0.051496647,0.19904767,0.0011554677,0.02381365,0.041176744,0.3178767,0.013953093
ZJ017009,0.26975772,0.07265695,0.19679071,0.008272698,0.06712126,0.014080559,0.34925604,0.022064043
ZJ017010,0.08395619,0.0037035695,0.27796844,0.2949492,0.11876279,0.03815171,0.0014059612,0.18110214
ZJ017011,0.31553143,0.036897503,0.08552406,0.0011920766,0.0071198973,0.020194206,0.44521785,0.0883229
ZJ017012,0.104558386,0.06494575,0.09935822,0.0011526917,0.014508231,0.572054,0.1333332,0.010089483
ZJ017013,0.09488404,0.0021455493,0.14763367,0.32107174,0.0013786464,0.00481831,0.0028523572,0.4252157
ZJ017014,0.38853914,0.06361903,0.19811764,0.029557072,0.03075882,0.0089920005,0.1924898,0.08792651
ZJ017015,0.1991851,0.03736941,0.34254315,0.00066261174,0.0037637479,0.0151617015,0.38039622,0.02091806
ZJ017016,0.015308349,0.7602942,0.01847833,0.000677848,0.00094490725,0.051531263,0.14902616,0.0037389519
ZJ017017,0.3817134,0.068806745,0.034827184,0.35300085,0.11050757,0.007951499,0.028494723,0.014698055
ZJ017018,0.17968051,0.04801025,0.2609545,0.0008804542,0.006872192,0.009456206,0.46308684,0.03105905
ZJ017019,0.35566258,0.07141278,0.17390382,0.0049910685,0.018062104,0.0075897365,0.32177424,0.0466037
ZJ017020,0.92978704,0.002271949,0.009659536,0.00029205848,0.0021713646,0.0015120774,0.003989054,0.050316874
ZJ017021,0.20304458,0.05535007,0.093046896,0.0024788596,0.008208397,0.007541999,0.5799179,0.050411303
ZJ017022,0.36179027,0.037584238,0.24778284,0.025466098,0.011589297,0.014581847,0.07508651,0.22611895
ZJ017023,0.07189814,0.010983158,0.36046547,0.0052014273,0.0024624842,0.03144776,0.413555,0.103986606
ZJ017024,0.1323228,0.059571333,0.5869557,0.000108097425,0.0016394826,0.006855835,0.20329846,0.009248294
ZJ017025,0.30397516,0.13073273,0.18530802,0.0021669893,0.016222553,0.005781044,0.33187896,0.023934515
ZJ017026,0.14015251,0.1735677,0.27197948,0.0026704352,0.008942462,0.064200915,0.3094667,0.029019805
ZJ017027,0.19938153,0.003262237,0.469135,0.18053237,0.0035353978,0.04153656,0.0057273493,0.09688957
ZJ017028,0.15097784,0.046927467,0.3058262,0.00063481834,0.0126674585,0.033105355,0.4364556,0.013405239
ZJ017029,0.24483114,0.0038666306,0.17226763,0.44154787,0.025897948,0.029998181,0.015330447,0.06626009
ZJ017030,0.49478453,0.017761135,0.17732562,0.003900908,0.030978564,0.006907032,0.12960337,0.13873884
ZJ017031,0.27830964,0.056153115,0.26200604,0.23040767,0.03635362,0.0017679713,0.05614383,0.0788581
ZJ017032,0.43286678,0.0026664077,0.1451192,0.25061226,0.0068411753,0.099710144,0.0056651887,0.05651884
ZJ017033,0.35042718,0.19277854,0.24072868,0.0024250536,0.043770377,0.0029141025,0.08081239,0.08614361
ZJ017034,0.18815383,0.0009715327,0.074035406,0.29523587,0.096386395,0.06779812,0.0033684822,0.2740504
ZJ017035,0.464914,0.0740083,0.15399218,0.0030933334,0.003873769,0.018328533,0.26773256,0.014057415
ZJ017036,0.12663673,0.089081675,0.17585939,0.0006311961,0.0036211996,0.1978855,0.3838907,0.022393595
ZJ017037,0.09670784,0.04022843,0.46728548,0.00036412475,0.0015030765,0.012251943,0.3763484,0.005310716
ZJ017038,0.40473393,0.19209199,0.058008254,0.053680673,0.011319329,0.0038285216,0.020064687,0.2562726
ZJ017039,0.07054722,0.007702455,0.041617353,0.00041247543,0.0433604,0.014590339,0.81505096,0.0067188037
ZJ017040,0.22264317,0.2547446,0.15902829,0.009461771,0.014120994,0.020025324,0.14871234,0.17126356
ZJ017041,0.6251407,0.023804367,0.1267514,0.0008041792,0.012117801,0.011019713,0.19135056,0.009011244
ZJ017042,0.118686825,0.01151487,0.3474491,0.09604365,0.013015885,0.03387925,0.0034992257,0.37591124
ZJ017043,0.067201346,0.061456095,0.5858518,0.00066122937,0.02960081,0.19415781,0.033010304,0.028060608
ZJ017044,0.20135202,0.108715355,0.14568207,0.05059174,0.014542536,0.0026190495,0.009741667,0.46675557
ZJ017045,0.23298562,0.29299888,0.22531712,0.00096903765,0.0029064734,0.02004241,0.16384663,0.060933806
ZJ017046,0.032389965,0.058398366,0.062956996,4.7930476e-05,0.0992698,0.7439466,0.0017424008,0.0012478613
ZJ017047,0.00087480183,0.0013952549,0.011689906,3.0015866e-05,8.145182e-05,0.98545265,0.00036566769,0.00011024297
ZJ017048,0.12537299,0.056395475,0.04005947,0.0023573574,0.0015069059,0.0014578884,0.7619093,0.0109406235
ZJ017049,0.4136613,0.10599068,0.026707195,0.026853114,0.100808024,0.0027058977,0.21301289,0.11026091
ZJ017050,0.10637122,0.008083401,0.21419239,0.4947029,0.039544463,0.0074043074,0.004131385,0.12556988
ZJ017051,0.2500072,0.06538587,0.04743886,0.49022135,0.070289366,0.015610195,0.0392829,0.021764236
ZJ017052,0.3584515,0.035712697,0.30506393,0.0073186844,0.055614352,0.035994396,0.104647055,0.09719736
ZJ017053,0.25641286,0.028364716,0.26989126,0.10134322,0.020629866,0.041259464,0.021522885,0.26057574
ZJ017054,0.15470675,0.037478488,0.18764342,0.06141833,0.007090337,0.006703629,0.009588802,0.53537023
ZJ017055,0.05445268,0.002683697,0.052880898,0.0016666232,0.004540804,0.85537446,0.004550172,0.023850601
ZJ017056,0.14393657,0.29695585,0.19569203,0.0059780767,0.008546935,0.02735942,0.29907516,0.022455977
ZJ017057,0.2190873,0.1558882,0.07305451,0.025421873,0.013516547,0.004020802,0.23131666,0.27769414
ZJ017058,0.13457009,0.08637779,0.3281153,0.003633092,0.032987587,0.11514798,0.25148222,0.047685906
ZJ017059,0.114106126,0.0005980255,0.3109397,0.04164303,0.16247152,0.21047018,0.0012050761,0.15856628
ZJ017060,0.119547404,0.112479165,0.5024273,0.0023610226,0.018612612,0.015321368,0.19326025,0.03599082
ZJ017061,0.07564522,0.017875109,0.032812174,0.81528693,0.014510767,0.033808134,0.0061263507,0.003935232
ZJ017062,0.0027055002,0.0013658924,0.018812042,0.00016942142,0.00073354883,0.97494334,0.00042772957,0.0008426318
ZJ017063,0.21254048,0.06824147,0.17880152,0.012285275,0.011413633,0.021449972,0.3773544,0.11791321
ZJ017064,0.31104395,0.059199966,0.022424443,0.35599744,0.19202027,0.03915447,0.014519605,0.005639871
ZJ017065,0.11534694,0.001882911,0.07236237,0.31525642,0.010469384,0.008923551,0.001519011,0.4742394
ZJ017066,0.16403843,0.0037140623,0.38742268,0.19367686,0.0007503902,0.008241908,0.0017990974,0.24035655
ZJ017067,0.03823794,0.0011089791,0.27672014,0.09302972,0.026509726,0.08559391,0.0020386511,0.47676095
ZJ017068,0.12689282,0.042838026,0.22195183,0.00058601267,0.0040032687,0.008812392,0.5816303,0.013285331
ZJ017069,0.1144774,0.0012621896,0.2436616,0.49103478,0.0032309918,0.09049545,0.002822024,0.053015538
ZJ017070,0.48700467,0.05173865,0.15534097,0.0028163265,0.03937341,0.019300157,0.18563728,0.058788527
ZJ017071,0.27488416,0.028811652,0.16270226,0.0012018478,0.0159165,0.03927328,0.4620507,0.01515956
ZJ017072,0.39923847,0.044755083,0.2580688,0.00081562134,0.022073658,0.0035633824,0.26348242,0.008002537
ZJ017073,0.24131902,0.04691793,0.057003655,0.00071746384,0.003743808,0.0035022255,0.6413724,0.0054235393
ZJ017074,0.17495064,0.08982109,0.4091421,0.0006085484,0.015709719,0.031504214,0.27136093,0.006902723
ZJ017075,0.11788926,0.041290082,0.25331235,0.00039356967,0.0022584845,0.047688115,0.5153012,0.02186699
ZJ017076,0.12891583,0.028253732,0.27731577,0.00025502406,0.0025152091,0.0374209,0.5107551,0.014568416
ZJ017077,0.14351432,0.026185252,0.2937531,0.0014607682,0.0021576697,0.36630297,0.12555888,0.041067127
ZJ017078,0.046111964,0.008243053,0.1571226,0.00024121246,0.00196003,0.70611316,0.06904932,0.011158698
ZJ017079,0.10797717,0.083361395,0.19049564,0.061032716,0.010959375,0.004178317,0.020925246,0.5210701
ZJ017080,0.03261254,0.017980177,0.04704033,0.0027294683,0.0039300914,0.88108736,0.0064413478,0.008178677
ZJ017081,0.08162655,0.004115158,0.19785312,0.0011039634,0.026752815,0.50814515,0.013920067,0.1664831
ZJ017082,0.254891,0.04415634,0.36426082,0.00075698894,0.005060484,0.034961272,0.28420517,0.011707972
ZJ017083,0.0986924,0.72225124,0.057217978,0.005319137,0.00274205,0.00837781,0.03544826,0.069951124
ZJ017084,0.082618676,0.62473947,0.0825176,0.0016455884,0.012710798,0.041177258,0.13563046,0.018960126
ZJ017085,0.06622223,0.63651115,0.029304031,0.0022175782,0.0027060877,0.024480201,0.14602254,0.092536256
ZJ017086,0.13315865,0.28984746,0.14131656,0.0053373477,0.010230174,0.09914227,0.29589686,0.02507064
ZJ017087,0.5596862,0.102228835,0.09394973,0.0009218388,0.004450332,0.011458651,0.21131288,0.015991537
ZJ017088,0.004621419,0.0044825445,0.008952524,0.00030827598,2.17839e-05,0.9750614,0.0061028795,0.00044910473
ZJ017089,0.2726561,0.044414867,0.35915133,0.007144084,0.025912736,0.055372287,0.11918525,0.11616328
ZJ017090,0.055310395,0.0068556885,0.14364272,0.11247813,0.4506644,0.13231994,0.013830511,0.08489823
ZJ017091,0.10412441,0.6076658,0.06879698,0.014810545,0.007879112,0.009477133,0.05590656,0.13133946
ZJ017092,0.10984467,0.00426854,0.6575815,0.048245918,0.11206189,0.026697747,0.0017857021,0.03951402
ZJ017093,0.017002683,0.00088393706,0.054520823,0.5835294,0.00010048922,0.0035409816,0.0012288663,0.33919284
ZJ017094,0.2805044,0.0049339337,0.36954448,0.16734488,0.0076889377,0.09892688,0.01024526,0.060811263
ZJ017095,0.4690218,0.046981044,0.22181255,0.00064386934,0.0037320754,0.03601556,0.21058328,0.0112097785
ZJ017096,0.09776272,0.07566921,0.049991053,0.62150455,0.06798374,0.011982951,0.03719802,0.03790782
ZJ017097,0.26012483,0.026285226,0.02801501,0.4664849,0.15408827,0.042585995,0.01800896,0.0044068294
ZJ017098,0.056483738,0.0013188475,0.32663393,0.16851838,0.0012420141,0.027470075,0.0008995123,0.41743347
ZJ017099,0.29113862,0.035599966,0.42994505,0.0001990914,0.0031469534,0.004256978,0.22963203,0.006081276
ZJ017100,0.06384567,0.059521656,0.1047993,0.020968778,0.0015656127,0.6918538,0.03013142,0.027313787
ZJ017101,0.4609427,0.040728796,0.18853123,0.0023423631,0.009825555,0.049922083,0.23667127,0.011036023
ZJ017102,0.07701682,0.001755348,0.14564131,0.3971786,0.0015493653,0.0033831785,0.0028674654,0.3706079
ZJ017103,0.117176846,0.1780267,0.5773282,9.477114e-05,0.0006984781,0.014995744,0.09338687,0.018292435
ZJ017104,0.030439056,0.00058426085,0.2921173,0.35902733,0.02484132,0.012551743,0.00027246383,0.28016657
ZJ017105,0.19514094,0.08171638,0.08999422,0.0019421717,0.010262957,0.0027222591,0.60577357,0.0124474745
ZJ017106,0.19013247,0.026362445,0.3243751,0.00048289934,0.0020730684,0.27428302,0.17378671,0.008504295
ZJ017107,0.9826906,0.00032594948,0.0019537513,6.273651e-05,0.0032468862,0.00044373557,0.0017220578,0.0095542455
ZJ017108,0.00017931487,0.00025917852,0.0008372129,7.970036e-06,3.503205e-05,0.99863946,2.0781687e-05,2.1047044e-05
ZJ017109,0.07177751,0.021398509,0.5805554,0.000401964,0.0029920903,0.29209337,0.024369828,0.0064113075
ZJ017110,0.36392304,0.08985793,0.20058785,0.00071107957,0.054958705,0.030295068,0.20556797,0.054098368
ZJ017111,0.23066911,0.07380033,0.29165098,0.0006948937,0.004539925,0.01283386,0.37830785,0.0075030825
ZJ017112,0.16974069,0.34573048,0.12813784,0.00049681496,0.028760388,0.0031639263,0.3189059,0.005064045
ZJ017113,0.020257907,0.8523647,0.011011532,0.00102426,0.054584485,0.0028831111,0.055300646,0.0025733174
ZJ017114,0.010317137,0.91057575,0.021483408,0.000172066,0.013875504,0.024311299,0.01836198,0.0009028523
ZJ017115,0.034432847,0.036592245,0.054464877,0.05827377,0.0057789325,0.76523346,0.028662825,0.016560983
ZJ017116,0.2620014,0.20705582,0.2799469,0.00048939104,0.0023426428,0.02415724,0.17471485,0.04929181
ZJ017117,0.16913792,0.062396057,0.024337158,0.62832254,0.07357356,0.0094175525,0.016218401,0.016596789
ZJ017118,0.11983548,0.050055996,0.33391201,0.0033549804,0.0022103854,0.06338239,0.35496202,0.07228674
ZJ017119,0.07344186,0.0016173193,0.31409746,0.24883908,0.0123686055,0.009318807,0.0011172304,0.33919954
ZJ017120,0.11568438,0.058829952,0.16162542,0.11083461,0.008090756,0.0053636837,0.014023059,0.52554816
ZJ017121,0.086592995,0.03654767,0.07037412,0.70737547,0.010303967,0.020535728,0.013074319,0.055195697
ZJ017122,0.24721144,0.01492327,0.52214396,0.016277505,0.0017073327,0.0136334505,0.00982983,0.17427318
ZJ017123,0.15205342,0.031464405,0.39592558,0.00084581465,0.002161845,0.21873425,0.11674983,0.08206488
ZJ017124,0.28651372,0.11193887,0.20116481,0.028605672,0.2195831,0.010333267,0.09981177,0.042048827
ZJ017125,0.11371932,0.004685847,0.51164085,0.22773746,0.0041128835,0.014982302,0.003919171,0.11920218
ZJ017126,0.5481032,0.013414631,0.19486243,0.01214873,0.05763555,0.032794297,0.055165157,0.08587604
ZJ017127,0.12435201,0.054775484,0.27090734,0.00030969238,0.0042442293,0.04688541,0.4832102,0.015315662
ZJ017128,0.3624961,0.10136985,0.22626567,0.0010065642,0.019117625,0.037032884,0.24657124,0.006140039
ZJ017129,0.009525544,0.004061301,0.013844762,0.012045574,0.0004499008,0.9571073,0.0020766812,0.00088893727
ZJ017130,0.019421829,0.010041192,0.02570594,0.035992812,0.0031972192,0.9021777,0.0022270784,0.0012362321
ZJ017131,0.28364524,0.19408156,0.21465543,0.005308484,0.019044118,0.04791443,0.15261804,0.08273274
ZJ017132,0.22788224,0.02515499,0.2817205,0.00040946563,0.0024889575,0.0030005453,0.45388412,0.0054591335
ZJ017133,0.5048702,0.09750341,0.09121432,0.009293109,0.04218244,0.027124986,0.18276902,0.045042515
ZJ017134,0.020894313,0.025923,0.11487423,0.00094303093,0.12899213,0.6868939,0.01517333,0.0063060625
ZJ017135,0.07553805,0.009302198,0.21152899,0.2714441,0.01305026,0.0156931,0.0030934894,0.4003499
ZJ017136,0.029348684,0.11778359,0.020072587,0.00034848272,0.0012200562,0.32262796,0.49214047,0.016458156
ZJ017137,0.0015174274,0.0011142135,0.0071030795,0.0004901978,0.0003252813,0.98811567,0.00038039658,0.0009538031
ZJ017138,0.3817961,0.04805605,0.14812975,0.02329375,0.020094877,0.01418586,0.048218995,0.31622463
ZJ017139,0.35590112,0.1264948,0.2869247,0.0018653795,0.06458889,0.011236472,0.10649395,0.04649469
ZJ017140,0.11933429,0.025388222,0.6261702,0.00072449155,0.003786708,0.025729956,0.08920911,0.10965694
ZJ017141,0.19993587,0.3826309,0.06410636,0.0010876614,0.008242602,0.025994288,0.30593935,0.012062966
ZJ017142,0.10248463,0.0012925653,0.19655544,0.33091512,0.0043658675,0.007236216,0.0028497886,0.35430038
ZJ017143,0.0904085,0.0029521072,0.31998312,0.4758071,0.012691965,0.005521053,0.004097374,0.08853876
ZJ017144,0.11996117,0.09419841,0.46379536,0.0008002465,0.009070052,0.15209273,0.09888554,0.061196525
ZJ017145,0.12239707,0.5674304,0.103914015,0.02145966,0.005325688,0.0103183165,0.044950135,0.124204755
ZJ017146,0.27648976,0.25857577,0.08779261,0.0038485944,0.15997139,0.012459408,0.19459003,0.006272365
ZJ017147,0.17514242,0.2257599,0.24416298,0.00044345437,0.020276016,0.007035348,0.3198836,0.0072962563
ZJ017148,0.39514083,0.056839537,0.19852655,0.003841452,0.0027205062,0.14537859,0.16301465,0.034537923
ZJ017149,0.2981633,0.17840573,0.18990153,0.0032465507,0.027784431,0.0072132293,0.28269032,0.012594903
ZJ017150,0.360756,0.01954412,0.020230955,0.3647824,0.15270728,0.05673817,0.016742503,0.008498548
ZJ017151,0.13123932,0.024202902,0.4797138,0.0018499902,0.09467933,0.018790295,0.20078768,0.048736643
ZJ017152,0.08856359,0.03918402,0.21403004,0.0013818931,0.001157183,0.010050693,0.6107322,0.034900308
ZJ017153,0.15133864,0.024223533,0.32987747,0.3914142,0.026348434,0.0061252415,0.009340044,0.061332416
ZJ017154,0.14980079,0.013412833,0.2650455,0.00034707785,0.0029575294,0.0937886,0.44982088,0.024826722
ZJ017155,0.17051893,0.050061125,0.4164342,0.0021853894,0.04881965,0.13427502,0.110249236,0.06745644
ZJ017156,0.03097776,0.008204629,0.0151552,0.00026789025,0.004847613,0.0013911867,0.9246942,0.01446145
ZJ017157,0.8065751,0.010293448,0.102106735,0.008972696,0.010210352,0.020792918,0.021031039,0.02001768
ZJ017158,0.10094241,0.71665066,0.065292455,8.0962265e-05,0.00059948105,0.015222058,0.09116857,0.0100433985
ZJ017159,0.19753022,0.30167913,0.17246857,0.0005845532,0.0019683866,0.016428506,0.12069508,0.18864556
ZJ017160,0.11843584,0.079858735,0.13073912,0.00029350363,0.017167112,0.0039460314,0.6471021,0.0024575284
ZJ017161,0.22123975,0.02882933,0.54959965,0.0003655274,0.0025355313,0.0012631344,0.15101007,0.04515694
ZJ017162,0.15398324,0.006624163,0.25484887,0.051760897,0.0038684746,0.50486517,0.0076567815,0.01639237
ZJ017163,0.19169511,0.0009610493,0.18042715,0.20371217,0.0011822714,0.005411025,0.0032143176,0.41339692
ZJ017164,0.27169088,0.05584153,0.039923433,0.46933728,0.11105802,0.01452926,0.028771436,0.008848202
ZJ017165,0.4084209,0.03211049,0.21541329,0.002975375,0.029228348,0.023984348,0.2619905,0.025876768
ZJ017166,0.3653215,0.048943404,0.3342453,0.0011075218,0.0029927765,0.032980118,0.19471028,0.019699156
ZJ017167,0.24244863,0.025929373,0.017399536,0.46240118,0.19611259,0.029842153,0.01575578,0.0101107545
ZJ017168,0.2516837,0.011773072,0.03613933,0.6126535,0.012038419,0.053829227,0.0078998525,0.013982885
ZJ017169,0.19936545,0.05991702,0.37177166,0.0012102532,0.0061680614,0.029163223,0.19524573,0.13715854
ZJ017170,0.6960448,0.06756098,0.028084837,0.008218434,0.02766255,0.0033644373,0.11698468,0.052079268
ZJ017171,0.018114595,0.16073881,0.06840834,0.0002357866,0.73570704,0.0053695138,0.008133952,0.0032919755
ZJ017172,0.31334028,0.032375336,0.16218112,0.16993049,0.005168512,0.005512718,0.009258149,0.3022334
ZJ017173,0.065462984,0.0020964823,0.26235935,0.5497284,0.011655042,0.04244127,0.00228117,0.063975334
ZJ017174,0.067234114,0.005023622,0.10075604,0.060929645,0.58313113,0.12130185,0.011240699,0.050382856
ZJ017175,0.075849496,0.0021062104,0.09919023,0.21356209,0.0030510467,0.5631942,0.0039825323,0.039064232
ZJ017176,0.2921926,0.012314998,0.43143287,0.07662134,0.0019803122,0.025834931,0.008444721,0.15117823
ZJ017177,0.016303958,0.043091886,0.08467044,0.00014884572,0.024207644,0.81662494,0.0060827564,0.00886951
ZJ017178,0.10593294,0.041656557,0.33916864,0.00083467003,0.0018615809,0.006496069,0.47100532,0.03304416
ZJ017179,0.15312178,0.2388512,0.13200648,0.00066963956,0.0013531494,0.009367787,0.3948438,0.069786206
ZJ017180,0.15731938,0.24122381,0.22250703,0.0043548457,0.006662853,0.06281581,0.28305852,0.022057828
ZJ017181,0.27498657,0.15992883,0.21622287,0.0009911265,0.036770634,0.028773213,0.21092771,0.071399026
ZJ017182,0.1499177,0.08631813,0.53172046,0.0006306301,0.0075733536,0.015341769,0.13669208,0.071805835
ZJ017183,0.22502182,0.10107907,0.10845772,0.0022165175,0.025572242,0.03442849,0.36119452,0.1420296
ZJ017184,0.37248895,0.116650164,0.1330712,0.07212251,0.1503447,0.007373978,0.09904521,0.048903342
ZJ017185,0.20527677,0.052976143,0.21831088,0.010186013,0.060322076,0.15432507,0.25213084,0.046472125
ZJ017186,0.1999847,0.0015719907,0.18080753,0.35427418,0.0015932197,0.005630895,0.006549479,0.24958798
ZJ017187,0.14273606,0.029952144,0.30245194,0.003674764,0.002705518,0.008787385,0.48112383,0.028568394
ZJ017188,0.2153175,0.058044992,0.22332959,0.005263022,0.030160457,0.07971964,0.12108793,0.2670769
ZJ017189,0.18205032,0.56075835,0.07059584,0.0053573553,0.016753575,0.010780189,0.13703796,0.016666362
ZJ017190,0.4630378,0.05277372,0.07607815,0.00024504197,0.003121468,0.02094021,0.3599357,0.02386794
ZJ017191,0.86848456,0.0026319274,0.024817219,0.00042635362,0.060418695,0.0030370508,0.038551252,0.0016328747
ZJ017192,0.20328562,0.22000398,0.15870476,0.00372349,0.01234894,0.010170557,0.35704157,0.03472105
ZJ017193,0.45977968,0.003069447,0.07125693,0.080696136,0.0021198639,0.0008711311,0.0025728517,0.3796339
ZJ017194,0.029981244,0.08326073,0.106099464,0.0008711472,0.021780433,0.7036592,0.030616019,0.023731805
ZJ017195,0.25714114,0.06810689,0.02686087,0.36454657,0.23020098,0.017500095,0.018742593,0.016900849
ZJ017196,0.102329314,0.0037551199,0.1997508,0.22116332,0.0010246419,0.0022770439,0.002102711,0.4675971
ZJ017197,0.31607863,0.1345274,0.14810172,0.0007411907,0.012296289,0.009568296,0.37182757,0.006858957
ZJ017198,0.18499914,0.092142746,0.3163934,0.0013760808,0.0029234139,0.14193806,0.23089233,0.02933484
ZJ017199,0.08660332,0.0027355773,0.3086236,0.09528212,0.06628791,0.02865107,0.0016313506,0.41018504
ZJ017200,0.07527686,0.0033332398,0.22241256,0.39138952,0.007701164,0.0011687092,0.002814092,0.2959038
ZJ017201,0.717083,0.0030966732,0.1205728,0.062340494,0.01022155,0.019140907,0.01868045,0.04886414
ZJ017202,0.2010716,0.200326,0.12121345,0.11550044,0.013370289,0.026052434,0.2009966,0.121469215
ZJ017203,0.031223219,0.85633284,0.041959595,7.6438584e-05,0.0023639868,0.014956096,0.028329443,0.024758315
ZJ017204,0.22126925,0.049933154,0.4915634,0.00011907082,0.002937471,0.0099300295,0.22162807,0.0026195901
ZJ017205,0.2829882,0.023579877,0.20069775,0.0029027676,0.0045691053,0.027626576,0.4253595,0.032276236
ZJ017206,0.22427061,0.14053005,0.26294968,0.0008534116,0.03599912,0.010076768,0.3170138,0.008306544
ZJ017207,0.2453028,0.11662873,0.19678383,0.021234047,0.033880122,0.008328009,0.04064071,0.33720177
ZJ017208,0.23099016,0.07488536,0.17996235,0.082866676,0.020853689,0.00541866,0.034062896,0.3709602
ZJ017209,0.009785189,0.0019180208,0.051180262,0.00045971532,0.032739814,0.89995587,0.0020003107,0.0019608368
ZJ017210,0.31122884,0.06469076,0.28321588,0.0010020629,0.003701908,0.037137076,0.27126816,0.02775524
ZJ017211,0.07717514,0.004628073,0.20332816,0.46386883,0.011272495,0.019530576,0.0024781628,0.21771859
ZJ017212,0.13787346,0.04530547,0.40159398,0.000874332,0.0015762884,0.058476936,0.29892763,0.055371985
ZJ017213,0.11896851,0.0068426025,0.45848694,0.025608415,0.018211037,0.0053376616,0.00337103,0.3631738
ZJ017214,0.093952365,0.0033184611,0.17543882,0.21394631,0.0059604743,0.4876544,0.00542149,0.014307736
ZJ017215,0.6946381,0.03639783,0.069273315,0.0020744978,0.012566575,0.035451356,0.09018014,0.0594182
ZJ017216,0.16809116,0.21506158,0.16375908,0.0027677927,0.022271419,0.07744619,0.16707978,0.18352301
ZJ017217,0.5795454,0.038790453,0.056829605,0.07061179,0.037866935,0.00309386,0.031347625,0.18191439
ZJ017218,0.15868054,0.24487326,0.18670826,0.0029621373,0.045384035,0.045496814,0.23833661,0.07755838
ZJ017219,0.25745738,0.08257907,0.23696128,0.00085102103,0.057887323,0.009252735,0.351555,0.0034561676
ZJ017220,0.07079503,0.5124186,0.18244794,0.0006076258,0.0046041734,0.03116274,0.14984114,0.048122738
ZJ017221,0.21772309,0.11816685,0.13008519,0.013975056,0.03957873,0.0034847094,0.44269538,0.03429104
ZJ017222,0.09489754,0.0037848034,0.14685121,0.28938282,0.0063791247,0.39805746,0.006973721,0.053673375
ZJ017223,0.22436018,0.065493464,0.32254222,0.00073346467,0.014160624,0.01682423,0.33941,0.016475827
ZJ017224,0.1574243,0.023679037,0.4697465,0.00021362274,0.01976525,0.033866297,0.29027706,0.0050278925
ZJ017225,0.33162943,0.03528729,0.030209389,0.4250819,0.11991496,0.023720305,0.023500606,0.010656179
ZJ017226,0.22742222,0.2845906,0.05316285,0.025317993,0.008874432,0.0031478258,0.16691403,0.23056997
ZJ017227,0.008206073,0.0035541186,0.031900518,0.0012125085,0.00035081475,0.95153064,0.000800564,0.002444773
ZJ017228,0.054004066,0.668424,0.018076558,0.00042045533,0.0065543335,0.011284436,0.2390982,0.0021379828
ZJ017229,0.17113325,0.0016178237,0.06911949,0.19661702,0.15888761,0.07579594,0.0049736467,0.32185528
ZJ017230,0.009517602,0.003727207,0.034277037,0.0007520587,0.0005762757,0.9476334,0.00161509,0.0019013754
ZJ017231,0.06709352,0.012854345,0.54979396,0.00066617463,0.012761057,0.080782376,0.1835485,0.09250013
ZJ017232,0.34466058,0.022497583,0.022421334,0.0003827628,0.54264903,0.057307534,0.0038410584,0.006240185
ZJ017233,0.006166387,0.0009595233,0.0058423136,0.0010858086,0.0010895187,0.9836533,0.00046854414,0.00073455967
ZJ017234,0.28418884,0.03560717,0.025163377,0.37683004,0.1863259,0.056146342,0.01997109,0.015767194
ZJ017235,0.27068296,0.20663753,0.05228746,0.031210613,0.023122538,0.011765719,0.29748866,0.10680447
ZJ017236,0.0612492,0.013543188,0.25109825,0.17900264,0.005063768,0.014921701,0.0064852876,0.46863595
ZJ017237,0.106570505,0.060977045,0.52441233,0.00060924655,0.026000379,0.19909012,0.05882289,0.023517516
ZJ017238,0.13765813,0.0046045333,0.28216076,0.08133196,0.0027118095,0.46874416,0.0077356845,0.015052916
ZJ017239,0.19086011,0.16008192,0.14332518,0.002608946,0.010458142,0.011318154,0.47120827,0.010139262
ZJ017240,0.29209334,0.16518204,0.063437395,0.047266576,0.038916685,0.010974558,0.25479752,0.1273319
ZJ017241,0.1987614,0.031733472,0.048976086,0.0019066622,0.0037460127,0.0026981037,0.6405197,0.0716586
ZJ017242,0.25162038,0.033702895,0.089439064,0.00025584752,0.0035506615,0.006674884,0.61202717,0.002729144
ZJ017243,0.10186345,0.03980814,0.16191791,0.00070079736,0.0036261133,0.02198677,0.6381268,0.03197002
ZJ017244,0.22065319,0.034812164,0.52157146,0.00050970743,0.0049506286,0.004448086,0.18296914,0.030085618
ZJ017245,0.28015748,0.031442996,0.3408408,0.17730105,0.0033824234,0.0103961695,0.014453549,0.14202552
ZJ017246,0.21419571,0.028064672,0.26633865,0.00051533186,0.0013958709,0.058931723,0.41054377,0.020014333
ZJ017247,0.38438576,0.111815125,0.1045153,0.0048860274,0.006641704,0.015833013,0.33570823,0.03621482
ZJ017248,0.059325393,0.001263881,0.15853179,0.21410067,0.0012731556,0.010750884,0.0035439825,0.5512102
ZJ017249,0.13680658,0.0011006747,0.1348988,0.10596464,0.36294037,0.03486427,0.0006869955,0.2227377
ZJ017250,0.3158646,0.13735363,0.17362039,0.05973953,0.032962233,0.0036555938,0.025413916,0.25139013
ZJ017251,0.37277132,0.056801323,0.17779355,0.0013985272,0.001092532,0.15242776,0.23416679,0.0035481737
ZJ017252,0.4172052,0.1551702,0.046786774,0.028346067,0.026185263,0.014869044,0.16672076,0.14471667
ZJ017253,0.21469314,0.04076574,0.3571855,0.00084188546,0.0023993815,0.014097119,0.28268087,0.08733642
ZJ017254,0.09124377,0.003992449,0.25210884,0.08540863,0.16035968,0.124659486,0.006288815,0.2759384
ZJ017255,0.22239482,0.06048765,0.29700062,0.004099142,0.048436828,0.09522598,0.2281521,0.0442029
ZJ017256,0.15986039,0.013438348,0.13002989,0.0003983031,0.0023137974,0.03268802,0.6086607,0.052610535
ZJ017257,0.10070928,0.022612251,0.11097663,0.0008614112,0.2114859,0.52101284,0.02432092,0.008020725
ZJ017258,0.21349315,0.082515165,0.27516565,0.00030161845,0.009834048,0.0010677363,0.40210995,0.015512615
ZJ017259,0.072850436,0.051621057,0.30116984,0.23575254,0.051828306,0.13116485,0.004940921,0.15067206
ZJ017260,0.3624483,0.17528902,0.2629536,0.0022135042,0.018654179,0.005687126,0.13567439,0.037079882
ZJ017261,0.5113395,0.13118799,0.082169145,0.005234407,0.007546388,0.021423738,0.20784053,0.033258274
ZJ017262,0.25447962,0.28655106,0.22994097,0.0033111167,0.027503364,0.0055451267,0.12249853,0.070170246
ZJ017263,0.13259628,0.11389451,0.19362664,0.005479825,0.010593767,0.13512604,0.36084706,0.047835864
ZJ017264,0.30878508,0.16085513,0.20517935,0.0018666588,0.011132396,0.0050175106,0.28935862,0.01780524
ZJ017265,0.23571433,0.28965995,0.21320426,0.005636623,0.0032006716,0.013029142,0.12931626,0.110238776
ZJ017266,0.096211515,0.0069021317,0.20922744,0.102388255,0.06796521,0.11083763,0.01633932,0.3901285
ZJ017267,8.534025e-05,1.268821e-05,0.00061698235,1.3578831e-05,5.106685e-06,0.9992334,1.2278766e-05,2.0681866e-05
ZJ017268,0.3018869,0.025062323,0.02622694,0.5118884,0.08706059,0.024625825,0.016655046,0.0065939617
ZJ017269,0.10987792,0.016124915,0.3310495,0.3835948,0.022167921,0.04921073,0.008203758,0.079770446
ZJ017270,0.35174468,0.086572245,0.258033,0.12601177,0.034748405,0.0034891872,0.0180507,0.12135
ZJ017271,0.11087904,0.8202666,0.01862604,0.0016125394,0.0015796559,0.0012945054,0.017885001,0.027856633
ZJ017272,0.70134103,0.0014767393,0.06707425,0.01869373,0.017775849,0.08026265,0.0021257445,0.111250006
ZJ017273,0.060164638,0.7985302,0.07459057,0.00013586598,0.0026180102,0.016162157,0.024986172,0.022812413
ZJ017274,0.23861116,0.28064993,0.12477471,0.003596728,0.0051489226,0.037918948,0.1813613,0.1279383
ZJ017275,0.28303584,0.02118332,0.24881925,0.0041108937,0.017844135,0.11725666,0.2713182,0.03643168
ZJ017276,0.08753022,0.13103634,0.26527995,0.004327383,0.01626707,0.33877838,0.05661329,0.10016746
ZJ017277,0.069780946,0.024996903,0.1565607,0.55692357,0.0058589885,0.00064835366,0.013369545,0.17186102
ZJ017278,0.12218835,0.0038320646,0.18858679,0.27849537,0.005762702,0.0076083792,0.004449745,0.38907665
ZJ017279,0.3844284,0.14267245,0.19551434,0.0018038232,0.0029597254,0.048866626,0.15390258,0.06985202
ZJ017280,0.18264832,0.0046777762,0.5075969,0.052883152,0.017000463,0.04820607,0.002420572,0.18456672
ZJ017281,0.082907155,0.051315993,0.05976702,0.0032444405,0.008674306,0.014548096,0.7443238,0.03521924
ZJ017282,0.46269998,0.029291369,0.212666,0.0031483767,0.010880295,0.0058989297,0.15783924,0.11757585
ZJ017283,0.1523304,0.09921497,0.21847242,0.0013084285,0.002547372,0.055035714,0.45575196,0.015338727
ZJ017284,0.23127575,0.0064718174,0.41358823,0.12845163,0.016445506,0.008592105,0.006099564,0.18907544
ZJ017285,0.23576865,0.20413986,0.19595717,0.015141738,0.009215201,0.014060596,0.18479341,0.1409234
ZJ017286,0.26941505,0.041898657,0.18538192,0.009620959,0.021958983,0.01779768,0.35433248,0.09959429
ZJ017287,0.1375564,0.22094607,0.12398757,0.0028696994,0.0026895108,0.09592724,0.37558115,0.04044238
ZJ017288,0.83928245,0.020926468,0.035947945,0.0012641429,0.010661795,0.0016200631,0.044976305,0.045320895
ZJ017289,0.26719818,0.18949483,0.24986997,0.00607825,0.12190781,0.014488472,0.065868266,0.08509424
ZJ017290,0.38269883,0.013983604,0.021872617,0.49346983,0.026676735,0.043975707,0.006578289,0.01074434
ZJ017291,0.095416784,0.51984394,0.1495073,0.001268485,0.003949831,0.12050013,0.05876176,0.050751757
ZJ017292,0.09573169,0.00058795424,0.58521485,0.07174406,0.019499218,0.050105967,0.0010881737,0.17602812
ZJ017293,0.39034462,0.1433654,0.06326573,0.019849751,0.02061522,0.024276331,0.20022629,0.13805662
ZJ017294,0.23518804,0.058944877,0.39538592,0.00059477927,0.0055713644,0.01220979,0.28012857,0.011976667
ZJ017295,0.4419846,0.09237299,0.20701823,0.011662671,0.03018135,0.024952153,0.13512589,0.05670215
ZJ017296,0.018629858,0.003066874,0.15405782,0.23486127,0.011961319,0.5006677,0.00092929165,0.07582584
ZJ017297,0.19285178,0.018772112,0.42068195,0.0005766519,0.0016660206,0.08319503,0.2626879,0.019568542
ZJ017298,0.037904423,0.8324296,0.055415377,0.00072309957,0.005285445,0.011714335,0.047803715,0.008724033
ZJ017299,0.20537798,0.032487184,0.35900602,0.00049032294,0.0034351952,0.03847672,0.33052987,0.030196736
ZJ017300,0.20063803,0.5077238,0.093257815,0.030163702,0.0051516765,0.0033174444,0.016849216,0.14289837
ZJ017301,0.1274326,0.055469286,0.30053598,0.0003250581,0.006061052,0.025748307,0.47745568,0.0069720433
ZJ017302,0.2867433,0.1218641,0.30094156,0.0018582897,0.005862863,0.014255466,0.18083873,0.08763567
ZJ017303,0.175478,0.016316984,0.2912249,0.0002459979,0.0011289936,0.28875998,0.22309454,0.0037506202
ZJ017304,0.0503986,0.021426272,0.044238757,0.024499152,0.005112449,0.8219439,0.010286036,0.022094913
ZJ017305,0.27745345,0.09454715,0.32048863,0.00087525684,0.0071300003,0.008132544,0.18950717,0.10186584
ZJ017306,0.14180231,0.025144825,0.16022597,0.07182491,0.00847503,0.0029511636,0.015720898,0.573855
ZJ017307,0.40195817,0.123337634,0.103194445,0.0010462479,0.011887276,0.05516312,0.29544213,0.00797089
ZJ017308,0.072367735,0.0007893276,0.3465638,0.25185242,0.046317257,0.13817811,0.00093370734,0.1429977
ZJ017309,0.7431935,0.05914245,0.06977783,0.00080986344,0.0074035297,0.012146936,0.05785259,0.04967328
ZJ017310,0.04668446,0.09618895,0.20440844,0.00097277696,0.04844819,0.5636063,0.015145222,0.024545677
ZJ017311,0.124709316,0.012147503,0.36177403,0.07528828,0.021432681,0.039886754,0.0036218362,0.36113966
ZJ017312,0.25132445,0.01679788,0.13463587,0.09194764,0.012352996,0.0016307106,0.025046958,0.46626353
ZJ017313,0.20399809,0.038392685,0.22844976,0.0008181281,0.013400565,0.0053547514,0.5054614,0.004124591
ZJ017314,0.44342735,0.010358729,0.2220035,0.0006238083,0.0069778142,0.058766317,0.24976732,0.008075121
ZJ017315,0.1032135,0.07776729,0.32492435,0.0013523587,0.15987998,0.012468972,0.23941082,0.0809828
ZJ017316,0.23013604,0.21245691,0.09857121,0.030562818,0.018125145,0.09280042,0.22286108,0.09448641
ZJ017317,0.11926161,0.041053742,0.1659098,0.05726787,0.007629184,0.004804355,0.013426159,0.5906473
ZJ017318,0.22944722,0.01585594,0.14290683,0.0005289847,0.001092029,0.016823582,0.5812796,0.012065797
ZJ017319,0.13393115,0.1298177,0.13220657,0.003994177,0.019773524,0.3510401,0.14303552,0.08620127
ZJ017320,0.17804787,0.08103252,0.30827555,0.016322764,0.010725694,0.019254802,0.04008914,0.34625164
ZJ017321,0.040735625,0.012921282,0.014617884,4.1125862e-05,0.08863212,0.53463167,0.306265,0.002155303
ZJ017322,0.7092951,0.014320267,0.08759113,0.0001979587,0.010870527,0.019035146,0.15419197,0.0044979365
ZJ017323,0.06826176,0.4473451,0.023609335,3.432432e-05,0.08775835,0.36928985,0.0031595274,0.0005417434
ZJ017324,0.013746357,0.05307063,0.06540134,8.5246334e-05,0.02004241,0.83375585,0.008642849,0.005255363
ZJ017325,0.034650587,0.000665192,0.19706939,0.39821383,0.021873701,0.03683764,0.000190323,0.31049937
ZJ017326,0.032303885,0.005038086,0.02267719,8.021974e-05,0.014515175,0.0048284642,0.917582,0.002975017
ZJ017327,0.32371238,0.06682857,0.21660902,0.0013747314,0.0058835596,0.04897179,0.3273733,0.009246621
ZJ017328,0.22837323,0.033053108,0.5129616,0.0005578092,0.010069036,0.018325884,0.18289131,0.013768003
ZJ017329,0.15847336,0.0019176048,0.21665952,0.469043,0.031089334,0.050529584,0.002798783,0.06948887
ZJ017330,0.1148906,0.0027060246,0.23283182,0.10702175,0.030111995,0.011854344,0.0022468525,0.4983366
ZJ017331,0.0010882932,0.00016348452,0.0051420894,5.6835506e-05,0.000562118,0.99264675,7.677265e-05,0.00026358064
ZJ017332,0.24714828,0.088050775,0.18237472,0.006077881,0.016491039,0.024117358,0.3117488,0.123991154
ZJ017333,0.25239044,0.057864215,0.13279068,0.0017693883,0.013974615,0.0067074317,0.52151287,0.012990351
ZJ017334,0.00614785,0.0014224969,0.006375954,0.0009984988,0.007258825,0.9763841,0.0010604053,0.00035186272
ZJ017335,0.19155382,0.122625485,0.10083092,0.12979896,0.027844315,0.0324303,0.27599156,0.11892463
ZJ017336,0.34525353,0.13078977,0.10298351,0.027793529,0.017622223,0.00402006,0.20367219,0.16786517
ZJ017337,0.15050952,0.015330644,0.32235774,0.00033946903,0.0013487524,0.03727358,0.43753034,0.035309996
ZJ017338,0.39222854,0.09328941,0.17292807,0.03322141,0.033831425,0.09929792,0.17039539,0.00480786
ZJ017339,0.54294556,0.1254421,0.081210405,0.016827397,0.02298694,0.012110556,0.1410717,0.057405327
ZJ017340,0.17774785,0.50360364,0.11464897,0.0030587604,0.022846378,0.0030096327,0.13918771,0.035897043
ZJ017341,0.06668126,0.0025437998,0.23389989,0.54748744,0.03901511,0.04147054,0.0023289274,0.06657306
ZJ017342,0.27739114,0.20923132,0.16777502,0.006710447,0.010479419,0.01333442,0.14221248,0.17286576
ZJ017343,0.14626576,0.018603502,0.18239178,0.0005206539,0.002530905,0.056686036,0.5792665,0.013734868
ZJ017344,0.11257685,0.64487016,0.044378676,0.001577704,0.0051321588,0.042363245,0.06995914,0.07914205
ZJ017345,0.15837252,0.032061182,0.21664332,0.0024956858,0.0029506714,0.03202251,0.53918433,0.016269708
ZJ017346,0.055440124,0.05759817,0.10595752,0.00058482867,0.06772374,0.14706333,0.5427203,0.022911984
ZJ017347,0.32857752,0.08241911,0.10502541,0.013964642,0.044529542,0.03075424,0.30983397,0.0848955
ZJ017348,0.16776276,0.086033985,0.05743869,0.010327258,0.013310662,0.0363546,0.5642723,0.06449975
ZJ017349,0.0016203684,0.00024284389,0.0023810824,0.004336725,0.00014610181,0.9908717,0.00034224679,5.8868318e-05
ZJ017350,0.3110891,0.04643621,0.21471536,0.0024674407,0.029787743,0.007765041,0.36010298,0.027636115
ZJ017351,0.08852834,0.00072334986,0.24168856,0.288743,0.0024891368,0.027193341,0.0006301572,0.35000423
ZJ017352,0.07460849,0.08969624,0.23469388,0.27175063,0.13068359,0.049833458,0.008194142,0.14053951
ZJ017353,0.18826836,0.087660946,0.5725622,0.00013333987,0.0019105488,0.037082173,0.09824875,0.01413361
ZJ017354,0.12751341,0.0025102103,0.19593206,0.15766865,0.0015029189,0.014906962,0.0027788267,0.49718693
ZJ017355,0.17643547,0.007375818,0.3285231,0.12770237,0.0068402984,0.3044861,0.009766047,0.038870797
ZJ017356,0.33428356,0.21445276,0.2129521,0.0007940838,0.0016702462,0.017843371,0.16379774,0.05420619
ZJ017357,0.30963492,0.040079765,0.32734188,0.0018606933,0.029212926,0.036489516,0.22217517,0.033205073
ZJ017358,0.12429317,0.12481521,0.19074032,0.0028775677,0.014816803,0.2481066,0.18152934,0.11282096
ZJ017359,0.43855378,0.06029701,0.18632498,0.003994997,0.07152888,0.021890273,0.18935616,0.028053874
ZJ017360,0.07326101,0.8837946,0.013653287,0.00067575806,0.0025022703,0.0015183837,0.015590869,0.009003804
ZJ017361,0.28413194,0.036288846,0.5621825,0.012411487,0.0013892085,0.010982053,0.037293654,0.0553203
ZJ017362,0.05276798,0.82742333,0.041249134,0.00013453579,0.0016168079,0.02625328,0.037419807,0.013135106
ZJ017363,0.1491405,0.011117774,0.022946633,0.0018225485,0.054703232,0.26313022,0.48852658,0.008612494
ZJ017364,0.34219107,0.044186782,0.3008229,0.02730092,0.0066279406,0.02668494,0.038897388,0.21328801
ZJ017365,0.12117008,0.25989896,0.20706482,0.004006552,0.005988258,0.026628088,0.34167042,0.03357279
ZJ017366,0.25113216,0.16819023,0.19417451,0.007822636,0.006165857,0.032273762,0.25037223,0.089868635
ZJ017367,0.118436605,0.0038163331,0.18695809,0.28314036,0.0027297111,0.016029902,0.0080240825,0.38086492
ZJ017368,0.09579947,0.006395783,0.23110713,0.037871048,0.008462355,0.55999774,0.004068513,0.056297947
ZJ017369,0.0077431216,0.004001287,0.015133575,0.00039419607,0.005334748,0.96581143,0.00092645444,0.0006552207
ZJ017370,0.16380504,0.1832804,0.25631633,0.0007716068,0.015576829,0.063848875,0.23421842,0.08218252
ZJ017371,0.2823063,0.033246707,0.2501369,0.00095892855,0.006640348,0.01719259,0.39550495,0.0140131675
ZJ017372,0.12947461,0.12929732,0.14252238,0.0016696461,0.013240426,0.020382416,0.4942222,0.069191
ZJ017373,0.13867554,0.012618172,0.19381574,0.3036836,0.018906638,0.27832726,0.00997289,0.04400022
ZJ017374,0.46282828,0.0072484994,0.04368579,0.0007636371,0.004892988,0.003755821,0.461419,0.015405944
ZJ017375,0.034281783,0.049190886,0.25819117,0.00052801543,0.011891048,0.62298435,0.021644782,0.0012878876
ZJ017376,0.11236441,0.015313611,0.28071088,0.001831762,0.001464797,0.007481202,0.5315819,0.049251437
ZJ017377,0.3495279,0.06534487,0.18995072,0.10286857,0.0453336,0.005187476,0.1546936,0.08709331
ZJ017378,0.21295948,0.22972035,0.2417808,0.0016971129,0.0072750547,0.00801684,0.27328587,0.025264468
ZJ017379,0.16740526,0.00936388,0.05389275,0.00048652262,0.0016392684,0.0018612258,0.7491982,0.016152877
ZJ017380,0.29171106,0.056628693,0.26998925,0.12153006,0.003302779,0.007354018,0.08196881,0.16751534
ZJ017381,0.28456387,0.13208185,0.08042428,0.03859538,0.008016081,0.020285182,0.20464277,0.23139055
ZJ017382,0.11442066,0.0031120044,0.21562108,0.5130208,0.0034138707,0.0071889376,0.0032371194,0.13998552
ZJ017383,0.28355888,0.004037165,0.55007285,0.02592913,0.0016607787,0.016757814,0.006339846,0.1116435
ZJ017384,0.08525387,0.854752,0.0059600757,0.0011111641,0.0022707847,0.00046538553,0.009678851,0.040507875
ZJ017385,0.32937074,0.1430595,0.1908528,0.00070579984,0.003428319,0.0028024265,0.31578574,0.013994688
ZJ017386,0.07939255,0.65163755,0.03752138,0.0070106233,0.0060916636,0.013215414,0.17388526,0.03124558
ZJ017387,0.24333662,0.12654035,0.031327546,0.002221371,0.00316827,0.00075572554,0.57509863,0.01755149
ZJ017388,0.44254944,0.10664779,0.14937648,0.0009026764,0.0043399706,0.01622845,0.27403408,0.005921145
ZJ017389,0.094907746,0.06422882,0.5491073,0.0008924771,0.07637092,0.04417458,0.13312899,0.037189115
ZJ017390,0.07268365,0.38356692,0.04494262,0.00015387018,0.0008495539,0.019680759,0.44729272,0.030829914
ZJ017391,0.20765966,0.31761435,0.05665665,0.015412506,0.010011366,0.013402102,0.21829847,0.1609449
ZJ017392,0.32315272,0.003540748,0.49097797,0.018098325,0.0004581126,0.010290024,0.005528433,0.14795364
ZJ017393,0.001374795,0.0010414934,0.0019473879,0.003216634,9.914285e-05,0.9918661,0.00035893562,9.5457006e-05
ZJ017394,0.20059964,0.15975177,0.15885374,0.02167489,0.005790668,0.014410051,0.33778,0.10113928
ZJ017395,0.06544679,0.07847594,0.120910816,0.07362747,0.0050285645,0.60672647,0.027083324,0.022700587
ZJ017396,0.062243503,0.0010624817,0.13116613,0.5113984,0.0007523791,0.014849082,0.0020796822,0.27644834
ZJ017397,0.1119687,0.031781018,0.2317255,0.00045500137,0.0022007977,0.007271069,0.6034324,0.011165492
ZJ017398,0.37541923,0.18462464,0.08159337,0.031212782,0.01753776,0.020120956,0.22890903,0.060582224
ZJ017399,0.44243085,0.038845334,0.19444603,0.0010528193,0.015785396,0.015401971,0.26570758,0.026329968
ZJ017400,0.26858068,0.014786175,0.17304575,0.22068624,0.005808478,0.028630665,0.014981591,0.27348036
ZJ017401,0.1654405,0.022468591,0.40473202,0.00030138466,0.0008651575,0.03612642,0.3493647,0.020701287
ZJ017402,0.3206312,0.05136688,0.16211624,0.004523986,0.13750547,0.016869433,0.291588,0.015398786
ZJ017403,0.9915687,9.531525e-05,0.0010977405,2.1683598e-05,0.0015686415,0.00041355824,0.005132467,0.000101906386
ZJ017404,0.29206604,0.14145955,0.13067195,0.049209047,0.011217569,0.01096279,0.24237262,0.12204044
ZJ017405,0.0904993,0.05500954,0.33370218,0.0067454223,0.002574996,0.010154779,0.44715703,0.054156747
ZJ017406,0.3388279,0.057627242,0.30925095,0.010958052,0.0010543246,0.010154098,0.18060942,0.09151797
ZJ017407,0.2854762,0.0135942055,0.28620672,0.2928033,0.0023052504,0.017667964,0.013224301,0.088722154
ZJ017408,0.14520721,0.33570036,0.14115138,0.0031622245,0.035470054,0.021314569,0.28438404,0.033610113
ZJ017409,0.47907194,0.0029413407,0.19380578,0.023875542,0.020261105,0.20519394,0.0106464075,0.06420397
ZJ017410,0.13975415,0.056127653,0.2989945,0.0008118661,0.0054856627,0.022539152,0.46314356,0.013143456
ZJ017411,0.65370667,0.012280129,0.04889968,0.054905914,0.0070141233,0.0028383057,0.017093029,0.20326218
ZJ017412,0.331087,0.106835835,0.22410238,0.012293984,0.14438981,0.040879697,0.07856064,0.061850734
ZJ017413,0.19048366,0.28366986,0.1585655,0.0031102735,0.009421216,0.008281412,0.33343855,0.0130295595
ZJ017414,0.25044963,0.011914516,0.047568128,0.50792736,0.098058105,0.033646483,0.011683092,0.03875261
ZJ017415,0.5193028,0.06852489,0.109813295,0.0029965036,0.014289325,0.019700289,0.22072224,0.044650584
ZJ017416,0.1572704,0.004838454,0.36412027,0.3876699,0.0073970607,0.022790158,0.014405086,0.041508652
ZJ017417,0.23189102,0.11794519,0.23239207,0.00075838907,0.029739253,0.018084638,0.36053047,0.008658972
ZJ017418,0.45290574,0.12383967,0.22788411,0.0024217868,0.04857699,0.0026797797,0.109860964,0.031830963
ZJ017419,0.28982547,0.15375434,0.0753832,0.06089783,0.01117569,0.009264405,0.15589213,0.24380697
ZJ017420,0.21330526,0.09893317,0.13921924,0.036984514,0.013498215,0.03023885,0.18880303,0.27901772
ZJ017421,0.2888992,0.018338665,0.032146845,0.49004155,0.12358248,0.0056590023,0.014526432,0.0268058
ZJ017422,0.32167658,0.06817643,0.18412563,0.07009304,0.030986013,0.008332273,0.026304405,0.2903056
ZJ017423,0.4033605,0.027530717,0.23914896,0.09105821,0.012941083,0.005286404,0.012580272,0.20809385
ZJ017424,0.24574754,0.036712345,0.60871744,0.009624288,0.0018436889,0.012669959,0.012314192,0.07237054
ZJ017425,0.04108226,0.030457312,0.05169188,0.02541673,0.0023241653,0.8160285,0.022066252,0.010932892
ZJ017426,0.09516272,0.08079588,0.15762703,0.0033553531,0.0041137664,0.0022805217,0.47287843,0.18378633
ZJ017427,0.13339822,0.062320158,0.15475023,0.0072955186,0.0006974492,0.062086504,0.54779285,0.031659063
ZJ017428,0.082812935,0.014306489,0.5633246,0.0003686303,0.0016348826,0.30457723,0.027892523,0.0050826995
ZJ017429,0.4466046,0.118202336,0.24615963,0.0015246167,0.0018631169,0.04032584,0.083381966,0.061937843
ZJ017430,0.38938782,0.09269639,0.14938036,0.012753421,0.052699372,0.011054851,0.22651005,0.06551781
ZJ017431,0.325515,0.03623022,0.40761474,0.0004688515,0.0032867575,0.011058555,0.21073154,0.0050943615
ZJ017432,0.18752503,0.09627537,0.21293451,0.030348524,0.016980885,0.007271757,0.027849369,0.4208146
ZJ017433,0.20201355,0.013401663,0.06695669,0.0018163848,0.011414887,0.013574416,0.6728315,0.017990915
ZJ017434,0.05494041,0.05109455,0.020757787,0.0007552641,0.0009064174,0.0019339885,0.8585008,0.011110814
ZJ017435,0.08110001,0.005388403,0.22828661,0.2970671,0.0059134094,0.019650873,0.003193751,0.35939988
ZJ017436,0.08804212,0.0126458155,0.3554625,0.21023239,0.0072928886,0.025665592,0.007513032,0.29314566
ZJ017437,0.7948045,0.03359712,0.04003648,0.00037965045,0.015781479,0.012564188,0.05022921,0.052607417
ZJ017438,0.115114786,0.0038578624,0.21057917,0.40897796,0.007747773,0.010870166,0.0017965148,0.24105574
ZJ017439,0.28162646,0.107712984,0.21253863,0.00745111,0.0056467894,0.0061206804,0.3196176,0.05928569
ZJ017440,0.697611,0.003081118,0.016456883,0.00015448335,0.15843096,0.014825148,0.10451937,0.004921103
ZJ017441,0.13609785,0.34418383,0.12257587,0.0036846788,0.0074771657,0.07506447,0.28660902,0.024307096
ZJ017442,0.00663987,0.0037355942,0.021229325,0.00022151573,0.004421091,0.96032166,0.002179773,0.0012512307
ZJ017443,0.2556167,0.18928103,0.1899232,0.0043731374,0.005222383,0.017339127,0.26354375,0.07470065
ZJ017444,0.08343048,0.01219096,0.24234739,0.00033333173,0.0060160053,0.44543815,0.18412685,0.02611685
ZJ017445,0.42705235,0.005778141,0.30203757,0.06732102,0.005464171,0.057821907,0.0065899887,0.1279348
ZJ017446,0.21779662,0.13374652,0.30190393,0.0024538063,0.0068379394,0.06387257,0.15636988,0.11701874
ZJ017447,0.3065637,0.10256164,0.25067556,0.0074983058,0.02712484,0.010421991,0.23100698,0.06414699
ZJ017448,0.33178753,0.008354943,0.462937,0.013161265,0.00044484515,0.012182436,0.018799817,0.1523321
ZJ017449,0.20312437,0.023919607,0.30815026,0.0002862381,0.001298987,0.2119443,0.2475728,0.0037033781
ZJ017450,0.14302227,0.570851,0.06155789,0.015678553,0.0071951584,0.0036481216,0.16790682,0.030140147
ZJ017451,0.28490493,0.17081806,0.2064156,0.014603397,0.04787521,0.020893732,0.15292428,0.101564765
ZJ017452,0.27497777,0.004772995,0.5010414,0.019470446,0.0014316479,0.008474795,0.0062987925,0.18353215
ZJ017453,0.12218401,0.064691424,0.20824398,0.006065801,0.010509408,0.119589396,0.15334603,0.31536996
ZJ017454,0.67583084,0.02942251,0.087164395,0.00020768393,0.038456943,0.011200056,0.07246861,0.08524898
ZJ017455,0.18053654,0.060808863,0.23473555,0.0055441493,0.15295064,0.013913437,0.110733986,0.2407768
ZJ017456,0.23793088,0.019475682,0.45603126,0.09400967,0.0038546438,0.06024792,0.020044401,0.10840555
ZJ017457,0.10144115,0.17399317,0.3078166,0.0017525295,0.015819687,0.14070567,0.06068758,0.19778354
ZJ017458,0.2514421,0.20265053,0.06920224,0.017041495,0.018930824,0.01567203,0.30683053,0.11823019
ZJ017459,0.22619195,0.038258247,0.2614943,0.0005284966,0.0053956327,0.0030653984,0.44918826,0.0158777
ZJ017460,0.06339857,0.0037332352,0.17365335,0.14562987,0.00067514984,0.005749548,0.0011237937,0.6060364
ZJ017461,0.4626669,0.11595585,0.27849233,0.0029234427,0.0052208947,0.027677966,0.036733758,0.07032887
ZJ017462,0.010916423,0.00018817987,0.123177245,0.49749482,0.00036684988,0.34475732,0.00025900037,0.022840226
ZJ017463,0.12162839,0.080979206,0.09963283,0.0032161784,0.0019598196,0.0069698836,0.65731734,0.028296394
ZJ017464,0.51435184,0.090443686,0.02004437,0.0112097915,0.033654943,0.0052781827,0.18160635,0.14341086
ZJ017465,0.0798594,0.7946248,0.04172559,0.002134904,0.005964092,0.0013722333,0.0531036,0.021215415
ZJ017466,0.4798439,0.045777515,0.16738373,0.095272385,0.022993628,0.003701983,0.005036374,0.1799905
ZJ017467,0.13793932,0.0051376848,0.42750284,0.05801113,0.07879131,0.021389162,0.005826128,0.2654024
ZJ017468,0.07900446,0.056732494,0.11447109,0.049787115,0.0015059579,0.6633018,0.0131354965,0.022061596
ZJ017469,0.22453548,0.03338867,0.029525025,0.34980363,0.2817554,0.054685853,0.01642075,0.009885219
ZJ017470,0.077000186,0.09553402,0.42722908,0.00030914953,0.0025006647,0.038706552,0.24595611,0.112764224
ZJ017471,0.39991894,0.020902688,0.36949852,0.016806088,0.0028513593,0.021557828,0.036425717,0.13203888
ZJ017472,0.15728089,0.06409278,0.5216795,0.0063728513,0.027329108,0.047159728,0.16323245,0.012852532
ZJ017473,0.1669561,0.017197575,0.26968002,0.0002839824,0.0014185724,0.0181658,0.5049087,0.02138916
ZJ017474,0.03491106,0.5087585,0.04484869,0.00017749004,0.008159881,0.015679123,0.34946886,0.037996385
ZJ017475,0.32873595,0.14131588,0.17127684,0.0024879181,0.007386524,0.0053529055,0.3220152,0.021428764
ZJ017476,0.11097772,0.010944504,0.030438023,0.00030740915,0.0073506725,0.0030046147,0.82019556,0.01678153
ZJ017477,0.03219828,0.003725756,0.19181712,0.2512236,0.0018939506,0.0041648922,0.003606995,0.5113694
ZJ017478,0.15270092,0.023582933,0.18479444,0.0038864743,0.114513695,0.3502453,0.15455927,0.015716981
ZJ017479,0.078370936,0.6198681,0.1676599,0.00023812523,0.0030287935,0.028616967,0.095706716,0.00651044
ZJ017480,0.039813515,0.02883686,0.0052156285,0.00023684405,0.008797748,0.0011418056,0.91452813,0.0014294467
ZJ017481,0.13688423,0.17022404,0.2281148,0.0037111735,0.01405476,0.058764067,0.34703878,0.04120819
ZJ017482,0.18257983,0.028721537,0.14762224,0.0042868424,0.024392733,0.031655636,0.56779206,0.012949125
ZJ017483,0.21027404,0.047268976,0.12473937,0.01349893,0.03297845,0.018199146,0.4522769,0.10076418
ZJ017484,0.1227021,0.12660311,0.22295272,0.0016375127,0.0112316115,0.29624537,0.10618352,0.11244412
ZJ017485,0.16108224,0.39418826,0.17431597,0.0012005265,0.0055625164,0.01582891,0.17019892,0.077622645
ZJ017486,0.32740098,0.264396,0.11127665,0.028336251,0.016217243,0.014012929,0.1461074,0.092252545
ZJ017487,0.2556427,0.03050576,0.034430914,0.51427567,0.1140476,0.013029582,0.02915671,0.008911102
ZJ017488,0.34351337,0.20013666,0.17773302,0.014490153,0.02464456,0.002761945,0.05714261,0.17957765
ZJ017489,0.36570042,0.036698755,0.39242178,0.0040543205,0.001250688,0.0023586329,0.14583856,0.051676836
ZJ017490,0.097446956,0.0015978584,0.1808161,0.44412884,0.0025150653,0.0048065824,0.0031054295,0.26558322
ZJ017491,0.5208595,0.19607577,0.07951835,0.012180607,0.012911896,0.012486934,0.10794043,0.05802657
ZJ017492,0.35430714,0.11695981,0.20777023,0.0017394761,0.0039487346,0.069217235,0.23604941,0.010008026
ZJ017493,0.4788903,0.10832789,0.120217845,0.010590189,0.017281232,0.008424905,0.2041872,0.052080415
ZJ017494,0.1513365,0.062961005,0.20586516,0.0026071414,0.002596093,0.19433244,0.31731626,0.062985376
ZJ017495,0.11872664,0.45846903,0.2906544,0.00025708877,0.005743897,0.037761766,0.08268246,0.005704711
ZJ017496,0.37000984,0.0834313,0.13461934,0.0030070029,0.014246032,0.029148676,0.30636448,0.05917333
ZJ017497,0.23689947,0.08241039,0.2930262,0.00031031677,0.008364639,0.027836984,0.29995665,0.0511954
ZJ017498,0.35897213,0.13171157,0.19195536,0.0005393198,0.015097246,0.024015414,0.23546538,0.04224354
ZJ017499,0.35832477,0.11250923,0.05132385,0.02963883,0.01006278,0.012875068,0.19451146,0.23075402
ZJ017500,0.15144952,0.0019673293,0.13914195,0.3390207,0.002722624,0.0065876893,0.0036439965,0.35546625
ZJ017501,0.14407705,0.02900382,0.3191666,0.0009939946,0.0058890046,0.014879042,0.4635905,0.022399971
ZJ017502,0.38794196,0.09590364,0.038624693,0.0075353924,0.019061564,0.0026351665,0.20318921,0.24510834
ZJ017503,0.31828392,0.22426692,0.20077686,0.008667597,0.08180022,0.007862428,0.101171255,0.057170846
ZJ017504,0.18542442,0.012325086,0.10052617,0.00036615212,0.0017034676,0.037425138,0.64396054,0.018269071
ZJ017505,0.27474955,0.017167253,0.3805741,0.00021940678,0.002736505,0.005014893,0.31094375,0.008594547
ZJ017506,0.3549023,0.047962226,0.040318176,0.2455008,0.24705406,0.016033104,0.027050879,0.021178441
ZJ017507,0.34044242,0.16982906,0.2201745,0.0040606586,0.06561873,0.0043636602,0.16119751,0.034313466
ZJ017508,0.1643739,0.006209727,0.27931523,0.11314212,0.014455588,0.37236628,0.009704571,0.040432595
ZJ017509,0.032836918,0.00033074568,0.10264956,0.007831397,0.00074118696,0.8462616,0.00047532728,0.008873227
ZJ017510,0.19868949,0.16620453,0.16499403,0.001263713,0.0030438898,0.05880391,0.38796514,0.01903526
ZJ017511,0.5790233,0.027955264,0.03845726,0.00018255197,0.111508,0.06910381,0.17044275,0.0033270787
ZJ017512,0.18069421,0.017553136,0.015568704,0.00574809,0.038310852,0.0035881132,0.7203159,0.01822091
ZJ017513,0.037145656,0.053193726,0.022804584,0.0026679393,0.0005216365,0.76060814,0.10350776,0.019550664
ZJ017514,0.16702405,0.026343513,0.4254573,0.00015344268,0.0063903336,0.025207318,0.32883576,0.020588247
ZJ017515,0.2876211,0.11146488,0.036581803,0.028809758,0.0037952834,0.0012683168,0.26112026,0.26933852
ZJ017516,0.19822711,0.0047919196,0.32093373,0.27151182,0.019393083,0.02027785,0.0045567686,0.16030777
ZJ017517,0.026734192,0.00433378,0.014814941,0.0002817687,0.0076351254,0.002621066,0.942471,0.001108077
ZJ017518,0.3572508,0.03126862,0.30917156,0.0031916574,0.0057342453,0.06509294,0.2028212,0.025468938
ZJ017519,0.22398262,0.124903835,0.12393618,0.002568549,0.008367446,0.17085458,0.29801956,0.0473672
ZJ017520,0.11679756,0.017291509,0.17712109,0.3685953,0.010113374,0.0040939827,0.0051269894,0.30086014
ZJ017521,0.08706323,0.0041103275,0.13184763,0.27528858,0.002748911,0.46267116,0.0064387373,0.0298314
ZJ017522,0.24487397,0.046214417,0.30550894,0.00053032575,0.0028321212,0.14279184,0.24825555,0.008992805
ZJ017523,0.08889159,0.0008323392,0.1961332,0.38322043,0.0015378942,0.046020895,0.0010017038,0.28236195
ZJ017524,0.2837134,0.04952511,0.146137,0.0004093164,0.02276593,0.0010581135,0.49003157,0.006359601
ZJ017525,0.28434727,0.11433559,0.13725492,0.0005883606,0.013586129,0.009379595,0.42657524,0.013932921
ZJ017526,0.18626077,0.0490071,0.22074036,0.0004289865,0.014630896,0.0030878119,0.51472527,0.011118873
ZJ017527,0.02364971,0.8932239,0.00626037,0.00042262414,0.0027099976,0.0029552064,0.06924702,0.0015312377
ZJ017528,0.24303153,0.27888498,0.19333787,0.00063071,0.017942376,0.01282083,0.25044873,0.0029029464
ZJ017529,0.10966372,0.08765042,0.27366298,0.0008213002,0.008369824,0.009226727,0.4673744,0.043230593
ZJ017530,0.638133,0.0027882888,0.050990496,0.045061234,0.12780233,0.029887237,0.0065349573,0.09880247
ZJ017531,0.009922649,0.010207552,0.031646922,0.00023677839,0.021588998,0.92186415,0.0024045496,0.0021284232
ZJ017532,0.22423607,0.07944305,0.3344279,0.001151157,0.026134407,0.010631004,0.31237125,0.011605199
ZJ017533,0.36700413,0.12567405,0.121175975,0.013010972,0.0141148055,0.014813808,0.290211,0.05399523
ZJ017534,0.20354725,0.14976403,0.3380978,0.00037059156,0.0060942248,0.014479172,0.27389318,0.013753684
ZJ017535,0.12438779,0.21049419,0.24836753,0.00070209615,0.0064334846,0.043563202,0.3523825,0.013669174
ZJ017536,0.51499796,0.021181747,0.23909366,0.038274776,0.027582217,0.018706568,0.07057507,0.069588
ZJ017537,0.28112915,0.005404871,0.3812648,0.016553568,0.0011767084,0.0069009564,0.009147462,0.2984225
ZJ017538,0.24303986,0.24130858,0.13450184,0.03391145,0.017417368,0.025528764,0.20539473,0.098897375
ZJ017539,0.08120726,0.28611374,0.07172936,0.0018289526,0.043625277,0.043510556,0.44931808,0.022666775
ZJ017540,0.17897321,0.052332405,0.51536137,0.00017129141,0.0021339555,0.022808418,0.22219028,0.006029079
ZJ017541,0.26271674,0.03671282,0.26795566,0.11410304,0.027328895,0.009581657,0.032686103,0.24891503
ZJ017542,0.16790634,0.15075074,0.2556236,0.0016369042,0.06614248,0.013235284,0.3342194,0.010485236
ZJ017543,0.2507479,0.17697299,0.10768753,0.011393855,0.013173345,0.014396612,0.29112816,0.13449953
ZJ017544,0.47685978,0.07152464,0.19387595,0.0013022955,0.05798102,0.043913554,0.085616924,0.068925805
ZJ017545,0.19974773,0.04292469,0.19036913,0.0011571986,0.0052581667,0.0053579337,0.5454069,0.009778275
ZJ017546,0.2759507,0.020126933,0.5946365,0.01245153,0.0017530386,0.022090567,0.018502336,0.054488394
ZJ017547,0.16314982,0.11268935,0.2252279,0.008915081,0.0052923183,0.0564391,0.37969443,0.048592
ZJ017548,0.30953038,0.23094009,0.28938273,0.0018957534,0.05935656,0.0114603415,0.058770176,0.03866399
ZJ017549,0.015677808,0.0016198334,0.031190949,0.004068802,0.0020928874,0.92084473,0.0035127713,0.020992143
ZJ017550,0.099380046,0.0007654194,0.20548847,0.22541735,0.049244355,0.13836531,0.0014114521,0.27992755
ZJ017551,0.31907094,0.09906225,0.2865927,0.012344038,0.01574979,0.009784046,0.13398787,0.123408325
ZJ017552,0.032017052,0.021014847,0.01155868,0.00037100533,0.0065029673,0.055696573,0.84472203,0.02811683
ZJ017553,0.25382903,0.054188136,0.23421031,0.0582124,0.016394418,0.009722565,0.1146166,0.25882652
ZJ017554,0.10990075,0.5439512,0.10856282,0.108927496,0.0006730184,0.001729349,0.008602219,0.11765308
ZJ017555,0.35350204,0.039349973,0.32722542,0.0025050926,0.008719955,0.015619873,0.20687409,0.04620361
ZJ017556,0.07449919,0.089217275,0.08499883,0.019121738,0.008619497,0.6325989,0.028519303,0.062425323
ZJ017557,0.3391616,0.040982574,0.132025,0.2860407,0.014421994,0.014225964,0.032654166,0.14048801
ZJ017558,0.13873489,0.15291305,0.1432316,0.012836574,0.062368713,0.08307161,0.25020397,0.15663958
ZJ017559,0.23876083,0.0023442062,0.30656457,0.12041059,0.008994324,0.22986723,0.0052876673,0.0877706
ZJ017560,0.13227369,0.097096674,0.36734995,0.0029536881,0.0057504717,0.08819957,0.28966826,0.01670769
ZJ017561,0.42005548,0.022244215,0.024287226,0.32451862,0.16250786,0.011904612,0.013390034,0.021091925
ZJ017562,0.05984032,0.0065474445,0.1470345,0.4712478,0.006754171,0.011740866,0.0037389896,0.29309592
ZJ017563,9.295787e-05,1.5996698e-06,0.00048339204,1.923631e-07,7.5676153e-06,0.99938196,1.2010488e-05,2.022965e-05
ZJ017564,0.27791312,0.14288832,0.292668,0.0042747995,0.15777601,0.01473112,0.049099475,0.06064914
ZJ017565,0.292269,0.0038440872,0.5242527,0.044554308,0.0005810525,0.009044555,0.0055608163,0.11989348
ZJ017566,0.14173442,0.0075992574,0.24135952,0.49977887,0.00048851565,0.008213689,0.010440749,0.09038501
ZJ017567,0.0051418226,0.0025477367,0.025930183,0.000453498,0.00033162555,0.96253216,0.0007125578,0.0023503865
ZJ017568,0.04691652,0.009156463,0.08876102,0.00010233026,0.00030986342,0.0035055876,0.78964865,0.06159961
ZJ017569,0.35612085,0.039171282,0.023513298,0.28644317,0.23843339,0.024314584,0.020051809,0.011951624
ZJ017570,0.00013474112,8.380328e-06,0.0008903724,8.86955e-07,6.275426e-06,0.99891806,2.2273682e-05,1.9064923e-05
ZJ017571,0.21972257,0.058414295,0.24548127,0.0046072197,0.015094815,0.033090275,0.35992423,0.06366528
ZJ017572,0.21382214,0.036357332,0.031222904,0.5987375,0.041666426,0.04526376,0.020023137,0.012906895
ZJ017573,0.45277104,0.032638513,0.2563928,0.0007387137,0.0035385205,0.016172195,0.22303532,0.014712914
ZJ017574,0.2484263,0.3336679,0.12739407,0.011019347,0.021816187,0.008634837,0.17813736,0.07090396
ZJ017575,0.22692445,0.23219791,0.1774429,0.0010864452,0.02047814,0.022439403,0.31177366,0.007657114
ZJ017576,0.12458292,0.007964706,0.26429164,0.1633569,0.09479169,0.10497492,0.0033096236,0.23672765
ZJ017577,0.2685951,0.020890482,0.06032778,0.0020695543,0.02816555,0.018468298,0.5889885,0.01249478
ZJ017578,0.026303919,0.4108268,0.019503478,0.00070159626,0.00064646674,0.06693824,0.39529848,0.07978103
ZJ017579,0.21414998,0.10237116,0.32811478,0.00081679743,0.006622703,0.0042166254,0.33353728,0.010170695
ZJ017580,0.1758898,0.10964511,0.15652606,0.0005398557,0.0104379,0.01361853,0.48791268,0.045430098
ZJ017581,0.27782986,0.17179058,0.1052741,0.02038458,0.0044418364,0.0069735697,0.26213807,0.15116741
ZJ017582,0.049049884,0.10100521,0.11752408,0.009138025,0.011273574,0.5793852,0.09014163,0.04248238
ZJ017583,0.12368219,0.09232222,0.47833374,0.00011477224,0.0014459126,0.0033888863,0.27275473,0.02795758
ZJ017584,0.09927573,0.23286934,0.09288308,0.0037715782,0.052857097,0.020120472,0.30376008,0.19446264
ZJ017585,0.08137277,0.060342353,0.0406121,0.00067130144,0.023381626,0.0007629193,0.7753041,0.017552923
ZJ017586,0.069396086,0.8206983,0.044179443,0.00012224854,0.0007424523,0.0072130742,0.04695441,0.010693924
ZJ017587,0.45429638,0.13620257,0.09018895,0.00632364,0.0385258,0.033081837,0.18756422,0.053816613
ZJ017588,0.14814554,0.09668167,0.12014654,0.002015413,0.0117828455,0.05341858,0.51394236,0.05386707
ZJ017589,0.1717815,0.28370732,0.26120824,0.0078965835,0.0034630715,0.007083861,0.15045494,0.11440449
ZJ017590,0.14061457,0.5750642,0.11361458,0.0062412648,0.020293865,0.003777305,0.047194272,0.09319988
ZJ017591,0.056695815,0.0082090655,0.41218042,0.07835633,0.057200067,0.23980193,0.008337708,0.13921863
ZJ017592,0.30435804,0.26373118,0.24300142,0.011122646,0.042878382,0.0028381126,0.07327789,0.058792353
ZJ017593,0.12568873,0.121521905,0.031614456,0.00023024438,0.47969955,0.22999421,0.010244694,0.0010061921
ZJ017594,0.39693695,0.089101024,0.14369357,0.0014105637,0.0037607043,0.010273876,0.3124741,0.042349156
ZJ017595,0.14640781,0.06699312,0.5410782,0.0003290105,0.0024175013,0.0049098004,0.20097268,0.03689181
ZJ017596,8.355887e-05,6.1904643e-06,0.00052631827,1.5258514e-06,4.8281727e-06,0.99934655,1.4760346e-05,1.6248758e-05
ZJ017597,0.19759806,0.089986,0.27936926,0.00047489727,0.0056844163,0.06374969,0.3065451,0.056592595
ZJ017598,0.03345724,0.02118985,0.035274968,0.024573645,0.017789403,0.85202307,0.0060536587,0.0096382
ZJ017599,0.00031035114,0.00042007654,0.0012934487,0.0005680123,0.0036211803,0.993673,2.9975961e-05,8.397036e-05
ZJ017600,0.31661507,0.15820913,0.08268811,0.04335544,0.027018964,0.008847269,0.25042972,0.11283633
ZJ017601,0.18578017,0.106731765,0.2580505,0.03121555,0.11617975,0.01340231,0.23494889,0.05369102
ZJ017602,0.29444563,0.109835416,0.38150656,0.0015079426,0.004849585,0.017467866,0.12135698,0.069029965
ZJ017603,0.10152649,0.026394749,0.6002712,0.00056562386,0.005178881,0.21599574,0.039317492,0.0107498
ZJ017604,0.27856007,0.080222175,0.34588653,0.0014316927,0.063253045,0.015418886,0.20788455,0.007343075
ZJ017605,0.5853219,0.068709366,0.06619569,0.0013597927,0.003434131,0.009764337,0.17255153,0.09266326
ZJ017606,0.17767166,0.017949156,0.4010063,0.00026166017,0.0013079722,0.020185372,0.3614382,0.020179639
ZJ017607,0.2594159,0.015081268,0.28846374,0.10604266,0.008723136,0.004935767,0.013902388,0.30343512
ZJ017608,0.22580332,0.36275768,0.18778032,0.000671051,0.0032247677,0.013533498,0.17079787,0.03543154
ZJ017609,0.24084301,0.2230021,0.2436469,0.001402661,0.011232413,0.0334365,0.16206867,0.084367685
ZJ017610,0.10104156,0.026949028,0.28192636,0.049751177,0.047167394,0.016291939,0.008401732,0.46847075
ZJ017611,0.09425992,0.001990625,0.26730716,0.21178845,0.0030088637,0.07305033,0.0016252373,0.34696943
ZJ017612,0.274257,0.0054472955,0.05841553,0.0014673223,0.51242894,0.057094157,0.07529554,0.015594174
ZJ017613,0.39329526,0.29986036,0.11609805,0.01888623,0.02929528,0.005243908,0.07569752,0.061623406
ZJ017614,0.8326813,0.012236693,0.058591075,0.0007129997,0.041798044,0.010993428,0.0375192,0.005467265
ZJ017615,0.32524055,0.19205052,0.3249803,0.0013355511,0.053356547,0.007945281,0.0428569,0.052234475
ZJ017616,0.03669995,0.017998394,0.034216087,0.00041358703,0.003556922,0.0027023514,0.90171725,0.0026955137
ZJ017617,0.029599164,0.8643362,0.019892404,0.009390616,0.0070180977,0.0059398306,0.063227125,0.0005965553
ZJ017618,0.40998444,0.030388448,0.024965141,0.41925758,0.07585124,0.021740632,0.01393064,0.003881819
ZJ017619,0.2372283,0.0029325914,0.17176871,0.2498476,0.0038448733,0.011872901,0.007291962,0.31521297
ZJ017620,0.10189636,0.031322233,0.050961643,0.00014891523,0.011517924,0.0014033375,0.7999421,0.0028075203
ZJ017621,0.30732414,0.11899003,0.11594188,0.009577688,0.02225199,0.025856128,0.30140385,0.09865427
ZJ017622,0.27243116,0.019910712,0.26635024,0.0013898482,0.001861716,0.038092323,0.38608438,0.01387965
ZJ017623,0.24743114,0.053577583,0.18804207,0.0046814675,0.008429026,0.15151118,0.26269713,0.08363045
ZJ017624,0.10758563,0.019292746,0.3101425,0.00250876,0.0019885567,0.03191309,0.4823599,0.04420885
ZJ017625,0.33124995,0.016606428,0.1603265,0.0026184837,0.009796796,0.010735851,0.44462216,0.024043897
ZJ017626,0.37702024,0.19983955,0.10051322,0.062043462,0.013074127,0.003976799,0.18282709,0.06070552
ZJ017627,0.09772064,0.027797207,0.50633925,0.00020498471,0.0013723727,0.013186935,0.25098953,0.10238908
ZJ017628,0.009555372,0.34606186,0.07696468,0.000622123,0.23422569,0.30849412,0.011183673,0.012892431
ZJ017629,0.13822208,0.00555691,0.21235639,0.4651608,0.0012694418,0.005285713,0.012265075,0.15988368
ZJ017630,0.060867283,0.062474366,0.0693831,0.0041764416,0.02366519,0.0023800274,0.76073635,0.016317215
ZJ017631,0.23378606,0.0036585864,0.42003435,0.19143176,0.0039300583,0.08090524,0.0069725285,0.059281383
ZJ017632,0.10419201,0.70583516,0.073505044,0.00043899295,0.0012168958,0.023191648,0.067059204,0.024561055
ZJ017633,0.39012817,0.0045473496,0.054526616,0.0011824816,0.012701644,0.002322077,0.52114356,0.013448078
ZJ017634,0.39342147,0.06674302,0.15157075,0.01022944,0.093493864,0.012847606,0.21442437,0.057269473
ZJ017635,0.093849465,0.08855841,0.07724197,0.005549809,0.0041333414,0.6668598,0.02557664,0.038230617
ZJ017636,0.21434464,0.0018376743,0.13123961,0.33235952,0.0068957955,0.005952815,0.007242629,0.30012736
ZJ017637,0.1763287,0.0881651,0.2511389,0.0038708115,0.004749906,0.009442181,0.42462054,0.041683957
ZJ017638,0.21285826,0.32799852,0.15592526,0.0006805299,0.03373937,0.002157009,0.26220298,0.004438024
ZJ017639,0.39208046,0.0848918,0.09960081,0.0016249208,0.018177312,0.0058371364,0.369089,0.028698593
ZJ017640,0.15098411,0.02039618,0.256565,0.0033597755,0.0048233615,0.009404152,0.511045,0.043422367
ZJ017641,0.16750918,0.38184145,0.09548776,0.004624122,0.035516877,0.039217435,0.22114843,0.0546547
ZJ017642,0.18575123,0.0006086419,0.09144804,0.13085647,0.0015250337,0.0035420735,0.0016406158,0.58462787
ZJ017643,0.13372417,0.032784056,0.056199085,0.7183219,0.0047975634,0.018901775,0.015238342,0.020033093
ZJ017644,0.2986233,0.02343934,0.02307924,0.59504217,0.029408567,0.0055538863,0.015551857,0.009301692
ZJ017645,0.2618859,0.14050771,0.1740555,0.009701277,0.278942,0.017603602,0.08644333,0.030860642
ZJ017646,0.1258741,0.5955831,0.082125515,0.0003960705,0.0014085338,0.008186763,0.15457197,0.03185404
ZJ017647,0.13984948,0.046619587,0.3190305,0.079584695,0.088022955,0.104268126,0.033183176,0.18944147
ZJ017648,0.09675313,0.016597947,0.11829827,0.5384618,0.0357479,0.13698334,0.008379544,0.048777953
ZJ017649,0.06949362,0.0013279375,0.15474992,0.092016414,0.013695035,0.004300231,0.0011938398,0.66322297
ZJ017650,0.29859564,0.13270298,0.18330228,0.017693844,0.061881427,0.09414965,0.15516901,0.056505196
ZJ017651,0.096507646,0.5022711,0.2037893,0.00031021883,0.0038995945,0.063886896,0.1264661,0.0028691643
ZJ017652,0.0959975,0.7075928,0.023672909,0.011253798,0.008374812,0.0027562527,0.13208897,0.01826299
ZJ017653,0.41482657,0.034317296,0.12768629,0.0023675486,0.24673279,0.08545633,0.07894786,0.009665382
ZJ017654,0.0038302378,0.0013132746,0.008410531,0.009654836,0.00088462525,0.9699602,0.0006419469,0.0053042965
ZJ017655,0.08789943,0.0016739024,0.28055137,0.23692681,0.016087048,0.00762122,0.001181439,0.36805883
ZJ017656,0.14717624,0.023133256,0.33032852,0.0029338722,0.00225179,0.34802154,0.1032187,0.04293606
ZJ017657,0.0825726,0.07807,0.32389054,0.0003747775,0.0017876765,0.10833434,0.32299507,0.08197503
ZJ017658,0.34589732,0.115819626,0.19110684,0.012049969,0.19671765,0.02597239,0.08534985,0.02708637
ZJ017659,0.15199289,0.0038655917,0.4819246,0.06673636,0.01982737,0.037355103,0.007470659,0.23082753
ZJ017660,0.65349305,0.00816995,0.085287035,0.03618867,0.038842928,0.042425495,0.008505787,0.12708706
ZJ017661,0.097485416,0.0007095624,0.16227745,0.37240347,0.0008346778,0.0029844278,0.001927021,0.36137795
ZJ017662,0.4031337,0.016708622,0.30230337,0.0019154532,0.01265887,0.040724803,0.19939606,0.023159053
ZJ017663,0.4123658,0.15791366,0.074612744,0.018795192,0.01491277,0.00543108,0.16702813,0.14894071
ZJ017664,0.2702182,0.07959587,0.2840598,0.00067915174,0.031532984,0.0111680385,0.31350124,0.009244691
ZJ017665,0.21512492,0.08650366,0.44688877,0.0006516985,0.008165873,0.022929264,0.21245646,0.007279304
ZJ017666,0.50756437,0.018565144,0.10557705,0.0009258568,0.005535549,0.00575533,0.3233093,0.03276736
ZJ017667,0.05021071,0.19999394,0.11399621,0.0002996287,0.025460485,0.5730473,0.01931764,0.01767407
ZJ017668,0.26310936,0.2536981,0.15942164,0.029357646,0.021258067,0.00941143,0.22566672,0.03807707
ZJ017669,0.18697064,0.03554573,0.38891226,0.0008692714,0.0059944806,0.03562477,0.33028293,0.015799912
ZJ017670,0.16113824,0.012008178,0.24897696,0.21387318,0.0145542,0.011403672,0.006256791,0.3317888
ZJ017671,0.55482054,0.1400801,0.03967836,0.0006875837,0.008652034,0.026800582,0.22275122,0.0065295943
ZJ017672,0.19487086,0.20641032,0.21782519,0.009401767,0.012799887,0.020684475,0.14464967,0.19335787
ZJ017673,0.053126395,0.0026017283,0.14880338,0.49707797,0.0035690798,0.082285486,0.0013726765,0.21116328
ZJ017674,0.16399908,0.07240171,0.052228104,0.00031957752,0.16452967,0.5171186,0.023495113,0.0059081353
ZJ017675,0.72290945,0.010200984,0.08181685,0.00025842164,0.08146074,0.020988189,0.07792048,0.004444874
ZJ017676,0.17781779,0.25904465,0.23103578,0.0006212044,0.0057482766,0.026079662,0.28534243,0.01431019
ZJ017677,0.15385395,0.116008915,0.29543203,0.002446955,0.05202528,0.078463525,0.17734554,0.1244238
ZJ017678,0.02893798,0.9091269,0.017554425,5.8614936e-05,0.0002930339,0.002234164,0.037872598,0.0039223046
ZJ017679,0.10949016,0.14912522,0.46633732,0.00019587566,0.0010991936,0.00068912643,0.24758595,0.025477175
ZJ017680,0.20382874,0.03629189,0.31519133,0.0008666048,0.0054201097,0.032218773,0.39015183,0.016030684
ZJ017681,0.32276604,0.090695776,0.17202753,0.0015396695,0.0048122206,0.005118375,0.3872109,0.01582952
ZJ017682,0.3097822,0.25641838,0.2642657,0.0032407942,0.06540247,0.002584186,0.056306865,0.041999456
ZJ017683,0.45292202,0.026146824,0.065939926,0.3423423,0.00882783,0.022994157,0.036533967,0.044293042
ZJ017684,0.15635613,0.085880645,0.35451356,0.002758734,0.03875742,0.100574575,0.13436864,0.12679027
ZJ017685,0.3268572,0.0029992277,0.45319593,0.017398521,0.00074715965,0.0077853072,0.0051426506,0.18587394
ZJ017686,0.04826348,0.024860447,0.4797009,0.0006985066,0.05315259,0.16665356,0.1652153,0.061455254
ZJ017687,0.03581525,0.017809894,0.38128075,0.00047811682,0.009918886,0.32893667,0.04794681,0.17781362
ZJ017688,0.25448492,0.03172788,0.040897597,0.5586702,0.057249043,0.032719444,0.014323025,0.009927808
ZJ017689,0.2916733,0.04570385,0.22923097,0.0020119182,0.0022047705,0.085961334,0.32779747,0.015416413
ZJ017690,0.38707834,0.07891927,0.24514683,0.015410367,0.011067009,0.018070234,0.18197338,0.062334508
ZJ017691,0.0893032,0.015238483,0.19455601,0.0009951751,0.0049936892,0.03136823,0.649662,0.013883209
ZJ017692,0.09206982,0.006618225,0.35625735,0.086362414,0.08610496,0.1706162,0.0063561173,0.19561493
ZJ017693,0.00013143738,6.1765104e-06,0.00061504677,2.1412409e-07,5.7507614e-06,0.9991962,2.0728026e-05,2.4432396e-05
ZJ017694,0.11738207,0.046302807,0.28639647,0.0036085285,0.002221732,0.011332627,0.5021035,0.030652229
ZJ017695,0.13870673,0.26207593,0.2203733,0.0031273344,0.0054702875,0.016029777,0.31772858,0.036488093
ZJ017696,0.0027437205,0.00076082535,0.005569362,0.006813513,0.00056727027,0.9820146,0.00063959294,0.0008910747
ZJ017697,0.20924416,0.016138947,0.02495086,0.006859009,0.015673356,0.007822842,0.66845405,0.050856773
ZJ017698,0.43497688,0.0139136445,0.109180644,0.00021172279,0.002513352,0.013582696,0.41751936,0.008101672
ZJ017699,0.25991926,0.12266653,0.1636326,0.028481517,0.25397056,0.012601867,0.12363151,0.035096195
ZJ017700,0.058617614,0.0013712859,0.2901305,0.2594104,0.00545604,0.05646892,0.0006500899,0.32789513
ZJ017701,0.3823723,0.109612405,0.054972745,0.028451763,0.017788047,0.0050872853,0.11661392,0.28510153
ZJ017702,0.15306082,0.011677216,0.2147474,0.3896067,0.018256173,0.14239733,0.0048999083,0.06535437
ZJ017703,0.4326201,0.07323685,0.22056697,0.0012956582,0.010428604,0.023178361,0.21102361,0.027649812
ZJ017704,0.3443468,0.051181547,0.1882388,0.002420443,0.01354321,0.0058811293,0.38003746,0.014350645
ZJ017705,0.12249851,0.28106982,0.12593833,0.00037864788,0.026751002,0.011104508,0.4190274,0.013231753
ZJ017706,0.17525843,0.58741206,0.112422094,0.0010027298,0.005573873,0.0041525485,0.07804854,0.036129806
ZJ017707,0.14141952,0.009780073,0.19141586,0.20414796,0.005704241,0.0047012214,0.002540573,0.4402905
ZJ017708,0.44293708,0.09281101,0.12118571,0.023815662,0.016725596,0.020812888,0.200141,0.08157106
ZJ017709,0.3751741,0.06030703,0.060715448,0.3331259,0.06837229,0.035660468,0.037054893,0.02958994
ZJ017710,0.31867975,0.15449443,0.11927983,0.008630985,0.014231652,0.031958837,0.19784294,0.15488155
ZJ017711,0.4404881,0.100139946,0.052009273,0.011442316,0.010691425,0.00671695,0.28759998,0.090912014
ZJ017712,0.32223558,0.10647059,0.24105743,0.002926211,0.006198392,0.029175544,0.2425699,0.0493663
ZJ017713,0.15577723,0.22837377,0.22472902,0.0039242217,0.009962342,0.073378,0.2717281,0.0321274
ZJ017714,0.80079746,0.005887004,0.03186632,0.019196397,0.06642852,0.021814918,0.006116946,0.047892436
ZJ017715,0.25828394,0.04921776,0.23773557,0.026726833,0.009719095,0.22297879,0.04573606,0.14960194
ZJ017716,0.280081,0.070210315,0.12441004,0.011170735,0.05189611,0.026796909,0.39944622,0.035988674
ZJ017717,0.4898806,0.0007685037,0.053784665,0.09811698,0.001145567,0.0027671198,0.0010174207,0.3525191
ZJ017718,0.82967114,0.01121124,0.036643274,0.00028747457,0.0010997278,0.001232723,0.11772107,0.0021333143
ZJ017719,0.028299741,0.8628954,0.02388812,8.306887e-05,0.0009425841,0.0134892,0.05782989,0.012571987
ZJ017720,0.20329826,0.5680665,0.057094205,0.0012614138,0.00969087,0.022653036,0.12970237,0.0082332995
ZJ017721,0.3505125,0.20997931,0.23081788,0.006121185,0.024599068,0.0033934796,0.0977337,0.07684286
ZJ017722,0.2997371,0.22058213,0.21494626,0.0014268538,0.00666135,0.013300705,0.15101482,0.09233085
ZJ017723,0.37728053,0.041432314,0.23155311,0.0011367959,0.032486178,0.0076882625,0.2996462,0.008776578
ZJ017724,0.00066378183,0.00071482256,0.000778729,0.0008937611,6.1574494e-05,0.99679536,6.256867e-05,2.9350498e-05
ZJ017725,0.06419196,0.010371602,0.1922315,0.4254346,0.006029731,0.04272616,0.0025752848,0.25643927
ZJ017726,0.47669017,0.022711264,0.1249171,0.011154595,0.025486054,0.0427612,0.21111943,0.0851602
ZJ017727,0.14534792,0.005506218,0.40107515,0.3011121,0.038590066,0.011565242,0.0041497657,0.092653565
ZJ017728,0.1999828,0.14239551,0.26518118,0.0007722515,0.0635047,0.0017951867,0.31838173,0.007986634
ZJ017729,0.43926582,0.00022283493,0.057088256,0.18530177,0.0016603048,0.0041967463,0.0005632747,0.31170097
ZJ017730,0.34062803,0.040927216,0.45675725,0.010459986,0.0015316721,0.013170401,0.07911031,0.057415143
ZJ017731,0.016919158,0.35911763,0.10261462,0.00020978818,0.057267,0.3936553,0.06096389,0.009252586
ZJ017732,0.49514878,0.09245757,0.09862909,0.01869059,0.024569025,0.017628629,0.18459633,0.06828
ZJ017733,0.03969722,0.04172738,0.25595114,0.00023933727,0.001658458,0.6348234,0.021796362,0.004106776
ZJ017734,0.024882618,0.010214792,0.04047841,0.0006404322,0.022272151,0.7125551,0.18155532,0.007401228
ZJ017735,0.2303267,0.0064087384,0.43314788,0.039080124,0.0006932582,0.014180186,0.009193139,0.26696998
ZJ017736,0.36833596,0.04071367,0.18856461,0.0021707457,0.03477605,0.031090932,0.28428409,0.050063968
ZJ017737,0.37424886,0.10856227,0.09716755,0.021756083,0.014235806,0.0073445733,0.22440812,0.15227678
ZJ017738,0.24194652,0.18255597,0.1544475,0.026602894,0.022263343,0.015792325,0.23148808,0.124903426
ZJ017739,0.2547491,0.014130013,0.019282682,0.640224,0.04183429,0.018352872,0.007044858,0.004382136
ZJ017740,0.06575042,0.006683574,0.13484307,0.15312417,0.0024402733,0.6116914,0.007402538,0.018064555
ZJ017741,0.14679171,0.08987317,0.06542398,0.55476207,0.059268776,0.030527422,0.03389313,0.01945973
ZJ017742,0.22671886,0.44140667,0.1268917,0.0014618832,0.005603648,0.0060672364,0.16899672,0.022853294
ZJ017743,0.13528,0.5611062,0.05628257,0.011716011,0.0066493056,0.022674892,0.1483093,0.05798175
ZJ017744,0.15477537,0.0044191093,0.4889036,0.05499077,0.008103182,0.043756515,0.007889341,0.23716213
ZJ017745,0.1475667,0.61752087,0.044968214,0.007398396,0.0067474754,0.0016580848,0.15004367,0.024096556
ZJ017746,0.35426363,0.18789561,0.20645826,0.0018452713,0.076670505,0.020223247,0.10392626,0.04871717
ZJ017747,0.07200975,0.0049448106,0.3050506,0.18040116,0.2016522,0.09205373,0.015334104,0.12855372
ZJ017748,0.16215985,0.2808672,0.10869146,0.0021649199,0.064723805,0.21820076,0.07731025,0.08588178
ZJ017749,0.3283115,0.034584783,0.18169573,0.0015642693,0.024050603,0.025256397,0.34978056,0.05475619
ZJ017750,0.29893923,0.059599552,0.25215235,0.00034870152,0.0038993424,0.011072017,0.36308128,0.010907528
ZJ017751,0.4948793,0.16669604,0.11084764,0.027632318,0.009345889,0.0037146127,0.10340041,0.08348376
ZJ017752,0.15349881,0.009145881,0.06432089,0.0010810957,0.02019812,0.06395151,0.6540201,0.033783585
ZJ017753,0.3355975,0.17541648,0.15124987,0.0010288162,0.008360595,0.025245763,0.2735563,0.029544652
ZJ017754,0.05713735,0.812381,0.024092246,8.6703825e-05,0.00072667573,0.03433959,0.06197509,0.00926124
ZJ017755,0.30417514,0.17930235,0.097028635,0.011191716,0.011224421,0.0072581167,0.27736205,0.11245756
ZJ017756,0.16854832,0.0044557657,0.008263526,0.0004420893,0.008192074,0.00041751738,0.7972932,0.012387585
ZJ017757,0.18657513,0.13970213,0.32074517,0.0009271984,0.01720024,0.045801092,0.24550392,0.043545183
ZJ017758,0.014543422,0.010313664,0.049364176,0.0005355168,0.0009811819,0.83676136,0.07776338,0.009737295
ZJ017759,0.20688044,0.0015677862,0.022662584,0.0007609169,0.7375041,0.019998314,0.006817267,0.003808545
ZJ017760,0.25824612,0.19234712,0.1552187,0.0029822453,0.016353348,0.03994445,0.25303948,0.08186854
ZJ017761,0.2490189,0.46101037,0.057625346,0.0015703768,0.033679213,0.014780033,0.1610201,0.021295704
ZJ017762,0.20812933,0.104717225,0.11105336,0.0069006416,0.070463315,0.03317353,0.30563352,0.15992908
ZJ017763,0.27922028,0.0054843943,0.33285668,0.21297231,0.0096510425,0.07940803,0.023568597,0.056838643
ZJ017764,0.06502994,0.35166416,0.08671894,0.00024181273,0.0030019463,0.030296527,0.41348028,0.049566373
ZJ017765,0.20999488,0.049075514,0.43455133,0.019005418,0.017325226,0.11831909,0.098514095,0.053214505
ZJ017766,0.29076558,0.054880563,0.34169927,0.111434065,0.004027157,0.016635776,0.058377117,0.12218049
ZJ017767,0.6838577,0.006719574,0.015400134,0.0006208572,0.005728569,0.026859188,0.24830775,0.012506271
ZJ017768,0.14329392,0.46893486,0.09135525,0.0016144775,0.0035620017,0.012983683,0.119594686,0.15866108
ZJ017769,0.3126872,0.15478095,0.09857657,0.018240567,0.03332866,0.018420512,0.23522606,0.12873949
ZJ017770,0.29611936,0.02228873,0.39129537,0.0013806394,0.004173693,0.05283451,0.18811917,0.0437885
ZJ017771,0.078778245,0.29259932,0.05212698,0.00023892487,0.017116223,0.032243736,0.4223076,0.10458893
ZJ017772,0.11739611,0.019591046,0.12268314,0.19256307,0.12476454,0.29371485,0.0042777895,0.12500949
ZJ017773,0.14229459,0.115155354,0.35023308,0.0036286202,0.0035446992,0.04564654,0.32100955,0.01848756
ZJ017774,0.30402052,0.10100129,0.22792317,0.004130815,0.0021403362,0.020310204,0.28944594,0.051027726
ZJ017775,0.077603884,0.02596619,0.25784633,0.0057667354,0.001369449,0.021971902,0.5397972,0.06967831
ZJ017776,0.10216632,0.0053423145,0.11968116,0.40194476,0.00944049,0.0064059407,0.0037753233,0.3512437
ZJ017777,0.23510559,0.00057321624,0.075806916,0.2631165,0.018780991,0.010359968,0.0049078846,0.39134887
ZJ017778,0.23565225,0.0010470885,0.13074991,0.26211092,0.0013502899,0.0059320517,0.002637599,0.36051986
ZJ017779,0.10632747,0.019430652,0.63084716,0.00049102434,0.0022587935,0.20003282,0.033059113,0.0075529176
ZJ017780,0.0829099,0.04254414,0.16174045,0.24662995,0.0043493654,0.020469693,0.017704511,0.42365196
ZJ017781,0.86975807,0.008131499,0.026529005,0.00040365197,0.0033769202,0.010307715,0.06997542,0.011517711
ZJ017782,0.21215127,0.15685616,0.20590334,0.004082861,0.019025141,0.03380202,0.3399277,0.028251518
ZJ017783,0.23002252,0.031542774,0.34315762,0.004090279,0.0022260663,0.08520891,0.2591171,0.044634778
ZJ017784,0.021032669,0.01914516,0.033104327,0.015926577,0.0008245676,0.8974886,0.010001952,0.0024761315
ZJ017785,0.14952458,0.047443315,0.2531889,0.00036272363,0.0044288808,0.012336251,0.51461977,0.01809556
ZJ017786,0.09633825,0.0031129902,0.22271441,0.30887887,0.0016724278,0.0025445225,0.003374829,0.36136365
ZJ017787,0.25866815,0.0059928345,0.41432545,0.042801015,0.0026490106,0.013809056,0.004950921,0.25680363
ZJ017788,0.0070014214,0.000958472,0.0019532128,2.7379947e-05,0.00023315298,0.0008057366,0.9873295,0.0016911176
ZJ017789,0.07658415,0.0022500544,0.21554808,0.10532285,0.085629046,0.10952441,0.0034202887,0.40172106
ZJ017790,0.41703603,0.008812959,0.28779322,0.089646734,0.038043637,0.072186306,0.015664319,0.07081679
ZJ017791,0.2806594,0.07590131,0.20754637,0.028180275,0.012351539,0.015304119,0.060917232,0.3191398
ZJ017792,0.22962913,0.16543095,0.184566,0.002884249,0.0024703275,0.07682225,0.28196955,0.056227546
ZJ017793,0.2864713,0.045779098,0.0985349,0.002935373,0.027960395,0.0014741198,0.5132097,0.023635063
ZJ017794,0.27227345,0.36379883,0.1142795,0.0011135616,0.008776355,0.003789527,0.20456822,0.03140051
ZJ017795,0.17422126,0.23546897,0.20203255,0.0048114914,0.007423005,0.098104164,0.2588612,0.019077282
ZJ017796,0.19611917,0.035890408,0.28963342,0.000494849,0.0014295575,0.022318838,0.39229485,0.061818894
ZJ017797,0.13583371,0.053238317,0.33189502,0.00036269674,0.0033279604,0.07149002,0.36184388,0.042008344
ZJ017798,0.27738172,0.0016988371,0.25402555,0.13731217,0.0016434286,0.029770263,0.003038538,0.2951295
ZJ017799,0.334321,0.15329361,0.20621337,0.03558512,0.08490523,0.009236024,0.120716654,0.055729
ZJ017800,0.37188303,0.11242335,0.06307614,0.044017956,0.025383769,0.020469448,0.22866765,0.13407873
ZJ017801,0.04499216,0.045254413,0.110315375,0.005176059,0.0031897174,0.74273384,0.019462515,0.028875936
ZJ017802,0.48253962,0.070540875,0.23762931,0.0025000176,0.006994549,0.08017972,0.09175135,0.027864585
ZJ017803,0.403343,0.13454534,0.07104684,0.017062493,0.019348206,0.010245623,0.19421272,0.15019575
ZJ017804,0.21027008,0.0965291,0.3258635,0.0031079217,0.017763428,0.03771082,0.25542378,0.05333132
ZJ017805,0.09255591,0.0194412,0.5991657,0.0004543406,0.0029526844,0.24361257,0.031867336,0.009950313
ZJ017806,0.2637767,0.2432549,0.17842972,0.0014554231,0.0033074592,0.020008625,0.25442383,0.035343383
ZJ017807,0.34416053,0.04561618,0.16108294,0.22995509,0.030916162,0.003374809,0.025571575,0.15932277
ZJ017808,0.08408444,0.10049005,0.3835477,0.004503572,0.0032210846,0.036970913,0.36634287,0.020839412
ZJ017809,0.5766638,0.054629505,0.06946408,0.0012311081,0.015094016,0.00643124,0.2614468,0.015039458
ZJ017810,0.028918196,0.007299867,0.01068722,3.4042616e-05,0.0010711799,0.0002519973,0.9510434,0.0006941377
ZJ017811,0.20027064,0.02635804,0.3012927,0.0038767338,0.0021219305,0.13102388,0.29424158,0.040814474
ZJ017812,0.14807208,0.26990768,0.1626323,0.003506829,0.0110873105,0.11462572,0.2711851,0.018982967
ZJ017813,0.49351653,0.07718322,0.20158522,0.0038338064,0.0036389357,0.10268864,0.07794152,0.039612193
ZJ017814,0.15283331,0.034120467,0.12297909,0.10505881,0.008752806,0.0044457642,0.034308817,0.5375009
ZJ017815,4.8442897e-05,6.1414535e-06,0.00048089764,6.4185e-07,2.0336695e-06,0.99944305,8.951278e-06,9.846639e-06
ZJ017816,0.07925232,0.00038028666,0.21357222,0.5920927,0.0021801097,0.027413756,0.0015685067,0.083540134
ZJ017817,0.42791626,0.07292229,0.16729894,0.024781471,0.019133072,0.030301401,0.19647461,0.06117194
ZJ017818,0.13680556,0.05530976,0.4510175,0.0008628113,0.02489022,0.1055767,0.19442286,0.031114653
ZJ017819,0.15195115,0.008585923,0.51348543,0.19358875,0.0048497515,0.013995474,0.0079843635,0.1055591
ZJ017820,0.40996128,0.03460394,0.013215319,0.43663168,0.063763306,0.016477905,0.017284328,0.008062223
ZJ017821,0.3451601,0.08633686,0.10251692,0.0068022474,0.012687318,0.023699777,0.32283562,0.09996119
ZJ017822,0.07843321,0.111468375,0.09785615,0.0016670068,0.21158022,0.38641804,0.04499627,0.06758076
ZJ017823,0.21819119,0.16725333,0.17185889,0.02964663,0.27817336,0.014125722,0.07657629,0.044174563
ZJ017824,0.13514899,0.19968636,0.07267928,0.0023657766,0.0030463676,0.0010190444,0.57178885,0.014265334
ZJ017825,0.27266872,0.019785529,0.2689876,0.00094453664,0.0034020825,0.015179908,0.39010128,0.028930295
ZJ017826,0.043010764,0.002064617,0.28383812,0.42375386,0.0026685703,0.12967005,0.0013102108,0.113683835
ZJ017827,0.15319322,0.10062938,0.20123467,0.0024335496,0.0033931134,0.15380403,0.33389133,0.051420745
ZJ017828,0.08989792,0.016043836,0.5633288,0.00041545168,0.001805705,0.29207623,0.0298785,0.0065535125
ZJ017829,0.30585554,0.29312712,0.20987038,0.0037639195,0.012553286,0.0033780218,0.1179109,0.053540837
ZJ017830,0.25688687,0.11503386,0.074926525,0.02498095,0.020040369,0.012619813,0.15957627,0.33593535
ZJ017831,0.10144769,0.65373856,0.072489195,0.00017341407,0.0041877795,0.06252446,0.09595494,0.009484005
ZJ017832,0.16589896,0.035231225,0.5105571,0.00035950568,0.0022898028,0.044363387,0.2210617,0.02023832
ZJ017833,6.0136972e-05,2.172176e-06,0.00040941642,2.1143364e-07,1.212415e-06,0.9995061,7.5423286e-06,1.3144153e-05
ZJ017834,0.29350743,0.15580231,0.25753567,0.0011869046,0.003546741,0.019979367,0.2147421,0.053699512
ZJ017835,0.26573187,0.0071684085,0.049298875,0.0017158097,0.007988285,0.0065674777,0.6498672,0.011662096
ZJ017836,0.058698505,0.727882,0.022396103,0.00020890553,0.0009141085,0.014138734,0.1693217,0.0064399284
ZJ017837,0.26150066,0.12111378,0.15473725,0.089856,0.0027390893,0.014853774,0.17782901,0.17737046
ZJ017838,0.20104429,0.0044566724,0.33873418,0.32452145,0.0011011607,0.012542128,0.009123003,0.10847707
ZJ017839,0.3157026,0.022861449,0.36519706,0.0016982075,0.0030782705,0.07104515,0.19471115,0.025706092
ZJ017840,0.42137897,0.06740384,0.23329629,0.017417375,0.014718501,0.035694618,0.07358378,0.13650657
ZJ017841,0.0985241,0.059628904,0.5305424,0.0009630735,0.04481468,0.08873588,0.13402764,0.042763352
ZJ017842,0.1715418,0.02886789,0.2943877,0.0009516143,0.00498485,0.019408733,0.46261272,0.017244695
ZJ017843,0.08620905,0.030324766,0.2982311,0.02257724,0.10573613,0.34379455,0.04195453,0.07117262
ZJ017844,0.22786197,0.2358987,0.07819048,0.016435392,0.009969413,0.0051741647,0.21584764,0.21062227
ZJ017845,0.052886147,0.0003966352,0.18135968,0.18223011,0.043449253,0.032198634,0.0006329838,0.5068466
ZJ017846,0.15220949,0.02505193,0.22286475,0.1628843,0.009311414,0.014004154,0.018164385,0.39550954
ZJ017847,0.46428296,0.0017679707,0.31532764,0.06065746,0.022121098,0.06860476,0.0030669456,0.06417111
ZJ017848,0.13015276,0.22307822,0.48258224,0.000265857,0.004155504,0.08175616,0.069850445,0.00815877
ZJ017849,0.38413504,0.05664532,0.31990057,0.008901667,0.0013068503,0.006631859,0.14142442,0.08105429
ZJ017850,0.076071575,0.023745429,0.34169853,0.002073869,0.0009707548,0.047415566,0.4542085,0.05381576
ZJ017851,0.16391627,0.21509844,0.21247621,0.005108145,0.011280625,0.0197908,0.34986052,0.022468964
ZJ017852,0.26701945,0.043143593,0.038838223,0.33403543,0.22672689,0.017288402,0.02346046,0.049487576
ZJ017853,0.14527826,0.021225192,0.34897137,0.00045970516,0.0009504139,0.041189633,0.4163263,0.025599115
ZJ017854,0.29905945,0.0100535,0.33941427,0.0021681772,0.0018961057,0.07396303,0.24946211,0.0239833
ZJ017855,0.23169604,0.03914964,0.31556162,0.0029859683,0.05359239,0.21945538,0.08754183,0.050017133
ZJ017856,0.049791817,0.010977762,0.07214974,0.08253893,0.6384482,0.10260738,0.014936215,0.02854999
ZJ017857,0.7874732,0.0015014011,0.017332446,0.0031530885,0.12321564,0.017157754,0.0024735404,0.047692854
ZJ017858,0.2904483,0.19762251,0.1072085,0.028008154,0.0103064105,0.013659617,0.20344411,0.1493024
ZJ017859,0.48061594,0.003105181,0.1368654,0.15872896,0.030823639,0.041002315,0.014397165,0.1344614
ZJ017860,0.05832185,0.035943527,0.29793066,0.0013365739,0.012617267,0.052745197,0.5277669,0.013338005
ZJ017861,0.12794518,0.15031224,0.032807034,0.002793696,0.0022116632,0.00049019296,0.67104715,0.0123928115
ZJ017862,0.11122968,0.7481339,0.026598135,0.0010843356,0.014572573,0.0074949707,0.084346995,0.006539409
ZJ017863,0.34250957,0.051623642,0.24735841,0.0011738244,0.026484806,0.024505613,0.2906985,0.015645698
ZJ017864,0.0918937,0.008905086,0.2397741,0.3425847,0.01720796,0.01596932,0.0044005928,0.27926454
ZJ017865,0.004354669,0.004769123,0.011947203,0.0034704143,0.00057399704,0.97116804,0.0030462143,0.00067033
ZJ017866,0.31116807,0.045656826,0.30741632,0.0055263257,0.0011735281,0.0036469873,0.28134423,0.044067707
ZJ017867,0.18815073,0.18305166,0.18248686,0.00071476586,0.009787545,0.03617308,0.3269432,0.07269213
ZJ017868,0.055826403,0.008738931,0.1196332,0.000101319194,0.0022181068,0.6989812,0.10913427,0.0053665508
ZJ017869,0.16377184,0.0030672457,0.18698004,0.2989896,0.002661003,0.016445586,0.005753466,0.32233125
ZJ017870,0.284956,0.03921692,0.035925668,0.384433,0.17314307,0.054750357,0.01900992,0.008565053
ZJ017871,0.55434036,0.034762748,0.104135945,0.0041348403,0.02771378,0.021755893,0.2395814,0.013575028
ZJ017872,0.19869429,0.3298283,0.12668541,0.029376788,0.007904096,0.010627791,0.091712534,0.20517083
ZJ017873,0.068565056,0.006041694,0.052431107,0.00013538399,0.030677455,0.00030583196,0.8392417,0.0026018603
ZJ017874,0.20951363,0.27817544,0.09247645,0.0020197302,0.0049127806,0.0057349377,0.3821936,0.024973437
ZJ017875,0.3194695,0.15866266,0.09399078,0.0006232617,0.00927938,0.028621297,0.38054112,0.008811963
ZJ017876,0.009573167,0.04431845,0.037138917,0.00013298483,0.013752468,0.8715105,0.018537082,0.005036389
ZJ017877,0.10029161,0.089740396,0.13496794,0.007053328,0.019945553,0.091663115,0.2504702,0.3058679
ZJ017878,0.36081862,0.15333354,0.21196128,0.0045593404,0.09510082,0.004402801,0.11602129,0.053802315
ZJ017879,0.07945782,0.034078803,0.123501115,0.0013813904,0.03808197,0.0051960405,0.70475227,0.013550626
ZJ017880,0.24563102,0.030506225,0.46005672,0.00043259823,0.014053537,0.03572113,0.20686242,0.006736312
ZJ017881,0.1927067,0.1646602,0.2801142,0.0012793591,0.018418448,0.0051476057,0.32686138,0.010812037
ZJ017882,0.13487513,0.017671585,0.2637104,0.075977236,0.023760956,0.018368935,0.002446517,0.46318924
ZJ017883,0.02528264,0.0047293594,0.0873516,0.00040430913,0.0026970494,0.8232561,0.04718492,0.009094111
ZJ017884,0.22935882,0.24132657,0.05677144,0.03185194,0.007695339,0.0076380293,0.16921467,0.25614318
ZJ017885,0.08242153,0.0034596592,0.056057066,0.0011973301,0.79123724,0.04775169,0.0023808,0.015494706
ZJ017886,0.08511532,0.009451136,0.30056727,0.043208953,0.096424095,0.4058442,0.0152184125,0.044170573
ZJ017887,0.22430193,0.058771156,0.43152565,0.00034220458,0.011071711,0.047660094,0.2184582,0.007869008
ZJ017888,0.32109842,0.19183023,0.07828183,0.038755573,0.023329534,0.031516224,0.19091326,0.124274954
ZJ017889,0.09527621,0.0019760586,0.09236449,0.32558882,0.0026489925,0.4607625,0.0042147045,0.017168252
ZJ017890,0.28762785,0.02219791,0.42808932,0.019691573,0.002087997,0.011050489,0.03748471,0.1917702
ZJ017891,0.19962658,0.080435835,0.26583236,0.006402729,0.010752553,0.0065215575,0.41905487,0.011373584
ZJ017892,0.23978476,0.0023180353,0.12354763,0.2357234,0.0018035097,0.0043984014,0.004446612,0.38797757
ZJ017893,0.0664092,0.011907857,0.29788736,0.11921779,0.18580434,0.11637106,0.03572048,0.16668196
ZJ017894,0.34140274,0.05805577,0.2140554,0.006115026,0.072166055,0.01693102,0.260559,0.030714966
ZJ017895,0.44707578,0.08375964,0.2316982,0.011234446,0.027162578,0.014144223,0.14741829,0.03750685
ZJ017896,0.16304453,0.014280067,0.22913341,0.08374594,0.0030784584,0.0033382126,0.007990901,0.49538845
ZJ017897,0.17405467,0.025246974,0.14102404,0.00063922565,0.025925318,0.008243987,0.6063528,0.018512899
ZJ017898,0.865226,0.004382619,0.046255995,0.0018773619,0.0038980793,0.04784747,0.0024346353,0.028077845
ZJ017899,0.2895414,0.102752835,0.14706537,0.011134248,0.01828633,0.016542148,0.35620606,0.05847166
ZJ017900,0.1893444,0.20099501,0.20202665,0.00111745,0.0065636225,0.09220267,0.26195398,0.045796253
ZJ017901,0.15151107,0.0021418617,0.17061514,0.29523444,0.002347541,0.0042741005,0.0033593012,0.3705165
ZJ017902,0.21443568,0.15883659,0.15009896,0.0012284312,0.02849754,0.012464246,0.42567113,0.0087674195
ZJ017903,0.21572092,0.09729739,0.21111456,0.0032688584,0.0052096895,0.025249569,0.40723872,0.034900267
ZJ017904,0.26775104,0.0052295015,0.41723812,0.017870681,0.0009325741,0.004974097,0.006897805,0.27910617
ZJ017905,0.10258509,0.66229165,0.03541802,0.0003038139,0.0049977303,0.041632533,0.12660584,0.026165366
ZJ017906,0.030908922,0.20319508,0.21383765,0.00030486292,0.0057426784,0.51904225,0.01720833,0.00976023
ZJ017907,3.5189765e-05,8.1795e-06,0.00029910766,3.2138953e-06,1.2909693e-06,0.9996391,4.817896e-06,9.123781e-06
ZJ017908,0.29263756,0.08047563,0.22937436,0.01551093,0.030210849,0.0053947247,0.30185398,0.044542015
ZJ017909,0.13524011,0.304742,0.14686972,0.0020107299,0.008915345,0.001733621,0.38259554,0.017892988
ZJ017910,0.70646906,0.00065148907,0.057389006,0.18833375,0.0054807747,0.015964536,0.0023446137,0.023366768
ZJ017911,0.07520012,0.011656082,0.42137766,0.07768531,0.09606433,0.1962146,0.01216646,0.10963542
ZJ017912,0.45720708,0.09204238,0.20048429,0.0023549057,0.002693339,0.0075844335,0.16596287,0.07167063
ZJ017913,0.2559415,0.04790035,0.3079273,0.15105125,0.014486721,0.015338474,0.112031676,0.09532263
ZJ017914,0.21492581,0.24308014,0.0821969,0.022491325,0.012983932,0.014570281,0.18822461,0.22152694
ZJ017915,0.55943537,0.10146849,0.07807607,0.011518024,0.026887806,0.037101068,0.1321103,0.0534029
ZJ017916,0.14548674,0.042290166,0.26854894,0.0018053845,0.0026638545,0.018674998,0.49301365,0.027516313
ZJ017917,0.25918517,0.08204641,0.18807647,0.012195779,0.0040201107,0.0053058797,0.3995323,0.04963795
ZJ017918,0.071142726,0.0066403863,0.0828735,0.10971508,0.61418813,0.07331288,0.014684967,0.027442284
ZJ017919,0.18592009,0.29921478,0.124264926,0.0018970942,0.008464825,0.0037367328,0.36467382,0.011827706
ZJ017920,0.20414785,0.06837701,0.11577695,0.0037827722,0.0013659031,0.01003221,0.5430306,0.05348663
ZJ017921,0.113441214,0.7406124,0.052624796,0.0011199211,0.008438911,0.004393097,0.06272346,0.016646193
ZJ017922,0.53473777,0.0005273123,0.063370146,0.097905815,0.0004783792,0.0032573119,0.0014448903,0.2982784
ZJ017923,0.40430343,0.093620725,0.28012666,0.041884962,0.065743685,0.014212096,0.046478346,0.053630117
ZJ017924,0.34255755,0.04679736,0.26902375,0.0036179943,0.0011180596,0.0033140522,0.25376835,0.079802886
ZJ017925,0.07019779,0.035057757,0.08489971,0.0013648778,0.019429298,0.003760273,0.7729762,0.012314075
ZJ017926,0.23559572,0.111331835,0.21773235,0.0004979596,0.021690898,0.03383957,0.3750668,0.0042449413
ZJ017927,0.23994525,0.22374827,0.31948197,0.001144461,0.0089687705,0.016097115,0.14254755,0.048066664
ZJ017928,0.24815826,0.12558012,0.15522428,0.0046144035,0.3150915,0.007767519,0.11597979,0.027584119
ZJ017929,0.12976916,0.005214943,0.1377674,0.4369165,0.0126976045,0.23555471,0.00983542,0.03224434
ZJ017930,0.04116757,0.008269372,0.3200438,0.23606497,0.010241799,0.008762164,0.003979121,0.37147117
ZJ017931,0.21085574,0.0037953446,0.4913823,0.17267016,0.0045877653,0.05070203,0.009145033,0.056861654
ZJ017932,0.50134903,0.14922905,0.064896576,0.017989717,0.07747685,0.023193683,0.1186548,0.047210306
ZJ017933,0.21627177,0.26660988,0.0702095,0.01862024,0.011719113,0.0074311392,0.23650242,0.17263597
ZJ017934,0.24081309,0.24677788,0.2597694,0.00092655566,0.00083832553,0.014301748,0.1902796,0.046293348
ZJ017935,0.044057433,0.0020125054,0.19890499,0.51905006,0.0034090958,0.009717947,0.0013468069,0.22150111
ZJ017936,0.25310585,0.0038053538,0.23231538,0.36590302,0.016189214,0.027712973,0.010581142,0.090387076
ZJ017937,0.07808152,0.07214975,0.13032874,0.029499615,0.009204994,0.6182188,0.022820251,0.039696313
ZJ017938,0.21215445,0.015586298,0.3862073,0.00084556715,0.0025400242,0.042188875,0.32079914,0.019678248
ZJ017939,0.12750944,0.03851122,0.033512045,0.0017541819,0.0021159977,0.009214782,0.7606212,0.026761193
ZJ017940,0.0019860887,0.00032746245,0.004629034,0.0020354907,0.00012906449,0.9902263,0.0005482941,0.00011828717
ZJ017941,0.25506607,0.14501162,0.26113817,0.09099431,0.059824124,0.047269735,0.074341044,0.06635491
ZJ017942,0.25372556,0.13601716,0.1702546,0.012676638,0.008057841,0.03976422,0.16090144,0.21860254
ZJ017943,0.061887328,0.0038351514,0.013790244,0.87694377,0.0006348612,0.037529603,0.0051089106,0.0002701415
ZJ017944,0.14975445,0.19376443,0.05290119,0.028939033,0.013832678,0.0037651781,0.31438383,0.2426592
ZJ017945,0.3572108,0.008225545,0.50839627,0.014726175,0.0012373948,0.008096549,0.015939118,0.08616823
ZJ017946,0.21332733,0.027067453,0.26075396,0.0006639917,0.0049718344,0.009530403,0.46939123,0.014293778
ZJ017947,0.018983359,0.005870729,0.05343917,0.0005742876,0.010764748,0.9019902,0.002401467,0.0059760655
ZJ017948,0.022522613,0.86709327,0.008037889,0.00019765922,0.0038102986,0.0045506307,0.09318617,0.0006013984
ZJ017949,0.27802557,0.116895095,0.24554814,0.0004905216,0.028931286,0.013797582,0.3094543,0.006857516
ZJ017950,0.07512671,0.04275098,0.35565236,0.0006022066,0.003335067,0.46806017,0.046114076,0.00835845
ZJ017951,0.18957241,0.048454583,0.41826475,0.0005028793,0.025264373,0.10685193,0.07596141,0.1351277
ZJ017952,0.29934478,0.22522195,0.099453144,0.018703835,0.025505211,0.008042604,0.18492751,0.13880096
ZJ017953,0.19423902,0.4898929,0.09671266,0.021917462,0.011558784,0.008263777,0.071659304,0.105756134
ZJ017954,0.009223253,0.0027192829,0.043749407,0.00026456107,0.001247259,0.93824685,0.002128885,0.0024204534
ZJ017955,0.053661622,0.04821688,0.04955974,0.015114189,0.0015300825,0.7975161,0.016237685,0.018163674
ZJ017956,0.21503751,0.14871685,0.2709361,0.01261639,0.0074901376,0.018610517,0.18679348,0.13979895
ZJ017957,0.0868151,0.004682651,0.12592466,0.13205981,0.0037975446,0.6156875,0.0075895754,0.023443237
ZJ017958,0.045242228,0.8444819,0.05995265,0.0017393582,0.0041412245,0.012836544,0.027665004,0.0039411807
ZJ017959,0.5242714,0.023789523,0.02986541,0.2899798,0.08976487,0.0142082935,0.020517327,0.007603356
ZJ017960,0.24612242,0.33278438,0.14915252,0.00029401243,0.0018776449,0.016513083,0.22780313,0.025452873
ZJ017961,0.47502103,0.018710114,0.110731415,0.020694572,0.008500725,0.00931917,0.04596093,0.311062
ZJ017962,0.057117123,0.024257502,0.0078751175,0.84307384,0.010199404,0.050194465,0.004353304,0.002929279
ZJ017963,0.3378923,0.14140038,0.28723726,0.002420049,0.09102485,0.011328325,0.09912228,0.029574549
ZJ017964,0.040985167,0.0010260597,0.118811406,0.32628155,0.010705366,0.4291497,0.0012930189,0.07174777
ZJ017965,0.24449629,0.12002679,0.32971525,0.0004237849,0.013531279,0.01971061,0.26380214,0.008293855
ZJ017966,0.34456745,0.12088779,0.28647014,0.005860447,0.095283516,0.014243429,0.049708456,0.0829787
ZJ017967,0.2951688,0.01807175,0.12037077,0.001168107,0.0034114574,0.02277435,0.44804677,0.090988055
ZJ017968,0.021126755,0.05718486,0.029260846,0.00078931917,0.04540045,0.015928231,0.806721,0.023588551
ZJ017969,0.0520108,0.03846297,0.034695987,0.0012078345,0.004201919,0.82195187,0.024431318,0.02303733
ZJ017970,0.0464045,0.029673755,0.078702785,0.0052134884,0.005450499,0.8092939,0.015564587,0.009696435
ZJ017971,0.35527405,0.076025106,0.12518643,0.0052170367,0.18327467,0.011921796,0.22550906,0.017591845
ZJ017972,0.10167563,0.022714263,0.05521585,0.7644552,0.021291006,0.016853428,0.010406697,0.007387913
ZJ017973,0.09977558,0.0056666746,0.089052126,0.00094478286,0.010729419,0.00033955945,0.74327123,0.05022064
ZJ017974,0.19221061,0.055384047,0.040114515,0.54754126,0.088679284,0.029917348,0.032925077,0.013227855
ZJ017975,0.30757323,0.23512942,0.0650429,0.010727374,0.013101903,0.01254628,0.2423934,0.11348556
ZJ017976,0.48458838,0.031941105,0.16426073,0.005550733,0.069642656,0.033630308,0.19126949,0.019116625
ZJ017977,0.28301772,0.30113083,0.10685797,0.0117193805,0.028158257,0.012619967,0.23087017,0.025625758
ZJ017978,0.37566802,0.08222221,0.08664781,0.02353259,0.20746231,0.017395219,0.19604176,0.011030048
ZJ017979,0.196123,0.048952922,0.32944202,0.038202494,0.010438487,0.012286585,0.055706434,0.30884805
ZJ017980,0.27817878,0.18643494,0.20071886,0.0038879355,0.014328079,0.029766338,0.19115344,0.09553163
ZJ017981,0.14254731,0.6051407,0.09116877,0.0023895097,0.001019836,0.020455152,0.12870863,0.0085701775
ZJ017982,0.33518767,0.04469832,0.22392987,0.031735554,0.020404117,0.034634896,0.04663095,0.2627786
ZJ017983,0.12890954,0.027136825,0.26367292,0.0009257924,0.2962905,0.0022897478,0.19363175,0.087142915
ZJ017984,0.43651024,0.21664001,0.06385301,0.018479126,0.020033348,0.013110975,0.16753504,0.06383824
ZJ017985,0.1329409,0.099115714,0.13736923,0.08687592,0.00830379,0.005734118,0.018571092,0.5110892
ZJ017986,0.33125317,0.022672527,0.38620356,0.0015939554,0.0034996157,0.05138766,0.17954603,0.023843462
ZJ017987,0.39694947,0.15931745,0.16851412,0.0050335084,0.035682123,0.030207064,0.16732018,0.03697608
ZJ017988,0.21277036,0.1219202,0.07921745,0.0025754157,0.011715025,0.012380585,0.53787,0.02155099
ZJ017989,0.17062888,0.2861109,0.07330555,0.010630815,0.007612925,0.003298011,0.22852026,0.2198927
ZJ017990,0.02163645,0.009960257,0.046465654,0.0007080011,0.0039147288,0.008747181,0.90510744,0.0034603816
ZJ017991,0.395923,0.089964084,0.15170434,0.022326794,0.035484426,0.026564276,0.21528083,0.062752225
ZJ017992,0.24785171,0.0030600817,0.01553862,0.00035268787,0.6826184,0.0021275799,0.045622338,0.0028285848
ZJ017993,0.17044711,0.10676702,0.27262715,0.0013261593,0.037763022,0.12393114,0.11817981,0.16895856
ZJ017994,0.0112275025,0.043309182,0.04560428,0.0001337619,0.0012247541,0.890016,0.0066196313,0.0018648949
ZJ017995,0.06733912,0.0048773573,0.555853,0.113595635,0.033857364,0.059434373,0.0027597125,0.1622835
ZJ017996,0.06761002,0.010011337,0.009418343,0.4558204,0.009323889,0.4240076,0.016931621,0.0068767983
ZJ017997,0.5035584,0.061307095,0.21204627,0.01995501,0.014669505,0.017407915,0.10441209,0.0666437
ZJ017998,0.22545715,0.022294799,0.03166372,0.48687956,0.16719654,0.0325145,0.018280804,0.015712935
ZJ017999,0.13067326,0.20476532,0.15555663,0.0012332816,0.019463468,0.021071913,0.4438915,0.023344617
ZJ018000,0.052411526,0.014663978,0.18544544,0.00023330424,0.0045250123,0.625988,0.10442326,0.012309507
ZJ018001,0.117676556,0.060524084,0.5845363,0.00018152913,0.0015379565,0.003774801,0.21077615,0.020992704
ZJ018002,0.19205458,0.124520734,0.21193002,0.003291599,0.010244361,0.023057958,0.32438785,0.11051292
ZJ018003,0.34273383,0.12689719,0.39774022,0.002265279,0.0114411665,0.04235109,0.045740306,0.03083095
ZJ018004,0.24751823,0.039514128,0.21289495,0.016584354,0.06540896,0.012184973,0.3819415,0.0239529
ZJ018005,0.04848424,0.00042444537,0.27591547,0.3194161,0.032736853,0.082799725,0.000568648,0.23965451
ZJ018006,0.047597714,0.005545449,0.061046496,0.08241075,0.004118991,0.7754799,0.013482388,0.010318288
ZJ018007,0.57831943,0.067699514,0.103117436,0.004964922,0.039284073,0.07768505,0.085386306,0.043543223
ZJ018008,0.24859318,0.009499786,0.29446208,0.25076097,0.037461452,0.0872072,0.018040845,0.05397445
ZJ018009,0.4444558,0.039372113,0.22351368,0.065924734,0.015810303,0.010110859,0.026187329,0.1746252
ZJ018010,0.12155705,0.10466554,0.47396213,0.00016085355,0.00087095133,0.00087224005,0.26885056,0.029060671
ZJ018011,0.39548805,0.23279552,0.10148936,0.03202152,0.011679419,0.019742595,0.112948745,0.09383478
ZJ018012,0.11155007,0.07384863,0.5847214,0.00012491204,0.0027769415,0.0070852125,0.21187693,0.008015848
ZJ018013,0.22677055,0.077448145,0.30939907,0.010834381,0.039196074,0.049451303,0.13873963,0.14816083
ZJ018014,0.27435184,0.1898433,0.050266415,0.01647636,0.0077619716,0.004156543,0.32077828,0.13636531
ZJ018015,0.7879023,0.02431963,0.12260524,0.0006518695,0.009252074,0.004589151,0.048892066,0.0017876584
ZJ018016,0.5963269,0.13719256,0.06836078,0.00083363446,0.009076998,0.004191347,0.17262205,0.011395785
ZJ018017,0.09939468,0.0019162274,0.16086827,0.4390909,0.00066544383,0.0032267738,0.0034537015,0.29138398
ZJ018018,0.24494055,0.08649677,0.16872878,0.017145036,0.11864697,0.14496116,0.21227582,0.0068048965
ZJ018019,0.20548455,0.056284614,0.106891066,0.020861713,0.018225051,0.011929914,0.48788705,0.09243606
ZJ018020,0.27115393,0.22997399,0.10925464,0.029618645,0.16893233,0.03500481,0.14391172,0.012149897
ZJ018021,0.22383834,0.11571439,0.1918928,0.0024586793,0.0131933605,0.039392065,0.27408475,0.1394256
ZJ018022,0.07783898,0.0109791625,0.35433358,0.0023731904,0.0014821083,0.02500458,0.47094646,0.05704191
ZJ018023,0.40476343,0.16405444,0.2046249,0.007735984,0.01766255,0.015966743,0.14840814,0.036783822
ZJ018024,0.23507875,0.41264072,0.07628062,0.0032743025,0.0061605433,0.0154658295,0.15201873,0.09908047
ZJ018025,0.5252965,0.0806667,0.034958865,0.00046321232,0.0048521156,0.00519644,0.2867032,0.061862912
ZJ018026,0.17995557,0.021572579,0.3673228,0.0002673545,0.0031366153,0.009193054,0.40774825,0.01080377
ZJ018027,0.20065425,0.027528413,0.39635545,0.004709206,0.0021775668,0.07204628,0.26731983,0.029209003
ZJ018028,0.1753581,0.031405065,0.034552317,0.69548637,0.015122664,0.006456486,0.012018354,0.029600628
ZJ018029,0.41403285,0.23353356,0.13376513,0.0013788628,0.017143624,0.021684684,0.17234054,0.0061207525
ZJ018030,0.104887,0.081104726,0.5799686,0.00037086586,0.003921437,0.02520305,0.19644077,0.008103538
ZJ018031,0.23874266,0.1918331,0.13987535,0.051549707,0.058966875,0.065920465,0.17766762,0.07544424
ZJ018032,0.16179173,0.26018643,0.13963532,0.0014428712,0.003968065,0.016627984,0.3593339,0.05701373
ZJ018033,0.8855465,0.0019812165,0.014161632,0.00042680043,0.0011940523,0.008846726,0.075748704,0.012094452
ZJ018034,0.7194039,0.014693143,0.17962305,0.00054231577,0.012056407,0.02028549,0.050946873,0.0024487937
ZJ018035,0.29212955,0.06162215,0.2324228,0.04484891,0.013972625,0.05249889,0.07831045,0.22419469
ZJ018036,0.2716423,0.044424377,0.26823837,0.008990133,0.0033758383,0.029565142,0.36564645,0.008117388
ZJ018037,0.19119354,0.16441423,0.34213743,0.00052133383,0.005291807,0.06428519,0.22595525,0.006201205
ZJ018038,0.01140372,0.0033250123,0.019198831,0.0016553919,0.01187281,0.9442864,0.004555165,0.0037026606
ZJ018039,0.23406115,0.17296825,0.103401676,0.020424703,0.008512028,0.017759942,0.4111362,0.031736024
ZJ018040,0.09108064,0.004422906,0.24816623,0.3581268,0.017418731,0.011177259,0.002448181,0.26715928
ZJ018041,0.042868666,0.008503641,0.058367673,0.0021495076,0.1211719,0.745341,0.009768826,0.011828781
ZJ018042,0.1556817,0.018129326,0.22122052,0.36617553,0.034143463,0.0916714,0.008912661,0.10406538
ZJ018043,0.28526613,0.099928044,0.06218871,0.02904548,0.0022586014,0.002098648,0.010924882,0.50828946
ZJ018044,0.28423536,0.02009268,0.072453596,0.4040645,0.10924857,0.046451118,0.023465633,0.03998849
ZJ018045,0.37898108,0.2020831,0.16576551,0.0012403426,0.0289177,0.027197197,0.18721494,0.008600182
ZJ018046,0.09841629,0.27370796,0.06230684,0.015801916,0.028798083,0.054637637,0.37954378,0.0867875
ZJ018047,0.18689443,0.13678753,0.18446769,0.003765511,0.37523717,0.0212017,0.038795643,0.05285037
ZJ018048,0.2607555,0.14370926,0.23385704,0.008480081,0.022568174,0.040968515,0.18477866,0.104882784
ZJ018049,0.14688528,0.041416198,0.20518734,0.00073681836,0.010089644,0.011773114,0.57434416,0.0095674405
ZJ018050,0.4440984,0.11790956,0.071411096,0.01809566,0.065039314,0.010404545,0.1699112,0.10313023
ZJ018051,0.16679886,0.050905965,0.5234082,0.00032466603,0.0032734426,0.03699214,0.20966403,0.008632687
ZJ018052,0.14299285,0.025373222,0.060870763,0.001282105,0.012818682,0.0005719438,0.7505765,0.005513966
ZJ018053,0.17379242,0.121362865,0.15077606,0.012407804,0.003565844,0.011410842,0.3891521,0.13753209
ZJ018054,0.23456754,0.15979752,0.16789104,0.03112251,0.007025164,0.03534142,0.22877228,0.13548253
ZJ018055,0.4017291,0.02063878,0.054956485,0.36908358,0.039741516,0.090872005,0.017544731,0.0054337275
ZJ018056,0.13584521,0.05984846,0.51600605,0.0003105312,0.0039374055,0.01394898,0.16332312,0.106780216
ZJ018057,0.10480836,0.54676646,0.097128116,0.0027308464,0.009981418,0.03128292,0.12153907,0.085762724
ZJ018058,0.08013939,0.025401587,0.122066766,0.0014297693,0.009681015,0.0019687593,0.74220836,0.017104356
ZJ018059,0.06135782,0.7582179,0.0151470825,0.0009144629,0.0020087603,0.003035109,0.14740118,0.011917742
ZJ018060,0.273875,0.16062391,0.13709082,0.034754578,0.007078276,0.011265328,0.06513003,0.31018212
ZJ018061,0.10603235,0.01625768,0.033597663,0.7941488,0.0153616695,0.025142815,0.0047026733,0.004756309
ZJ018062,0.6914275,0.05159103,0.07363079,0.00076626375,0.0034970297,0.035058055,0.12755242,0.0164769
ZJ018063,0.030436225,0.00077665853,0.22096545,0.47936302,0.017851464,0.024484407,0.0004551921,0.22566758
ZJ018064,0.025863942,0.0043605897,0.015904287,0.92389566,0.002799374,0.021728193,0.0043916632,0.0010563256
ZJ018065,0.41367424,0.24069636,0.06330483,0.12604988,0.028833047,0.010253293,0.07684043,0.040347923
ZJ018066,0.04415965,0.058293156,0.023241675,0.00011960594,0.10955341,0.75992405,0.003918615,0.0007898488
ZJ018067,0.07984874,0.1386863,0.22406673,0.0018097669,0.13703637,0.30519292,0.094741605,0.018617582
ZJ018068,0.3361506,0.15813072,0.25398698,0.002880163,0.007368767,0.032520417,0.16703469,0.041927755
ZJ018069,0.3379509,0.07420041,0.21956566,0.041524604,0.046007752,0.008835949,0.21283695,0.05907776
ZJ018070,0.35081762,0.08902387,0.29487032,0.00049475464,0.005946212,0.03604737,0.12981148,0.09298842
ZJ018071,0.33358932,0.15260142,0.039049845,0.016333206,0.008776255,0.0024046563,0.24104005,0.20620523
ZJ018072,0.09084927,0.027540985,0.27176976,0.0052842293,0.0031607412,0.0050793067,0.56304896,0.033266712
ZJ018073,0.774825,0.0009310224,0.03117336,0.0045974306,0.13057941,0.01991243,0.011984131,0.025997255
ZJ018074,0.5643921,0.017214412,0.07938733,0.00018223232,0.011930246,0.00447883,0.31765297,0.004761836
ZJ018075,0.3908674,0.0505928,0.13234462,0.0019066953,0.011809588,0.02477094,0.38158473,0.006123202
ZJ018076,0.26180762,0.004379277,0.49180904,0.026170228,0.00071481924,0.010682443,0.006036933,0.19839963
ZJ018077,0.05851438,0.048020564,0.3016868,0.0012451941,0.0098046595,0.07215519,0.4970232,0.011550003
ZJ018078,0.13884954,0.0016429384,0.10025744,0.3110383,0.0025968624,0.018987542,0.0019373378,0.42469007
ZJ018079,0.1547278,0.23815289,0.20732991,0.004701752,0.011130869,0.033913452,0.32571474,0.024328554
ZJ018080,0.34924874,0.16142532,0.26801014,0.0012181986,0.04380057,0.0025739183,0.11638285,0.057340283
ZJ018081,0.37501276,0.041203227,0.1287339,0.0031380972,0.04836688,0.01296901,0.36359707,0.026978958
ZJ018082,0.3492608,0.16106561,0.33049363,0.0014344861,0.042959478,0.0057656197,0.045634467,0.063385926
ZJ018083,0.08686268,0.62749666,0.049652815,0.0011341261,0.0071159634,0.0032201186,0.21910234,0.005415265
ZJ018084,0.115596205,0.6799198,0.024795279,0.057766043,0.011220802,0.0035195793,0.09597128,0.011211032
ZJ018085,0.24669948,0.0552702,0.035927396,0.51733387,0.08983783,0.014056754,0.0130103035,0.02786414
ZJ018086,0.27506414,0.0271489,0.03609545,0.39115927,0.209204,0.024505898,0.01931661,0.017505689
ZJ018087,0.17447819,0.04197635,0.21278848,0.006311409,0.0377402,0.12906303,0.1666657,0.23097669
ZJ018088,0.3190955,0.15867656,0.0834654,0.011250772,0.023336804,0.027892426,0.24562064,0.13066186
ZJ018089,0.20243527,0.043382175,0.54405093,0.00035315807,0.002324671,0.0033575916,0.16798563,0.03611056
ZJ018090,0.075742245,0.0033294393,0.19972672,0.28255522,0.00055925886,0.004095471,0.0014441299,0.43254748
ZJ018091,0.2708811,0.03291355,0.07921787,0.36390138,0.13082558,0.041321732,0.030378541,0.050560273
ZJ018092,0.22398469,0.07209071,0.41534874,0.00033022842,0.0020324532,0.006876682,0.24475057,0.034585968
ZJ018093,0.12798955,0.08869407,0.03969882,0.024694676,0.07434139,0.0010178894,0.547941,0.09562259
ZJ018094,0.070916235,0.031044861,0.52655154,0.00048576968,0.009521615,0.32545885,0.027386988,0.008634089
ZJ018095,0.66334057,0.028484855,0.122589685,0.0030650147,0.007407221,0.003528129,0.12858166,0.04300281
ZJ018096,0.24063116,0.03408838,0.36826077,0.003438719,0.0025970035,0.041862216,0.2319216,0.077200145
ZJ018097,0.14575565,0.086571865,0.14238356,0.004893015,0.0007219232,0.0983192,0.46572343,0.055631395
ZJ018098,0.065985695,0.0462566,0.28511038,0.0016999706,0.022501774,0.041447274,0.5233249,0.013673404
ZJ018099,0.0040262453,0.00034952207,0.041986946,0.3182701,0.0003022806,0.5989797,0.0006794801,0.035405766
ZJ018100,0.37344438,0.12514693,0.042473868,0.031278484,0.008398939,0.0025796492,0.019807074,0.39687067
ZJ018101,0.43453673,0.04034117,0.16569604,0.10911557,0.028726231,0.005025911,0.023924077,0.19263424
ZJ018102,0.05812195,0.0022623925,0.22477965,0.08865,0.03091395,0.12319731,0.0013558079,0.47071898
ZJ018103,0.796854,0.025267372,0.071626924,0.00025914624,0.0027653037,0.0073030437,0.07302136,0.022902776
ZJ018104,0.014907293,0.016482623,0.13609338,0.00015057051,0.021323362,0.8048411,0.004314556,0.0018871354
ZJ018105,0.43685204,0.04343467,0.20128515,0.0012681138,0.004965685,0.14021231,0.16571532,0.006266707
ZJ018106,0.0034674844,0.009833279,0.0027246666,0.0012144609,7.612634e-05,0.9801056,0.002330287,0.00024814214
ZJ018107,0.1466387,0.11358271,0.16030943,0.0016942596,0.0029459212,0.014873812,0.34906447,0.21089067
ZJ018108,0.11903571,0.19396102,0.16769211,0.00549907,0.008826852,0.03609536,0.3009038,0.1679861
ZJ018109,0.04035518,0.019902378,0.077887245,0.50464046,0.0009249162,0.00084584666,0.0075936047,0.34785035
ZJ018110,0.28104234,0.15227838,0.22966838,0.0011509763,0.048793938,0.016799346,0.1932584,0.077008225
ZJ018111,0.0843427,0.007954469,0.21048898,0.42126086,0.019949008,0.0103234565,0.0033648266,0.2423157
ZJ018112,0.063279174,0.052178267,0.063773245,0.0040723816,0.0048660054,0.60165304,0.17024164,0.03993624
ZJ018113,0.1075633,0.0009662997,0.19925389,0.107627146,0.0024907792,0.039949805,0.0018009446,0.5403478
ZJ018114,0.8924608,0.0071910834,0.017392218,0.0006475659,0.010999395,0.0036212846,0.05991574,0.0077718846
ZJ018115,0.27950388,0.047949128,0.10517723,0.006083052,0.010327821,0.0051573114,0.5043806,0.041421
ZJ018116,0.22707105,0.1780801,0.060539234,0.03467464,0.013390392,0.0154138915,0.3539787,0.11685196
ZJ018117,0.28851506,0.047707614,0.25301608,0.0008111419,0.10424736,0.013147129,0.22013606,0.07241954
ZJ018118,0.5198649,0.053407524,0.1584533,0.0032092994,0.028952727,0.017234897,0.17983584,0.03904144
ZJ018119,0.5113389,0.047253795,0.15028624,0.00027974843,0.009218814,0.006493287,0.2662652,0.008863981
ZJ018120,0.20502472,0.21051252,0.06772892,0.05874394,0.007473357,0.012796354,0.28905296,0.14866728
ZJ018121,0.31230447,0.029828884,0.12727286,0.0010353735,0.030996148,0.048625223,0.43887365,0.0110634575
ZJ018122,0.35095426,0.1810603,0.20485955,0.0049759406,0.0059234137,0.0062716366,0.21365069,0.03230424
ZJ018123,0.29257128,0.039723672,0.20431858,0.024984268,0.041834887,0.0034334818,0.36185533,0.031278484
ZJ018124,0.24599558,0.24776667,0.069543615,0.0201879,0.009646124,0.0063928273,0.21410844,0.18635884
ZJ018125,0.6125552,0.045600038,0.12863882,0.033633757,0.015438788,0.024322763,0.058500115,0.08131051
ZJ018126,0.36323023,0.04858784,0.23185533,0.0108649265,0.05336751,0.023447903,0.22936912,0.03927717
ZJ018127,0.24390455,0.21290037,0.09355499,0.019255206,0.018388825,0.013930597,0.28659403,0.11147143
ZJ018128,0.1735656,0.021526132,0.28062427,0.085931376,0.011466609,0.006976789,0.009434931,0.41047427
ZJ018129,0.5055948,0.06228786,0.17506948,0.0016781109,0.012871052,0.025093777,0.13819836,0.0792066
ZJ018130,0.16844064,0.52149224,0.101460256,0.017701887,0.013420603,0.0121798655,0.082510576,0.08279389
ZJ018131,0.19071266,0.34588915,0.06767519,0.0005013628,0.006913116,0.04155583,0.33951044,0.0072422125
ZJ018132,0.19429061,0.004816281,0.53415954,0.13146484,0.009607081,0.047412705,0.005291519,0.07295738
ZJ018133,0.13189895,0.29521015,0.342103,0.001489133,0.010409563,0.0076120747,0.13904168,0.07223537
ZJ018134,0.31478617,0.028697817,0.2212529,0.07985751,0.011730344,0.0017886513,0.015658155,0.3262284
ZJ018135,0.4742944,0.10465064,0.085463814,0.0045341016,0.015537339,0.0033478437,0.19762893,0.11454305
ZJ018136,0.023456676,0.9463887,0.00936369,0.00033822385,0.0009366619,0.00033638967,0.007403197,0.011776469
ZJ018137,0.048077986,0.15973733,0.31857753,0.00033379116,0.35053983,0.06560066,0.035598647,0.021534247
ZJ018138,0.066406384,0.1446418,0.22727388,0.0009260571,0.049635377,0.08071809,0.35443026,0.07596815
ZJ018139,0.37560305,0.2398276,0.101195835,0.028027589,0.024308419,0.017959291,0.17680238,0.036275845
ZJ018140,0.33978185,0.17263348,0.090138726,0.026331628,0.0035709338,0.005001782,0.18078779,0.18175375
ZJ018141,0.17875014,0.14830305,0.28471723,0.00071814697,0.0099936435,0.035609547,0.26148885,0.080419436
ZJ018142,0.122395605,0.025011638,0.14583755,0.00018327177,0.0015969422,0.08200473,0.6151846,0.0077856034
ZJ018143,0.1010241,0.101126805,0.31099918,0.001466426,0.005689793,0.08574687,0.38068032,0.013266479
ZJ018144,0.48998758,0.021645548,0.26149806,0.0022013197,0.002361204,0.0063699973,0.20381628,0.012119974
ZJ018145,0.11221173,0.14794968,0.2908233,0.0031418616,0.0056223446,0.028580686,0.39986995,0.011800439
ZJ018146,0.2898734,0.03994747,0.25702295,0.00859503,0.09081575,0.0083066225,0.26024428,0.04519451
ZJ018147,0.10690828,0.041220132,0.18309467,0.149243,0.027499113,0.012515226,0.008060891,0.47145867
ZJ018148,0.28867355,0.067774996,0.25290233,0.024194842,0.0151017355,0.016502155,0.06431714,0.27053314
ZJ018149,0.12414424,0.00712419,0.18798663,0.32600275,0.0091986535,0.29549494,0.008542994,0.04150562
ZJ018150,0.21022193,0.12302324,0.17157784,0.0049804845,0.013298779,0.07092229,0.36538646,0.04058903
ZJ018151,0.8105693,0.0010164193,0.031282697,0.07309026,0.023311874,0.0079984255,0.007095303,0.045635782
ZJ018152,0.10476058,0.341119,0.15271568,0.0043880767,0.0095908595,0.047819782,0.31695232,0.022653759
ZJ018153,0.41996062,0.06477079,0.23514527,0.03454507,0.016904404,0.00508938,0.07269807,0.15088639
ZJ018154,0.06296749,0.05310987,0.020374708,0.0004054275,0.03828189,0.8046693,0.017716743,0.0024745683
ZJ018155,0.34909973,0.12885542,0.13631622,0.0051458473,0.0167973,0.007903762,0.32389086,0.03199089
ZJ018156,0.07567553,0.009933817,0.5370826,0.00027989264,0.0012683689,0.3445682,0.026891723,0.004299894
ZJ018157,0.23412731,0.0063578645,0.42018697,0.2447034,0.009889826,0.02369472,0.009454493,0.051585387
ZJ018158,0.048695922,0.013518915,0.26936245,0.007316194,0.04175744,0.057698175,0.004914778,0.55673605
ZJ018159,0.11208861,0.0104617765,0.26212004,0.538227,0.014133722,0.027817918,0.006507216,0.02864368
ZJ018160,0.14617735,0.10169688,0.1284655,0.000931082,0.0021574541,0.39205343,0.1966838,0.0318345
ZJ018161,0.23669223,0.003136416,0.37120882,0.14201027,0.013139708,0.16496003,0.004441162,0.06441141
ZJ018162,0.14177369,0.49495527,0.079269335,0.005653851,0.14254409,0.009466103,0.10902025,0.017317448
ZJ018163,0.07225753,0.025677003,0.30334288,0.00040919255,0.017680265,0.43782282,0.056664106,0.08614621
ZJ018164,0.28412402,0.025600495,0.3454939,0.000578731,0.038545545,0.08379279,0.21520066,0.0066638286
ZJ018165,0.31291622,0.23058563,0.19113769,0.017537775,0.04838058,0.009769022,0.080313,0.10936012
ZJ018166,0.6471148,0.035635334,0.05814267,0.0032157174,0.104867354,0.035512514,0.100955315,0.014556272
ZJ018167,0.36939546,0.04133936,0.2099203,0.0029162425,0.050690275,0.02494998,0.22475588,0.07603252
ZJ018168,0.17446868,0.11022839,0.27296427,0.025993409,0.26432842,0.046309434,0.022977512,0.08272992
ZJ018169,0.16210078,0.09382794,0.06665101,0.5404743,0.05606834,0.01684191,0.016953057,0.04708273
ZJ018170,0.25972223,0.2060137,0.07725951,0.0054954635,0.004934497,0.004294129,0.22064376,0.22163671
ZJ018171,0.14635432,0.05382693,0.22150615,0.00061429606,0.001990408,0.012930582,0.5493022,0.0134750875
ZJ018172,0.056081153,0.19618851,0.13493705,0.0007876556,0.18846102,0.37169376,0.03170026,0.020150574
ZJ018173,0.0015857567,0.00059096806,0.0056655915,0.0056399456,0.0011431223,0.9841845,0.00027895538,0.00091120834
ZJ018174,0.064788595,0.0041072257,0.39675808,0.17510979,0.099610925,0.07757177,0.0031239144,0.17892969
ZJ018175,0.22880228,0.49779055,0.054642737,0.0037958226,0.042716585,0.012269578,0.13982676,0.020155717
ZJ018176,0.24103661,0.06248803,0.23545372,0.00073423085,0.011496568,0.014893569,0.42463094,0.009266295
ZJ018177,0.49612564,0.19303621,0.06304403,0.008525584,0.018845696,0.0067661046,0.13530023,0.07835645
ZJ018178,0.6336777,0.038325522,0.11800153,0.0354348,0.01242795,0.018426143,0.04787612,0.0958302
ZJ018179,0.122446924,0.034398407,0.09356032,0.00016213248,0.0029765074,0.0015528394,0.72129375,0.023609092
ZJ018180,0.1593421,0.056047343,0.042522456,0.49008805,0.18255006,0.024207346,0.031407107,0.013835522
ZJ018181,0.23878942,0.23850344,0.06915853,0.027791023,0.01682442,0.018180596,0.2391165,0.1516361
ZJ018182,0.25094342,0.07630704,0.15766443,0.002336651,0.0070895404,0.010109199,0.34274092,0.15280874
ZJ018183,0.10023077,0.03512324,0.6376708,0.00059526425,0.0305827,0.047851678,0.12574801,0.0221975
ZJ018184,0.18647316,0.1077506,0.06898743,0.000952374,0.0033939523,0.001574986,0.6210934,0.009774057
ZJ018185,0.18433872,0.553049,0.10633685,0.0019851811,0.03235008,0.0018124725,0.07870359,0.041424096
ZJ018186,0.02028114,0.12532973,0.0149707915,0.00048810334,0.0014860897,0.5057014,0.28685057,0.044892162
ZJ018187,0.005503226,0.005608918,0.0017313411,0.022885792,0.0002796906,0.960154,0.0036645792,0.00017239779
ZJ018188,0.22556466,0.037238393,0.31911182,0.00073476025,0.0018768111,0.13451268,0.26843208,0.012528758
ZJ018189,0.022327084,0.22038193,0.013678993,0.0001508995,0.0009549076,0.019156298,0.68549824,0.03785169
ZJ018190,0.13673903,0.25350156,0.12352439,0.001963371,0.004485515,0.140646,0.081023656,0.25811648
ZJ018191,0.18836756,0.1781116,0.08733985,0.19743003,0.013217729,0.10788137,0.21833047,0.009321462
ZJ018192,0.20602752,0.024544619,0.3364158,0.0034769645,0.017117733,0.019476786,0.3660787,0.026861863
ZJ018193,0.12472767,0.059558447,0.27390605,0.0026920699,0.00317586,0.025685128,0.48876312,0.021491611
ZJ018194,0.0013288073,0.00095157814,0.0055833235,0.00057182234,6.690784e-05,0.9890313,0.0007834044,0.0016828682
ZJ018195,0.011574429,0.0056874636,0.04041602,9.822573e-05,0.004843628,0.93156666,0.0044266707,0.001386856
ZJ018196,0.07934432,0.025040777,0.24991629,0.3258361,0.01253556,0.022857616,0.0031341515,0.2813352
ZJ018197,0.10997552,0.041180722,0.37859592,0.0016962134,0.2613161,0.003802681,0.1286879,0.07474496
ZJ018198,0.21829812,0.014156703,0.37266582,0.004064497,0.0021416536,0.10627073,0.24864535,0.03375712
ZJ018199,0.034009125,0.0008205872,0.11090245,0.4702498,0.00046749157,0.0025581787,0.0021004258,0.37889194
ZJ018200,0.09185134,0.80828077,0.018670702,0.00047930708,0.002241127,0.0020462326,0.06641406,0.010016436
ZJ018201,0.18752694,0.010123686,0.55012345,0.16061026,0.0014398614,0.022998866,0.009189071,0.057987813
ZJ018202,0.12149772,0.001651273,0.20238623,0.3641566,0.0017387262,0.005217277,0.0025717122,0.30078045
ZJ018203,0.18704331,0.21173827,0.2222798,0.00038441754,0.0032163,0.0024505674,0.36348116,0.0094062
ZJ018204,0.13748059,0.0009427443,0.14713466,0.44180936,0.0018006378,0.0042166784,0.0053960728,0.26121926
ZJ018205,0.5839897,0.01199407,0.14727779,0.02317086,0.033118382,0.0058178585,0.091099784,0.103531644
ZJ018206,0.3537666,0.121136166,0.23589379,0.004172182,0.11752349,0.014037587,0.090789154,0.062681
ZJ018207,0.2502952,0.10831375,0.16398834,0.0003139156,0.010946683,0.24851531,0.17969817,0.037928708
ZJ018208,0.13739297,0.016970474,0.22546117,0.0010682247,0.0027032916,0.15693514,0.4215659,0.037902918
ZJ018209,0.17053583,0.05469979,0.057609364,0.0033081677,0.020986825,0.034279536,0.6289095,0.029670907
ZJ018210,0.28992093,0.1459339,0.17710982,0.0018030624,0.0035229642,0.030337129,0.19064549,0.16072671
ZJ018211,0.27487928,0.11086677,0.243857,0.007106957,0.0042161737,0.009799155,0.22728327,0.12199137
ZJ018212,0.09260909,0.0017258528,0.24029277,0.27639824,0.11651328,0.03248759,0.0014614466,0.23851171
ZJ018213,0.30788255,0.050390817,0.34091848,0.0013201575,0.017965434,0.03457069,0.2224226,0.024529247
ZJ018214,0.2247287,0.17729329,0.1760228,0.006583088,0.1363802,0.034681696,0.20574962,0.038560618
ZJ018215,0.09359664,0.24155535,0.08204047,0.00027084528,0.0011180041,0.0058102575,0.5183864,0.057222005
ZJ018216,0.28455853,0.19583842,0.045770433,0.00022326618,0.1165453,0.30549225,0.042870414,0.008701359
ZJ018217,0.9296502,0.00077260286,0.026098091,0.0010726278,0.006525763,0.006637424,0.003411334,0.025831971
ZJ018218,0.10122631,0.25192416,0.37474388,0.000510041,0.0029894372,0.0022581886,0.24320528,0.023142746
ZJ018219,0.117148705,0.713271,0.049954057,0.0025517435,0.0041658464,0.0027638634,0.08329422,0.026850615
ZJ018220,0.20315847,0.19554092,0.20556365,0.0006696882,0.011368161,0.033930108,0.27397165,0.07579729
ZJ018221,0.13828824,0.099263035,0.5358108,0.00015002192,0.005358964,0.0030064916,0.20405018,0.014072285
ZJ018222,0.76259613,0.010987739,0.044299584,0.0008165047,0.045791645,0.011169293,0.027475925,0.09686322
ZJ018223,0.17494379,0.17927223,0.14591326,0.0036015336,0.0039940355,0.03550877,0.35766256,0.09910383
ZJ018224,0.13564602,0.002997202,0.2369214,0.48236075,0.00073055347,0.0057352763,0.010229841,0.12537894
ZJ018225,0.18250726,0.25005704,0.32072625,0.00037906432,0.0045075603,0.0059278607,0.23211831,0.0037766467
ZJ018226,0.1674365,0.039652392,0.2506603,0.00083567796,0.009127341,0.08187596,0.4322711,0.018140694
ZJ018227,0.4493724,0.068706416,0.110108,0.0003948735,0.016806677,0.016040623,0.33444738,0.00412358
ZJ018228,0.3653856,0.004015479,0.3859795,0.03689075,0.03579172,0.08911878,0.004661285,0.078156866
ZJ018229,0.19884922,0.020482965,0.13170777,0.0013013722,0.34805274,0.028304795,0.2499586,0.021342518
ZJ018230,0.016057063,0.010085465,0.019037323,0.0027813937,0.0013460098,0.91585785,0.006208733,0.02862621
ZJ018231,0.33872378,0.069435574,0.24878855,0.0011578928,0.024912752,0.0069603357,0.3036837,0.0063373484
ZJ018232,0.16316202,0.1819814,0.150099,0.014173415,0.010466929,0.01247469,0.3388916,0.12875096
ZJ018233,0.11883837,0.012591966,0.21800041,0.35064343,0.010584755,0.03502093,0.0047975825,0.24952258
ZJ018234,0.046216015,0.0050569214,0.21552439,0.11068695,0.004315437,0.019817594,0.0016680083,0.5967147
ZJ018235,0.11232336,0.00090014085,0.5628789,0.09239781,0.0042515146,0.026713733,0.0008979022,0.19963667
ZJ018236,0.034865584,0.043975636,0.28308153,0.0004425629,0.08366737,0.5339565,0.008151239,0.01185955
ZJ018237,0.046878166,0.00035295705,0.1268942,0.30397373,0.00022628963,0.03533398,0.0004937659,0.48584688
ZJ018238,0.05115053,0.0033411065,0.31520227,0.41482717,0.015360563,0.008676038,0.0021601245,0.18928224
ZJ018239,0.13352439,0.069274314,0.5588946,0.00017564002,0.0011500664,0.035017796,0.17117256,0.030790681
ZJ018240,0.2479007,0.16806251,0.07678029,0.021577774,0.0149263395,0.0090505555,0.2469372,0.21476467
ZJ018241,0.15688203,0.0065617342,0.56517875,0.040217638,0.12436448,0.06204477,0.0036989807,0.041051537
ZJ018242,0.2011929,0.025199957,0.5461987,0.0007997275,0.002949584,0.0437537,0.16020554,0.019699838
ZJ018243,0.04329073,0.20194912,0.2218331,0.00028981265,0.29692632,0.18924393,0.031241603,0.015225418
ZJ018244,0.092488416,0.0006010621,0.62010515,0.049723655,0.007824243,0.06556515,0.0010342197,0.1626581
ZJ018245,0.19237682,0.16093786,0.42807874,0.00036344645,0.008566601,0.025583016,0.17953432,0.004559143
ZJ018246,0.0025644402,0.00049478683,0.011489182,0.004485914,0.00027386157,0.9798344,0.0005934377,0.0002639914
ZJ018247,0.4006435,0.089723974,0.19309445,0.008516485,0.14519425,0.015173628,0.11464111,0.033012543
ZJ018248,0.20361897,0.024958223,0.43104655,0.00070230884,0.08964012,0.06752563,0.16311657,0.019391645
ZJ018249,0.49565017,0.031905964,0.13427722,0.00026000815,0.10980948,0.035112433,0.16871846,0.02426626
ZJ018250,0.36840048,0.062913485,0.22541828,0.00064009894,0.08288822,0.00707341,0.24743812,0.0052278577
ZJ018251,0.15476392,0.009054207,0.5846315,0.1361581,0.010688737,0.029335702,0.010071042,0.06529679
ZJ018252,0.061809573,0.009621023,0.3118108,0.0040624077,0.0010218857,0.029141014,0.50202394,0.08050934
ZJ018253,0.23017931,0.53150666,0.041834816,0.011122651,0.04408597,0.0038388155,0.051395673,0.0860361
ZJ018254,0.15399285,0.10279516,0.3151263,0.047887027,0.02039461,0.006110286,0.10833893,0.24535482
ZJ018255,0.89127445,0.0052682646,0.025774306,0.0010301096,0.0059694154,0.004087655,0.05772426,0.00887157
ZJ018256,0.11631593,0.0074670953,0.42607054,0.041140635,0.095015235,0.025490386,0.011176422,0.2773238
ZJ018257,0.31406355,0.042024795,0.19264346,0.0015600461,0.026260188,0.007021509,0.40364054,0.012785966
ZJ018258,0.118347235,0.6267072,0.08971531,0.00068504293,0.0037543902,0.006561032,0.07098078,0.08324909
ZJ018259,0.062210385,0.17350625,0.08014479,0.0011685931,0.0048442413,0.06635272,0.53881514,0.07295789
ZJ018260,0.2835574,0.0015094554,0.3331641,0.101623505,0.006823148,0.023144754,0.0065280735,0.24364962
ZJ018261,0.20817119,0.5553376,0.055235002,0.0017406823,0.0035497383,0.0181592,0.15323871,0.004567875
ZJ018262,0.04027128,0.034134325,0.026732137,0.00049421046,0.28780442,0.58004457,0.024883034,0.005635973
ZJ018263,0.33886155,0.12326469,0.097196065,0.011102448,0.2535977,0.0056322506,0.16263883,0.007706485
ZJ018264,0.074533954,0.8286234,0.021662794,0.00024699292,0.0026058017,0.00180466,0.0576885,0.012833886
ZJ018265,0.19655016,0.060885087,0.2517967,0.0026803645,0.0028089134,0.013447352,0.4499597,0.02187172
ZJ018266,0.18768688,0.0023273285,0.19027664,0.24786931,0.0025081807,0.010719401,0.0033118404,0.35530052
ZJ018267,0.09586407,0.010375609,0.2624696,0.40657786,0.011877345,0.012337811,0.004067902,0.19642977
ZJ018268,0.17545177,0.045021832,0.3746861,0.000992516,0.008181573,0.04927171,0.3335675,0.012827012
ZJ018269,0.10536339,0.0038186635,0.3496675,0.45212868,0.0013262263,0.0042277826,0.007314205,0.0761536
ZJ018270,0.042865086,0.003084358,0.0524771,0.042055175,0.63435644,0.1600291,0.0061599673,0.058972806
ZJ018271,0.16549562,0.005613799,0.14152132,0.33320558,0.0060181236,0.31203043,0.008985183,0.027129939
ZJ018272,0.84710675,0.0035962255,0.006116766,0.000581325,0.13317184,0.0028831034,0.005389961,0.0011540428
ZJ018273,0.019725582,0.010187848,0.041782264,0.008382186,0.0012696024,0.9141766,0.002831984,0.0016439455
ZJ018274,0.384334,0.321278,0.07181378,0.0026924482,0.0014701328,0.014019851,0.19256015,0.01183161
ZJ018275,0.33086866,0.03215183,0.21398653,0.021271138,0.01589062,0.015015976,0.057850584,0.31296468
ZJ018276,0.21316329,0.02045465,0.16495077,0.0010044008,0.3000462,0.008242443,0.27806136,0.014076873
ZJ018277,0.18864995,0.13077898,0.34625843,0.0021846087,0.051235747,0.14301436,0.07769995,0.06017797
ZJ018278,0.40766695,0.09080571,0.1377777,0.10341796,0.07819957,0.07618185,0.082316056,0.023634164
ZJ018279,0.17441721,0.2628488,0.18055345,0.004418608,0.0093036145,0.0074520204,0.26981935,0.091186926
ZJ018280,0.20432372,0.016109992,0.37911367,0.00035550894,0.0037508912,0.0073508425,0.37960616,0.009389176
ZJ018281,0.6296664,0.010092351,0.07964591,0.004881251,0.11104271,0.0823445,0.070341416,0.0119854845
ZJ018282,0.36278254,0.09803479,0.23936266,0.00066090666,0.01767314,0.015496449,0.26067433,0.0053151636
ZJ018283,0.28495815,0.33582753,0.16423,0.00035613173,0.004540513,0.008320815,0.16416003,0.03760691
ZJ018284,0.1546655,0.00090498256,0.13779843,0.26588878,0.00047796417,0.03758029,0.0020894932,0.40059453
ZJ018285,0.44419485,0.13221276,0.14904137,0.0011498601,0.016128367,0.032926586,0.21720037,0.00714585
ZJ018286,0.4425192,0.102706395,0.03201946,0.062171325,0.042503614,0.0113005,0.17773338,0.12904613
ZJ018287,0.42340407,0.025873555,0.021915454,0.4015575,0.07583384,0.026116762,0.018416978,0.006881764
ZJ018288,0.09671861,0.0039329478,0.31960693,0.05438638,0.28026223,0.17067084,0.00900183,0.06542031
ZJ018289,0.20676926,0.09202279,0.25234327,0.0013911598,0.04319887,0.05177997,0.31628925,0.03620542
ZJ018290,0.21951595,0.17179903,0.16252871,0.0028009051,0.011948024,0.0017803762,0.4106375,0.01898949
ZJ018291,0.8348589,0.00095864665,0.03714386,0.0012711491,0.06237802,0.033361036,0.0019030699,0.028125288
ZJ018292,0.064595,0.018443031,0.20545647,0.00043703412,0.0061841095,0.59893566,0.08893046,0.017018177
ZJ018293,0.19323187,0.11285088,0.2551331,0.0011882124,0.046855107,0.03215137,0.33666864,0.021920793
ZJ018294,0.06075661,0.0014716195,0.2017555,0.3664551,0.013400721,0.0022384191,0.0023615824,0.35156044
ZJ018295,0.15409651,0.0009844855,0.2337225,0.4409027,0.0036736433,0.019330902,0.0022946675,0.14499457
ZJ018296,0.15338355,0.43317035,0.056107752,0.004939036,0.02235,0.009543245,0.2964108,0.02409526
ZJ018297,0.38949946,0.020745745,0.021233045,0.38590497,0.07272826,0.07157571,0.019866366,0.018446391
ZJ018298,0.09741534,0.02171675,0.23448452,0.32315204,0.06545146,0.04710823,0.004430491,0.20624118
ZJ018299,0.12504981,0.0016773567,0.11919866,0.2879376,0.022971136,0.026525611,0.0040789703,0.41256088
ZJ018300,0.1505925,0.0048039192,0.025267527,0.0023614713,0.77801335,0.019759988,0.014556512,0.004644706
ZJ018301,0.2886656,0.21700628,0.051303305,0.033829514,0.008389031,0.017915256,0.26415512,0.118735865
ZJ018302,0.10306017,0.0039249905,0.17956828,0.40560362,0.005275249,0.01788412,0.0024857218,0.28219792
ZJ018303,0.23285848,0.045747753,0.21377951,0.001000982,0.0012001571,0.1607537,0.33343467,0.0112247
ZJ018304,0.025882144,0.44384685,0.06862318,9.380848e-05,0.00079940894,0.024275903,0.40048927,0.03598945
ZJ018305,0.09753814,0.04865628,0.09790253,0.0031165653,0.042960133,0.0044503016,0.6842367,0.021139394
ZJ018306,0.15363643,0.062262863,0.3469115,0.004106662,0.004258877,0.050959714,0.36614951,0.011714443
ZJ018307,0.099303894,0.04510883,0.27102944,0.0009828401,0.014611319,0.015939774,0.5244596,0.028564373
ZJ018308,0.2078683,0.08782821,0.08047397,0.04271621,0.006533895,0.012369614,0.48197225,0.08023752
ZJ018309,0.2736888,0.09425543,0.17885655,0.011853544,0.005866405,0.090827584,0.27061906,0.074032575
ZJ018310,0.21444288,0.42718384,0.14004579,0.033007577,0.002149362,0.0018802861,0.010491711,0.17079854
ZJ018311,0.17435627,0.022499943,0.3662864,0.063118346,0.003909242,0.008807773,0.045374483,0.31564754
ZJ018312,0.22683433,0.039053816,0.48554838,0.0009615264,0.0032157588,0.047145665,0.1659388,0.031301793
ZJ018313,0.18458246,0.055435635,0.21190372,0.0017335247,0.025062006,0.01803972,0.4940098,0.009233158
ZJ018314,0.3205179,0.057362188,0.1263653,0.0066019795,0.18449555,0.0146780675,0.27201134,0.01796768
ZJ018315,0.45135987,0.07445066,0.14319153,0.036856897,0.07854426,0.010320803,0.08642131,0.11885466
ZJ018316,0.018409196,0.26953885,0.16792929,0.0014577868,0.33683062,0.1044418,0.063900545,0.037491888
ZJ018317,0.0061962,0.96076643,0.0025870882,2.3679133e-05,0.00026137714,0.002398995,0.026612975,0.0011533148
ZJ018318,0.119677596,0.0019953684,0.5528349,0.079247534,0.008854172,0.022374015,0.0013462956,0.21367007
ZJ018319,0.24048993,0.025779143,0.05875919,0.0034093265,0.034293424,0.23730636,0.36212096,0.03784172
ZJ018320,0.24528068,0.15385896,0.114625655,0.015272336,0.2932359,0.01019476,0.13281216,0.034719467
ZJ018321,0.049004078,0.7676221,0.12346198,0.00016521914,0.0011676556,0.011414106,0.044853844,0.0023109675
ZJ018322,0.42692885,0.097292334,0.12948444,0.00082275725,0.04166391,0.07148509,0.16349791,0.06882473
ZJ018323,0.2107936,0.014930503,0.2567521,0.000597848,0.0021793644,0.23788548,0.2680616,0.008799486
ZJ018324,0.84124,0.018055614,0.045442395,0.009408384,0.007393211,0.006402871,0.028199645,0.043857954
ZJ018325,0.13331425,0.0014282679,0.14402212,0.3511345,0.0020474105,0.0044885445,0.0034188528,0.36014605
ZJ018326,0.07475139,0.84824973,0.009198542,0.00049082603,0.0022743747,0.0042779665,0.048618246,0.012138896
ZJ018327,0.024337627,0.00013970115,0.10505129,0.23157549,0.00052485685,0.0053955857,0.00037753515,0.63259786
ZJ018328,0.25201514,0.25049374,0.07359562,0.04925454,0.09806081,0.032097433,0.19970623,0.044776533
ZJ018329,0.16563562,0.072422706,0.4933218,0.001941462,0.02585551,0.069473475,0.13870722,0.0326422
ZJ018330,0.3759272,0.22578129,0.17850317,0.002028734,0.007892892,0.012301285,0.12716614,0.07039925
ZJ018331,0.4238707,0.058117803,0.21140349,0.0024763737,0.014422811,0.02590476,0.24450587,0.01929818
ZJ018332,0.3426529,0.07903699,0.24483065,0.100668184,0.07854471,0.008626049,0.028690893,0.1169497
ZJ018333,0.19618548,0.031050583,0.4625018,0.040098265,0.04189009,0.116316974,0.02145941,0.090497434
ZJ018334,0.3089396,0.09883648,0.16754866,0.00075505726,0.011773729,0.0028747516,0.39634237,0.012929418
ZJ018335,0.24888605,0.077518605,0.16327755,0.010658785,0.06544469,0.005938804,0.3764961,0.051779397
ZJ018336,0.37247115,0.0794351,0.13934754,0.009199629,0.01703818,0.012666303,0.29376465,0.07607747
ZJ018337,0.22107425,0.04071812,0.36081478,0.0005922804,0.014967413,0.0147478245,0.33550617,0.011579158
ZJ018338,0.27453795,0.27732766,0.07640371,0.019077297,0.01742921,0.019736456,0.22657679,0.088910945
ZJ018339,0.24512927,0.108183146,0.36866292,0.0017749838,0.0031790142,0.010547112,0.23539041,0.027133152
ZJ018340,0.16255529,0.16454431,0.22350182,0.0038630269,0.014146465,0.0751731,0.32850596,0.027710054
ZJ018341,0.26670563,0.1872946,0.07682782,0.03886171,0.014299832,0.044302087,0.15868416,0.2130241
ZJ018342,0.2799217,0.2611043,0.1366931,0.0023164898,0.0048338994,0.09287456,0.19308068,0.029175263
ZJ018343,0.1410856,0.002582098,0.2083437,0.27980882,0.005358907,0.0086393375,0.0023880522,0.35179347
ZJ018344,0.33058548,0.015157191,0.035737377,0.49520677,0.048301455,0.035259522,0.020807773,0.018944444
ZJ018345,0.30197164,0.20568359,0.2367262,0.0026823492,0.06843393,0.005989,0.11372331,0.06478991
ZJ018346,0.016186558,0.0118039455,0.018706756,3.041297e-05,0.00013126335,0.9444285,0.0054256283,0.0032869303
ZJ018347,0.091598354,0.039735716,0.30944535,0.01345953,0.10286186,0.32335657,0.08053739,0.03900522
ZJ018348,0.12502922,0.013917648,0.1710863,0.18314852,0.0069091697,0.0038370062,0.0024276807,0.4936445
ZJ018349,0.24328429,0.06409043,0.15421592,0.005752773,0.039143126,0.021543767,0.4337319,0.03823779
ZJ018350,0.6894292,0.0133469915,0.0631801,0.0024248397,0.010013388,0.009479947,0.11600952,0.096116
ZJ018351,0.14977337,0.20426412,0.24968292,0.0041294503,0.0062383893,0.038673878,0.31626663,0.030971231
ZJ018352,0.038545325,0.034278803,0.04502475,0.010653495,0.015414184,0.7780974,0.068224065,0.009762033
ZJ018353,0.10128764,0.65114063,0.05217391,0.0023887584,0.030014511,0.003108551,0.13752909,0.022356965
ZJ018354,0.5999035,0.010116958,0.10309205,0.018525787,0.04167477,0.025668073,0.18603222,0.014986634
ZJ018355,0.023866469,0.023352295,0.04608335,0.016844174,0.0013149697,0.8708711,0.0065234816,0.011144193
ZJ018356,0.301038,0.034155577,0.03799632,0.45380068,0.09122911,0.023001239,0.04349694,0.015282102
ZJ018357,0.4428095,0.11247567,0.09701209,0.029925823,0.019470206,0.010923326,0.19495188,0.092431605
ZJ018358,0.2910852,0.23439707,0.26240972,0.003920855,0.070012905,0.0030571325,0.08151786,0.053599216
ZJ018359,0.21456212,0.051217016,0.1631218,0.0033488183,0.0007032898,0.0036022142,0.45904323,0.104401544
ZJ018360,0.9109919,0.003153955,0.006308122,0.00086611643,0.062006645,0.0036850323,0.007280737,0.0057074735
ZJ018361,0.395671,0.028865568,0.22122972,0.008252636,0.045456428,0.009670393,0.2677216,0.023132632
ZJ018362,0.36083138,0.19692768,0.11560353,0.0645495,0.038824107,0.030289128,0.18861786,0.004356874
ZJ018363,0.07866385,0.7506662,0.027301013,0.0070589925,0.0063307416,0.0063001644,0.07154492,0.052134078
ZJ018364,0.3554548,0.038386863,0.32563394,0.023924071,0.026458776,0.0087218955,0.07931953,0.1421001
ZJ018365,0.21293168,0.09838203,0.18209633,0.085723676,0.035906203,0.016671667,0.08738893,0.2808995
ZJ018366,0.20986792,0.29542556,0.204981,0.0003414855,0.0029393325,0.0543899,0.19473505,0.037319686
ZJ018367,0.019593813,0.0035977724,0.09127736,0.38662195,0.0003397746,0.0003915158,0.0012036774,0.4969741
ZJ018368,0.21385345,0.031926908,0.21796504,0.0005997471,0.004263077,0.01731482,0.50982445,0.0042524827
ZJ018369,0.16339226,0.44538563,0.06435472,0.0025148166,0.02109574,0.01709506,0.26329833,0.022863517
ZJ018370,0.38110262,0.061638303,0.31399244,0.009924383,0.009633298,0.02473405,0.16113,0.037844922
ZJ018371,0.22559123,0.12447511,0.15320179,0.016622398,0.3541904,0.0073351124,0.07665039,0.041933537
ZJ018372,0.34687153,0.0495997,0.017950032,0.49385983,0.04168857,0.02112501,0.018641602,0.010263689
ZJ018373,0.02021406,0.0005138228,0.055602882,0.5603313,0.00021180739,0.001993474,0.0012327732,0.3598999
ZJ018374,0.6637666,0.02976934,0.05143175,0.003547196,0.010270262,0.1300221,0.09264972,0.01854303
ZJ018375,0.2223071,0.003636338,0.37992296,0.26267684,0.030645005,0.03853109,0.008695625,0.053585086
ZJ018376,0.18330464,0.04223031,0.05212472,0.0009502079,0.005099188,0.013175287,0.6933627,0.009752945
ZJ018377,0.15419225,0.061088618,0.4300259,0.0011500531,0.0021230734,0.077681616,0.26849645,0.0052420264
ZJ018378,0.08195718,0.045543317,0.6404456,0.000634303,0.0057389876,0.15836972,0.042324502,0.02498636
ZJ018379,0.014477836,0.0095242765,0.030410865,0.021667473,0.0007683282,0.9177409,0.0029574297,0.0024529828
ZJ018380,0.38656732,0.06046566,0.2821221,0.035150502,0.024480898,0.0040285797,0.026214117,0.18097082
ZJ018381,0.08210241,0.018605951,0.06161796,0.02776027,0.007641679,0.78173685,0.009394851,0.01114007
ZJ018382,0.1122966,0.02372276,0.36691648,0.006991803,0.0025664496,0.031933066,0.40314963,0.052423187
ZJ018383,0.08796671,0.3599515,0.15881774,0.012573106,0.010025873,0.10011774,0.16658604,0.103961304
ZJ018384,0.26337007,0.3761187,0.09493283,0.0010943172,0.004507479,0.007935804,0.21585973,0.03618108
ZJ018385,0.053947885,0.033501208,0.04070224,0.00044159606,0.013891428,0.0019816458,0.85290426,0.002629749
ZJ018386,0.19968663,0.12212869,0.067086555,0.0069247857,0.10759094,0.00891275,0.32345876,0.1642109
ZJ018387,0.13446243,0.005707196,0.39964727,0.052767124,0.04056776,0.019421669,0.0054798517,0.34194672
ZJ018388,0.054505736,0.7484358,0.106936075,0.0005601068,0.005480868,0.051010404,0.016893731,0.016177276
ZJ018389,0.47626138,0.06868471,0.19406988,0.004711083,0.06809943,0.011244953,0.12555146,0.051377103
ZJ018390,0.4173151,0.12751973,0.24952708,0.003371283,0.004042169,0.026709625,0.10524798,0.066266984
ZJ018391,0.10186801,0.0034475157,0.4000967,0.050700806,0.044823203,0.009126124,0.0014518651,0.3884857
ZJ018392,0.09585214,0.0033037004,0.18197882,0.26883984,0.0044818055,0.41344535,0.004364526,0.027733851
ZJ018393,0.0019300315,0.00022857473,0.008098285,0.00012703199,0.0005622901,0.9881128,0.00015674361,0.00078418356
ZJ018394,0.056638677,0.032605026,0.29387093,0.0013980266,0.022017134,0.06343913,0.5176474,0.012383732
ZJ018395,0.80203193,0.016088719,0.07112683,0.005186196,0.008670288,0.00073494494,0.032540113,0.06362101
ZJ018396,0.4175796,0.03527617,0.13433248,0.000803167,0.039505772,0.0577415,0.3084788,0.0062825577
ZJ018397,0.067853525,0.001776531,0.19705561,0.24927415,0.0011880536,0.030670486,0.0034371072,0.44874457
ZJ018398,0.18932128,0.1476718,0.1105503,0.0025538076,0.0035192214,0.33364633,0.17963877,0.033098456
ZJ018399,0.18736787,0.043568313,0.3990295,0.0009574023,0.005301246,0.048997886,0.2550009,0.059776913
ZJ018400,0.3211077,0.11148492,0.18975753,0.052529205,0.16554548,0.009548554,0.063172035,0.0868546
ZJ018401,0.037878413,0.010090522,0.04960416,0.0008922862,0.0009271711,0.005958001,0.84177744,0.052871983
ZJ018402,0.13519137,0.08594615,0.19959635,0.0013853194,0.004839224,0.09087545,0.16646837,0.3156978
ZJ018403,0.33768812,0.15378669,0.15796243,0.0014980906,0.004933348,0.057361435,0.24853358,0.03823632
ZJ018404,0.16389516,0.029094629,0.16189274,0.1297,0.011695531,0.0065295016,0.021570863,0.4756216
ZJ018405,0.15599737,0.025902057,0.19901305,0.00465453,0.013287078,0.009903058,0.57312965,0.018113138
ZJ018406,0.3874913,0.1714186,0.05764072,0.054854907,0.010761095,0.0028818878,0.16281722,0.15213431
ZJ018407,0.015396408,0.0278748,0.18887828,0.00017859529,0.00998668,0.7255858,0.021923373,0.010176077
ZJ018408,0.037664432,0.1714975,0.23722033,0.00046859751,0.11230922,0.355701,0.059381384,0.025757572
ZJ018409,0.04898802,0.003123497,0.26850998,0.24082339,0.0019298008,0.009682697,0.0028147227,0.42412794
ZJ018410,0.12518872,0.007366254,0.286123,0.18125214,0.23376387,0.05931272,0.014032668,0.09296066
ZJ018411,0.01034521,0.0031534825,0.018792678,0.0018369054,0.00046298292,0.95753825,0.0023646194,0.0055058664
ZJ018412,0.501874,0.00077101163,0.077200145,0.12088374,0.0039034537,0.01222653,0.001379336,0.28176177
ZJ018413,0.31681845,0.10987906,0.19854887,0.00074755657,0.009491919,0.0077394703,0.3458371,0.010937531
ZJ018414,0.39716396,0.16076651,0.104236916,0.03906329,0.023414224,0.009774306,0.15600911,0.10957166
ZJ018415,3.8483016e-05,1.3806049e-06,0.0003658867,8.729779e-07,2.7428207e-06,0.99957466,5.0370018e-06,1.0930625e-05
ZJ018416,0.45413092,0.03894681,0.11915286,0.08674073,0.019302053,0.006325815,0.033364348,0.24203646
ZJ018417,0.25944963,0.11226152,0.180153,0.031871207,0.2622915,0.0046930145,0.08163096,0.067649186
ZJ018418,0.21239151,0.238343,0.105617054,0.058585983,0.011201821,0.050739642,0.20238376,0.12073732
ZJ018419,0.3757082,0.0060268403,0.071136065,0.0007492841,0.443096,0.007502558,0.086931966,0.008849029
ZJ018420,0.15656196,0.2735765,0.16959696,0.010449385,0.0035157844,0.009999423,0.1102547,0.26604536
ZJ018421,0.07820659,0.0012540319,0.14915454,0.39767665,0.0027637852,0.0028876422,0.002246463,0.36581033
ZJ018422,0.27396795,0.007646371,0.3462544,0.18578139,0.0071973517,0.11340357,0.015060458,0.05068851
ZJ018423,0.19736409,0.14160627,0.26326293,0.00028231106,0.0020112158,0.0047689914,0.3842572,0.0064470344
ZJ018424,0.3012596,0.09036826,0.19156832,0.03303645,0.009904611,0.018398259,0.103999205,0.25146523
ZJ018425,0.28103793,0.025161596,0.04616817,0.44304922,0.10811244,0.035604484,0.027027806,0.033838347
ZJ018426,9.02343e-05,2.7594656e-06,0.0005735578,4.0032256e-07,3.5441556e-06,0.99929744,1.9420337e-05,1.2676619e-05
ZJ018427,0.062345516,0.0326769,0.25917143,0.0014233305,0.014291611,0.052110653,0.5623294,0.015651176
ZJ018428,0.18313551,0.14020775,0.35223266,0.009782091,0.012544415,0.025136624,0.065825194,0.21113567
ZJ018429,0.37420133,0.11525746,0.2503479,0.0031448219,0.06551118,0.0028652316,0.1525516,0.036120463
ZJ018430,0.18339714,0.18024461,0.3308417,0.005600381,0.004614282,0.016092313,0.06561242,0.21359712
ZJ018431,0.13846375,0.008575215,0.21615915,0.5098404,0.03386839,0.013728215,0.0043528723,0.075011976
ZJ018432,0.4131883,0.11467751,0.27683863,0.0030800384,0.024254458,0.0030661675,0.12443436,0.040460605
ZJ018433,0.21320719,0.10313607,0.09355183,0.012633082,0.015323466,0.007965606,0.50463855,0.049544215
ZJ018434,0.07485823,0.08799772,0.017014004,1.715158e-05,0.043107744,0.7700283,0.006395222,0.0005815797
ZJ018435,0.32748213,0.23059882,0.08520276,0.01202032,0.2040755,0.02371065,0.107656576,0.009253215
ZJ018436,0.09491152,0.013043175,0.2216811,0.3731568,0.017846039,0.0058429693,0.0031829458,0.27033538
ZJ018437,0.1092123,0.05538701,0.62251616,9.639183e-05,0.00094705366,0.007761984,0.15845227,0.045626804
ZJ018438,0.23574626,0.092638835,0.25474325,0.011007143,0.040661026,0.13698949,0.1940821,0.034131903
ZJ018439,0.05576965,0.7856803,0.021899348,0.0002408445,0.0013156083,0.022473926,0.09958916,0.013031214
ZJ018440,0.010645221,0.0104827965,0.013794637,0.0004912371,0.0063019926,0.93171024,0.010485969,0.01608786
ZJ018441,0.026251929,0.9495973,0.008303471,0.00014250369,0.0047934665,0.00032130125,0.0074594007,0.00313071
ZJ018442,0.20475113,0.069364905,0.22657251,0.010236727,0.044949688,0.1719624,0.21231593,0.059846755
ZJ018443,0.17940336,0.10443336,0.23599689,0.011090521,0.0055846144,0.049789306,0.33249134,0.08121063
ZJ018444,0.13741364,0.26294753,0.19438744,0.013304978,0.004645146,0.015730396,0.13928284,0.232288
ZJ018445,0.20433244,0.13412517,0.23834445,0.0012161187,0.007210403,0.02243531,0.31475008,0.077586085
ZJ018446,0.21407041,0.07405105,0.31265807,0.00064250163,0.005626563,0.0045237117,0.38090378,0.0075239083
ZJ018447,0.24598894,0.008426418,0.26027155,0.11637643,0.08734411,0.15401499,0.0083680665,0.11920953
ZJ018448,0.28161293,0.11528909,0.119254574,0.012995756,0.024410063,0.006931824,0.37694713,0.06255866
ZJ018449,0.029425228,0.11179124,0.54881746,0.00021579454,0.0200083,0.19656779,0.037549313,0.055624872
ZJ018450,0.0795089,0.011128969,0.09439128,0.0004528365,0.0011234066,0.056850433,0.6942392,0.06230498
ZJ018451,0.160092,0.008713525,0.22765908,0.22872499,0.009113939,0.0075279153,0.0039540785,0.3542145
ZJ018452,0.39756012,0.04367164,0.24537697,0.0830528,0.010974786,0.014171609,0.036296465,0.16889554
ZJ018453,0.21398596,0.35405156,0.2102473,0.0007178429,0.0028253421,0.022596734,0.16842805,0.027147232
ZJ018454,0.041069165,0.21913125,0.07102079,3.274033e-05,0.043928858,0.6085798,0.013466439,0.0027709822
ZJ018455,0.13001798,0.0047493177,0.27296463,0.10342567,0.005851244,0.44522208,0.0069363816,0.030832676
ZJ018456,0.2972672,0.29063755,0.12316233,0.0043727504,0.00891967,0.007532007,0.24698573,0.021122707
ZJ018457,0.22080873,0.11721652,0.098652475,0.08095668,0.066943705,0.004446427,0.09386306,0.3171124
ZJ018458,0.19669448,0.096206576,0.149804,0.020622863,0.0054299724,0.00892971,0.46391767,0.058394764
ZJ018459,0.34568986,0.031145468,0.24753521,0.0015344345,0.012056275,0.096977085,0.25491032,0.0101513155
ZJ018460,0.088677436,0.004972453,0.16861151,0.3799635,0.009556136,0.019965865,0.0022511533,0.32600194
ZJ018461,0.25554273,0.15659553,0.34893966,0.0025551368,0.004286403,0.024229102,0.11985347,0.087998
ZJ018462,0.17686354,0.034096446,0.19248055,0.13107178,0.030785851,0.009594008,0.0038305165,0.42127725
ZJ018463,0.0073603373,0.0026923593,0.023931408,0.00050581095,0.000438363,0.96226794,0.0014546177,0.0013492078
ZJ018464,0.36037615,0.1658648,0.2568234,0.00474732,0.016133042,0.008729081,0.13299085,0.054335356
ZJ018465,0.2851047,0.09448537,0.2906498,0.0111709805,0.0074314713,0.0067016943,0.21268135,0.091774635
ZJ018466,0.13491489,0.008323393,0.059221543,0.0010397641,0.0011650824,0.00075464183,0.7830769,0.011503828
ZJ018467,0.25865057,0.25036466,0.23164351,0.00057517475,0.0039341594,0.039860032,0.16297005,0.052001808
ZJ018468,0.03184256,0.0015347279,0.05684817,0.5482631,0.00025493908,0.003086266,0.0040715355,0.3540987
ZJ018469,0.07836307,0.049409408,0.4939666,0.0007807647,0.055019375,0.26180813,0.056963775,0.0036888865
ZJ018470,0.3936321,0.13899437,0.14749846,0.0022545403,0.02020711,0.0229588,0.26185492,0.012599724
ZJ018471,0.10830167,0.057879955,0.16865069,0.28067037,0.0072504054,0.0046255407,0.01680774,0.3558136
ZJ018472,0.00013601202,1.2961029e-05,0.0008483114,1.0782843e-05,5.763786e-06,0.9989298,2.6193738e-05,3.0225567e-05
ZJ018473,0.40083295,0.03377624,0.1960849,0.022864738,0.015746573,0.14274177,0.04160012,0.14635265
ZJ018474,0.17480241,0.23316981,0.016311282,0.0009154854,0.0019183563,0.23438208,0.33167666,0.006823931
ZJ018475,0.13186732,0.0063006785,0.45526868,0.046062164,0.07023442,0.013922597,0.0065679816,0.26977625
ZJ018476,0.27321965,0.18024242,0.340219,0.005119474,0.007446267,0.013157772,0.10621691,0.074378535
ZJ018477,0.1408024,0.04699251,0.59299415,9.616211e-05,0.0042905887,0.004269844,0.20483911,0.005715248
ZJ018478,0.18497254,0.010857007,0.12247594,0.00053281337,0.46598434,0.012291749,0.19487152,0.008014111
ZJ018479,0.28065133,0.12499999,0.21424875,0.0048042345,0.004888682,0.008721079,0.308533,0.05315289
ZJ018480,0.16155432,0.20646109,0.085090816,0.008105866,0.021889377,0.0032134221,0.4182605,0.09542461
ZJ018481,0.44644323,0.14399159,0.028872924,0.070887536,0.011447248,0.004746067,0.14919917,0.14441225
ZJ018482,0.19034123,0.027761368,0.25711605,0.00056682713,0.0017690483,0.1699189,0.33730155,0.015225057
ZJ018483,0.006473684,0.0021379571,0.0026719328,9.634274e-05,0.0047001275,0.0010105011,0.98174053,0.001168961
ZJ018484,0.08413802,0.009946147,0.2542997,0.019509526,0.14901477,0.4025128,0.018032672,0.06254639
ZJ018485,0.0023309244,0.000253426,0.0008161897,5.480147e-05,0.00021623974,0.0010766624,0.99343437,0.0018174021
ZJ018486,0.4357898,0.031392016,0.127409,0.0007933889,0.02243674,0.027009362,0.34843233,0.006737309
ZJ018487,0.049719077,0.014420453,0.16083524,0.00018591207,0.0025387874,0.680099,0.075494476,0.016707046
ZJ018488,0.26322424,0.05363107,0.3430296,0.00042801694,0.008584175,0.021899167,0.2982113,0.010992432
ZJ018489,0.083351195,0.009455672,0.08469644,0.00037424645,0.004382062,0.019859832,0.7880084,0.009872155
ZJ018490,0.69246256,0.0074897483,0.08391575,0.046999402,0.03846442,0.05412868,0.011547276,0.06499222
ZJ018491,0.22722237,0.068854414,0.2854387,0.00078282214,0.01828351,0.014351639,0.36960867,0.015457875
ZJ018492,0.33195454,0.022885988,0.2567945,0.0008427399,0.0038894862,0.006506082,0.3638641,0.013262609
ZJ018493,0.039449655,0.0072072307,0.09072476,0.0002756219,0.0068020886,0.7959666,0.049800333,0.00977371
ZJ018494,0.5515916,0.0011556344,0.26588166,0.015878689,0.04718775,0.00715008,0.007256283,0.1038983
ZJ018495,0.3777297,0.112594105,0.04418586,0.105689496,0.067222,0.02772972,0.1424511,0.12239797
ZJ018496,0.108643256,0.053011104,0.28860858,0.0020116454,0.21807839,0.0025838166,0.1642695,0.16279376
ZJ018497,0.26362875,0.012936019,0.17222768,0.00021653605,0.0019789548,0.023758894,0.5148879,0.010365268
ZJ018498,0.13798049,0.043992683,0.035814505,0.0042260205,0.005074458,0.649515,0.10246837,0.020928487
ZJ018499,0.1207958,0.06463955,0.6607387,8.815424e-05,0.001688331,0.0054812715,0.13960452,0.0069636847
ZJ018500,0.1329135,0.07279055,0.45712176,0.00078050536,0.032233056,0.10710072,0.15893695,0.038122986
ZJ018501,0.046232168,0.06907641,0.09164262,0.0048397267,0.015734281,0.71609885,0.046014823,0.01036105
ZJ018502,0.076480165,0.6106545,0.05252801,0.0007761557,0.019422702,0.026237141,0.19814272,0.015758649
ZJ018503,0.33881772,0.06004446,0.1698026,0.0039845835,0.00449982,0.007490364,0.3745853,0.040775165
ZJ018504,0.25120345,0.02247918,0.18406977,0.002153134,0.0028180697,0.030649861,0.48490676,0.02171978
ZJ018505,0.59179956,0.0052034594,0.08465054,0.009272309,0.22741435,0.008453549,0.030663444,0.042542774
ZJ018506,0.7077589,0.0038925193,0.06345987,0.025775703,0.13417841,0.028631456,0.0026440558,0.033659033
ZJ018507,0.15792313,0.5172664,0.08339323,0.008023096,0.013645173,0.0030970296,0.19812395,0.01852801
ZJ018508,0.08036057,0.07149831,0.111360624,0.03612257,0.018020662,0.5442744,0.11355071,0.02481218
ZJ018509,0.6915636,0.02596123,0.047774095,0.0007487013,0.050258994,0.012195223,0.10050821,0.070989944
ZJ018510,0.08713808,0.014928727,0.12726302,0.08031497,0.4813947,0.13076872,0.015673842,0.062518
ZJ018511,0.21505786,0.15057468,0.26158777,0.001932665,0.012494964,0.021844497,0.32501468,0.011492902
ZJ018512,0.07306173,0.02899004,0.34661263,0.0100248875,0.002568026,0.04639481,0.37490636,0.117441535
ZJ018513,0.09713044,0.035103757,0.2748379,0.00087938266,0.00071423245,0.08184188,0.37037778,0.13911459
ZJ018514,0.27381483,0.112095885,0.3996242,0.0015636494,0.014169322,0.038283084,0.08303839,0.07741071
ZJ018515,0.218903,0.028599042,0.24248649,0.0017769459,0.011081211,0.02789526,0.4495541,0.019703882
ZJ018516,0.101381846,0.013458323,0.3873505,0.30226466,0.038117733,0.015384441,0.013136496,0.12890601
ZJ018517,0.11442043,0.018962687,0.3353764,0.22783355,0.007918556,0.00948762,0.0039433255,0.28205737
ZJ018518,0.28022602,0.017683458,0.026975833,0.57307935,0.047952782,0.040397104,0.00804655,0.0056388904
ZJ018519,0.24361108,0.100358024,0.41399637,0.0004840744,0.014579892,0.005094247,0.2165479,0.0053284043
ZJ018520,0.48586768,0.014197996,0.11053126,0.00065249344,0.0049578627,0.012330951,0.36476308,0.006698591
ZJ018521,0.2636376,0.2128559,0.09418841,0.04430427,0.027995247,0.057176195,0.17922382,0.12061853
ZJ018522,0.06379657,0.04559629,0.4928549,0.00078936084,0.038426384,0.31584364,0.03882048,0.0038724288
ZJ018523,0.15254396,0.059808195,0.59805596,0.0007213726,0.0027710903,0.021080434,0.14799944,0.01701955
ZJ018524,0.20232694,0.0566709,0.28377265,0.0013376338,0.08032728,0.022571355,0.28387442,0.0691188
ZJ018525,0.19706447,0.11817548,0.2964634,0.0019695738,0.0029520208,0.0042405776,0.3413387,0.037795767
ZJ018526,0.2066548,0.49082795,0.12812282,0.02363824,0.004361016,0.003056934,0.021529092,0.12180912
ZJ018527,5.0251518e-05,2.9256948e-06,0.000358464,3.497597e-07,1.8964215e-06,0.99956506,8.679892e-06,1.2422496e-05
ZJ018528,0.2905872,0.0066205887,0.5216847,0.023305267,0.0013520744,0.010415007,0.0072884997,0.1387466
ZJ018529,0.0529612,0.7492144,0.10332256,0.00016051231,0.00128782,0.0026549178,0.08753612,0.0028624714
ZJ018530,0.10065938,0.022690928,0.3129827,0.00469953,0.0023642096,0.027884992,0.50298667,0.025731567
ZJ018531,0.13706282,0.010502262,0.2943562,0.16527367,0.022531051,0.014836213,0.002635537,0.3528022
ZJ018532,0.14115857,0.20917521,0.18282056,0.0011160431,0.011254289,0.009372107,0.42035273,0.0247505
ZJ018533,0.07475943,0.11459072,0.12262794,0.0032455819,0.0064860974,0.457878,0.18763088,0.032781385
ZJ018534,0.1188713,0.0029040538,0.11175828,0.3091067,0.023392286,0.011100781,0.0013684017,0.42149827
ZJ018535,0.08706253,0.003419465,0.540525,0.049487017,0.014015312,0.051646378,0.0031235167,0.2507207
ZJ018536,0.42112577,0.11156408,0.22723363,0.0009852975,0.010705707,0.015853142,0.16695903,0.045573313
ZJ018537,0.19092318,0.016166927,0.27486822,0.0016491477,0.0118765775,0.12032725,0.35461488,0.029573776
ZJ018538,0.7271523,0.0009107752,0.14220132,0.082485676,0.00028397076,0.015686175,0.0028350747,0.028444787
ZJ018539,0.22031716,0.13904683,0.1844107,0.0017625474,0.012198193,0.025667097,0.2396233,0.17697407
ZJ018540,0.12972994,0.07085738,0.36700162,0.0036856008,0.0021235396,0.0050666686,0.40010315,0.02143202
ZJ018541,0.13616234,0.15253659,0.093444005,0.0005941163,0.12346057,0.18894064,0.2975867,0.007275015
ZJ018542,0.23603271,0.02756944,0.55739367,0.013408747,0.0041291616,0.023890479,0.028957035,0.10861876
ZJ018543,0.026661146,0.044093624,0.030301865,0.00072788587,0.0022026638,0.84272045,0.02050905,0.03278337
ZJ018544,0.40919837,0.056716178,0.18953593,0.0020627177,0.008038605,0.0241526,0.27920845,0.031087093
ZJ018545,0.12958127,0.019210571,0.31027392,0.001359807,0.0009532318,0.013300009,0.49893206,0.026389174
ZJ018546,0.64903885,0.014149429,0.062343743,0.0009691312,0.014343594,0.007296279,0.24816902,0.0036899978
ZJ018547,0.30710682,0.0010441081,0.19498977,0.35811517,0.018930653,0.021017116,0.0020836792,0.09671269
ZJ018548,0.0437131,0.0023636965,0.256784,0.2767992,0.0005916426,0.030692076,0.0016945888,0.38736174
ZJ018549,0.13488369,0.14875194,0.08634714,0.49958572,0.013953825,0.07412212,0.020800963,0.02155456
ZJ018550,0.4695193,0.040790267,0.18779232,0.0037479303,0.07927919,0.016397089,0.17782693,0.024647003
ZJ018551,0.4205427,0.08040539,0.06874448,0.032438397,0.041759823,0.005378941,0.23087041,0.11985989
ZJ018552,0.42897624,0.052879445,0.2184111,0.013711202,0.026200393,0.023851044,0.14715461,0.088815905
ZJ018553,0.35907257,0.04612928,0.18381147,0.003529762,0.013986226,0.005478553,0.37240097,0.015591143
ZJ018554,0.099200785,0.06220267,0.07497823,0.006266133,0.0029092769,0.010736849,0.7147521,0.028953994
ZJ018555,0.07549428,0.830555,0.021972198,0.00052612094,0.0080604525,0.001344533,0.05426174,0.0077856225
ZJ018556,0.56820047,0.113900736,0.1408165,0.00061995216,0.039709143,0.036128677,0.06939479,0.031229705
ZJ018557,0.03532318,0.04500696,0.057130776,0.0024663194,0.03858271,0.7690959,0.037916616,0.014477549
ZJ018558,0.084372476,0.009677016,0.10424026,0.079815984,0.63120145,0.030887935,0.019415969,0.040388934
ZJ018559,0.105817154,0.099821925,0.09396925,0.0063973153,0.010209553,0.52608776,0.14490405,0.012793025
ZJ018560,0.15373355,0.3185254,0.16440754,0.0024645198,0.0010420382,0.06942742,0.16596784,0.12443171
ZJ018561,0.2629046,0.032092538,0.033691157,0.6024267,0.016332906,0.020195145,0.02289801,0.009458942
ZJ018562,0.02727555,0.34814924,0.20896234,0.0005973633,0.14659451,0.14683424,0.088577956,0.033008803
ZJ018563,0.10471023,0.6076051,0.08209685,0.0008307874,0.002619054,0.010652682,0.12540495,0.0660803
ZJ018564,0.1448994,0.080009006,0.039134964,0.000103840495,0.11889342,0.5939094,0.020746984,0.0023029936
ZJ018565,0.18742743,0.14901963,0.19000186,0.033319153,0.0046231714,0.012969998,0.28100938,0.14162931
ZJ018566,0.47315335,0.026999013,0.110965215,0.0011838649,0.071986236,0.011920411,0.28476447,0.019027453
ZJ018567,0.05735477,0.023981865,0.061044075,0.0015947366,0.008223574,0.00092232646,0.83002084,0.016857818
ZJ018568,0.2190649,0.2061639,0.11199698,0.03973436,0.013072413,0.023678083,0.21967399,0.1666154
ZJ018569,0.1964439,0.016200162,0.0334662,0.6108297,0.10393623,0.016157705,0.017842636,0.005123473
ZJ018570,0.24767795,0.06965267,0.15822722,0.014519443,0.14518245,0.048172817,0.23869751,0.07787
ZJ018571,0.19994241,0.0132951485,0.5827395,0.00039765015,0.0016847707,0.00067426194,0.1026569,0.09860938
ZJ018572,0.2253988,0.014016287,0.3945554,0.003052128,0.0033603737,0.061358612,0.26442206,0.033836417
ZJ018573,0.01076934,0.0023710204,0.06801662,8.492352e-05,0.0007427098,0.9122593,0.0055602826,0.00019576684
ZJ018574,0.13120188,0.005132991,0.5565546,0.054509077,0.00773823,0.018711383,0.0021278292,0.224024
ZJ018575,0.13410638,0.020264287,0.2558728,0.0013537763,0.0013971439,0.013692718,0.52142966,0.051883217
ZJ018576,0.26633176,0.089348845,0.15985702,0.0028513954,0.0031485588,0.009656619,0.38287008,0.085935734
ZJ018577,0.41630414,0.09864219,0.17718108,0.0018797246,0.010253205,0.03906999,0.22907284,0.027596807
ZJ018578,0.13374843,0.0019537602,0.23555222,0.3701104,0.0027536927,0.011335641,0.0033478574,0.24119803
ZJ018579,0.2773296,0.01040432,0.3997312,0.027016783,0.05445906,0.010792332,0.0095245605,0.21074216
ZJ018580,0.053202543,0.011164361,0.09399183,0.25420415,0.005165478,0.49231732,0.010652603,0.0793017
ZJ018581,0.19209401,0.09763188,0.2558777,0.000622299,0.015179042,0.0039632865,0.4284498,0.0061820038
ZJ018582,0.10680338,0.000591727,0.2554001,0.29726788,0.007842753,0.048695996,0.0011034033,0.28229478
ZJ018583,0.055859175,0.013843363,0.3768365,0.0034214603,0.00128247,0.011991883,0.47824767,0.058517408
ZJ018584,0.06460289,0.003110464,0.20177494,0.19926737,0.00052615325,0.0011125866,0.00096214016,0.5286435
ZJ018585,0.26333228,0.11928414,0.22957286,0.00036250762,0.03179959,0.012253517,0.33873257,0.004662507
ZJ018586,0.09582444,0.03739516,0.38927737,0.0028495728,0.002577559,0.03309939,0.42184305,0.017133413
ZJ018587,0.013754033,0.17523505,0.0062858104,6.590721e-05,0.000984163,0.028469488,0.756471,0.018734582
ZJ018588,0.25570384,0.16734776,0.18293783,0.0012847576,0.0017590149,0.0050585014,0.36546868,0.02043963
ZJ018589,0.06821974,0.0014151412,0.048361845,0.63877916,0.024191832,0.0103080515,0.0020794875,0.20664468
ZJ018590,0.14592922,0.12614085,0.26205269,0.0005475393,0.0045965766,0.10700536,0.33994806,0.013779746
ZJ018591,0.0035793264,0.001873608,0.012517749,0.0024081124,0.00032155105,0.9767778,0.0018905589,0.0006312915
ZJ018592,0.11383615,0.014093084,0.428711,0.06334749,0.07021839,0.015116248,0.007425868,0.28725174
ZJ018593,0.0024169397,0.0003868653,0.004815291,0.0005411403,4.520103e-05,0.9913236,0.00021787996,0.00025306325
ZJ018594,0.54120916,0.05133348,0.082218386,0.0003725619,0.0047618747,0.015023959,0.2719829,0.033097684
ZJ018595,0.1547213,0.5948077,0.14824802,0.0010524499,0.006545222,0.012144587,0.06074287,0.021737875
ZJ018596,0.67439514,0.046558946,0.0785276,0.0017495129,0.0039588576,0.008290797,0.090619974,0.09589919
ZJ018597,0.2188005,0.05857605,0.36168724,0.001021175,0.05478516,0.038930915,0.24904837,0.017150588
ZJ018598,0.26494724,0.15773176,0.17054982,0.0029340563,0.049240857,0.012639185,0.31578594,0.026171075
ZJ018599,0.20583192,0.03811035,0.5257049,0.0003333489,0.0031349917,0.005113107,0.16179365,0.059977744
ZJ018600,0.27247444,0.16003664,0.09318355,0.030700924,0.008757468,0.010027453,0.18580323,0.23901631
ZJ018601,0.31344217,0.007852723,0.358256,0.23266564,0.0057571246,0.025945438,0.018129272,0.03795163
ZJ018602,0.40557992,0.2739056,0.048516337,0.027336454,0.013319824,0.010571841,0.16152915,0.059240945
ZJ018603,0.1991765,0.0066143656,0.18708064,0.16806547,0.0083961,0.012471238,0.009722958,0.4084727
ZJ018604,0.5805043,0.047590606,0.08976003,0.0022815387,0.015180195,0.0017531931,0.24903263,0.013897478
ZJ018605,0.35102654,0.22428419,0.101554655,0.011796118,0.011078764,0.022972723,0.19392721,0.083359845
ZJ018606,0.45138127,0.029782848,0.029741263,0.35368732,0.09360607,0.016031181,0.019542277,0.0062277736
ZJ018607,0.0072313906,0.0032015587,0.021285918,0.0005043072,0.00069413835,0.9640579,0.0011233892,0.0019014399
ZJ018608,0.06009909,0.0037745885,0.43401086,0.12071992,0.051218826,0.0811769,0.0042315973,0.24476816
ZJ018609,0.4849713,0.03173796,0.12578529,0.002765212,0.0054157726,0.13304137,0.17243668,0.043846425
ZJ018610,0.07095644,0.0009896988,0.1548772,0.1727026,0.005305739,0.022269214,0.00082299724,0.5720761
ZJ018611,0.26007754,0.12269262,0.25467882,0.020688515,0.017635716,0.021991542,0.23424946,0.0679858
ZJ018612,0.01870491,0.026558185,0.024412265,0.00040847546,0.12134242,0.80212355,0.0037466025,0.0027035475
ZJ018613,0.22492482,0.023699267,0.29649746,0.0027540918,0.0023931323,0.073530026,0.3526306,0.02357063
ZJ018614,0.13481836,0.5822542,0.07160259,0.000645423,0.0023496493,0.01113129,0.13543148,0.061767016
ZJ018615,0.30017096,0.25170237,0.117679104,0.0013480072,0.01901229,0.08902968,0.1905638,0.030493764
ZJ018616,0.32685354,0.1144514,0.074903525,0.003473954,0.08112581,0.00081628904,0.38872063,0.0096548535
ZJ018617,0.5656115,0.07454673,0.11584506,0.0007303081,0.03905511,0.0008060502,0.18296218,0.020442987
ZJ018618,0.29245564,0.096914425,0.3324405,0.05604185,0.0048918463,0.031622373,0.0837027,0.10193064
ZJ018619,0.06977202,0.08651019,0.30281684,0.0010040787,0.008950684,0.37600628,0.08576825,0.06917165
ZJ018620,0.24044049,0.0026714373,0.09258198,0.12663619,0.0024717392,0.005005438,0.0017394706,0.5284533
ZJ018621,0.3893289,0.32429424,0.13743268,0.0066712215,0.015451712,0.0052922685,0.08565202,0.03587701
ZJ018622,0.26881242,0.06482463,0.128364,0.0011597328,0.01246945,0.00681326,0.5038434,0.01371305
ZJ018623,0.2106608,0.16410007,0.28125513,0.0011590581,0.051640358,0.0057926043,0.27719912,0.0081929155
ZJ018624,0.37986815,0.13916901,0.32416674,0.0013892151,0.013984884,0.005423225,0.0952734,0.040725395
ZJ018625,0.049625657,0.038818285,0.038280487,0.0073033106,0.004708813,0.8331503,0.015640518,0.012472643
ZJ018626,0.42311496,0.063831195,0.16829343,0.008766923,0.05380691,0.010694872,0.24244943,0.029042318
ZJ018627,0.16017279,0.050255787,0.17617482,0.0005891173,0.0053256163,0.012033782,0.5762135,0.019234622
ZJ018628,0.7653112,0.017041938,0.03047351,0.0005930965,0.016435688,0.012667854,0.14747198,0.010004706
ZJ018629,0.30780956,0.1486366,0.21365242,0.0018110551,0.0044527235,0.009640906,0.29731214,0.0166845
ZJ018630,0.050306186,0.020518877,0.05738457,0.0014747445,0.0021619801,0.804041,0.009948482,0.054164138
ZJ018631,0.3218756,0.1053144,0.20834173,0.01466113,0.20672458,0.014413301,0.074294806,0.05437448
ZJ018632,0.28435883,0.10666796,0.12819,0.0024292038,0.0047023804,0.14235897,0.31344104,0.017851586
ZJ018633,0.6512595,0.01361385,0.10682866,0.0010100981,0.009313076,0.07088271,0.1385532,0.008538966
ZJ018634,0.028048994,0.016620452,0.02105379,0.0016159737,0.0038916478,0.03806591,0.8830351,0.0076680914
ZJ018635,0.043510642,0.030211227,0.032090057,0.00026815524,0.008457012,0.0044812444,0.8756991,0.0052825375
ZJ018636,0.067357995,0.67360944,0.017141553,0.01097015,0.015207586,0.04364684,0.17099872,0.0010677491
ZJ018637,0.28635615,0.17913486,0.10729178,0.018716013,0.09095706,0.025147106,0.15466106,0.13773598
ZJ018638,0.094395615,0.026555236,0.26245868,0.0020809157,0.0018738986,0.04680455,0.5348959,0.030935198
ZJ018639,0.16068822,0.33876875,0.22210222,0.0005275958,0.0039469376,0.019674785,0.20340462,0.050886884
ZJ018640,0.24067825,0.07415915,0.2716968,0.17612046,0.0035821644,0.009169551,0.03435857,0.19023506
ZJ018641,0.33640587,0.07422684,0.37422115,0.021135695,0.016355297,0.012480193,0.018006524,0.14716844
ZJ018642,0.40682128,0.16259779,0.08056991,0.008236473,0.017939048,0.04052955,0.15956555,0.12374038
ZJ018643,0.13631131,0.005422183,0.16603917,0.14407264,0.0073628216,0.49487194,0.0076990062,0.038220946
ZJ018644,0.1626498,0.111614265,0.11391908,0.014472402,0.0061507686,0.037087105,0.51014787,0.043958705
ZJ018645,0.15424354,0.06698508,0.124119624,0.00045131473,0.014332916,0.00762353,0.62300587,0.009238097
ZJ018646,0.31223413,0.08421241,0.12448296,0.0033646598,0.017155753,0.0052594435,0.4115696,0.041721016
ZJ018647,0.079591334,0.007983377,0.17319177,0.00047729517,0.0032956237,0.5902096,0.1299895,0.015261521
ZJ018648,0.39448985,0.13546838,0.23209198,0.002813795,0.008305277,0.0686426,0.14912699,0.009061135
ZJ018649,0.16328864,0.026518393,0.1907528,0.3501991,0.007823186,0.008913678,0.005555998,0.24694815
ZJ018650,0.3527131,0.14174345,0.22930929,0.010156046,0.046643704,0.011406553,0.15018207,0.057845745
ZJ018651,0.04974374,0.0016379826,0.17333677,0.28581023,0.0010339189,0.002555707,0.004438312,0.48144332
ZJ018652,0.09102748,0.0059125717,0.13733162,0.21513808,0.0033999437,0.51401854,0.007121361,0.026050422
ZJ018653,0.09872064,0.0035440936,0.14940621,0.04806646,0.5083922,0.06551315,0.012986418,0.11337081
ZJ018654,0.06294657,0.015627943,0.25750586,0.2118992,0.015554582,0.0072329673,0.0068067233,0.42242613
ZJ018655,0.1282613,0.045309875,0.09208129,0.040689584,0.009842276,0.6157349,0.04585851,0.022222327
ZJ018656,0.06038294,0.7836231,0.027130252,0.021105552,0.0007345082,0.0003490757,0.0034268475,0.1032478
ZJ018657,0.3723268,0.11454996,0.08554047,0.0035444344,0.07300957,0.014618896,0.31002071,0.026389198
ZJ018658,0.2376547,0.3817853,0.10760049,0.011990297,0.07315829,0.014719303,0.07905528,0.09403636
ZJ018659,0.06063468,0.010717382,0.036196027,0.00023139462,0.00440566,0.011932703,0.86153775,0.014344359
ZJ018660,0.36332566,0.12505509,0.252091,0.0076932027,0.014031249,0.035013333,0.13007262,0.072717816
ZJ018661,0.36282042,0.08872014,0.04352862,0.123565346,0.016360134,0.004386733,0.20592402,0.15469459
ZJ018662,0.14033233,0.038451366,0.30672905,0.031340506,0.018596785,0.13628773,0.08093236,0.24732979
ZJ018663,0.33235624,0.031678796,0.01843928,0.4931207,0.09144701,0.012388143,0.013884858,0.006684905
ZJ018664,0.41875565,0.09239703,0.082359895,0.0029480648,0.008119489,0.015013492,0.2731896,0.1072168
ZJ018665,0.67773753,0.019871008,0.14305268,0.00051065406,0.013088272,0.019669635,0.12100837,0.0050618984
ZJ018666,0.5391069,0.11456051,0.10675751,0.008230377,0.027064001,0.011036039,0.07345152,0.11979316
ZJ018667,0.2997391,0.12369374,0.3386615,0.0020572299,0.0024314416,0.051861454,0.16349937,0.018056137
ZJ018668,0.44910383,0.022560364,0.10382121,0.00066093367,0.15153722,0.00995577,0.24835481,0.014005832
ZJ018669,0.124906376,0.5173657,0.098918684,0.001402109,0.023856757,0.009319663,0.21716398,0.0070667705
ZJ018670,0.058570765,0.017906569,0.16287266,0.65338254,0.02804909,0.012817698,0.0036500278,0.06275066
ZJ018671,0.15983447,0.02840087,0.047526494,0.63782716,0.024177566,0.042547725,0.03208254,0.027603177
ZJ018672,0.051069897,0.17224953,0.1835956,0.0011218197,0.4419117,0.0016983068,0.091195896,0.057157278
ZJ018673,0.5494801,0.16178791,0.07450796,0.0008338699,0.009439414,0.0064208237,0.18586133,0.01166862
ZJ018674,0.017204234,0.044389073,0.11798948,0.00027317443,0.019316077,0.7807778,0.01301177,0.0070383074
ZJ018675,0.042637143,0.89995265,0.034887683,0.00075031986,0.0070143486,0.00069553184,0.00799077,0.0060715387
ZJ018676,0.137734,0.0004241557,0.14678611,0.46436745,0.0013718181,0.004391552,0.0018979234,0.24302696
ZJ018677,0.36196026,0.064720705,0.1119363,0.025298128,0.05582193,0.0312935,0.2302467,0.118722394
ZJ018678,0.3268943,0.11003531,0.20319669,0.0007904894,0.014978674,0.0058786944,0.33290458,0.0053211986
ZJ018679,0.20734952,0.18324141,0.18505451,0.000517836,0.004251223,0.03910233,0.297154,0.08332918
ZJ018680,0.18347622,0.06420826,0.20644577,0.07498395,0.008548924,0.008504596,0.017250527,0.43658173
ZJ018681,0.15577365,0.2562056,0.1166944,0.0014077863,0.0022180902,0.16735621,0.2676921,0.03265223
ZJ018682,0.083374284,0.758612,0.0585166,0.00022608906,0.0025527186,0.0062326267,0.071954355,0.018531324
ZJ018683,0.28350225,0.055148266,0.33955833,0.00037794333,0.012502009,0.01112227,0.2897038,0.008085086
ZJ018684,0.073492736,0.16703025,0.03432742,0.0010827513,0.0018258065,0.0038516028,0.69991964,0.018469747
ZJ018685,0.58226347,0.14807211,0.11303994,0.0061167195,0.011767504,0.00459791,0.07523649,0.058905832
ZJ018686,0.122742586,0.025030876,0.21878262,0.00078126194,0.0034015002,0.09951761,0.5194256,0.010317939
ZJ018687,0.6670257,0.0017320185,0.12290931,0.13891643,0.0040402077,0.008360404,0.012538456,0.044477437
ZJ018688,0.35024437,0.07899164,0.20753919,0.02486402,0.025977636,0.0067468644,0.17791314,0.12772311
ZJ018689,0.543817,0.057130236,0.028991291,0.16542967,0.14067017,0.027315084,0.024722,0.011924534
ZJ018690,0.33125558,0.24503088,0.17670071,0.0038740584,0.02188376,0.06473791,0.15120138,0.0053157383
ZJ018691,0.15867963,0.023774367,0.23294821,0.0019490444,0.0065184375,0.049137227,0.5077563,0.019236851
ZJ018692,0.23529828,0.006882109,0.19986589,0.39807215,0.0071549285,0.024055203,0.0042595393,0.12441189
ZJ018693,0.64508975,0.0070475866,0.1404745,0.08633802,0.014268416,0.021802617,0.01859395,0.06638513
ZJ018694,0.41563094,0.042943217,0.19751097,0.018295,0.021703547,0.008644212,0.20007098,0.09520108
ZJ018695,0.11140101,0.01296966,0.032921977,0.0008015547,0.0030020245,0.010772509,0.8116706,0.016460618
ZJ018696,0.08872,0.023032343,0.032183602,0.81619656,0.0124487905,0.015109079,0.007139326,0.005170287
ZJ018697,0.16128209,0.0093770465,0.12221541,0.18004102,0.013214089,0.0038910063,0.021183547,0.48879576
ZJ018698,0.0817972,0.020421145,0.06486098,0.0030259343,0.008141585,0.75363076,0.041056525,0.027065897
ZJ018699,0.29042578,0.0033771228,0.3499597,0.16417724,0.013360061,0.12438742,0.008262435,0.046050224
ZJ018700,0.054435894,0.022303483,0.12026079,0.00021638519,0.0017950034,0.73604184,0.048129566,0.016816983
ZJ018701,0.17998876,0.033743136,0.44514412,0.0009610636,0.045619056,0.005418425,0.25908858,0.030036867
ZJ018702,0.28271377,0.014191574,0.21952844,0.0021648004,0.0023874352,0.053173564,0.41817105,0.0076693445
ZJ018703,0.10819803,0.026970647,0.09134564,0.0008290045,0.004238614,0.005914632,0.7470788,0.015424651
ZJ018704,0.2593765,0.31897777,0.06965222,0.009807013,0.004972254,0.0071896934,0.16735652,0.16266802
ZJ018705,0.18211213,0.0010977087,0.24288213,0.39197382,0.011101985,0.016704649,0.0014764064,0.1526511
ZJ018706,0.07733792,0.0015541199,0.18134004,0.37967363,0.0018275704,0.016391337,0.0021748845,0.3397005
ZJ018707,0.19116597,0.22718808,0.061894517,0.014996385,0.005012878,0.00654963,0.3010093,0.19218318
ZJ018708,0.27779868,0.023865188,0.3728841,0.0005864811,0.0035791828,0.029434115,0.27511448,0.016737748
ZJ018709,0.2828234,0.06688735,0.27803,0.009773342,0.045660537,0.09348568,0.19026236,0.033077326
ZJ018710,0.22340064,0.023502233,0.057135094,0.5647706,0.009856852,0.04113181,0.028309152,0.05189365
ZJ018711,0.14036573,0.55727035,0.093383946,0.0006032618,0.012596204,0.0047295326,0.18403015,0.007020827
ZJ018712,0.092919126,0.04035786,0.16744016,0.0007678552,0.0028448019,0.24394888,0.24062194,0.21109933
ZJ018713,0.073822536,0.010144762,0.11746623,0.63429123,0.015779303,0.0009538982,0.0061760964,0.14136598
ZJ018714,0.11989673,0.5466626,0.08551002,0.0016680493,0.0066110827,0.01880087,0.12177223,0.099078394
ZJ018715,0.11212344,0.0026680925,0.229565,0.52774096,0.016107203,0.03400128,0.002981208,0.07481276
ZJ018716,0.2868572,0.22804138,0.10665586,0.026488896,0.01942074,0.006959178,0.20746449,0.11811224
ZJ018717,0.0529685,0.053053558,0.29948172,0.0015656424,0.012496031,0.06554635,0.5006025,0.01428568
ZJ018718,0.23101808,0.012466214,0.14197011,0.15345187,0.006044754,0.003397749,0.018279057,0.43337217
ZJ018719,0.13638261,0.60998756,0.09338236,0.006985966,0.010781044,0.00485484,0.09774753,0.039878048
ZJ018720,0.14500046,0.062251005,0.19050637,0.035690464,0.026253307,0.038600586,0.021065421,0.48063242
ZJ018721,0.5100592,0.015511912,0.08253132,0.00039077073,0.21858536,0.0035009289,0.14260912,0.02681148
ZJ018722,0.16858149,0.03654903,0.01996352,0.4707356,0.25492802,0.017443461,0.019396124,0.012402747
ZJ018723,0.14521028,0.14855589,0.24502254,0.0015451945,0.024344858,0.005205366,0.3795801,0.05053578
ZJ018724,0.09805395,0.03518686,0.35828277,0.06699936,0.0037136576,0.0044453903,0.07089578,0.36242214
ZJ018725,0.57630676,0.091267884,0.11858689,0.0009474596,0.028774662,0.06294282,0.08400204,0.037171524
ZJ018726,0.15492924,0.01756933,0.31746635,0.24441366,0.0087265605,0.0048732907,0.003798974,0.24822262
ZJ018727,0.08212024,0.0048153433,0.14883015,0.18108265,0.0044017555,0.54115623,0.008181688,0.029411957
ZJ018728,0.122181706,0.0021684791,0.26565367,0.19614094,0.033341642,0.010291161,0.0032836832,0.36693874
ZJ018729,0.39312628,0.039810155,0.03257394,0.24288367,0.22180209,0.034580935,0.026125407,0.009097552
ZJ018730,0.0659292,0.01766273,0.5542466,0.0003456005,0.0010911849,0.013071508,0.3318385,0.01581473
ZJ018731,0.55646855,0.0037035018,0.06198819,0.0056067463,0.07987958,0.2722361,0.00084578595,0.019271579
ZJ018732,0.61512965,0.014294732,0.07838424,0.0014223641,0.019684792,0.020011224,0.23976703,0.011306026
ZJ018733,0.12621838,0.5817142,0.06605621,0.0076497598,0.019984975,0.006248588,0.16872258,0.023405232
ZJ018734,0.47377735,0.15918604,0.065100685,0.016314253,0.03287789,0.006835949,0.13711782,0.108790025
ZJ018735,0.40640798,0.16747259,0.045752686,0.025740491,0.013821689,0.022227002,0.08537272,0.2332049
ZJ018736,0.09268082,0.7458598,0.03170104,0.0066868914,0.0029797538,0.0015669189,0.05998066,0.05854404
ZJ018737,0.0732973,0.06580043,0.38368022,0.00074591883,0.021448845,0.38170567,0.069811024,0.003510583
ZJ018738,0.251849,0.045234736,0.25635326,0.00032039374,0.008025038,0.012448667,0.40564695,0.02012197
ZJ018739,0.33942917,0.052467335,0.11571822,0.017415084,0.04365527,0.07360865,0.28434098,0.073365286
ZJ018740,0.21481287,0.16124146,0.28860974,0.0009088525,0.015136559,0.13057527,0.17777343,0.010941827
ZJ018741,0.2168894,0.1850567,0.19709936,0.009979149,0.26438034,0.00871701,0.09548964,0.022388352
ZJ018742,0.051161673,0.0046421606,0.12415021,0.0068671335,0.49313056,0.29218802,0.0050118966,0.02284836
ZJ018743,0.7102489,0.01560892,0.029570604,0.0008505407,0.016992563,0.0028272243,0.21978799,0.004113302
ZJ018744,0.21426982,0.004776754,0.3510995,0.1957881,0.015366823,0.14379042,0.008398931,0.06650965
ZJ018745,0.3018789,0.112216555,0.17969589,0.081535265,0.04440102,0.0022682394,0.020413749,0.25759035
ZJ018746,0.04425867,0.41556177,0.057905458,7.9727215e-05,0.0007699307,0.030086638,0.430159,0.02117883
ZJ018747,0.51453125,0.0035197625,0.23932692,0.028332217,0.056970973,0.02943891,0.017454077,0.11042592
ZJ018748,0.10037602,0.0023337123,0.27586627,0.2912818,0.005887042,0.026731893,0.0027598662,0.29476342
ZJ018749,0.28780493,0.007830978,0.56390023,0.013857547,0.0023407438,0.017311132,0.011000487,0.09595396
ZJ018750,0.3340174,0.39255747,0.05257738,0.04946229,0.027407952,0.005902175,0.08978632,0.048289053
ZJ018751,0.18904597,0.015976517,0.08636401,0.0014112751,0.4670432,0.006797264,0.21662128,0.01674053
ZJ018752,0.03156524,0.48474625,0.039266016,0.00018466255,0.0012522107,0.006664589,0.39478627,0.041534826
ZJ018753,0.18725212,0.0089842975,0.24105975,0.091761686,0.11465265,0.16795431,0.00844977,0.17988546
ZJ018754,0.19891328,0.24177271,0.22802898,0.012534112,0.0031447022,0.0119375335,0.12129869,0.18237
ZJ018755,0.123892404,0.6051743,0.052718256,0.01102998,0.015864097,0.0060446,0.15289381,0.03238248
ZJ018756,0.28842667,0.008741229,0.44958046,0.034607377,0.0020105336,0.013084709,0.007749418,0.1957996
ZJ018757,0.1561626,0.30838627,0.1850747,0.0050268034,0.006217754,0.026003579,0.2815999,0.03152838
ZJ018758,0.07450648,0.008044667,0.16838159,0.56900424,0.0133889,0.012567066,0.0044179326,0.14968917
ZJ018759,0.15092734,0.31936958,0.038121674,0.00013027001,0.24605194,0.22810866,0.014320752,0.0029697767
ZJ018760,0.5683958,0.006498335,0.17890099,0.027113628,0.024521682,0.08360432,0.011430442,0.099534884
ZJ018761,0.44473043,0.09716494,0.2120885,0.0058234655,0.02898845,0.016071236,0.16733783,0.027795168
ZJ018762,0.19605514,0.079687715,0.149405,0.019178798,0.003693374,0.011732266,0.44256622,0.09768148
ZJ018763,0.103465155,0.043036126,0.2787857,0.44186857,0.061316088,0.03158546,0.007570621,0.032372326
ZJ018764,0.3792823,0.1012544,0.22886293,0.017204134,0.06816332,0.028863734,0.12726764,0.0491016
ZJ018765,0.07363146,0.0062249806,0.18929276,0.00021457416,0.003055126,0.6306426,0.083352834,0.013585634
ZJ018766,0.20455118,0.025505425,0.19429655,0.0029882747,0.013569951,0.009072382,0.52612364,0.02389262
ZJ018767,0.40676576,0.014939495,0.060298543,0.07961722,0.0042748875,0.0018111012,0.0034351686,0.42885783
ZJ018768,0.2562237,0.26098603,0.13685395,0.0015444036,0.0051167677,0.004002703,0.31302986,0.02224256
ZJ018769,0.45961118,0.034781985,0.18550436,0.0012302247,0.007033384,0.06299671,0.23907006,0.009772101
ZJ018770,3.9917064e-05,2.4453158e-05,0.00076988724,1.7576922e-06,1.8970502e-05,0.9991427,1.7616762e-06,5.3161193e-07
ZJ018771,0.0030782,0.008402041,0.00701733,0.00032531444,0.022896048,0.95699793,0.00054662937,0.0007364724
ZJ018772,0.29197016,0.12549016,0.06735472,0.06280606,0.0032822592,0.0027567078,0.013412575,0.43292734
ZJ018773,0.29612672,0.03283973,0.27410185,0.0028264117,0.0065265833,0.12543067,0.25527182,0.0068762447
ZJ018774,0.11073823,0.6628594,0.030112257,0.00055404165,0.005956645,0.020889064,0.16438627,0.0045041456
ZJ018775,0.05553302,0.04717096,0.011491941,8.1982645e-05,0.46479505,0.41452223,0.0050476124,0.0013571704
ZJ018776,0.19582574,0.10439756,0.31561127,0.0023468696,0.045031194,0.020312522,0.18601911,0.13045575
ZJ018777,0.4831173,0.015934879,0.065754354,0.0014572593,0.0073540825,0.0018818567,0.40493435,0.019565893
ZJ018778,0.22386372,0.023749124,0.17047359,0.0006960867,0.0026492379,0.07845765,0.48616225,0.013948349
ZJ018779,0.10710312,0.08710163,0.0964784,0.039806426,0.028661538,0.5922636,0.025983393,0.022601875
ZJ018780,0.8736046,0.008394847,0.028214166,0.00010149004,0.0023468959,0.0012805421,0.085210636,0.00084684783
ZJ018781,0.24782662,0.039999984,0.39806747,0.00048211656,0.008904662,0.009748722,0.27274132,0.022229046
ZJ018782,0.34078005,0.064627424,0.024050837,0.3511557,0.1483624,0.029808233,0.03383578,0.0073795975
ZJ018783,0.38334784,0.11598996,0.15549703,0.0032245803,0.0771868,0.07170071,0.1567629,0.036290254
ZJ018784,0.031803764,0.041262347,0.42330503,0.0003987252,0.06022486,0.39355978,0.023350993,0.026094548
ZJ018785,0.07039564,0.0069933143,0.10781141,0.0007405028,0.0015607085,0.02645853,0.7295607,0.05647923
ZJ018786,0.025283147,0.23187266,0.00930088,0.00015909989,0.0012581866,0.003469603,0.69545496,0.03320143
ZJ018787,0.12775357,0.09136699,0.42767993,0.0028419502,0.0058108885,0.07927574,0.25222293,0.013048034
ZJ018788,0.13361049,0.0039660926,0.23075901,0.4172343,0.029128926,0.019976603,0.002675849,0.1626488
ZJ018789,0.45337135,0.022296082,0.041799843,0.0022258167,0.013262355,0.003988339,0.4417413,0.021314947
ZJ018790,0.2122244,0.055699624,0.45255712,0.00094127766,0.0030581392,0.022339,0.22715934,0.026021156
ZJ018791,0.42309138,0.04964506,0.052755535,0.28264567,0.11852753,0.022695443,0.03454289,0.016096551
ZJ018792,0.25181472,0.2784053,0.11186542,0.06548483,0.0155175775,0.019198105,0.16190624,0.095807776
ZJ018793,0.21739846,0.003991499,0.34823784,0.33424908,0.007996678,0.036458798,0.0033940922,0.048273575
ZJ018794,0.12971024,0.005958237,0.64753324,0.040012028,0.06853947,0.03614164,0.0013961565,0.07070899
ZJ018795,0.31481296,0.057668075,0.1379933,0.13331364,0.02937527,0.00575885,0.036507357,0.28457057
ZJ018796,0.3767485,0.011835501,0.18265906,0.15063886,0.095060416,0.05614893,0.029029278,0.09787949
ZJ018797,0.27547586,0.0768875,0.28421062,0.0010239562,0.039912578,0.007690688,0.30164203,0.013156733
ZJ018798,0.0033995742,0.001777771,0.0149990115,0.00053194264,0.0002837842,0.97628623,0.00034306178,0.0023786519
ZJ018799,0.2513338,0.02654421,0.04760145,0.5558478,0.029603131,0.049276643,0.02799972,0.011793286
ZJ018800,0.032992076,0.0011156391,0.18489954,0.12847991,0.0058711534,0.009331955,0.0016114248,0.6356983
ZJ018801,0.0019633416,0.0009560037,0.011899468,0.00041010848,0.00036096273,0.98165506,0.0004662429,0.0022888843
ZJ018802,0.07699029,0.09377038,0.17500567,0.14621663,0.004261738,0.45112127,0.037490707,0.015143242
ZJ018803,0.4673783,0.08321516,0.07690645,0.009563434,0.024541639,0.02774154,0.23514467,0.075508796
ZJ018804,0.032682087,0.0024665843,0.10105799,4.2367043e-05,0.00086234964,0.7951501,0.059699986,0.008038584
ZJ018805,0.12080221,0.0019310132,0.30769145,0.20534928,0.004322025,0.04547068,0.0017870319,0.31264636
ZJ018806,0.1437614,0.20062913,0.42608204,0.0002904225,0.0054163057,0.035823982,0.18297955,0.005017203
ZJ018807,0.13387772,0.08158084,0.6102223,0.000106388725,0.0024699538,0.0061123883,0.15803272,0.0075976425
ZJ018808,0.1989786,0.0029740462,0.37955028,0.030061135,0.20292684,0.030608235,0.0058698524,0.149031
ZJ018809,0.3924468,0.0036936884,0.14641662,0.33361414,0.005899162,0.01143961,0.011899643,0.09459034
ZJ018810,0.12629278,0.028002882,0.30513528,0.0026012855,0.0020776642,0.010798396,0.48175958,0.043332133
ZJ018811,0.5057471,0.05820658,0.14412464,0.0005828606,0.030141965,0.065178126,0.14670388,0.049314864
ZJ018812,0.12927338,0.016262183,0.21267194,0.2839369,0.017943513,0.006717941,0.003795848,0.32939827
ZJ018813,0.020773232,0.00070366974,0.31501362,0.46585274,0.001847815,0.15818512,0.00038504752,0.03723871
ZJ018814,0.003967264,0.0011480999,0.0027381356,3.5321733e-05,0.0001460939,0.00041642928,0.990477,0.0010716184
ZJ018815,0.0037948377,0.00032761387,0.0028857524,0.057271495,0.009417574,0.9261004,5.9480393e-05,0.00014290164
ZJ018816,0.45730296,0.049382064,0.23273619,0.0059952694,0.023151482,0.01623199,0.17387809,0.041322034
ZJ018817,0.32964933,0.051049195,0.035440195,0.30016854,0.21857609,0.024798214,0.032499574,0.007818901
ZJ018818,0.18633063,0.004986874,0.027915064,0.0027917137,0.7399182,0.024814747,0.0061487765,0.007093966
ZJ018819,0.2968772,0.12493446,0.25600085,0.0067100166,0.0100631965,0.06836356,0.0893327,0.147718
ZJ018820,0.6642837,0.054634463,0.049978945,0.00031614298,0.012558383,0.0034507327,0.20322408,0.011553608
ZJ018821,0.37118024,0.03552233,0.21560453,0.0022632366,0.018323418,0.04538594,0.29326254,0.01845774
ZJ018822,0.3499632,0.027805816,0.25168225,0.102530524,0.02027349,0.0073930547,0.12729795,0.11305375
ZJ018823,0.4014105,0.033904314,0.23005539,0.0013694443,0.006710928,0.12864116,0.18922599,0.008682254
ZJ018824,0.25270355,0.08722583,0.3826926,0.0014674759,0.0136166895,0.10645119,0.14475018,0.011092537
ZJ018825,0.19154637,0.0430986,0.53448445,0.00017942904,0.008388339,0.07325323,0.14253086,0.0065187505
ZJ018826,0.13266192,0.69663084,0.06255332,0.00080827385,0.0040822,0.02474057,0.057564028,0.020958843
ZJ018827,0.011299138,0.009872781,0.03215829,0.0019042469,0.0011899904,0.9389042,0.0020333189,0.0026379772
ZJ018828,0.04090744,0.00072092563,0.3778262,0.2764598,0.013960734,0.022631612,0.00047095524,0.26702228
ZJ018829,0.19929399,0.06987293,0.32628295,0.00023693556,0.008747287,0.012292751,0.37462333,0.008649815
ZJ018830,0.051204972,0.9034495,0.009101041,0.00026311312,0.008104816,0.0022956657,0.020753883,0.004827031
ZJ018831,0.35709316,0.059806082,0.2510139,0.06371741,0.03018673,0.006275324,0.13106517,0.10084218
ZJ018832,0.7100546,0.12561025,0.013239288,0.00051127566,0.04662323,0.02204987,0.06743642,0.014475192
ZJ018833,0.11707476,0.0030949027,0.5474708,0.08911926,0.017747417,0.014593322,0.0017936217,0.2091059
ZJ018834,0.17747313,0.036940407,0.32631916,0.00057835144,0.003926632,0.01510317,0.42292142,0.01673776
ZJ018835,0.34325784,0.10352573,0.20402394,0.0009984034,0.024480866,0.011425121,0.30454996,0.007738162
ZJ018836,0.1808334,0.16875613,0.13449776,0.0011873561,0.0011982771,0.0023175513,0.45420888,0.05700067
ZJ018837,0.016236601,0.006764237,0.02228142,0.025001887,0.0033280072,0.923349,0.002228909,0.0008099261
ZJ018838,0.3156276,0.042467054,0.26145804,0.00078315096,0.023852427,0.043956995,0.30125764,0.010597106
ZJ018839,0.21195717,0.07638708,0.16280404,0.0056691156,0.010810299,0.03227129,0.4011329,0.0989681
ZJ018840,0.037832648,0.013676551,0.27101305,0.0015676795,0.0009982553,0.020315703,0.5849787,0.06961742
ZJ018841,0.23510592,0.027350182,0.2768352,0.00086203695,0.0017581481,0.044419423,0.40029573,0.013373332
ZJ018842,0.07260091,0.8065835,0.034206763,0.0017994425,0.022982033,0.01009597,0.043340564,0.008390852
ZJ018843,0.21961397,0.031627875,0.35439283,0.00038632832,0.049878035,0.08698435,0.2451501,0.011966591
ZJ018844,0.33106387,0.09358406,0.31486446,0.0039462564,0.15228668,0.007134351,0.042192314,0.05492801
ZJ018845,0.18062077,0.075715505,0.4060564,0.0013055205,0.0027199276,0.15241867,0.13312781,0.048035383
ZJ018846,0.24681807,0.2132338,0.18689203,0.018911717,0.07840393,0.033786926,0.102703705,0.11924983
ZJ018847,0.22878516,0.06719131,0.2752489,0.0013207262,0.028967898,0.023688538,0.25907755,0.115719974
ZJ018848,0.3343071,0.11250519,0.069816224,0.10989313,0.018786993,0.010531627,0.2207194,0.12344029
ZJ018849,0.565933,0.029489368,0.11498717,0.025852006,0.09519075,0.038315896,0.02906487,0.10116693
ZJ018850,0.29865733,0.06343576,0.26072997,0.0016785446,0.005162601,0.074658535,0.2777678,0.017909426
ZJ018851,0.14712578,0.08729819,0.29440853,0.013024771,0.03588043,0.0686945,0.09675948,0.2568083
ZJ018852,0.44486964,0.064217344,0.14534073,0.003636531,0.012125317,0.09943267,0.20691174,0.023466017
ZJ018853,0.27727452,0.08285992,0.25110167,0.0018223989,0.007798302,0.03642955,0.32413575,0.018577889
ZJ018854,0.23676649,0.027649641,0.04422742,0.0017454291,0.013390404,0.001684089,0.65728754,0.01724897
ZJ018855,0.27614048,0.08908078,0.20306262,0.03670243,0.20066328,0.02147102,0.10754035,0.06533904
ZJ018856,0.10628598,0.015063261,0.24773599,0.22556947,0.011659225,0.05881846,0.0037702667,0.3310973
ZJ018857,0.066947624,0.0023732842,0.17945705,0.18139489,0.0012218666,0.54359144,0.0013289759,0.02368486
ZJ018858,0.28279623,0.09406037,0.3684492,0.0020295468,0.00393594,0.012068327,0.20114633,0.035514
ZJ018859,0.22852154,0.10956273,0.047988143,0.002481364,0.061136197,0.005899911,0.4816927,0.06271741
ZJ018860,0.1322834,0.63378525,0.049340673,0.0026728348,0.0032764785,0.015123765,0.07777413,0.08574344
ZJ018861,0.15328264,0.07742276,0.3480016,0.0008357359,0.0049951077,0.105803594,0.27652317,0.033135403
ZJ018862,0.11933781,0.03113649,0.07723964,0.7168129,0.010174902,0.030109743,0.0081411805,0.0070472728
ZJ018863,0.12736902,0.039186,0.28412667,0.0009941619,0.0024664225,0.004597583,0.5105706,0.030689597
ZJ018864,0.1411183,0.10729038,0.14600681,0.20400083,0.0015098751,0.002305877,0.015970562,0.3817974
ZJ018865,0.05471351,0.019848857,0.3482361,0.0002650618,0.001655032,0.5518382,0.019536398,0.00390682
ZJ018866,0.114303134,0.0069667143,0.16830407,0.1926102,0.0068633114,0.42159176,0.0053732023,0.08398754
ZJ018867,0.11016098,0.002001567,0.3385635,0.27322933,0.005610089,0.01487275,0.0018099933,0.2537518
ZJ018868,0.032621954,0.0106080165,0.09402035,0.03301229,0.0023762556,0.8179755,0.0053195055,0.0040661553
ZJ018869,0.16869526,0.036498256,0.3643208,0.00063650106,0.004489014,0.024872549,0.37135333,0.029134307
ZJ018870,0.7092713,0.09195441,0.062808946,0.005353204,0.009755291,0.002143846,0.06793687,0.0507761
ZJ018871,0.1292568,0.2266024,0.259061,0.0045503303,0.005564118,0.03562181,0.30764884,0.031694673
ZJ018872,0.06997104,0.00022389415,0.18558478,0.636281,0.0010630467,0.0123150805,0.0012454584,0.09331563
ZJ018873,0.0019630066,0.0026338827,0.0013229587,0.0014007682,6.422512e-05,0.9900199,0.0018607099,0.0007345447
ZJ018874,0.540871,0.010755658,0.18439652,0.0010091886,0.047631882,0.03364709,0.1731007,0.008587901
ZJ018875,0.25166243,0.08334952,0.34793514,0.00034971128,0.0070387735,0.007234752,0.29133493,0.011094744
ZJ018876,0.37104872,0.0837799,0.25864062,0.115870595,0.03126935,0.005233471,0.023746831,0.11041053
ZJ018877,0.0967542,0.6129188,0.02873413,0.0041123144,0.02760336,0.004779733,0.19879451,0.026302975
ZJ018878,0.23189455,0.096884176,0.2736667,0.0068457797,0.07284152,0.14516152,0.10848744,0.06421828
ZJ018879,0.22713166,0.36623403,0.17776671,0.000705507,0.003002611,0.042029243,0.14053325,0.042597026
ZJ018880,0.19747694,0.45115647,0.08443174,0.014092178,0.027125875,0.010632822,0.18732187,0.027762095
ZJ018881,0.224974,0.08977619,0.19268747,0.007218841,0.03384544,0.034141026,0.34333965,0.074017346
ZJ018882,0.0001304892,0.00014712127,0.0009129267,1.2042237e-06,1.0577994e-05,0.99875623,1.9214782e-05,2.2301054e-05
ZJ018883,1.6794185e-05,2.2671583e-07,0.00015427286,3.068602e-08,5.808648e-07,0.9998234,1.4605345e-06,3.3446318e-06
ZJ018884,0.3076,0.075795695,0.057249315,0.35429877,0.019537002,0.010455271,0.12458666,0.050477322
ZJ018885,0.15511017,0.013323999,0.038605895,0.6951273,0.022160068,0.055542096,0.011487113,0.008643415
ZJ018886,0.77483267,0.0075221444,0.07802568,0.012144021,0.039955888,0.009439382,0.026762666,0.05131754
ZJ018887,0.11847027,0.06459404,0.087928444,0.00098523,0.0013372506,0.008094322,0.67287093,0.045719486
ZJ018888,0.05824147,0.002044893,0.10534902,0.25954965,0.003639148,0.018767662,0.000732802,0.5516753
ZJ018889,0.14530705,0.06532441,0.1458411,0.0002472251,0.021673031,0.028381597,0.58882254,0.004402981
ZJ018890,0.0018380005,0.0011124528,0.006883706,0.0002980566,0.00014776038,0.98789793,0.0002615937,0.0015605356
ZJ018891,0.36589706,0.16805343,0.06705263,0.017763682,0.035124708,0.008184283,0.23857157,0.099352695
ZJ018892,0.18482715,0.05633158,0.60878694,0.00024060585,0.0027237379,0.011261191,0.10154524,0.034283496
ZJ018893,0.102522574,0.42589608,0.25187153,0.002357651,0.009000833,0.008473386,0.1302825,0.06959547
ZJ018894,0.2725457,0.13428064,0.20553981,0.004101234,0.01857495,0.028263463,0.29575714,0.040937025
ZJ018895,0.076229,0.0032847568,0.2763734,0.2619466,0.0012374802,0.0058983783,0.0048365183,0.3701939
ZJ018896,0.13587207,0.4349388,0.13830082,0.05843253,0.0008269868,0.003091143,0.011300885,0.21723686
ZJ018897,0.060742076,0.0068405084,0.1376378,0.5674882,0.0058577815,0.0018708511,0.0066332454,0.21292956
ZJ018898,0.0988657,0.0019555534,0.20770344,0.292057,0.006110418,0.055185013,0.0031778181,0.33494502
ZJ018899,0.1282996,0.6899124,0.07011081,0.0015357151,0.011524622,0.0033190718,0.081696965,0.0136009
ZJ018900,0.07627879,0.24577974,0.3260209,0.0012256511,0.22348835,0.0041238186,0.08839638,0.034686368
ZJ018901,0.5570193,0.03090829,0.112348676,0.0012848303,0.09534215,0.0025716475,0.18781446,0.012710655
ZJ018902,0.3859043,0.031338036,0.1573742,0.11003415,0.02535945,0.0063109915,0.050401833,0.23327705
ZJ018903,0.35071924,0.07742257,0.2810466,0.0006697324,0.023958402,0.030024504,0.23143677,0.0047222055
ZJ018904,0.09944263,0.022827078,0.5870634,0.00048021413,0.001960919,0.2460719,0.03490994,0.007243888
ZJ018905,0.4008835,0.10424346,0.13531141,0.005499871,0.037712686,0.07528862,0.13903466,0.10202574
ZJ018906,0.41302413,0.06465601,0.25694707,0.0008488245,0.028194046,0.020761386,0.21037552,0.005193047
ZJ018907,0.19931813,0.07435731,0.3753765,0.00091412175,0.009443983,0.035315286,0.29224536,0.013029358
ZJ018908,0.23106867,0.14169176,0.21395345,0.005473593,0.0034785264,0.018151334,0.32896602,0.057216626
ZJ018909,0.31483072,0.08067192,0.21303138,0.19730271,0.042911135,0.0026074704,0.09484562,0.053799003
ZJ018910,0.15603708,0.48923317,0.035047796,0.0003999899,0.0076964963,0.06982869,0.21069138,0.031065444
ZJ018911,0.22771128,0.034777932,0.27982023,0.00052396033,0.0029052168,0.11182176,0.33493197,0.007507595
ZJ018912,0.18285322,0.19368364,0.14636013,0.010853302,0.021172117,0.036514625,0.23285168,0.17571126
ZJ018913,0.07668689,0.6781555,0.058107812,0.00094798167,0.013034976,0.010565486,0.1481784,0.014322927
ZJ018914,0.22670233,0.1265941,0.25526583,0.0018575505,0.09687767,0.039787266,0.24673286,0.006182419
ZJ018915,0.14476909,0.0129869515,0.0811482,0.00060489244,0.004258361,0.014132772,0.7293035,0.012796281
ZJ018916,0.47987792,0.051346272,0.13938776,0.0070274994,0.014242996,0.060372464,0.19180167,0.05594355
ZJ018917,0.16057335,0.58359355,0.067733005,0.01961876,0.007975242,0.007552394,0.0527137,0.100240044
ZJ018918,0.09753164,0.51881325,0.23617889,0.0005349994,0.0051268986,0.0156221,0.09998549,0.02620676
ZJ018919,0.3041697,0.14110805,0.066053554,0.00023748845,0.23845355,0.12791325,0.114546195,0.0075181574
ZJ018920,0.18368788,0.020998813,0.30830443,0.07806331,0.04974176,0.012453919,0.0016634816,0.34508643
ZJ018921,0.4092554,0.109616265,0.08554543,0.017487312,0.013653126,0.025270414,0.1737415,0.16543055
ZJ018922,0.26623565,0.059742108,0.0792209,0.3754811,0.011861986,0.031532265,0.13177216,0.044153813
ZJ018923,0.114793114,0.039405823,0.29587805,0.00052570255,0.0025967609,0.040206786,0.47557274,0.031021
ZJ018924,0.0392062,0.0046075974,0.0050656935,0.00021223148,0.0065221554,0.00062962045,0.9410758,0.0026806933
ZJ018925,0.02098428,0.10051757,0.027129212,0.00013965108,0.01306139,0.8250259,0.011056466,0.0020855486
ZJ018926,0.44385198,0.024371408,0.24945682,0.0004581098,0.003372627,0.020054087,0.2506931,0.0077418108
ZJ018927,0.22541715,0.18478683,0.24946101,0.0022084198,0.016531514,0.073778585,0.21481109,0.033005428
ZJ018928,0.3331045,0.01717628,0.04997354,0.004112485,0.007979453,0.0014263336,0.53271246,0.053515032
ZJ018929,0.18174344,0.008357779,0.097654894,0.0007812134,0.53499615,0.033874195,0.13425137,0.008341035
ZJ018930,0.40941486,0.053903174,0.17745443,0.0056803487,0.054637153,0.02547118,0.25103396,0.022404913
ZJ018931,0.18254623,0.18670668,0.24742708,0.00070192915,0.010361717,0.036899645,0.23725088,0.09810587
ZJ018932,0.101526655,0.008837357,0.13785486,0.560436,0.00793353,0.0010490457,0.009867017,0.17249547
ZJ018933,0.38213626,0.14606826,0.26065603,0.0019020692,0.026841428,0.0054547847,0.106911354,0.07002985
ZJ018934,0.00030069894,0.00021652158,0.0011976337,0.0006826517,0.00048118242,0.99698454,4.6846468e-05,8.990535e-05
ZJ018935,0.2658457,0.13143118,0.2182003,0.007281698,0.004483489,0.0052225897,0.23634358,0.13119145
ZJ018936,0.24073943,0.02971838,0.44181174,0.0007184204,0.008025795,0.006722024,0.26146495,0.010799235
ZJ018937,0.2753167,0.25347108,0.08168903,0.0035254892,0.009349226,0.045331765,0.31765234,0.013664406
ZJ018938,0.0001155949,1.6088417e-05,0.00051912357,8.78157e-07,1.3445837e-06,0.999187,0.0001497153,1.0219598e-05
ZJ018939,0.082355455,0.6785339,0.043993298,0.00056850264,0.0026717808,0.043899607,0.06802797,0.0799495
ZJ018940,0.38452387,0.015599009,0.36006027,0.03519215,0.023759663,0.042614855,0.030688658,0.10756149
ZJ018941,0.44095957,0.08644465,0.19163433,0.006495768,0.019763282,0.006511775,0.20226367,0.04592703
ZJ018942,0.21196435,0.43223694,0.15713118,0.0011396441,0.0026199222,0.021524558,0.11477331,0.058610145
ZJ018943,0.14408097,0.017918926,0.35815012,0.05999932,0.1627801,0.061458968,0.049466006,0.14614557
ZJ018944,0.34971526,0.53155386,0.04403331,0.00012257826,0.0047934526,0.013195574,0.03331028,0.023275672
ZJ018945,0.19910216,0.0032595417,0.5453098,0.0633671,0.03600064,0.027351905,0.0028302346,0.122778624
ZJ018946,0.050840456,0.0029974931,0.13276784,0.22179556,0.00129559,0.0049519693,0.0043686344,0.5809825
ZJ018947,0.015888434,0.90774226,0.008644335,8.116491e-05,0.00027898327,0.004230945,0.05943754,0.0036964677
ZJ018948,0.061202027,0.6474147,0.026043521,0.005611094,0.004533353,0.0074398126,0.1520066,0.09574895
ZJ018949,0.2194008,0.18090488,0.08173849,0.064602464,0.029303025,0.03498336,0.2898179,0.09924906
ZJ018950,0.031222822,0.003791895,0.29633126,0.09279303,0.07412543,0.20021379,0.0032823735,0.2982394
ZJ018951,0.2010421,0.0832182,0.1873523,0.0152137065,0.011125908,0.027000535,0.43259326,0.04245392
ZJ018952,0.12897886,0.04808568,0.13558233,0.00050426123,0.0061396537,0.0060643065,0.65706295,0.01758193
ZJ018953,0.2537206,0.15252443,0.19303912,0.00096890784,0.0054037864,0.018229434,0.28115782,0.0949559
ZJ018954,0.62147015,0.016856775,0.06622797,0.0012424013,0.0073650014,0.0039396407,0.27751094,0.005387106
ZJ018955,0.14267899,0.03717461,0.1863567,0.00024032147,0.0061779507,0.02244233,0.5967082,0.008220949
ZJ018956,0.08866056,0.0106378365,0.1909698,0.00028568317,0.004640595,0.5691885,0.12402203,0.01159502
ZJ018957,0.08398635,0.0015121374,0.23367666,0.31079468,0.0015081018,0.0031596364,0.0023257032,0.36303675
ZJ018958,0.24696206,0.10805399,0.12781313,0.0017925892,0.0088219745,0.0046925694,0.480169,0.021694666
ZJ018959,0.34288657,0.0809175,0.11433301,0.023326563,0.0033887064,0.091545485,0.28068072,0.06292143
ZJ018960,0.23938301,0.017708128,0.03465288,0.6265544,0.038761195,0.01704969,0.01483017,0.011060505
ZJ018961,0.2152049,0.034276202,0.5490317,0.00033169944,0.003161133,0.0018095421,0.1413651,0.054819796
ZJ018962,0.46648726,0.017450556,0.16757965,0.005787098,0.042479582,0.016217038,0.26429984,0.019698946
ZJ018963,0.25610533,0.23099886,0.16085806,0.00425889,0.03769227,0.009253832,0.12053137,0.18030138
ZJ018964,0.08201598,0.0028215605,0.29044923,0.12039117,0.045656886,0.028985666,0.0023690413,0.42731044
ZJ018965,0.37143114,0.11170081,0.2344024,0.0033655923,0.067401715,0.00820874,0.12164815,0.08184145
ZJ018966,0.0047456576,0.0013908637,0.005033403,0.002299745,5.841781e-05,0.97961926,0.0066035585,0.00024906293
ZJ018967,0.20553762,0.5619842,0.08736227,0.00023682219,0.005264562,0.03590358,0.08815812,0.015552765
ZJ018968,0.18766771,0.08585622,0.30363658,0.011052572,0.03168543,0.18395136,0.15283595,0.04331409
ZJ018969,0.18978177,0.035998702,0.6218648,8.320605e-05,0.0051049767,0.0042362157,0.13425022,0.008680167
ZJ018970,0.08959578,0.017323727,0.6180002,0.00040695924,0.002253229,0.23581268,0.03053645,0.0060709636
ZJ018971,0.07193306,0.049961545,0.1257963,0.0056669908,0.0036266102,0.015558719,0.33879882,0.38865793
ZJ018972,0.56274045,0.02749931,0.11966427,0.008782235,0.07304024,0.013346034,0.15705568,0.03787181
ZJ018973,0.09901272,0.06490905,0.06163254,0.014839106,0.018724745,0.5643998,0.15138945,0.025092497
ZJ018974,0.2333879,0.07005466,0.40219364,0.0004000964,0.008594722,0.006575236,0.25929752,0.019496249
ZJ018975,0.3613431,0.14821804,0.21739808,0.019047905,0.023265166,0.027626557,0.1382346,0.06486654
ZJ018976,0.3018514,0.15294561,0.052197415,0.016095133,0.02602503,0.0030242938,0.27564228,0.1722188
ZJ018977,0.37734142,0.099409975,0.16657159,0.00058476755,0.1686717,0.056893148,0.11140013,0.019127296
ZJ018978,0.21448432,0.043871526,0.3262837,0.00042312764,0.003286948,0.006992801,0.39343414,0.011223374
ZJ018979,0.21199863,0.019818503,0.2951932,0.00037399842,0.0040278886,0.0057102605,0.39488205,0.06799539
ZJ018980,0.1846063,0.001627835,0.19918607,0.22204338,0.0040058857,0.0058457535,0.0030295819,0.37965524
ZJ018981,0.0813795,0.012153943,0.02297442,0.8138136,0.020690287,0.019729955,0.011842592,0.017415697
ZJ018982,0.24191232,0.005780648,0.3990811,0.20605366,0.006888704,0.07275138,0.0122182,0.05531405
ZJ018983,0.49332187,0.0065599983,0.3310154,0.031800356,0.024744721,0.050450444,0.014033899,0.04807338
ZJ018984,0.17741962,0.01291305,0.16976938,0.19512048,0.008256466,0.0057022767,0.0105610695,0.42025763
ZJ018985,0.13057373,0.21143818,0.26765105,0.0038340914,0.012599441,0.025306066,0.31708774,0.03150972
ZJ018986,0.36639094,0.17205259,0.1181874,0.026835913,0.008520682,0.010968527,0.18990777,0.10713615
ZJ018987,0.21632762,0.018424448,0.26221123,0.0005438332,0.006511173,0.024018085,0.45980206,0.012161547
ZJ018988,0.106703855,0.07373079,0.13295653,0.006613255,0.007214889,0.028598031,0.19926241,0.44492024
ZJ018989,0.13996369,0.313838,0.36402896,0.00024271052,0.0015616103,0.0009464654,0.1716565,0.007762104
ZJ018990,0.050149698,0.019578893,0.5654438,0.00020015996,0.030640122,0.15900876,0.1636195,0.011359048
ZJ018991,0.23583752,0.028091455,0.27531192,0.0007210848,0.0033468648,0.06396528,0.3831187,0.009607187
ZJ018992,0.0952551,0.5490602,0.20440003,0.00030351034,0.004068252,0.029094083,0.11137912,0.006439654
ZJ018993,0.15740879,0.0050583053,0.23909846,0.2298399,0.024786266,0.023463715,0.0040210006,0.31632358
ZJ018994,0.09448847,0.055710837,0.3324549,0.0050950847,0.003756845,0.0034210538,0.45613325,0.048939593
ZJ018995,0.22988157,0.08539274,0.083382644,0.021871032,0.09503554,0.007984231,0.3918046,0.08464764
ZJ018996,0.11414357,0.009859977,0.14806136,0.15051614,0.007092152,0.002535474,0.007509577,0.56028175
ZJ018997,0.14157607,0.004100203,0.28323892,0.095470466,0.105715446,0.2801965,0.008113406,0.08158901
ZJ018998,0.29353908,0.21070033,0.1297433,0.0073131914,0.021948183,0.03317126,0.2617034,0.041881282
ZJ018999,0.22331676,0.032540046,0.40501383,0.0005646998,0.036334243,0.062016882,0.22825693,0.0119566405
ZJ019000,0.059466846,0.004064987,0.1753898,0.662301,0.035915907,0.037672725,0.0024181649,0.022770489
ZJ019001,0.07942963,0.0006724732,0.10237308,0.69673294,0.0052807033,0.009166321,0.001596093,0.10474876
ZJ019002,0.1185204,0.0008401308,0.16838409,0.56999946,0.0021795859,0.02080894,0.0015710233,0.11769627
ZJ019003,0.30583137,0.033661433,0.33003005,0.0039305803,0.011199252,0.028216159,0.22346722,0.063664
ZJ019004,0.3992916,0.033502024,0.2051497,0.09022658,0.012047788,0.010405084,0.03335522,0.21602203
ZJ019005,0.8176112,0.005127192,0.030297305,0.00067606196,0.01622677,0.006026179,0.121078864,0.0029563475
ZJ019006,0.85981035,0.0011173908,0.012589866,0.0007037595,0.08463175,0.01709782,0.0021341871,0.02191486
ZJ019007,0.17285398,0.6448181,0.047171026,0.00023594353,0.09258217,0.016338842,0.016937265,0.009062582
ZJ019008,0.040200025,0.0032386,0.1427255,0.4553711,0.0010473332,0.0048515983,0.00770405,0.3448618
ZJ019009,0.13664015,0.32825533,0.18523766,0.0045883586,0.00899498,0.013522751,0.29961866,0.023142036
ZJ019010,0.07498153,0.021264654,0.12683474,0.53662115,0.005265355,0.0018932718,0.011298976,0.22184035
ZJ019011,0.048029535,0.015309727,0.09923853,0.0017183472,0.003382989,0.8069059,0.015851969,0.009562956
ZJ019012,0.3310948,0.026033133,0.1148396,0.002264166,0.01619562,0.023571433,0.47403517,0.011966051
ZJ019013,0.14529456,0.050459992,0.26029995,0.00033167895,0.003538137,0.07578328,0.44630763,0.017984742
ZJ019014,0.46746147,0.040661737,0.14560264,0.033517234,0.04520543,0.0142589845,0.19270012,0.060592454
ZJ019015,0.365989,0.05974649,0.22039041,0.10542451,0.01871369,0.008891215,0.037184846,0.1836599
ZJ019016,0.21551628,0.18230294,0.11905313,0.0022919562,0.020987982,0.030154534,0.29675913,0.13293403
ZJ019017,0.32471588,0.039374925,0.27112803,0.009840584,0.055842075,0.18902896,0.052994505,0.057075094
ZJ019018,0.051734712,0.0016133105,0.2045634,0.07392646,0.013322023,0.016657025,0.0017140347,0.636469
ZJ019019,0.22805391,0.085069306,0.1265222,0.004489894,0.035957463,0.08481558,0.31658137,0.1185103
ZJ019020,0.003053456,0.0015335885,0.015705008,0.00038701837,0.00043749166,0.9762,0.00053603284,0.0021474508
ZJ019021,0.3836217,0.027247302,0.018682849,0.38339028,0.13864976,0.024277663,0.019481141,0.004649309
ZJ019022,0.30157265,0.115454085,0.17634135,0.0021188434,0.011169385,0.11038375,0.08329632,0.19966365
ZJ019023,0.24452226,0.25379467,0.26147592,0.0004723964,0.0044095395,0.027062459,0.17870249,0.029560331
ZJ019024,0.6827432,0.07038744,0.069835454,0.0033754495,0.009623583,0.0062414967,0.08560084,0.072192565
ZJ019025,0.23063217,0.149255,0.23921722,0.0066929692,0.01466368,0.014103028,0.27771658,0.06771939
ZJ019026,0.2556756,0.10766923,0.34031093,0.00047615514,0.0060957223,0.005707267,0.27732092,0.0067441557
ZJ019027,0.2591026,0.071685806,0.2349108,0.09155192,0.020228118,0.008755645,0.081468396,0.23229659
ZJ019028,0.17373374,0.050591983,0.34259966,0.09051446,0.008074706,0.009615548,0.07018281,0.25468707
ZJ019029,0.18626626,0.016023375,0.13768657,0.000533919,0.0013183947,0.012004853,0.51930267,0.12686396
ZJ019030,0.06557811,0.47756505,0.102364145,0.005228261,0.058621924,0.054269,0.16567154,0.070701964
ZJ019031,0.1089248,0.08249229,0.11515773,0.027791554,0.065293185,0.34247166,0.24050678,0.01736199
ZJ019032,0.23687625,0.1448044,0.075116016,0.02204057,0.010811523,0.0056627067,0.23397736,0.27071118
ZJ019033,0.07646478,0.0012790409,0.3436876,0.23921733,0.0037028214,0.010336373,0.001119354,0.32419264
ZJ019034,0.23488075,0.18858835,0.1898789,0.00068454124,0.049022812,0.008656883,0.32155108,0.0067366916
ZJ019035,0.30086306,0.08424979,0.3243816,0.043272614,0.06320564,0.030125413,0.03155019,0.122351736
ZJ019036,0.07922763,0.012418378,0.23079632,0.36198482,0.020910759,0.0058256583,0.0039845677,0.28485182
ZJ019037,0.034189433,0.008200868,0.09392172,4.118737e-05,0.00026586474,0.004729563,0.77114636,0.08750499
ZJ019038,0.42066446,0.070945404,0.110658385,0.02195113,0.02008548,0.029199135,0.261816,0.064680025
ZJ019039,0.281103,0.07045388,0.343533,0.0021964866,0.011195703,0.004023599,0.26517132,0.022323031
ZJ019040,0.12218957,0.0457361,0.18345712,0.0007762321,0.0023213846,0.18092744,0.45698875,0.0076033855
ZJ019041,0.1540179,0.04274744,0.07826886,0.0037630596,0.008063688,0.56291485,0.13996665,0.0102576
ZJ019042,0.06920102,0.67246467,0.019605618,0.003450124,0.007433703,0.006395904,0.21790473,0.0035443013
ZJ019043,0.32964346,0.076954186,0.19889036,0.0045574456,0.0067195063,0.015277146,0.30454537,0.0634125
ZJ019044,0.5945089,0.08515903,0.0702231,0.0023273102,0.0064763045,0.024498465,0.141382,0.07542492
ZJ019045,0.025787646,0.0768151,0.46044493,0.00025654753,0.082752876,0.28693005,0.03049673,0.03651611
ZJ019046,0.3821383,0.2215857,0.06403102,0.015822932,0.02817067,0.012407964,0.17061436,0.10522904
ZJ019047,0.18462206,0.098489225,0.29386553,0.00068772386,0.00087318575,0.3513011,0.059607156,0.010554066
ZJ019048,0.23681206,0.16347513,0.14282812,0.008036116,0.010895444,0.10522739,0.26412958,0.06859613
ZJ019049,0.26127353,0.16363034,0.045975804,0.03419468,0.019207487,0.00500087,0.19854252,0.27217478
ZJ019050,0.14663842,0.28879854,0.23757264,0.0021154406,0.0070281513,0.018929906,0.10035945,0.19855742
ZJ019051,0.21632603,0.4826741,0.102759495,0.00077775435,0.002539147,0.00948567,0.14440797,0.041029833
ZJ019052,0.33594602,0.041566305,0.19651082,0.0013705736,0.001381684,0.14543575,0.27310777,0.00468109
ZJ019053,0.026111018,0.0004952377,0.11086756,0.41566807,0.00022178933,0.0028497274,0.0010673637,0.44271922
ZJ019054,0.39616227,0.07978582,0.22579461,0.010903931,0.018839369,0.025246112,0.1991207,0.044147167
ZJ019055,0.07409139,0.01621457,0.034052648,0.00034851968,0.0031638995,0.0073513445,0.8514006,0.013376968
ZJ019056,0.2918451,0.00093438843,0.08136021,0.17111503,0.019139614,0.022768402,0.0029754788,0.40986177
ZJ019057,0.3056845,0.20457661,0.10507675,0.012296945,0.011045881,0.019283067,0.16507886,0.17695737
ZJ019058,0.26741737,0.15490815,0.27397853,0.0015409502,0.015001382,0.023237647,0.15925325,0.1046627
ZJ019059,0.04814684,0.00389831,0.18702151,0.22741552,0.0018078067,0.008582714,0.0046801055,0.51844716
ZJ019060,0.14428148,0.08009974,0.054577243,0.0017533264,0.0021617906,0.0037327686,0.688785,0.024608685
ZJ019061,0.113441475,0.6168896,0.070547655,0.000103571976,0.0010313364,0.008150182,0.1782888,0.011547388
ZJ019062,0.14529844,0.046925295,0.31942543,0.071157366,0.010665222,0.0048258416,0.058827195,0.34287518
ZJ019063,0.0109498985,0.15281498,0.042681873,0.0018807452,0.041986022,0.010791164,0.7118019,0.027093435
ZJ019064,0.42334202,0.044172432,0.13573256,0.0041445117,0.01931787,0.0061131334,0.3409387,0.026238788
ZJ019065,0.27113461,0.051822405,0.41306198,0.0010114984,0.0011359851,0.004440856,0.24176282,0.015629904
ZJ019066,0.5830664,0.12088112,0.09233915,0.006690998,0.018982897,0.0044792606,0.14970283,0.023857353
ZJ019067,0.06485487,0.053191412,0.5151408,0.0074301125,0.018714719,0.28092647,0.04009126,0.019650431
ZJ019068,0.24593204,0.17236502,0.19191907,0.0006750499,0.02321651,0.0030526984,0.35113865,0.011700919
ZJ019069,0.058693398,0.0040327385,0.16535059,0.17185208,0.005370883,0.012124725,0.003477052,0.5790986
ZJ019070,0.15077367,0.14898175,0.16163547,0.0004982064,0.0044365693,0.019452088,0.45518973,0.05903249
ZJ019071,0.25876817,0.23281907,0.2648918,0.00028505738,0.002953422,0.022378607,0.18464892,0.033254962
ZJ019072,0.09713296,0.3280526,0.14248425,0.002417779,0.0014832377,0.19751574,0.19621879,0.034694564
ZJ019073,0.0141606415,0.016328853,0.024452245,0.003016516,0.0015559011,0.90392226,0.0065469984,0.030016568
ZJ019074,0.24056357,0.005506235,0.32213587,0.25213012,0.014624045,0.0889074,0.014323437,0.061809324
ZJ019075,0.016216964,0.020813433,0.033908963,0.0002127409,0.023490464,0.8902268,0.010921988,0.004208661
ZJ019076,0.29112682,0.17361666,0.21947777,0.00079584663,0.0025375637,0.019100318,0.2752823,0.018062789
ZJ019077,0.12810096,0.045470487,0.31102353,0.00208969,0.0030650042,0.023157956,0.4590086,0.028083824
ZJ019078,0.01431376,0.004286777,0.04775169,0.000530436,0.0023320494,0.9243626,0.0031383922,0.0032842534
ZJ019079,0.19046862,0.063302696,0.465372,0.00097106356,0.012783206,0.021982314,0.24018784,0.004932258
ZJ019080,0.23497,0.23995091,0.18802716,0.014465193,0.011312479,0.01422242,0.1499971,0.14705475
ZJ019081,0.18112522,0.112514794,0.05174299,0.0025118052,0.0032910379,0.0003665406,0.64109886,0.007348766
ZJ019082,0.036766484,0.015832707,0.04874523,0.0038854592,0.0003707807,0.8306141,0.060178317,0.0036069648
ZJ019083,0.15670148,0.014761969,0.19719318,0.0007468694,0.35929143,0.032765552,0.22591744,0.012622027
ZJ019084,0.11837245,0.033399247,0.04225561,0.004734635,0.005823547,0.0011409898,0.70562696,0.088646546
ZJ019085,0.039626338,0.04293176,0.02170726,0.03591491,0.0021997325,0.8041874,0.0144844055,0.038948182
ZJ019086,0.17876604,0.015138749,0.36952895,0.0004068087,0.18453677,0.11946397,0.120653346,0.011505312
ZJ019087,0.37157243,0.20708632,0.038128607,0.009558086,0.029812118,0.01871052,0.28114256,0.043989297
ZJ019088,0.5622909,0.09982676,0.04181006,0.0028498576,0.010662492,0.0028728475,0.1913563,0.08833071
ZJ019089,0.16974007,0.34889245,0.40361938,0.00032019516,0.00094585714,0.0062861433,0.06493483,0.0052610654
ZJ019090,0.057700578,0.014840048,0.05955228,0.002070069,0.009792499,0.0014311493,0.8398848,0.014728487
ZJ019091,0.18215042,0.0030500994,0.3851447,0.3456784,0.011519287,0.027195029,0.0040647187,0.041197293
ZJ019092,0.026779987,0.91827965,0.010408842,5.2828567e-05,0.00065915455,0.004713066,0.03333479,0.005771729
ZJ019093,0.06693025,0.8478568,0.018340906,0.0034647053,0.041589156,0.0004970579,0.012714308,0.008606844
ZJ019094,0.27437675,0.019191189,0.02812652,0.41894057,0.17709115,0.06254205,0.015683671,0.004048103
ZJ019095,0.69626534,0.07770582,0.015604712,0.02355416,0.05428214,0.025574045,0.056699548,0.050314263
ZJ019096,0.2718572,0.04757675,0.12480607,0.0011367496,0.012104516,0.004579158,0.5139838,0.023955712
ZJ019097,0.28126764,0.09762638,0.29782817,0.004285517,0.024514869,0.037910614,0.231153,0.025413858
ZJ019098,0.2881279,0.049907275,0.29998234,0.0010827415,0.007119343,0.026580546,0.28148225,0.045717582
ZJ019099,0.1531012,0.15437275,0.15880464,0.0009872054,0.0017936161,0.032436077,0.42654777,0.07195675
ZJ019100,0.060049772,0.000649011,0.17924902,0.0040754844,3.908789e-07,0.0033530882,0.011801257,0.7391741
ZJ019101,0.44332573,0.01852863,0.26258525,0.0013634769,0.008947709,0.017514108,0.19520997,0.0525251
ZJ019102,0.25293148,0.121485144,0.16917552,0.033344623,0.053431895,0.062080655,0.22037403,0.08717672
ZJ019103,0.06453573,0.0022799924,0.20848954,0.25928393,0.00070810714,0.0019138585,0.00081565045,0.46197322
ZJ019104,0.102629796,0.0065180296,0.21712248,0.14583007,0.0017951049,0.0898075,0.009292358,0.42700472
ZJ019105,0.2057755,0.044902235,0.262751,0.16820483,0.0069814445,0.025846561,0.04269636,0.24284206
ZJ019106,0.09986359,0.6807324,0.029128416,0.008332123,0.001487211,0.00077780674,0.010902492,0.16877587
ZJ019107,0.12824354,0.5576672,0.08593138,0.0023608105,0.022935849,0.0275712,0.15136088,0.023929186
ZJ019108,0.58392346,0.04234272,0.051229056,0.0010678482,0.030278744,0.042018007,0.2105964,0.038543757
ZJ019109,0.29578325,0.24816972,0.06399537,0.014058309,0.16428183,0.031110538,0.1451471,0.037453867
ZJ019110,0.07341949,0.017688213,0.2473841,0.00080882653,0.00078054855,0.06429248,0.43244755,0.1631788
ZJ019111,0.3630274,0.044955123,0.21988083,0.0017198246,0.0015726392,0.0024090346,0.29326868,0.07316646
ZJ019112,0.10155779,0.007657055,0.399843,0.3748601,0.010023939,0.017762143,0.012273608,0.076022305
ZJ019113,0.44654226,0.007025872,0.3352787,0.025326647,0.032456577,0.036632545,0.018086066,0.09865128
ZJ019114,0.13882385,0.020421498,0.10342226,0.0001943653,0.0010157529,0.034166183,0.6875599,0.014396245
ZJ019115,0.22909622,0.3662282,0.073422946,0.0035059922,0.04622151,0.03563157,0.14867212,0.09722142
ZJ019116,0.17233513,0.023503745,0.44571692,0.00044356784,0.003105072,0.06509102,0.28093895,0.00886556
ZJ019117,0.23166013,0.060623966,0.3815489,0.0008226932,0.005825301,0.013299134,0.2933242,0.012895734
ZJ019118,0.11453718,0.055170536,0.16960815,0.20787132,0.010800262,0.017734235,0.015919274,0.40835908
ZJ019119,0.39788166,0.092198715,0.20965986,0.0051674834,0.028099775,0.009538496,0.18991357,0.067540444
ZJ019120,0.36964568,0.027700054,0.26571676,0.0007373739,0.016412012,0.012284439,0.2911438,0.016359905
ZJ019121,0.51985323,0.12550083,0.10400365,0.015152411,0.046314187,0.014381272,0.09201342,0.08278105
ZJ019122,0.27997616,0.03278842,0.14983003,0.0008920756,0.009921146,0.013710813,0.48395723,0.028924137
ZJ019123,0.22967319,0.0019189842,0.17118125,0.20821856,0.010789712,0.010864323,0.0023701028,0.36498383
ZJ019124,0.13984855,0.4714405,0.10856067,0.0007821869,0.019950723,0.018262083,0.23606259,0.0050927345
ZJ019125,0.22308102,0.062203776,0.13413373,0.00030137913,0.009912666,0.0060063023,0.55546117,0.008899901
ZJ019126,0.22390091,0.03792824,0.44036123,0.0007810141,0.05664424,0.006988135,0.21497278,0.018423479
ZJ019127,0.07316359,0.091492005,0.28177193,0.00084104645,0.01350652,0.36280128,0.056704335,0.11971931
ZJ019128,0.2539321,0.19306363,0.1244364,0.053505268,0.015023927,0.060162973,0.2027808,0.09709497
ZJ019129,0.23986228,0.016624257,0.45700437,0.13438931,0.0070282267,0.023063825,0.030854203,0.09117358
ZJ019130,0.034521792,0.88405114,0.031516504,0.0063413754,0.0046855765,0.0032714799,0.03316965,0.00244256
ZJ019131,0.14989783,0.062412776,0.11562683,0.00025228274,0.0025554227,0.0009314935,0.65088713,0.017436167
ZJ019132,0.09404791,0.091233045,0.3560899,0.004929491,0.10481478,0.017648071,0.27396783,0.057268966
ZJ019133,0.3213604,0.026364403,0.4136879,0.0005645934,0.005513161,0.017336775,0.1962414,0.018931374
ZJ019134,0.26808584,0.095504016,0.21517085,0.013878,0.032508638,0.021802925,0.24462295,0.10842682
ZJ019135,0.8436825,0.0032537703,0.047782674,0.034261767,0.019784357,0.011384892,0.006956777,0.032893203
ZJ019136,5.624903e-05,6.813942e-05,0.00149056,5.1527286e-06,7.0408446e-06,0.9983655,6.1127766e-06,1.2456619e-06
ZJ019137,0.31437853,0.018629944,0.017979357,0.58632064,0.013128128,0.026664412,0.0088453395,0.014053648
ZJ019138,0.2768456,0.19186972,0.09008202,0.004433541,0.06965699,0.013707816,0.1837796,0.16962467
ZJ019139,0.11807709,0.0025174199,0.16710138,0.33389434,0.0021443886,0.0032819852,0.0046208985,0.36836252
ZJ019140,0.2771124,0.008643411,0.45598733,0.024178516,0.0015161654,0.013929564,0.008222016,0.2104106
ZJ019141,0.06019436,0.007745768,0.38356912,0.19020887,0.011710963,0.0039880592,0.00221788,0.34036493
ZJ019142,0.04265829,0.40814972,0.16824703,0.00088742276,0.26694545,0.025110291,0.046386722,0.04161517
ZJ019143,0.07194282,0.030863218,0.57597774,0.0007859227,0.010567251,0.2633028,0.028074214,0.018486066
ZJ019144,0.0985482,0.016550628,0.09939978,0.00082892535,0.000770617,0.004782338,0.38545918,0.3936604
ZJ019145,0.048392165,0.008614773,0.11947822,0.5695992,0.003565141,0.0005448271,0.004586774,0.24521884
ZJ019146,0.052253116,0.04922138,0.5189135,0.0038338276,0.023516225,0.29044837,0.05150333,0.010310247
ZJ019147,0.47345474,0.12823312,0.12307567,0.0012360805,0.0029223145,0.026382405,0.21573739,0.028958252
ZJ019148,0.18083861,0.062580675,0.09696552,0.5572384,0.037022922,0.03352139,0.01833417,0.013498324
ZJ019149,0.45016715,0.10891847,0.049263306,0.02288266,0.027542533,0.008519411,0.12687372,0.20583273
ZJ019150,0.06856569,0.00087190483,0.15684408,0.5224613,0.0052030506,0.19857082,0.0010595624,0.04642356
ZJ019151,0.06656205,0.18821031,0.028359225,0.00031083595,0.0018429193,0.052909665,0.5747283,0.08707666
ZJ019152,0.24084514,0.028299002,0.21069708,0.0031306534,0.0046646437,0.12478538,0.3352244,0.052353695
ZJ019153,0.32079163,0.10021799,0.13729045,0.0042940653,0.019907922,0.005236406,0.3876797,0.024581835
ZJ019154,0.44640312,0.13064362,0.09868146,0.042912763,0.0021365029,0.0024422705,0.018518662,0.2582616
ZJ019155,0.38485977,0.15925159,0.18804081,0.0014587714,0.11805325,0.0049153827,0.09127994,0.052140534
ZJ019156,0.3844999,0.029303472,0.45404384,0.004283768,0.0021843032,0.024481844,0.014031935,0.08717101
ZJ019157,0.004243101,0.0031399757,0.02782316,0.0010108303,0.0012999037,0.9608671,0.00040183277,0.0012140861
ZJ019158,0.23466732,0.09455087,0.2775382,0.0013736596,0.019858025,0.015710741,0.34509033,0.011210876
ZJ019159,0.2892138,0.012748094,0.5013618,0.031151963,0.0013923576,0.013674189,0.009942378,0.14051537
ZJ019160,0.07545996,0.008385098,0.024255058,0.00011610265,0.0014255795,0.009457587,0.8689216,0.0119790835
ZJ019161,0.42359692,0.03832263,0.19647516,0.051779855,0.009854043,0.014936069,0.04984058,0.2151947
ZJ019162,0.10743741,0.009124993,0.24908124,0.27991816,0.011635563,0.008834804,0.0030956669,0.33087218
ZJ019163,0.15674427,0.14429568,0.20259075,0.002045612,0.002317869,0.05686885,0.3476484,0.087488554
ZJ019164,0.11466238,0.033374038,0.35839504,0.0034317512,0.0025354566,0.049208876,0.38977954,0.048612863
ZJ019165,0.44933522,0.06765852,0.30818734,0.004044745,0.04326054,0.010480925,0.08325624,0.033776496
ZJ019166,0.11832003,0.4387912,0.1178359,0.00060116145,0.0020796398,0.12118703,0.13150226,0.069682784
ZJ019167,0.064143725,0.6018161,0.20869319,0.00020540017,0.0035748712,0.049665283,0.06874765,0.0031537267
ZJ019168,0.030319279,0.06589282,0.25496814,0.00049543707,0.0029159726,0.58921415,0.04024838,0.015945738
ZJ019169,0.19061756,0.06867498,0.2984873,0.19569565,0.014475863,0.0032147076,0.0073702238,0.22146368
ZJ019170,0.14773832,0.047204763,0.20960377,0.0086515555,0.033195175,0.4538156,0.019989537,0.07980124
ZJ019171,0.10774558,0.0005232372,0.18241131,0.27905792,0.08559132,0.008806705,0.00043654646,0.3354274
ZJ019172,0.34861866,0.03561045,0.040133845,0.37785164,0.15525654,0.010568068,0.021936897,0.0100239245
ZJ019173,0.33864686,0.060093146,0.10241576,0.0045821266,0.02925621,0.02122641,0.41972372,0.024055794
ZJ019174,0.25447956,0.13643192,0.2357984,0.001197064,0.01318347,0.020158285,0.29126406,0.04748723
ZJ019175,0.18293564,0.0891621,0.24515386,0.0011803517,0.016446065,0.009247699,0.43943742,0.016436901
ZJ019176,0.35674945,0.15659665,0.23809813,0.0014198255,0.076161966,0.0061819255,0.122184314,0.042607747
ZJ019177,0.41216564,0.12619345,0.26124835,0.0013194631,0.03257339,0.004017254,0.10991145,0.052571025
ZJ019178,0.20992276,0.1881321,0.232941,0.0054686796,0.011943114,0.052769065,0.27577126,0.023052024
ZJ019179,0.46316242,0.11906782,0.079120316,0.030751374,0.01675952,0.0070150336,0.20811872,0.0760048
ZJ019180,0.044472247,0.00020969671,0.1691596,0.3115136,0.21622646,0.009859466,9.428231e-05,0.24846467
ZJ019181,0.27760428,0.07311806,0.15135661,0.00531481,0.0047433977,0.013111314,0.4309124,0.043839093
ZJ019182,0.05840129,0.0071875253,0.10077267,0.46451527,0.010392869,0.012673848,0.0038806917,0.34217584
ZJ019183,0.34213293,0.037691332,0.2634988,0.00048111836,0.0011945333,0.006460277,0.29435682,0.054184116
ZJ019184,0.13885027,0.0011881674,0.20335239,0.40517458,0.0038472381,0.02832851,0.0015984832,0.21766041
ZJ019185,0.12454888,0.0009040476,0.35665923,0.21914408,0.003635845,0.043911107,0.002301299,0.24889553
ZJ019186,0.10035107,0.004253868,0.4109863,0.051975768,0.06512963,0.01612755,0.006357374,0.3448185
ZJ019187,0.13388892,0.07588183,0.5575043,0.0001486318,0.0018325621,0.029718734,0.16719095,0.033834126
ZJ019188,0.3336547,0.06823312,0.3130229,0.014271551,0.007374217,0.039601255,0.11005097,0.11379125
ZJ019189,0.74550885,0.0041663256,0.0105912,0.0002963189,0.1274122,0.00057643076,0.094292894,0.017155752
ZJ019190,0.24963258,0.0048971334,0.29829094,0.211844,0.030842364,0.15138419,0.010931611,0.04217718
ZJ019191,0.23220381,0.34378156,0.2072322,0.00043611415,0.0030077104,0.023462035,0.15261318,0.03726335
ZJ019192,0.17451918,0.12236352,0.09658999,0.028146923,0.008267771,0.02203366,0.46215573,0.08592328
ZJ019193,0.19284524,0.053073607,0.23389469,0.23718493,0.0052095405,0.016141461,0.018732525,0.24291801
ZJ019194,0.09856651,0.059431557,0.10391057,0.07893065,0.02877361,0.5192511,0.09094783,0.020188192
ZJ019195,0.3332864,0.036470324,0.41892025,0.00027424793,0.0026012743,0.008152925,0.19516498,0.005129587
ZJ019196,0.280155,0.015333879,0.015791997,0.6444171,0.018724836,0.013416046,0.00718477,0.00497629
ZJ019197,0.0015767593,0.0001861197,0.003739324,0.001782413,0.00010285647,0.99234617,0.00017891132,8.7411405e-05
ZJ019198,0.27266037,0.21076484,0.08349017,0.066544175,0.05372908,0.060912184,0.1902205,0.06167873
ZJ019199,0.55426997,0.14416923,0.080889165,0.0056785583,0.017449157,0.0052139447,0.13021053,0.06211953
ZJ019200,0.06481478,0.027720187,0.028278438,0.8038714,0.013499657,0.046924833,0.00676945,0.0081213275
ZJ019201,0.37790138,0.153242,0.0434978,0.029365592,0.012083536,0.0062206998,0.22549883,0.15219016
ZJ019202,0.36511904,0.19991763,0.12536722,0.029407833,0.021037025,0.011445675,0.17338881,0.07431673
ZJ019203,0.26204607,0.0047785803,0.51729774,0.02060425,0.0014375643,0.013955721,0.0056787347,0.17420128
ZJ019204,0.19270575,0.028168822,0.014854455,0.5748247,0.15375866,0.019674003,0.008494824,0.0075188037
ZJ019205,0.087951586,0.010617657,0.34458202,0.21916527,0.22164921,0.05519306,0.003999673,0.056841537
ZJ019206,0.139255,0.70004046,0.057709128,0.0012541829,0.025653105,0.0005169062,0.044783074,0.03078819
ZJ019207,0.55463016,0.025891239,0.15837982,0.0021638428,0.008691549,0.017590053,0.2124499,0.020203505
ZJ019208,0.09622929,0.0036248516,0.21443692,0.42425457,0.0020313626,0.038357317,0.0066724746,0.21439326
ZJ019209,0.23085138,0.004862546,0.16894154,0.09899206,0.3369952,0.032443292,0.01198188,0.11493212
ZJ019210,0.2125899,0.16387634,0.31668508,0.0009600141,0.005104734,0.0047464343,0.2833182,0.012719225
ZJ019211,0.05133603,0.0047336193,0.20708837,0.21089408,0.0038703927,0.014094645,0.0090778265,0.49890503
ZJ019212,0.80037224,0.0054551675,0.06322744,0.028293038,0.021377198,0.005507064,0.004893838,0.07087399
ZJ019213,0.1771119,0.0051344396,0.44326526,0.28052732,0.01013707,0.023350177,0.010833616,0.04964021
ZJ019214,0.3518787,0.049100615,0.17427501,0.0039053585,0.040422004,0.0019133019,0.36045927,0.018045776
ZJ019215,0.20763762,0.053460367,0.26802805,0.022670826,0.024982477,0.12147088,0.08402866,0.2177211
ZJ019216,0.089135155,0.009219606,0.25395733,0.43631127,0.008299942,0.009965697,0.004742056,0.1883689
ZJ019217,0.28228173,0.29159835,0.18369824,0.00029438952,0.0026491093,0.018767117,0.1753205,0.04539058
ZJ019218,0.15157358,0.045029104,0.31879592,0.0005615669,0.002114055,0.015203545,0.43114728,0.03557492
ZJ019219,0.1291329,0.1201202,0.09646959,0.010398168,0.012224658,0.5466826,0.046767548,0.03820433
ZJ019220,0.151847,0.08497047,0.14523855,0.012994801,0.052886866,0.0416793,0.42700523,0.08337781
ZJ019221,0.035206873,0.0018887919,0.10932185,0.18225828,0.0020060053,0.6415826,0.0011044656,0.026631147
ZJ019222,0.5016866,0.090354115,0.033998244,0.045535978,0.040596016,0.00858313,0.198905,0.08034088
ZJ019223,0.34548125,0.073728025,0.14356734,0.0006923301,0.0037532987,0.021006312,0.35893556,0.052835863
ZJ019224,0.79871,0.00079059985,0.02767294,0.0053615742,0.0034455436,0.00733492,0.021740183,0.1349442
ZJ019225,0.4812681,0.00966596,0.23082224,0.030595664,0.0616812,0.053150922,0.01518513,0.117630765
ZJ019226,0.09118823,0.018935628,0.34514046,0.0009445659,0.0029250872,0.003626151,0.5001597,0.037080217
ZJ019227,0.8027497,0.05129478,0.056141384,0.0007193699,0.0036883154,0.0004587517,0.032732874,0.05221489
ZJ019228,0.2445764,0.0077640587,0.47224638,0.09820787,0.005440664,0.032390542,0.006034726,0.1333393
ZJ019229,0.9455121,0.0007565346,0.004446625,4.0040657e-05,0.0018661249,0.0019414237,0.03929496,0.0061422684
ZJ019230,0.26066354,0.0497195,0.11958502,0.0016782605,0.009608462,0.014745958,0.525649,0.018350221
ZJ019231,0.19588846,0.48003834,0.0786282,0.0005697543,0.0072449306,0.0076687383,0.22584131,0.004120285
ZJ019232,0.41354808,0.12255209,0.08489687,0.016747978,0.01723385,0.004081795,0.24012417,0.100815184
ZJ019233,0.5657183,0.027542386,0.116646186,0.00120695,0.028449493,0.010195073,0.08261116,0.16763048
ZJ019234,0.08904756,0.13837163,0.08755098,0.0064249737,0.043808017,0.17038646,0.33793712,0.1264733
ZJ019235,0.2650876,0.005148684,0.48628858,0.086271,0.010521374,0.04220445,0.0103343185,0.09414393
ZJ019236,0.14277694,0.6316063,0.05973098,0.0026614806,0.013805418,0.004249158,0.1319,0.013269817
ZJ019237,0.11575623,0.08836482,0.1918155,0.00406555,0.0055074473,0.0100512095,0.5489778,0.03546154
ZJ019238,0.08741586,0.17990594,0.20286226,0.00041889443,0.0036651765,0.077033885,0.42972058,0.018977426
ZJ019239,0.11359697,0.045125436,0.31656337,0.00057967287,0.0011546744,0.0121170245,0.42702985,0.08383301
ZJ019240,0.20024137,0.1787918,0.30297866,0.00077857764,0.0063985786,0.01662369,0.28787884,0.0063084527
ZJ019241,0.0020317151,0.000291831,0.0026911024,0.003995074,7.722988e-05,0.9903367,0.00040289736,0.00017344092
ZJ019242,0.3746171,0.25601563,0.047356658,0.00960597,0.0999475,0.017695406,0.11024467,0.084517114
ZJ019243,0.1151343,0.006308949,0.3094163,0.26836208,0.02668277,0.047175907,0.0036767737,0.22324288
ZJ019244,0.101731114,0.006904004,0.33005616,0.4012122,0.0045506046,0.01564245,0.0054751383,0.13442826
ZJ019245,0.34835437,0.05428831,0.24156348,0.0012506556,0.004908313,0.023390666,0.2870318,0.03921243
ZJ019246,0.53037924,0.066242374,0.1317479,0.00068583275,0.030432148,0.019695224,0.14425525,0.07656207
ZJ019247,0.15639272,0.43301377,0.080109805,0.00901054,0.019183563,0.014760306,0.23359403,0.053935274
ZJ019248,0.38429606,0.016316663,0.14753146,0.0027285463,0.036572244,0.010742781,0.38452262,0.017289711
ZJ019249,0.18272384,0.059195824,0.2658922,0.00085744075,0.0037671095,0.023662003,0.43632406,0.027577462
ZJ019250,0.40634158,0.014321237,0.3131961,0.048807114,0.0031876557,0.04024998,0.016881537,0.15701476
ZJ019251,0.47483537,0.047907073,0.2614622,0.005831628,0.0047516692,0.03598467,0.069371335,0.09985606
ZJ019252,0.06818424,0.5874871,0.19956996,0.00035608356,0.0025381765,0.08326549,0.054778297,0.003820629
ZJ019253,0.10750497,0.0040164557,0.53244054,0.05887373,0.019673426,0.026226321,0.0017120556,0.24955249
ZJ019254,0.24267358,0.2275595,0.14125046,0.0026057865,0.009784506,0.15093985,0.21944307,0.005743243
ZJ019255,0.23323682,0.11647878,0.042893857,0.31507078,0.2270267,0.026745597,0.032844234,0.005703322
ZJ019256,0.03955665,0.8528223,0.01746695,0.000119089535,0.00027101228,0.013463322,0.028005082,0.0482956
ZJ019257,0.2696117,0.40622348,0.09236309,0.009623438,0.021939104,0.016322896,0.16096257,0.022953764
ZJ019258,0.008360641,0.005994686,0.021278417,0.00011741872,0.0050715706,0.9548495,0.0033188073,0.0010090495
ZJ019259,0.008036567,0.0016866543,0.05213151,0.00037983753,0.035911426,0.8950415,0.0029897424,0.0038226529
ZJ019260,0.14855403,0.082007915,0.047551375,0.014708434,0.045182932,0.0023302098,0.63173467,0.02793044
ZJ019261,0.052741732,0.001124132,0.25081384,0.21579179,0.0010642075,0.009122385,0.0008174206,0.4685245
ZJ019262,0.41869527,0.03615663,0.118063614,0.0067295516,0.17398591,0.02698214,0.20510584,0.014281092
ZJ019263,0.11644497,0.02935529,0.3248064,0.34579277,0.0303904,0.017025232,0.0040003103,0.1321846
ZJ019264,0.41372156,0.0011182931,0.19909248,0.20292538,0.05415074,0.019152537,0.0023155012,0.1075235
ZJ019265,0.06190166,0.0013953184,0.27716243,0.23316205,0.044210713,0.054822385,0.002974897,0.32437053
ZJ019266,0.33775854,0.18068555,0.091752574,0.023615334,0.02902369,0.0052445526,0.21734639,0.114573285
ZJ019267,0.14117463,0.13396592,0.16722065,0.0053601423,0.021667177,0.063976854,0.25619477,0.21043979
ZJ019268,0.3099571,0.24811743,0.033500664,0.020024044,0.00840163,0.008717683,0.24448426,0.12679714
ZJ019269,0.15041603,0.029687842,0.009925657,0.006714792,0.012843075,0.0007946625,0.76688206,0.022735901
ZJ019270,0.123731315,0.07330937,0.149526,0.047088582,0.003710273,0.026238786,0.016085109,0.56031054
ZJ019271,0.03747154,0.8608811,0.023677254,0.0010141291,0.010830149,0.006855903,0.0561604,0.003109614
ZJ019272,0.03195051,0.034281887,0.06664181,0.0009991206,0.006489624,0.8422245,0.01417413,0.0032384375
ZJ019273,0.34250954,0.109002024,0.07062515,0.013128202,0.01227774,0.009697455,0.23483166,0.20792823
ZJ019274,0.045814224,0.028729694,0.039253395,0.8069975,0.01570404,0.017527018,0.0058535365,0.04012068
ZJ019275,0.2477096,0.052393936,0.090020135,0.011003985,0.052777722,0.007525489,0.47163406,0.06693504
ZJ019276,0.2715476,0.24477963,0.23603469,0.0044491496,0.04736057,0.0023255378,0.13364056,0.059862293
ZJ019277,0.29773802,0.056483272,0.22913794,0.0026602428,0.0090534575,0.030933794,0.36390033,0.010092928
ZJ019278,0.17897826,0.06504277,0.20361073,0.0023209003,0.0031188389,0.018963018,0.51330656,0.014658943
ZJ019279,0.45922628,0.049803484,0.23602282,0.023862515,0.012575631,0.0064908573,0.08005529,0.13196313
ZJ019280,0.32528347,0.06323358,0.19975278,0.0008154622,0.17274104,0.026732564,0.1611004,0.05034068
ZJ019281,0.3807899,0.04372812,0.22256167,0.0021065138,0.016046278,0.0081816,0.31041643,0.016169405
ZJ019282,0.15288426,0.025458489,0.302247,0.0003920502,0.0010468313,0.02960404,0.42522225,0.06314502
ZJ019283,0.1847182,0.004945497,0.45314085,0.24812263,0.003305059,0.016018085,0.008272726,0.081476994
ZJ019284,0.23642594,0.5056331,0.118069254,0.0038138663,0.042895477,0.002977899,0.067005046,0.02317943
ZJ019285,0.107138164,0.0009165539,0.12818295,0.4786445,0.0020773672,0.0052203652,0.004281381,0.2735387
ZJ019286,0.06103184,0.05885461,0.07342392,0.71545446,0.016428629,0.029567385,0.012044566,0.033194643
ZJ019287,0.10723689,0.112526804,0.22785817,0.0013704849,0.03032668,0.122771755,0.10457435,0.29333487
ZJ019288,0.1499593,0.09031493,0.14600156,0.0066550365,0.011473035,0.044793632,0.29289702,0.25790548
ZJ019289,0.20265038,0.12516394,0.51578707,0.00021538805,0.003592693,0.011466273,0.13412501,0.006999224
ZJ019290,0.0891223,0.062338524,0.106437705,0.02603852,0.0027607314,0.6504301,0.0420339,0.020838208
ZJ019291,0.14754228,0.020285953,0.16675094,0.52451724,0.0028933866,0.009485453,0.012968959,0.11555576
ZJ019292,0.17723759,0.026635608,0.015095115,0.72964203,0.019646494,0.01696776,0.00700161,0.0077737807
ZJ019293,0.016307209,0.018355891,0.01787663,0.00034795166,0.0023388877,0.90076,0.034262992,0.009750446
ZJ019294,0.065069966,0.30154753,0.05258653,0.00030439673,0.001283454,0.059645813,0.4690513,0.050510988
ZJ019295,0.23025192,0.21638438,0.17062795,0.0011007467,0.0034185722,0.03189523,0.15438709,0.19193412
ZJ019296,0.16336806,0.004859549,0.39556953,0.33199832,0.00083490467,0.016090063,0.0072295647,0.080050014
ZJ019297,0.4795042,0.05845952,0.1905789,0.009366005,0.03354491,0.033689205,0.14922501,0.0456322
ZJ019298,0.040161632,0.77478504,0.11454422,0.00030101044,0.0047728717,0.02633845,0.037616223,0.0014805661
ZJ019299,0.43037006,0.12644851,0.12320163,0.0071340394,0.010587951,0.028746981,0.23288062,0.040630154
ZJ019300,0.08155815,0.0018502503,0.1822606,0.28585202,0.0014776483,0.0043229247,0.003687047,0.43899134
ZJ019301,0.15608987,0.13059196,0.05871505,0.005534141,0.004743755,0.00093085464,0.6290272,0.014367152
ZJ019302,0.199084,0.05150488,0.022178248,0.58661234,0.098932326,0.024025582,0.007816333,0.00984621
ZJ019303,0.23555465,0.13496329,0.25851429,0.004139399,0.0044883117,0.025274953,0.2789563,0.05810886
ZJ019304,0.9824274,0.00015929551,0.0014808995,6.295465e-05,0.00020071317,0.00026055909,0.0045626904,0.010845462
ZJ019305,0.21915048,0.08245176,0.20702042,0.0013980932,0.018095471,0.0072650923,0.44993225,0.014686383
ZJ019306,0.18248305,0.04447394,0.117017604,0.0039855456,0.013931114,0.003376021,0.6245777,0.010154977
ZJ019307,0.13637833,0.022707263,0.33954185,0.0056966254,0.0019840784,0.02225272,0.43852684,0.032912295
ZJ019308,0.1324991,0.0015927228,0.19935091,0.2814269,0.0014942308,0.004507888,0.00311363,0.3760146
ZJ019309,0.48458254,0.06464019,0.12085791,0.047798805,0.072771266,0.0060854023,0.12689658,0.0763673
ZJ019310,0.25710097,0.057777088,0.17751297,0.0027565057,0.0076984838,0.009803886,0.42952976,0.05782033
ZJ019311,0.11469366,0.690938,0.04448482,0.00047713262,0.024773454,0.0034124777,0.11634713,0.0048733307
ZJ019312,0.022968465,0.030234741,0.019363401,0.04613913,0.0016862242,0.84668523,0.025469206,0.0074536293
ZJ019313,0.05505756,0.03080304,0.10827041,0.0032131635,0.0054582385,0.5990707,0.17613003,0.021996878
ZJ019314,0.2648149,0.0029980033,0.46367553,0.11639437,0.0024699839,0.084129855,0.009281893,0.056235433
ZJ019315,0.12544936,0.30310524,0.18594512,0.0045767147,0.007784436,0.03339928,0.31887227,0.020867554
ZJ019316,0.14486289,0.2925211,0.20645723,0.0033552668,0.008416959,0.02440217,0.29024825,0.029736176
ZJ019317,0.10732609,0.60812914,0.06205687,0.0012054748,0.020150695,0.018281322,0.17262933,0.010221097
ZJ019318,0.15575936,0.008622723,0.51334566,0.0127632525,0.1620718,0.058858845,0.002436329,0.08614204
ZJ019319,0.021889627,0.041626953,0.035160504,0.00017711836,0.00092616497,0.8888628,0.008699557,0.002657278
ZJ019320,0.11089247,0.01978765,0.032170773,0.7485829,0.009999003,0.06456918,0.008931158,0.0050668255
ZJ019321,0.109079,0.036570385,0.080326356,0.5364167,0.092555925,0.04382035,0.027143959,0.07408734
ZJ019322,0.253189,0.43977943,0.1323955,0.010261018,0.02404934,0.013972578,0.09875251,0.02760056
ZJ019323,0.15776137,0.033520345,0.029675001,0.66049516,0.011515609,0.08825047,0.0044383085,0.014343705
ZJ019324,0.25195497,0.09617637,0.22458306,0.0011820331,0.037425924,0.00325257,0.3773889,0.008036182
ZJ019325,0.25151017,0.18327287,0.17859007,0.00044936102,0.026551424,0.0032494501,0.34986058,0.006516091
ZJ019326,0.10976167,0.006723,0.22651407,0.36643106,0.0035194394,0.008323661,0.0021149567,0.2766122
ZJ019327,0.106340274,0.029874127,0.4752056,0.0007606639,0.0024870902,0.05401497,0.30764076,0.023676548
ZJ019328,0.4278375,0.06768309,0.21775874,0.011449441,0.12932567,0.016907493,0.10918037,0.019857667
ZJ019329,0.5463521,0.0011335352,0.14776418,0.009175224,0.0077908523,0.017153978,0.0020070092,0.26862305
ZJ019330,0.050074935,0.0050243735,0.1798955,0.5922271,0.04950781,0.024100242,0.002896974,0.09627303
ZJ019331,0.031400677,0.016293706,0.028559227,0.000541373,0.00025324404,0.8541298,0.064892605,0.0039293873
ZJ019332,0.23224148,0.15347743,0.08439801,0.11675837,0.0019933535,0.0022858004,0.01139063,0.3974549
ZJ019333,0.13231793,0.03650969,0.12434006,0.00020322156,0.0036856453,0.0016175405,0.6956546,0.005671327
ZJ019334,0.35392207,0.1506632,0.24663375,0.0035867214,0.084838025,0.005735321,0.10293745,0.05168344
ZJ019335,0.0025776192,0.0019418965,0.008499082,0.00026236917,0.00015578198,0.98508465,0.0002658534,0.0012126938
ZJ019336,0.064912654,0.026323846,0.5168789,0.0005370897,0.030434566,0.30756924,0.04936066,0.003983077
ZJ019337,0.27260375,0.022346618,0.30760217,0.00021744026,0.0030465133,0.01215622,0.36782932,0.014197932
ZJ019338,0.30489862,0.10106346,0.23482005,0.023147909,0.1173364,0.058009382,0.0334662,0.127258
ZJ019339,0.1463072,0.023229139,0.29272744,0.00050535356,0.0037102585,0.039488472,0.4730931,0.02093908
ZJ019340,0.3176132,0.025345307,0.028768742,0.4662046,0.08978482,0.03107153,0.01982861,0.021383174
ZJ019341,0.14457011,0.04912916,0.6171771,0.0013057002,0.0071356283,0.11332349,0.0472828,0.02007597
ZJ019342,0.20340312,0.08665239,0.049293548,0.4174189,0.15948632,0.028984671,0.028784564,0.025976496
ZJ019343,0.77942175,0.0074044275,0.029318357,0.05268408,0.027411928,0.012359505,0.011282155,0.08011774
ZJ019344,0.26417944,0.21037407,0.08709248,0.012442706,0.014337878,0.008893351,0.23041585,0.17226417
ZJ019345,0.29518762,0.068386756,0.26975495,0.0049291686,0.027516108,0.075688496,0.073669665,0.18486728
ZJ019346,0.27684334,0.18373097,0.12546052,0.011849683,0.010314671,0.023173308,0.24238439,0.12624319
ZJ019347,0.06347612,0.005195345,0.14953013,0.47472697,0.01147595,0.038180903,0.002103707,0.25531092
ZJ019348,0.28459367,0.057008818,0.31885284,0.0010505922,0.041654315,0.048004813,0.2348706,0.013964378
ZJ019349,0.05168167,0.89084643,0.010194447,0.0005993584,0.0028500094,0.004583647,0.03452038,0.004724027
ZJ019350,0.38768995,0.094561785,0.21273409,0.012520311,0.025288109,0.0055745,0.1894038,0.07222741
ZJ019351,0.27280205,0.0018095006,0.16255632,0.3370705,0.004779022,0.01714747,0.002867453,0.20096764
ZJ019352,0.15092295,0.2712035,0.11567184,0.0039428053,0.029322201,0.03932958,0.16520087,0.22440626
ZJ019353,0.0222872,0.8684945,0.03066455,0.0014448805,0.0012513838,0.0015373278,0.04108963,0.03323049
ZJ019354,0.30135143,0.07694296,0.3624688,0.0033787722,0.0032854534,0.06756462,0.16318987,0.021818109
ZJ019355,0.1934988,0.026607523,0.14227292,0.10309857,0.008777616,0.00796296,0.03313246,0.48464915
ZJ019356,0.13965857,0.014696708,0.19481783,0.0026659723,0.003926184,0.28591925,0.261727,0.0965886
ZJ019357,0.17880952,0.38451627,0.20539686,0.00045615254,0.005502052,0.038934365,0.15255632,0.033828463
ZJ019358,0.40703148,0.11801884,0.041591324,0.029480351,0.043120213,0.011363773,0.20241874,0.14697525
ZJ019359,0.20178643,0.04540996,0.019986598,0.6221857,0.077841744,0.014334539,0.012845923,0.005609012
ZJ019360,0.28666922,0.06314959,0.20225762,0.0034937784,0.041384768,0.030505277,0.31541178,0.05712796
ZJ019361,0.0022837874,0.0009782729,0.0115518235,0.00059925916,0.00019097122,0.98100793,0.0015506438,0.0018372616
ZJ019362,0.09020048,0.7822648,0.027440945,0.0036714922,0.0071122423,0.010558445,0.039767355,0.03898416
ZJ019363,0.10186366,0.034848325,0.28770113,0.0053046905,0.0030362129,0.01795643,0.48315772,0.06613186
ZJ019364,0.10921658,0.062015533,0.11849067,0.00027840637,0.003963661,0.0061817775,0.68829,0.011563452
ZJ019365,0.024089549,0.0015870435,0.0011682126,0.67253405,0.0013463418,0.2981052,0.001007101,0.00016248666
ZJ019366,0.12622423,0.16229822,0.34877944,0.0008187402,0.022249766,0.10093614,0.15832971,0.08036376
ZJ019367,0.4918541,0.090181716,0.16287194,0.016132588,0.026983198,0.011400583,0.12711467,0.07346113
ZJ019368,0.2858129,0.04490178,0.36420253,0.000399905,0.005007583,0.01051375,0.28392813,0.005233369
ZJ019369,0.0050276048,0.0033783605,0.0032472904,0.0026841427,5.1296523e-05,0.98281014,0.002317562,0.00048364507
ZJ019370,0.26400316,0.10914598,0.034567848,0.0005000722,0.051940065,0.024227772,0.51191825,0.0036968137
ZJ019371,0.06862054,0.041388515,0.25264356,0.02957984,0.0009126064,0.0076863174,0.5663843,0.03278426
ZJ019372,0.2105092,0.3894538,0.14354594,0.0060482034,0.015485189,0.0152664175,0.08040417,0.13928707
ZJ019373,0.1465568,0.28408068,0.21664672,0.0071357507,0.008433021,0.027735468,0.28052688,0.028884737
ZJ019374,0.24185224,0.017038474,0.1926962,0.41144502,0.0014148742,0.011762097,0.014988118,0.108802944
ZJ019375,0.1249027,0.0016867984,0.24828433,0.4377606,0.0031144323,0.005927033,0.0034260484,0.17489812
ZJ019376,0.056325402,0.012746411,0.08712891,0.00041142502,0.00081288454,0.015653687,0.7144602,0.11246115
ZJ019377,0.10963377,0.013752577,0.32032725,0.0052138143,0.0022721258,0.04149727,0.4362671,0.07103608
ZJ019378,0.48273277,0.008911834,0.010415627,0.41639638,0.03605693,0.02804209,0.010153882,0.00729052
ZJ019379,0.2635501,0.260369,0.14933443,0.0055013145,0.12283121,0.019642817,0.16664577,0.012125298
ZJ019380,0.22735383,0.06947727,0.23648599,0.0010407891,0.006973901,0.033082705,0.3956238,0.029961724
ZJ019381,0.2589795,0.004902244,0.34831077,0.23521365,0.015026205,0.07430831,0.012156335,0.05110293
ZJ019382,0.1405849,0.65540373,0.106049486,0.0057467017,0.01569677,0.0050622323,0.04985695,0.021599192
ZJ019383,0.115680836,0.01845494,0.27629986,0.3389588,0.017027302,0.024463167,0.005790519,0.2033246
ZJ019384,0.03860106,0.04395655,0.022418164,0.010484507,0.0059067793,0.8516451,0.015636878,0.011350926
ZJ019385,0.24854094,0.15012853,0.16217993,0.0029002805,0.0028982544,0.012160491,0.3723872,0.048804324
ZJ019386,0.07387803,0.0063907895,0.41826138,0.27769756,0.115871556,0.03379072,0.0025780245,0.07153189
ZJ019387,0.017483447,0.106148876,0.09257446,0.00027280833,0.004260173,0.7366134,0.020184686,0.022462117
ZJ019388,0.20725523,0.4620571,0.0836771,0.031446815,0.023961192,0.008737452,0.14588152,0.036983617
ZJ019389,0.040881168,0.06350062,0.4037876,0.00044483156,0.021843636,0.4320891,0.022089778,0.015363268
ZJ019390,0.19237971,0.18974802,0.20594348,0.004031417,0.008216261,0.021396378,0.34745854,0.030826274
ZJ019391,0.15611424,0.022458268,0.2782492,0.00061091874,0.20155486,0.15249597,0.18206123,0.0064553134
ZJ019392,0.38363522,0.10899745,0.032441963,0.0010596544,0.0036182741,0.0037879988,0.45806515,0.008394302
ZJ019393,0.7622019,0.03955633,0.07394616,0.001504181,0.010654678,0.014694662,0.08720164,0.010240501
ZJ019394,0.29952988,0.10977961,0.35318017,0.0014153225,0.012975687,0.05631953,0.08399346,0.08280635
ZJ019395,0.31519035,0.22569922,0.24196962,0.004904606,0.022873895,0.0035019526,0.12378168,0.062078644
ZJ019396,0.47207856,0.013617303,0.12473522,0.2677102,0.032472163,0.00424736,0.0042437203,0.08089547
ZJ019397,0.10722703,0.14211681,0.18240808,0.0023179231,0.024697768,0.13530742,0.3191755,0.086749464
ZJ019398,0.12718846,0.10874038,0.32184246,0.004977885,0.03828433,0.11330821,0.25219622,0.033462062
ZJ019399,0.22565228,0.24538112,0.07792988,0.020408444,0.013089803,0.016406968,0.2564786,0.14465287
ZJ019400,0.4375309,0.064563185,0.16859877,0.005129875,0.077663764,0.03130284,0.16878553,0.04642509
ZJ019401,0.22602639,0.069140695,0.2215325,0.0017705165,0.05263899,0.00930811,0.39537776,0.024205066
ZJ019402,0.07139827,0.7277345,0.046073783,0.00031936142,0.0013626848,0.021690886,0.11258035,0.018840162
ZJ019403,0.08876654,0.006723839,0.17809722,0.1793745,0.009923399,0.04712786,0.0016331783,0.48835352
ZJ019404,0.09899357,0.027241256,0.18770196,0.3926576,0.01640751,0.017120128,0.0056295125,0.25424844
ZJ019405,0.4840823,0.037505414,0.075827025,0.0006640105,0.0027582415,0.0025900588,0.37966132,0.016911574
ZJ019406,0.24746935,0.030238848,0.24183282,0.061694715,0.01032209,0.0042345216,0.026629064,0.3775786
ZJ019407,0.392265,0.156867,0.13739957,0.050945472,0.07141552,0.0057921344,0.11205606,0.0732593
ZJ019408,0.058878645,0.7688246,0.011310453,0.0058015687,0.008679879,0.0030953158,0.10473284,0.038676705
ZJ019409,0.11924783,0.05527219,0.10134513,0.0005198957,0.01582389,0.0063572493,0.6690666,0.032367136
ZJ019410,0.06780374,0.7071727,0.033875376,0.00029108327,0.0012819977,0.018785344,0.13204269,0.038747143
ZJ019411,0.32804796,0.0048739356,0.46900567,0.038232736,0.0012396709,0.008489473,0.012001771,0.1381088
ZJ019412,0.19318427,0.2522223,0.061323706,0.014930776,0.004869027,0.0026429996,0.27059272,0.20023413
ZJ019413,0.16884299,0.3031111,0.17588538,0.039588988,0.0074947807,0.01879281,0.05949242,0.22679158
ZJ019414,0.32602602,0.04581756,0.20348603,0.040622648,0.008774442,0.01655067,0.08999739,0.26872525
ZJ019415,0.015475469,0.0017190699,0.00980644,0.044549577,0.001961287,0.92251307,0.0011344556,0.002840605
ZJ019416,0.032696374,0.0030480172,0.13125327,0.64113283,0.0025983683,0.01957085,0.001014212,0.16868608
ZJ019417,0.14421485,0.7503236,0.012153864,0.0033093484,0.028378341,0.0013941491,0.02744726,0.032778546
ZJ019418,0.05970814,0.0067103407,0.41711468,0.09598903,0.021685813,0.017759418,0.00088359986,0.380149
ZJ019419,0.16739859,0.21163566,0.20231988,0.004972441,0.008234594,0.03174814,0.3385394,0.035151232
ZJ019420,0.32919785,0.056105394,0.21445757,0.00081588724,0.00948435,0.033040456,0.32711148,0.029786972
ZJ019421,0.04807231,0.005843553,0.013755701,4.2828513e-05,0.009743493,0.00038348231,0.9107633,0.011395305
ZJ019422,0.12990713,0.08221625,0.04667739,0.0298908,0.016560705,0.010331158,0.51837957,0.16603701
ZJ019423,0.1299851,0.0099227885,0.067217894,0.0010927591,0.0058630216,0.52442265,0.2542003,0.0072954693
ZJ019424,0.36169866,0.029169548,0.11291414,0.0007015283,0.026143054,0.010806522,0.44150773,0.017058793
ZJ019425,0.37908074,0.026647843,0.19487095,0.007404283,0.101475045,0.015806621,0.25806406,0.016650446
ZJ019426,0.1870894,0.20749475,0.22546451,0.0005068171,0.030371623,0.0006114873,0.33550894,0.012952448
ZJ019427,0.06731719,0.0030578498,0.25383767,0.31765035,0.0017157127,0.0039914115,0.005022661,0.34740722
ZJ019428,0.049457323,0.036754888,0.2327846,0.0003448228,0.0053058914,0.53593004,0.08697849,0.052444004
ZJ019429,0.3334562,0.116871245,0.27125388,0.005997745,0.10461335,0.014877386,0.059178017,0.09375218
ZJ019430,0.23141329,0.072541244,0.39951518,0.0006045115,0.0052547054,0.016568176,0.261815,0.012287877
ZJ019431,0.044149455,0.021242805,0.053534623,0.0036281603,0.0043091774,0.8295422,0.014845301,0.028748263
ZJ019432,0.08405405,0.35143596,0.09354043,0.0041841,0.052135427,0.077521905,0.17415914,0.162969
ZJ019433,0.2661964,0.007840987,0.28045473,0.34589767,0.0068322103,0.031312913,0.017289178,0.04417592
ZJ019434,0.17863603,0.05974544,0.44970515,0.002251387,0.030144999,0.1616711,0.075541176,0.04230467
ZJ019435,0.21831475,0.13522308,0.17225304,0.009115301,0.08592045,0.04982307,0.23113792,0.0982124
ZJ019436,0.16125669,0.5438558,0.07836886,0.00047490574,0.023329396,0.01678508,0.17268874,0.003240557
ZJ019437,0.16507393,0.58038497,0.091233395,0.004253897,0.006372202,0.0037676748,0.06425041,0.08466358
ZJ019438,0.06507289,0.03876998,0.32821226,0.0015074397,0.01430805,0.07487065,0.46485442,0.012404281
ZJ019439,0.1915364,0.05022936,0.36862198,0.003070385,0.0046825167,0.087111585,0.19416381,0.10058388
ZJ019440,0.25615802,0.15911244,0.18018645,0.026105074,0.007947742,0.024069224,0.12680767,0.21961337
ZJ019441,0.644042,0.011083552,0.111283205,0.027771924,0.08355106,0.054516792,0.010669915,0.057081573
ZJ019442,0.037026405,0.007484791,0.13151814,0.00020582833,0.0034776838,0.75766826,0.049566224,0.013052633
ZJ019443,0.42742804,0.059072003,0.18660119,0.0012336838,0.023838537,0.01661665,0.12548192,0.15972802
ZJ019444,0.08473506,0.05698471,0.3428524,0.21926567,0.166023,0.026943529,0.0052247876,0.09797085
ZJ019445,0.21584791,0.054106917,0.297746,0.0023964713,0.007452737,0.055214666,0.34674895,0.020486332
ZJ019446,0.022290656,0.03200307,0.07535834,0.0002119135,0.0011865965,0.8579398,0.008537122,0.002472509
ZJ019447,0.26955655,0.026342709,0.060372263,0.004472879,0.020967316,0.00962793,0.58454716,0.024113229
ZJ019448,0.27643287,0.08127771,0.023532601,0.27737105,0.23479696,0.08471807,0.014313263,0.007557534
ZJ019449,0.09252307,0.80039436,0.04954745,0.0013430953,0.006539814,0.0010757477,0.042354323,0.006222156
ZJ019450,0.13138144,0.002250417,0.19030635,0.37020817,0.0013880976,0.010825146,0.002141181,0.29149923
ZJ019451,0.18464598,0.02214971,0.4860554,0.00062184175,0.003800929,0.054628853,0.23652144,0.01157581
ZJ019452,0.113661945,0.0052198833,0.23835738,0.20572495,0.010966372,0.3916646,0.008494628,0.02591028
ZJ019453,0.034042463,0.022125524,0.03696848,0.0010405153,0.0005214672,0.8072802,0.08835971,0.009661669
ZJ019454,0.2015116,0.016837131,0.15164553,0.47976047,0.005062408,0.023060251,0.02611373,0.0960089
ZJ019455,0.30886132,0.26518777,0.20809805,0.0039798636,0.037083838,0.008917464,0.13318783,0.034683917
ZJ019456,0.09655259,0.0011188351,0.29333538,0.027495218,0.04196016,0.46038643,0.0056692995,0.07348211
ZJ019457,0.26178193,0.13819094,0.2466752,0.0021818124,0.027031891,0.0403152,0.17969552,0.10412754
ZJ019458,0.0070120557,0.0040314314,0.015924668,5.236453e-05,0.0024298504,0.96636385,0.0034532615,0.0007325277
ZJ019459,0.14349495,0.017177891,0.25992155,0.32499996,0.045290384,0.027519047,0.00393491,0.17766137
ZJ019460,0.0700024,0.2158848,0.041753974,0.0002425087,0.004830996,0.005248172,0.58608055,0.07595657
ZJ019461,0.4863904,0.15444453,0.10760545,0.025317313,0.027217017,0.006323099,0.094578184,0.09812393
ZJ019462,0.122414276,0.004616354,0.21323436,0.19073679,0.0051478096,0.44051242,0.0070937197,0.016244266
ZJ019463,0.49465194,0.11637749,0.06868784,0.026975412,0.0050014406,0.009286563,0.021222407,0.25779688
ZJ019464,0.09793836,0.6823611,0.060498394,0.00031891145,0.0010793383,0.0108091775,0.086728126,0.060266554
ZJ019465,0.28043783,0.04978644,0.22100826,0.0139369,0.056068845,0.10538177,0.23742461,0.035955325
ZJ019466,0.22663932,0.042012494,0.27846432,0.000749488,0.004618016,0.034717277,0.39086503,0.021934096
ZJ019467,0.21029185,0.023190806,0.33656833,0.10469912,0.048599962,0.014005274,0.001901082,0.26074362
ZJ019468,0.07906077,0.042831074,0.14133495,0.00227519,0.027225364,0.0037245522,0.6828658,0.020682339
ZJ019469,0.5188942,0.017778186,0.11804144,0.0044244193,0.044836517,0.010826803,0.26838192,0.016816545
ZJ019470,0.3811163,0.13725977,0.2601875,0.0019899365,0.031218795,0.0075250673,0.11710102,0.06360157
ZJ019471,0.28823385,0.19179581,0.38296598,0.0001461018,0.003054327,0.012743153,0.11407998,0.0069808136
ZJ019472,0.23879394,0.008690396,0.17006916,0.41047093,0.03262562,0.018189952,0.020367442,0.10079261
ZJ019473,0.00010155422,3.5683665e-06,0.00072256965,5.068122e-08,3.100924e-06,0.9991325,1.5931066e-05,2.0746693e-05
ZJ019474,0.17247565,0.02543551,0.4170169,0.0006074327,0.002284118,0.06717574,0.30101666,0.013988013
ZJ019475,0.1673605,0.044556834,0.12198604,0.0004200635,0.08220924,0.0055405046,0.549715,0.028211875
ZJ019476,0.3477575,0.13143536,0.09926799,0.024582418,0.031222815,0.0075381557,0.19108698,0.16710873
ZJ019477,0.2772754,0.37814108,0.16022892,0.0024056826,0.032010403,0.0050022067,0.09717395,0.04776233
ZJ019478,0.36479732,0.10232152,0.17516635,0.0013624602,0.0064004986,0.0034161299,0.33132017,0.0152155105
ZJ019479,0.39686313,0.117285274,0.07379707,0.015725652,0.0070010405,0.0024197497,0.25836208,0.128546
ZJ019480,0.19868162,0.08240307,0.30943987,0.00052192353,0.10146123,0.0070906933,0.29119867,0.009202901
ZJ019481,0.42211437,0.059004836,0.19829527,0.0066674477,0.062108904,0.015795384,0.19999476,0.036019024
ZJ019482,0.20609257,0.12025959,0.28523478,0.001385927,0.029261144,0.023799682,0.26802444,0.06594183
ZJ019483,0.25985986,0.05194566,0.27493513,0.005928579,0.03908451,0.080147915,0.25095788,0.03714052
ZJ019484,0.041293807,0.017498014,0.038322598,0.032416493,0.0011228408,0.85130864,0.011252455,0.006785184
ZJ019485,0.044148643,0.82592416,0.038174655,0.0016279927,0.0070403973,0.008771645,0.06832757,0.005984938
ZJ019486,0.3113054,0.10042232,0.11208219,0.0006175708,0.0153835425,0.017435554,0.43264624,0.010107192
ZJ019487,0.2238426,0.032487635,0.13151087,0.0003656384,0.019313144,0.022971509,0.56478685,0.004721743
ZJ019488,0.072446845,0.19551656,0.15842527,0.0018140505,0.07911752,0.37360352,0.08790844,0.031167809
ZJ019489,0.19577722,0.040203407,0.5334761,0.0008916123,0.004528579,0.009995745,0.1721653,0.0429621
ZJ019490,0.0871974,0.0045664757,0.44062978,0.089439295,0.026364475,0.018174844,0.003589573,0.3300382
ZJ019491,0.19411603,0.032273464,0.1334311,0.0027852375,0.06632433,0.1580971,0.3636622,0.049310524
ZJ019492,0.18247299,0.45503294,0.1440864,0.00061439583,0.0020889458,0.0144416075,0.17168245,0.029580267
ZJ019493,0.89167696,0.017052406,0.039533135,0.0008246941,0.01930124,0.0015234997,0.028181406,0.0019066234
ZJ019494,0.23436424,0.06945224,0.19961666,0.008568664,0.07122556,0.13122071,0.24599841,0.039553545
ZJ019495,0.30012548,0.02354194,0.28637114,0.0012325104,0.008512341,0.011169956,0.35722846,0.011818162
ZJ019496,0.032263912,0.00029230557,0.26776665,0.2637229,0.00054628967,0.028671851,0.00037493196,0.40636113
ZJ019497,0.04326746,0.64511365,0.06083857,0.0021369213,0.11025955,0.046004657,0.036192447,0.05618672
ZJ019498,0.04891164,0.0772312,0.119694926,0.04378622,0.0033711707,0.6601755,0.02117859,0.025650661
ZJ019499,0.3368788,0.22777495,0.17352079,0.006862999,0.03343142,0.039333392,0.13984774,0.042349882
ZJ019500,0.07185223,0.0022992326,0.12681232,0.27298146,0.19971028,0.17711805,0.003289389,0.14593703
ZJ019501,0.10646682,0.01764374,0.16226275,0.00038945503,0.0022999845,0.0052233883,0.6821532,0.023560543
ZJ019502,0.0026182563,0.0034444886,0.015139654,0.0005141112,0.0005374232,0.97733545,0.00036997272,4.063706e-05
ZJ019503,0.21413344,0.04725325,0.33499107,0.0036751009,0.05331003,0.12209096,0.20551817,0.019028002
ZJ019504,0.41310686,0.086605266,0.2766394,0.0007505365,0.004444419,0.017195025,0.19053066,0.010727863
ZJ019505,0.19759437,0.039241474,0.16805165,0.028108351,0.013789156,0.0072914925,0.42497995,0.12094353
ZJ019506,0.4027494,0.013278418,0.017810153,0.00013704575,0.48744476,0.07632525,0.0014667717,0.0007881948
ZJ019507,0.3832567,0.11699354,0.1028098,0.028573655,0.014954859,0.01642195,0.26290542,0.074084096
ZJ019508,0.52466875,0.066095404,0.12333674,0.0016341698,0.08565852,0.040965606,0.113602035,0.04403874
ZJ019509,0.18876073,0.0014146891,0.30053312,0.44141966,0.00021530193,0.0066625383,0.0018638142,0.0591301
ZJ019510,0.39672002,0.07277357,0.22143234,0.0410942,0.03162619,0.006334329,0.10138605,0.12863332
ZJ019511,0.04467579,0.08198495,0.053838003,0.73157287,0.043625522,0.025542276,0.0068467013,0.011913916
ZJ019512,0.052347697,0.063774064,0.048645955,0.0025007552,0.0050239856,0.7642173,0.034433804,0.029056419
ZJ019513,0.2469712,0.0049976073,0.50806844,0.09631285,0.006814369,0.063800015,0.010739971,0.062295526
ZJ019514,0.0797307,0.08972483,0.055611853,0.00033917083,0.012812436,0.649688,0.08802376,0.024069337
ZJ019515,0.11813425,0.015346061,0.65341365,0.0005939593,0.0046258965,0.015978659,0.09982798,0.09207956
ZJ019516,0.10341119,0.035601705,0.18456967,0.008329358,0.01897729,0.5152496,0.04556448,0.088296704
ZJ019517,0.00022654061,3.6759368e-06,0.00070503086,1.3702709e-05,7.819635e-06,0.9990004,2.166987e-05,2.1128028e-05
ZJ019518,0.3497321,0.19328092,0.21756525,0.006809459,0.050178923,0.0054978617,0.13044967,0.046485726
ZJ019519,0.16936429,0.000872972,0.14499475,0.2069921,0.0019738965,0.008326737,0.0022706303,0.4652047
ZJ019520,0.41848576,0.006944224,0.0516985,0.0013064219,0.016672345,0.0015854113,0.48204222,0.021265121
ZJ019521,0.17519163,0.06485141,0.4567938,0.00016402315,0.0007291424,0.013029258,0.24976665,0.039474092
ZJ019522,0.9212829,0.009617566,0.021978296,0.00023845024,0.0020578776,0.0017620843,0.028865065,0.014197746
ZJ019523,0.0691373,0.010634939,0.17194161,0.00014638047,0.001104146,0.6439276,0.07032538,0.03278266
ZJ019524,0.35930547,0.069039375,0.08702862,0.0128666125,0.044768695,0.0077986354,0.21172029,0.20747235
ZJ019525,0.42471573,0.033165142,0.080432914,0.0011047161,0.009245683,0.021966303,0.3854477,0.043921802
ZJ019526,0.37435558,0.13499656,0.070637606,0.03197367,0.015771441,0.010438049,0.18076813,0.18105894
ZJ019527,0.31580895,0.006084985,0.35800385,0.18177283,0.008688827,0.06999439,0.01692361,0.042722575
ZJ019528,0.09446972,0.43839467,0.08102283,0.000956281,0.012143538,0.032743033,0.31992456,0.020345366
ZJ019529,0.25144905,0.09238973,0.33395857,0.111369506,0.004751028,0.016571967,0.05793236,0.13157782
ZJ019530,0.30115792,0.09305732,0.30112764,0.0013408309,0.011554329,0.014559744,0.25896865,0.018233448
ZJ019531,2.5443065e-05,1.0090299e-06,0.00024360523,3.2424143e-08,1.1811347e-06,0.99972147,2.8876964e-06,4.374733e-06
ZJ019532,0.06731197,0.40912226,0.019830875,0.0011802884,0.00087271753,0.00940541,0.4784675,0.013808986
ZJ019533,0.2796202,0.18330424,0.19622342,0.0006151248,0.027816525,0.0023602243,0.30465803,0.0054022493
ZJ019534,0.34653112,0.124176875,0.21658593,0.0100963805,0.064250015,0.010804311,0.11716644,0.11038899
ZJ019535,0.25962192,0.21597809,0.05112528,0.014308827,0.013849509,0.0052305437,0.1935165,0.24636929
ZJ019536,0.11388062,0.0026497105,0.36629534,0.15759149,0.07499648,0.13017334,0.00793582,0.14647722
ZJ019537,0.12098265,0.008665546,0.18288511,0.57040405,0.0012820195,0.005575604,0.012776417,0.09742859
ZJ019538,0.38668415,0.058045574,0.15887429,0.0025753875,0.01726144,0.0054671257,0.33571705,0.035374995
ZJ019539,0.41815972,0.09732586,0.0328653,0.052808348,0.08937348,0.008521704,0.1956868,0.10525871
ZJ019540,0.5891673,0.017632157,0.12647714,0.0007762515,0.005681428,0.005633003,0.22883315,0.025799582
ZJ019541,0.052080013,0.0775106,0.39756668,0.0050714426,0.008932571,0.40769902,0.035784602,0.015355055
ZJ019542,0.327561,0.13180777,0.30079547,0.0055785677,0.09908083,0.0069005927,0.047185045,0.08109074
ZJ019543,0.28565675,0.1498506,0.33453643,0.0017205096,0.007888865,0.02155329,0.082142346,0.11665121
ZJ019544,0.7971545,0.008206192,0.043224584,0.018443642,0.0019761673,0.008419584,0.011345671,0.11122963
ZJ019545,0.08283473,0.65789205,0.036707822,0.0015705918,0.013858762,0.0037609509,0.16114286,0.04223219
ZJ019546,0.09734114,0.04649034,0.2849331,0.0038833548,0.0019423323,0.010956118,0.50036436,0.054089215
ZJ019547,0.24668597,0.27814704,0.113589786,0.015945807,0.017044472,0.023781653,0.20304981,0.10175551
ZJ019548,0.058263194,0.042999774,0.2639639,0.0019247304,0.021782774,0.15197009,0.44546303,0.013632484
ZJ019549,0.43355393,0.020334732,0.27952746,0.0023146162,0.00983412,0.058193963,0.17769733,0.018543858
ZJ019550,0.018580705,0.9263568,0.024819195,4.1861073e-05,0.0004974896,0.0020499872,0.025451234,0.0022027509
ZJ019551,0.20602773,0.16589661,0.23754731,0.0035400426,0.006873982,0.03601326,0.3230285,0.02107259
ZJ019552,0.13123578,0.04278923,0.1851074,0.17778891,0.022262534,0.008372166,0.01048657,0.42195737
ZJ019553,0.13004111,0.03858374,0.2399916,0.22095667,0.048784733,0.013270582,0.0088286,0.29954296
ZJ019554,0.1211697,0.11345171,0.311186,0.003992385,0.004103139,0.039610196,0.38924068,0.017246163
ZJ019555,0.080313995,0.057043057,0.3696836,0.00029485277,0.0018943825,0.00065491704,0.4250512,0.06506394
ZJ019556,0.108546965,0.04260922,0.26527,0.0026486258,0.00210154,0.0040172962,0.5497918,0.025014559
ZJ019557,0.2001043,0.08405,0.189599,0.0033915045,0.047328074,0.052548196,0.39707562,0.025903286
ZJ019558,0.27156237,0.13942252,0.38761884,0.0008734947,0.018895345,0.039995067,0.12649779,0.015134529
ZJ019559,0.34901407,0.021446379,0.025491603,0.49188098,0.07137531,0.018095683,0.009756691,0.01293928
ZJ019560,0.07593669,0.01689051,0.30065176,0.004626197,0.0016829888,0.028468387,0.49533552,0.07640798
ZJ019561,0.065491065,0.85616815,0.01435711,0.005994046,0.013374087,0.0030217932,0.021091023,0.020502698
ZJ019562,0.057304088,0.0929595,0.09691707,0.027956294,0.0060115587,0.643686,0.048387174,0.02677828
ZJ019563,0.43469298,0.06367001,0.18303856,0.0027372348,0.009166989,0.12299029,0.12278161,0.06092234
ZJ019564,0.29863176,0.04990411,0.21830922,0.009748763,0.052844055,0.012403727,0.3209071,0.037251286
ZJ019565,0.08003471,0.3576685,0.36247927,0.004217293,0.0070808707,0.032579567,0.11146612,0.044473726
ZJ019566,0.5196662,0.019674303,0.16698283,0.06956601,0.0014047711,0.003747024,0.014093327,0.2048655
ZJ019567,0.101117015,0.01422773,0.31068042,0.25664994,0.00992476,0.011777125,0.010697389,0.28492567
ZJ019568,0.1398468,0.038880613,0.050809182,0.6773794,0.026512822,0.029729215,0.01007859,0.02676336
ZJ019569,0.3256127,0.13405815,0.06718276,0.026616756,0.0066257394,0.002305019,0.30663118,0.13096772
ZJ019570,0.22885369,0.037170127,0.21783954,0.00037339353,0.0142145725,0.011810373,0.48639444,0.0033438506
ZJ019571,0.13067102,0.28220183,0.1835673,0.0043372223,0.010965562,0.06840739,0.29402706,0.025822593
ZJ019572,0.052127212,0.0010491513,0.2838612,0.37110505,0.03566474,0.12451942,0.0011973326,0.13047588
ZJ019573,0.21294922,0.08772359,0.32215673,0.0029097574,0.012484492,0.03538328,0.25061366,0.07577922
ZJ019574,0.3712779,0.10661835,0.1883879,0.006542303,0.02061964,0.039476756,0.22653182,0.040545296
ZJ019575,0.22798185,0.059246317,0.03143446,0.029087735,0.020072963,0.00612288,0.517348,0.10870569
ZJ019576,0.106793255,0.001173242,0.19960089,0.51243573,0.0022506572,0.07164659,0.0013180056,0.10478154
ZJ019577,0.4000318,0.38958183,0.053415753,0.0057037324,0.046381507,0.0046751625,0.0673314,0.03287877
ZJ019578,0.15331326,0.06167127,0.43410555,0.003693297,0.0058522476,0.026686218,0.2936621,0.021016091
ZJ019579,0.1879245,0.0045652566,0.4241252,0.3032784,0.0018599684,0.044264868,0.008053853,0.025927898
ZJ019580,0.17860442,0.06808549,0.22407089,0.0006511133,0.0050356057,0.0154473055,0.48218793,0.025917245
ZJ019581,0.29574454,0.005895366,0.49800852,0.08063386,0.0038798207,0.020363709,0.007872858,0.08760136
ZJ019582,0.087113254,0.7745804,0.037904873,0.0012932271,0.0070110257,0.0087660635,0.07571451,0.0076165926
ZJ019583,0.11592606,0.11376931,0.56714183,7.8273835e-05,0.0014402996,0.003362828,0.1905167,0.007764676
ZJ019584,0.10920587,0.120066315,0.06574866,0.011994949,0.0652402,0.0030394243,0.55445576,0.07024878
ZJ019585,0.25016734,0.15929817,0.23648287,0.009610697,0.11669615,0.054737516,0.06002621,0.11298106
ZJ019586,0.16119355,0.20887896,0.06361521,0.02677379,0.0061160694,0.00561091,0.18165398,0.34615752
ZJ019587,0.24887791,0.13700442,0.04427193,0.007264279,0.0062624402,0.0030084632,0.27278772,0.2805228
ZJ019588,0.42935348,0.092619576,0.17969036,0.003546766,0.04169715,0.014666028,0.18808842,0.050338246
ZJ019589,0.27595282,0.006294632,0.16387297,0.110871516,0.04395624,0.008316118,0.0045624874,0.38617322
ZJ019590,0.39732483,0.044931423,0.15617412,0.0029268528,0.009078038,0.042109486,0.3181897,0.029265512
ZJ019591,0.119442105,0.084476724,0.5137803,0.0006801782,0.023175534,0.0321113,0.17404716,0.052286714
ZJ019592,0.8078035,0.028813697,0.043231502,0.006718543,0.0031807781,0.0062142788,0.061766624,0.042271096
ZJ019593,0.120266005,0.030802455,0.0359143,0.750968,0.017510047,0.029854499,0.00805748,0.0066272966
ZJ019594,0.18011802,0.018831147,0.019752758,0.5646244,0.14494547,0.05748635,0.010123017,0.004118755
ZJ019595,0.23165195,0.20132956,0.22954288,0.035771735,0.00874011,0.010051102,0.082430385,0.20048226
ZJ019596,0.037121903,0.022636482,0.033626165,6.278394e-05,0.0005799685,0.0011193916,0.90114444,0.0037087912
ZJ019597,0.15711232,0.14023921,0.20970717,0.0007494512,0.20990866,0.018646056,0.25532514,0.008311952
ZJ019598,0.23415563,0.17385858,0.112977356,0.027327253,0.0077346377,0.019325474,0.18738711,0.23723398
ZJ019599,0.15130113,0.12116496,0.27680913,0.00042251067,0.13763736,0.010736601,0.29629079,0.0056375223
ZJ019600,0.8210344,0.003718446,0.036817726,0.004441713,0.034402788,0.03058226,0.0054896097,0.06351312
ZJ019601,0.31700838,0.15792693,0.0606985,0.031138048,0.013018223,0.008827082,0.1541821,0.25720078
ZJ019602,0.66187423,0.077442996,0.10693688,0.0024684072,0.01228922,0.0054713455,0.08187553,0.051641308
ZJ019603,0.06250976,0.0023750125,0.18836997,0.24016865,0.0012708929,0.0018404989,0.0013419047,0.5021233
ZJ019604,0.45664063,0.11696928,0.20989373,0.013041227,0.034103706,0.011211497,0.11848082,0.039659075
ZJ019605,0.22194578,0.17297272,0.057103157,0.021030158,0.011956204,0.0037158697,0.29821903,0.21305706
ZJ019606,0.05848763,0.07235111,0.023307992,0.0005382555,0.36780208,0.45356563,0.015816633,0.008130688
ZJ019607,0.31377923,0.025486497,0.29456124,0.0039836224,0.0020834864,0.113345586,0.22198494,0.024775404
ZJ019608,0.10352465,0.59209865,0.07629253,0.0025260474,0.01920313,0.05808644,0.11007402,0.038194545
ZJ019609,0.23309365,0.2841107,0.1547294,0.0004220176,0.027509125,0.0033669525,0.29259545,0.004172715
ZJ019610,0.052732483,0.056426037,0.08021725,0.020190084,0.0017219788,0.7343415,0.028814571,0.025556073
ZJ019611,0.4044003,0.04477435,0.2597912,0.004768229,0.04461493,0.0039720684,0.1460315,0.09164747
ZJ019612,0.007584301,0.21812962,0.01011596,6.203117e-05,0.0004130421,0.0072306194,0.7403227,0.016141692
ZJ019613,0.035956837,0.0020266047,0.24611148,0.32060552,0.0370796,0.011833005,0.0017376132,0.34464934
ZJ019614,0.324406,0.07495375,0.25999108,0.14217395,0.052916378,0.0053022522,0.021970557,0.11828603
ZJ019615,0.04281058,0.02728204,0.07039603,0.007387041,0.0032814373,0.82303035,0.017412543,0.008399984
ZJ019616,0.046726894,0.010157155,0.0056524863,0.00018302744,0.004271912,0.0069268593,0.91901076,0.0070709493
ZJ019617,0.10010171,0.5736693,0.0812903,0.0011171015,0.032829013,0.029917594,0.1577439,0.023331093
ZJ019618,0.11318928,0.04230778,0.17031524,0.18768758,0.008297816,0.0071836407,0.013246121,0.45777258
ZJ019619,0.0019506266,0.00092391565,0.0075791366,0.00021593332,0.00018820445,0.98774695,0.0005720715,0.000823178
ZJ019620,0.1875313,0.25393635,0.20885107,0.00030129295,0.015521316,0.0011857818,0.32634175,0.006331051
ZJ019621,0.21181497,0.0056920997,0.31672576,0.26617318,0.02518957,0.094512455,0.009415027,0.07047693
ZJ019622,0.27581835,0.05887695,0.22096817,0.035309203,0.013709761,0.022742905,0.06570036,0.30687433
ZJ019623,0.0014107252,0.0016903279,0.0060213483,0.00016963371,9.6799784e-05,0.9894478,0.0004663329,0.0006970586
ZJ019624,0.11614048,0.050925538,0.19125059,0.0023978248,0.0036084135,0.010709212,0.61834913,0.0066188537
ZJ019625,0.0059403777,0.003313686,0.026285578,0.00035076516,0.0004842992,0.96020573,0.0013235728,0.002095934
ZJ019626,0.18305016,0.057214566,0.38396654,0.00042941555,0.0061400365,0.041089874,0.25406104,0.0740484
ZJ019627,0.28516915,0.12723856,0.039902873,0.035973955,0.024939364,0.0067822724,0.24136662,0.23862715
ZJ019628,0.23997565,0.09610072,0.19197427,0.0042489655,0.00480227,0.015247049,0.40463862,0.043012444
ZJ019629,0.35050827,0.033663467,0.21341945,0.00042370218,0.012420201,0.0018964293,0.38564312,0.002025311
ZJ019630,0.4180947,0.10997098,0.08929826,0.0009127317,0.0046530287,0.053136468,0.32015115,0.0037826793
ZJ019631,0.07818474,0.81302524,0.04205316,0.0025993586,0.010761016,0.000853774,0.030994726,0.021528052
ZJ019632,0.1960627,0.22504556,0.2371202,0.00056908437,0.0072052176,0.03357925,0.24775222,0.05266578
ZJ019633,0.13722765,0.62899363,0.054601382,0.027935866,0.006714537,0.006570431,0.047016606,0.090939924
ZJ019634,0.27364877,0.12071926,0.1851564,0.007860685,0.035958756,0.028591614,0.17462108,0.1734434
ZJ019635,0.033325944,0.009319842,0.079743125,0.0002290756,0.0021629892,0.7897635,0.07573439,0.009721109
ZJ019636,0.056609545,0.013711011,0.25231,0.38914064,0.124515414,0.018897804,0.0037436853,0.14107196
ZJ019637,0.19219801,0.08071635,0.25190923,0.006800839,0.08014185,0.027115762,0.27357364,0.087544374
ZJ019638,0.1925432,0.13134411,0.3218123,0.000462576,0.020785162,0.003997195,0.31454083,0.01451464
ZJ019639,0.2358902,0.21936482,0.048875805,0.01398133,0.011863893,0.003919885,0.20745371,0.25865036
ZJ019640,0.2241459,0.16568446,0.22313282,0.005388532,0.014473462,0.031984143,0.18746454,0.14772615
ZJ019641,0.06574923,0.03758836,0.30736306,0.0021538013,0.016912017,0.06251296,0.49734113,0.010379412
ZJ019642,0.017235646,0.028953321,0.01835066,0.0005199568,0.19274606,0.73672426,0.0021188597,0.003351262
ZJ019643,0.23583047,0.14816901,0.15106438,0.0014556975,0.014165532,0.011938243,0.42944694,0.007929739
ZJ019644,0.43665305,0.111944474,0.04790821,0.055290014,0.0036796688,0.0012349815,0.017652806,0.32563677
ZJ019645,0.04320382,0.0037322512,0.066328526,0.35162228,0.0029681341,0.0029134809,0.0011706091,0.52806085
ZJ019646,0.0031242995,0.0020654595,0.025158513,0.00021427708,0.00031267892,0.96605796,0.0009412197,0.0021256362
ZJ019647,0.23485313,0.16413875,0.14661345,0.010478474,0.06701896,0.037432518,0.29906678,0.040397946
ZJ019648,0.22739655,0.025970476,0.3641627,0.0002421105,0.0023339933,0.004795085,0.3659939,0.009105198
ZJ019649,0.18731996,0.47482237,0.06340659,0.0039577996,0.098016664,0.054201517,0.09916162,0.01911347
ZJ019650,0.5528252,0.020771636,0.25054204,0.019997437,0.009556941,0.013666629,0.020749928,0.11189017
ZJ019651,0.16939192,0.13066521,0.12958845,0.4123532,0.03953814,0.060919218,0.011766733,0.0457771
ZJ019652,0.42436948,0.059902746,0.20187451,0.06714423,0.060556456,0.004188073,0.114998564,0.06696591
ZJ019653,0.32750395,0.18675666,0.23851928,0.006404275,0.059930295,0.0012066801,0.086440556,0.09323827
ZJ019654,0.33525217,0.09474687,0.2575177,0.009552787,0.011066332,0.0067072352,0.17078817,0.11436876
ZJ019655,0.059758563,0.24184027,0.27664626,0.0004952426,0.3228848,0.010970567,0.07062567,0.016778655
ZJ019656,0.18510266,0.0339147,0.20875424,0.0008036431,0.0057608564,0.018351078,0.5333178,0.013995099
ZJ019657,0.07503223,0.005966714,0.25311208,0.33382124,0.00691924,0.0012971222,0.0028120738,0.32103932
ZJ019658,0.882105,0.0029901315,0.041342802,0.0010348245,0.007024994,0.014900184,0.04703242,0.0035696013
ZJ019659,0.34803954,0.14489415,0.19680113,0.01244085,0.07538127,0.019940155,0.11474881,0.087754086
ZJ019660,0.10073203,0.0017841586,0.5395785,0.05800793,0.038871154,0.044740878,0.0019429395,0.21434242
ZJ019661,0.008734072,0.010766746,0.008168119,0.9485069,0.0008138087,0.018763293,0.004106132,0.00014096619
ZJ019662,0.18281873,0.21891008,0.322615,0.0062354915,0.03487128,0.006016054,0.046100307,0.18243313
ZJ019663,0.20472345,0.4179155,0.19172344,0.00045000744,0.0015505387,0.012123178,0.14917286,0.022340987
ZJ019664,0.1316385,0.0046448987,0.27353674,0.37200132,0.020146705,0.00856147,0.0035333808,0.18593705
ZJ019665,0.66994345,0.0023161846,0.08462202,0.0063805645,0.023782585,0.0093006175,0.002916742,0.20073788
ZJ019666,0.3987936,0.044816416,0.32236084,0.014370266,0.01278843,0.007152057,0.12508732,0.07463105
ZJ019667,0.12232594,0.18401615,0.2333569,0.0034216314,0.34429383,0.0066116345,0.07331867,0.03265522
ZJ019668,0.4608516,0.03363452,0.21126528,0.07072769,0.03321449,0.008462428,0.022372067,0.15947194
ZJ019669,0.16840956,0.02116416,0.38527495,0.00019304531,0.01600821,0.013365662,0.38015643,0.015428032
ZJ019670,0.2570441,0.031410657,0.032357674,0.4803902,0.13398494,0.025407583,0.020922286,0.018482637
ZJ019671,0.26195297,0.04640561,0.03807646,0.35621613,0.21771726,0.05081075,0.017031744,0.011789087
ZJ019672,0.16020039,0.31741142,0.1587776,0.039205525,0.1680977,0.01359259,0.05611844,0.086596325
ZJ019673,0.34983334,0.195355,0.06676961,0.027265111,0.017872032,0.0077817785,0.16280517,0.17231788
ZJ019674,0.3696748,0.10536148,0.18247171,0.0027938902,0.007094451,0.057061795,0.26210722,0.013434612
ZJ019675,0.23287009,0.21138647,0.19451264,0.005768679,0.0102928355,0.01075641,0.26852155,0.06589129
ZJ019676,0.12258762,0.004829291,0.5847748,0.10093367,0.046162963,0.029416211,0.002108023,0.10918741
ZJ019677,0.30116645,0.094150275,0.06955309,0.017005572,0.007880521,0.0032747039,0.3174722,0.18949719
ZJ019678,0.15744767,0.2524485,0.13362426,0.03273961,0.3309714,0.015426885,0.022082241,0.055259373
ZJ019679,0.3258073,0.01969172,0.114395514,0.07632963,0.011503426,0.006276259,0.013235961,0.4327602
ZJ019680,0.34859413,0.019690592,0.3148852,0.025019428,0.0831313,0.06509085,0.04603693,0.09755152
ZJ019681,0.1592011,0.16243482,0.28848872,0.0018915398,0.021854188,0.08054606,0.19911641,0.08646718
ZJ019682,0.19308414,0.0024948888,0.3116097,0.4260168,0.008867333,0.018144429,0.0077772564,0.032005474
ZJ019683,0.003591416,0.0011554009,0.01028708,0.0024299193,0.00016078482,0.98042685,0.0016578615,0.00029066345
ZJ019684,0.088855214,0.74407804,0.040894937,0.0048346254,0.006730852,0.0031019112,0.096726954,0.01477741
ZJ019685,0.05052076,0.57257855,0.041330807,0.00033877412,0.10307104,0.06253643,0.16630207,0.0033215259
ZJ019686,0.15742666,0.24970943,0.1535653,0.0009408067,0.005855003,0.022344258,0.27678284,0.13337569
ZJ019687,0.26914397,0.13410681,0.26400182,0.010620448,0.017202768,0.005158432,0.22541934,0.074346416
ZJ019688,0.89496994,0.002143829,0.0430966,0.013314878,0.0077828183,0.009792392,0.013671492,0.015227996
ZJ019689,0.33589974,0.0104419915,0.07010511,0.003729219,0.011629916,0.0069243563,0.54532254,0.015947092
ZJ019690,0.35424232,0.055671748,0.28801745,0.008531495,0.0036835468,0.008459339,0.20603143,0.07536266
ZJ019691,0.22964683,0.20701857,0.15860991,0.007079313,0.061955336,0.06861981,0.21258622,0.05448394
ZJ019692,0.13938363,0.043318044,0.12275272,0.0020144177,0.0016501866,0.16178718,0.49277616,0.03631769
ZJ019693,0.079491265,0.006972557,0.4588903,0.028703779,0.07682552,0.032669954,0.0048649367,0.31158182
ZJ019694,0.35950238,0.022290662,0.077097334,0.07215133,0.039852686,0.0075283987,0.015202337,0.40637484
ZJ019695,0.24701318,0.14013968,0.04855398,0.003062025,0.010782697,0.0036918616,0.46894002,0.07781657
ZJ019696,0.15772352,0.54568505,0.13196449,0.0003153536,0.002376485,0.014541277,0.12237206,0.025021803
ZJ019697,0.36640215,0.15726846,0.24718982,0.0006264295,0.018603364,0.041150197,0.11121275,0.057546817
ZJ019698,0.20740871,0.0020721888,0.36469468,0.22492523,0.02689674,0.07521508,0.0027593365,0.09602806
ZJ019699,0.14016499,0.0031841283,0.53432614,0.07228519,0.011414941,0.032584094,0.0017980464,0.20424241
ZJ019700,0.47790498,0.037660997,0.24503458,0.015388489,0.010173308,0.01789523,0.03035793,0.1655844
ZJ019701,0.23741198,0.47628623,0.12770319,0.0010583634,0.003336791,0.016748931,0.10612733,0.031327173
ZJ019702,0.13366298,0.2867783,0.04929397,0.00011833592,0.09973178,0.4197723,0.008337882,0.0023044287
ZJ019703,0.11919294,0.01181285,0.20345584,0.32075617,0.03937442,0.19740242,0.011456807,0.09654852
ZJ019704,0.040878154,0.0030801564,0.14821497,0.47098142,0.0018550153,0.0066633862,0.0015909051,0.32673597
ZJ019705,0.1603084,0.20790707,0.114009365,0.0007641667,0.0027657815,0.0119524915,0.344609,0.15768376
ZJ019706,0.22637051,0.124194466,0.28172013,0.0006578019,0.013921659,0.04631504,0.29806015,0.008760237
ZJ019707,0.04800576,0.010807862,0.11112859,0.00017597886,0.0030773513,0.7313776,0.08419837,0.011228467
ZJ019708,0.23323208,0.05821377,0.3951045,0.00042077366,0.004974417,0.0147650475,0.27593887,0.017350659
ZJ019709,0.2330594,0.02157586,0.02636207,0.6587479,0.002862445,0.031421024,0.013845216,0.012126088
ZJ019710,0.39447886,0.18007071,0.07474234,0.008731577,0.014604205,0.014259488,0.19806002,0.11505273
ZJ019711,0.020309724,0.24029842,0.024759267,0.0007018928,0.012813043,0.02367548,0.66851526,0.0089269485
ZJ019712,0.29470268,0.1496666,0.114242785,0.016275633,0.025314322,0.004133581,0.29998344,0.09568093
ZJ019713,0.08731092,0.007432644,0.35812202,0.1057151,0.02718977,0.2229859,0.011454048,0.17978959
ZJ019714,0.03971209,0.8598602,0.03589707,9.798634e-05,0.00065360556,0.0070803226,0.050851427,0.005847259
ZJ019715,0.16999502,0.024890343,0.24139073,0.005968604,0.02283527,0.25141263,0.12516117,0.15834622
ZJ019716,0.025015963,0.00088456454,0.1923192,0.17137939,0.0003478442,0.029158842,0.0012490653,0.57964516
ZJ019717,0.06850491,0.032607466,0.40965742,0.0029034934,0.00042905656,0.27506486,0.19861847,0.012214199
ZJ019718,0.20620522,0.056316968,0.21955344,0.012559841,0.02704871,0.0045464854,0.45827636,0.015492955
ZJ019719,0.1519419,0.022373201,0.40355992,0.0006825406,0.0014697323,0.04762371,0.349975,0.022374056
ZJ019720,0.13765709,0.35615376,0.16111724,0.0051823994,0.013113641,0.025208013,0.27839327,0.023174549
ZJ019721,0.006365765,0.00043108326,0.0028587442,3.0824016e-05,0.00017719281,8.299043e-05,0.9882894,0.0017640429
ZJ019722,0.0075519057,0.0014014255,0.00889561,0.00023783297,0.00019241708,0.00040999136,0.9776343,0.0036764864
ZJ019723,0.12259205,0.0035455623,0.37109917,0.29437453,0.0039894264,0.12088056,0.002782743,0.080735944
ZJ019724,0.04182443,0.7518392,0.05703891,0.0015293988,0.0014595994,0.016760662,0.051804192,0.07774352
ZJ019725,0.124834195,0.44224018,0.09405567,0.002563402,0.008270711,0.030086694,0.21070077,0.087248415
ZJ019726,0.79891664,0.0012270955,0.08174492,0.04866154,0.004345174,0.023322128,0.010673044,0.031109422
ZJ019727,0.55665654,0.047348402,0.04985544,0.21111676,0.0695838,0.011211214,0.023320427,0.030907482
ZJ019728,0.34673908,0.07114748,0.16564867,0.0003547829,0.0038319908,0.023084864,0.38421923,0.0049738837
ZJ019729,0.18084061,0.043941382,0.223702,0.0015595477,0.006323302,0.01278377,0.51170856,0.019140841
ZJ019730,0.27634123,0.024889713,0.6123976,0.0096022105,0.0028074011,0.0133059705,0.016927375,0.043728564
ZJ019731,0.36293077,0.15462434,0.28370017,0.0030847995,0.034076635,0.0048882337,0.12081023,0.035884842
ZJ019732,0.1174713,0.024928655,0.18048185,0.28279108,0.010388673,0.005897362,0.0046116193,0.37342945
ZJ019733,0.09661456,0.09483847,0.5828132,0.00027698826,0.002162921,0.0126138935,0.20329368,0.0073862667
ZJ019734,0.085986376,0.06856897,0.47675243,0.000492099,0.027574679,0.24266429,0.09456913,0.0033920342
ZJ019735,0.12510175,0.56941897,0.07439337,0.0039530783,0.005721878,0.004244219,0.1808451,0.036321733
ZJ019736,0.16631228,0.24747093,0.19657566,0.04874759,0.05846259,0.07149992,0.050208244,0.16072282
ZJ019737,0.09633699,0.011105866,0.21880427,0.346589,0.0060460307,0.023675175,0.0039238413,0.29351884
ZJ019738,0.21632202,0.058417268,0.37606272,0.0005955359,0.0053502643,0.00890669,0.32429093,0.010054531
ZJ019739,0.10833901,0.005049852,0.41899675,0.052219205,0.050217666,0.012790613,0.0063350424,0.34605184
ZJ019740,0.12815285,0.029689202,0.2706221,0.0007245556,0.17473795,0.25155115,0.13437667,0.010145522
ZJ019741,0.44986242,0.105731815,0.07882592,0.033812866,0.04106928,0.010026719,0.14951965,0.13115135
ZJ019742,0.14752705,0.47337776,0.09863433,0.0030763894,0.003307008,0.011512267,0.18114173,0.08142347
ZJ019743,0.22547732,0.07797044,0.1550295,0.0040266495,0.0057759634,0.005147965,0.51315,0.013422127
ZJ019744,0.007625917,0.7293968,0.07559342,0.00026916922,0.085074954,0.019884389,0.069631696,0.012523674
ZJ019745,0.10790921,0.016449852,0.3071413,0.23307368,0.026065376,0.024346063,0.0047880355,0.28022644
ZJ019746,0.47748572,0.023884635,0.13443474,0.00043200408,0.28081042,0.011376959,0.06898706,0.0025884889
ZJ019747,0.30718777,0.05995839,0.22993332,0.008025377,0.07334155,0.017085364,0.24565038,0.05881785
ZJ019748,0.13254136,0.234836,0.2097582,0.012423674,0.0031783092,0.010566627,0.10864695,0.28804892
ZJ019749,0.24589138,0.05904197,0.31596056,0.00046071125,0.0039667464,0.008141164,0.36222917,0.0043083658
ZJ019750,0.30360064,0.08747799,0.06606533,0.053984553,0.009285558,0.0073325397,0.18599512,0.2862583
ZJ019751,0.15500242,0.31505877,0.19534057,0.0033234227,0.0040205265,0.0057436214,0.29686967,0.024640983
ZJ019752,0.18625112,0.011877334,0.088321336,0.14865936,0.021162283,0.0059924945,0.010636528,0.52709955
ZJ019753,0.11348407,0.040916327,0.3920043,0.00070183177,0.006051303,0.006357203,0.41659376,0.023891151
ZJ019754,0.19251227,0.21422279,0.08283716,0.11681091,0.007962715,0.008217392,0.22161432,0.15582243
ZJ019755,0.11699927,0.014996981,0.032432884,0.7433779,0.009607046,0.06390516,0.005451201,0.013229533
ZJ019756,0.1857493,0.019129202,0.33822924,0.0005511935,0.0015863552,0.009949908,0.36954838,0.07525644
ZJ019757,0.23075327,0.21520342,0.19911751,0.007118325,0.044078246,0.029891118,0.082658544,0.1911796
ZJ019758,0.08187907,0.6132549,0.043787204,0.0010921564,0.008113749,0.008066879,0.20142023,0.04238577
ZJ019759,0.35969257,0.22170432,0.15719599,0.0051763416,0.011621575,0.005553401,0.21037653,0.02867921
ZJ019760,0.32653147,0.12293918,0.19962989,0.07367201,0.13544858,0.013727898,0.047992073,0.080058925
ZJ019761,0.0662131,0.11936442,0.113204844,0.0020525586,0.012663703,0.5009476,0.120832175,0.064721614
ZJ019762,0.05575591,0.7077791,0.043079864,0.00088341546,0.01993185,0.02403725,0.12502003,0.02351254
ZJ019763,0.58341604,0.0004197878,0.03794692,0.09035,0.00074198894,0.0025845494,0.00082145905,0.28371924
ZJ019764,0.5191277,0.09254708,0.20409743,0.0015452905,0.0027702535,0.08555053,0.05011478,0.04424687
ZJ019765,0.12027317,0.07087886,0.02634916,0.0033504714,0.055637404,0.0009331757,0.6960596,0.026518201
ZJ019766,0.47084132,0.06653178,0.29073012,0.003438535,0.0035024418,0.046762127,0.060732417,0.057461254
ZJ019767,0.23388824,0.17103583,0.29209778,0.0011704856,0.01011106,0.048502713,0.07954127,0.16365266
ZJ019768,0.010250285,0.016075103,0.013064089,9.81043e-05,0.00014808709,0.92257935,0.028499272,0.009285778
ZJ019769,0.34972677,0.06181505,0.27506194,0.14309834,0.027928818,0.0077013616,0.021442082,0.113225654
ZJ019770,0.13930047,0.43757483,0.08714881,0.0008568661,0.013824826,0.12281795,0.13199134,0.06648497
ZJ019771,0.10551874,0.07570391,0.6068329,0.00011829873,0.0031399895,0.017510861,0.1847056,0.0064697075
ZJ019772,0.12004182,0.019792868,0.06897552,0.0006942373,0.017781207,0.0015378919,0.76605576,0.005120711
ZJ019773,0.05285215,0.88571626,0.015170972,0.0005727851,0.009619442,0.002152637,0.017706152,0.016209533
ZJ019774,0.36875215,0.038129736,0.3176084,0.009533061,0.019500183,0.008916197,0.07731384,0.1602465
ZJ019775,0.12860534,0.1362528,0.09936565,0.026029432,0.0044309427,0.044645265,0.4464498,0.11422078
ZJ019776,0.12719004,0.082414486,0.24983282,0.00085635413,0.0057464354,0.014683772,0.5049404,0.014335607
ZJ019777,0.66048795,0.051479593,0.07441237,0.0015002935,0.07705067,0.0049722004,0.123376,0.00672093
ZJ019778,0.032773927,0.075922094,0.008085719,0.00045778917,0.032204006,0.03877753,0.80594176,0.0058371853
ZJ019779,0.06421223,0.0061600837,0.1159736,0.40922776,0.06643079,0.07518034,0.0040686196,0.25874653
ZJ019780,0.15928692,0.14197303,0.13601707,0.0037044936,0.0071715107,0.05071364,0.35900423,0.14212912
ZJ019781,0.4006989,0.02129373,0.22551772,0.0015609441,0.0057836683,0.031569317,0.2994592,0.014116521
ZJ019782,0.6660283,0.046273854,0.026817162,0.005703383,0.101894274,0.0010532952,0.122146554,0.03008317
ZJ019783,0.20259565,0.038999237,0.25344604,0.000894608,0.002485534,0.01765554,0.3905995,0.093323864
ZJ019784,0.31328836,0.010665555,0.5093002,0.03591651,0.0014564918,0.011420675,0.007964742,0.109987564
ZJ019785,0.33129686,0.12631954,0.191506,0.0009970607,0.04785792,0.03460927,0.16715612,0.10025721
ZJ019786,0.244618,0.15178299,0.32912627,0.0005832866,0.0038992632,0.0060218708,0.25580075,0.008167549
ZJ019787,0.10929701,0.7004766,0.06801337,0.0003550162,0.0011021604,0.006339605,0.091869846,0.022546386
ZJ019788,0.082062244,0.050973654,0.04871474,0.00019014452,0.0060605756,0.0027042765,0.8062991,0.0029952603
ZJ019789,0.2645544,0.15272883,0.19211477,0.001820907,0.013062392,0.038357716,0.24140842,0.095952556
ZJ019790,0.16401432,0.028268319,0.33729988,0.13968025,0.022948682,0.060932457,0.010294159,0.236562
ZJ019791,0.19128236,0.5474576,0.0700248,0.005000797,0.022581706,0.0030386355,0.14659213,0.014021994
ZJ019792,0.1725037,0.1388788,0.047810473,0.0071490193,0.025038328,0.0018345539,0.5481184,0.05866669
ZJ019793,0.19164325,0.056649048,0.16672903,0.0012532928,0.0048477687,0.019604985,0.5454052,0.013867479
ZJ019794,0.09237477,0.0012678115,0.21476495,0.292351,0.0026466162,0.0068931137,0.0037326277,0.38596904
ZJ019795,0.073274076,0.65232646,0.1498116,0.0004279641,0.009946119,0.046547644,0.064235516,0.0034305828
ZJ019796,0.0663545,0.030377768,0.31100836,0.033928476,0.1480561,0.23489156,0.033325177,0.1420581
ZJ019797,0.0889655,0.12511691,0.19986352,0.45991993,0.03741302,0.013409767,0.01036961,0.06494168
ZJ019798,0.22783035,0.19150305,0.08340136,0.10459695,0.00551128,0.0045376644,0.26460618,0.118013136
ZJ019799,0.01585858,0.0074859583,0.04434378,0.0027637084,0.0011356508,0.86613494,0.045688454,0.016588937
ZJ019800,0.041649744,0.21014133,0.4279736,0.0006956298,0.029435808,0.18893905,0.04267203,0.058492824
ZJ019801,0.08864169,0.0038845853,0.17764813,0.4576706,0.0028668856,0.0028614188,0.0052559436,0.2611708
ZJ019802,0.35378587,0.06466905,0.2625427,0.048954107,0.036302123,0.006305918,0.084763065,0.1426771
ZJ019803,0.3420147,0.13286774,0.18618645,0.06397021,0.08141677,0.013022546,0.075538576,0.10498302
ZJ019804,0.110108055,0.020269746,0.019774353,0.00019660011,0.012073636,0.0030576268,0.83025694,0.0042629996
ZJ019805,0.095099255,0.060154516,0.13668509,0.0016771763,0.017753832,0.0033241257,0.6683698,0.016936153
ZJ019806,0.19758604,0.012555631,0.20434012,0.00014646452,0.0014641406,0.070339955,0.5044487,0.009118936
ZJ019807,0.17130607,0.033207677,0.067203656,0.0017484184,0.00753724,0.0118212905,0.6575135,0.049662128
ZJ019808,0.030244948,0.040016413,0.036389217,0.003494543,0.0080838725,0.00090001844,0.86351866,0.01735226
ZJ019809,0.20109668,0.04481223,0.35495624,0.007956814,0.0050320677,0.076071225,0.2413893,0.06868542
ZJ019810,0.2558468,0.22623244,0.14577052,0.00082115637,0.03772813,0.009843423,0.31803447,0.0057230657
ZJ019811,0.13132574,0.01818686,0.3662392,0.00019609244,0.00066765165,0.03429019,0.4288887,0.020205507
ZJ019812,0.44146043,0.035424907,0.21854767,0.00346659,0.019122493,0.011937306,0.13144423,0.1385964
ZJ019813,0.117603585,0.008907185,0.116060965,0.21582705,0.00814782,0.00902708,0.002533346,0.52189296
ZJ019814,0.2954982,0.24834141,0.10061592,0.0014459499,0.0030891472,0.039875932,0.27694887,0.034184627
ZJ019815,0.15921244,0.036764603,0.33472252,0.00036112545,0.007952116,0.029866649,0.41185454,0.01926602
ZJ019816,0.17957097,0.14621064,0.17066722,0.0017619954,0.0070131626,0.0050315238,0.47733742,0.012407088
ZJ019817,0.11921907,0.6083207,0.021380916,0.003157681,0.019379055,0.026929872,0.19276558,0.008847183
ZJ019818,0.2516497,0.0066954307,0.045337465,0.0010778392,0.5925698,0.01702012,0.07558234,0.01006724
ZJ019819,0.11055863,0.71540165,0.055733003,7.1958115e-05,0.0021294872,0.0078009986,0.10080252,0.007501682
ZJ019820,0.043702945,0.009959721,0.09763106,0.07694068,0.43513092,0.24885774,0.032890897,0.05488603
ZJ019821,0.17054273,0.0023510284,0.4168902,0.18453719,0.005862196,0.009311921,0.0020888466,0.20841585
ZJ019822,0.001604154,0.0016610033,0.0029141204,0.0074125333,0.00012443704,0.98539406,0.0007641427,0.00012554524
ZJ019823,0.32239097,0.08713985,0.26434243,0.14417604,0.03530825,0.0051061176,0.01966574,0.12187066
ZJ019824,0.14392853,0.01850086,0.16719657,0.0004595006,0.0031711645,0.007925168,0.5366468,0.12217145
ZJ019825,0.13072605,0.0013770569,0.3876023,0.16270456,0.042949762,0.123115055,0.0033625248,0.14816266
ZJ019826,0.29177418,0.117013045,0.09599778,0.017208606,0.014263545,0.01297985,0.35166672,0.09909631
ZJ019827,0.03817419,0.004806718,0.10715552,0.64482176,0.002751182,0.020411722,0.0016419446,0.180237
ZJ019828,0.72294325,0.004168469,0.025499508,0.0008577053,0.14014031,0.098539464,0.0047090915,0.0031422437
ZJ019829,0.4067034,0.059221234,0.12101478,0.0017905815,0.013028957,0.0058434377,0.36320606,0.029191624
ZJ019830,0.14405574,0.15802926,0.23541084,0.0004468495,0.019221852,0.023659749,0.4127465,0.006429229
ZJ019831,0.39625645,0.001552803,0.24059506,0.31082308,0.00017097959,0.01363637,0.0052723284,0.031692896
ZJ019832,0.28380275,0.14335278,0.30808908,0.007338327,0.113983996,0.01259003,0.061729196,0.06911387
ZJ019833,0.28038886,0.06413721,0.26547176,0.0063893027,0.06038289,0.025579024,0.25957006,0.038080897
ZJ019834,0.13806954,0.034926135,0.23906532,0.10661582,0.020487301,0.028852297,0.0076948786,0.42428866
ZJ019835,0.002963756,0.0026436786,0.004667483,0.004969645,0.00023568748,0.9824398,0.0017347125,0.0003451834
ZJ019836,0.16312023,0.021483026,0.2909934,0.00042139483,0.0038192745,0.07021234,0.42378646,0.026163815
ZJ019837,0.00068624876,0.0016505909,0.0027207835,0.00027572465,0.00045157198,0.9938934,0.00012592344,0.00019576664
ZJ019838,0.21867566,0.2565954,0.13406487,0.004741849,0.03988775,0.018294916,0.20385699,0.12388264
ZJ019839,0.214964,0.058803413,0.55407256,0.00065942813,0.027911233,0.021415094,0.11648966,0.005684551
ZJ019840,0.058741122,0.04873036,0.058589987,0.030101819,0.0024699199,0.6904566,0.018259918,0.09265028
ZJ019841,0.00073191995,0.00053330517,0.002490688,0.001386358,0.00063123833,0.9938617,0.00016830026,0.00019642951
ZJ019842,0.3876078,0.05439861,0.022784522,0.27809775,0.20961645,0.015573133,0.020652339,0.011269363
ZJ019843,0.21011977,0.22500683,0.31911528,0.008563281,0.0022208064,0.0044076927,0.111240014,0.11932631
ZJ019844,0.0821955,0.026036723,0.38746706,0.0029779747,0.0026118134,0.045788687,0.37641567,0.07650656
ZJ019845,0.26825067,0.054179486,0.35964546,0.0009700514,0.01465972,0.013733846,0.27609262,0.012468062
ZJ019846,0.091109455,0.00072289497,0.17532544,0.25310883,0.0026650778,0.043514177,0.0007122957,0.43284178
ZJ019847,0.33674183,0.086892866,0.26857254,0.0012283702,0.030468797,0.016470123,0.25257912,0.007046401
ZJ019848,0.1722498,0.0028654044,0.16167067,0.2945292,0.00273194,0.0049260114,0.006105503,0.3549215
ZJ019849,0.0297408,0.0030196256,0.086199544,6.437236e-05,0.0009886391,0.817045,0.05503727,0.007904781
ZJ019850,0.1553482,0.044099133,0.28762534,0.00036299243,0.0039665233,0.035095103,0.4463038,0.027198901
ZJ019851,0.39455497,0.03845308,0.20604293,0.0030788681,0.017985044,0.004581838,0.31057367,0.024729576
ZJ019852,0.23294577,0.021754466,0.22853677,0.0008028776,0.0019276574,0.002094703,0.5046966,0.0072411606
ZJ019853,0.37776166,0.0143068535,0.21693572,0.0013196238,0.021510277,0.006547748,0.34873015,0.012887903
ZJ019854,0.3054011,0.20923392,0.2640737,0.0029160941,0.09116545,0.0060742674,0.08992716,0.031208344
ZJ019855,0.45500797,0.26339856,0.116504595,0.0006672968,0.012852308,0.0052925646,0.08916,0.057116654
ZJ019856,0.11119795,0.038177237,0.3669257,0.0010564052,0.08032342,0.0025442222,0.17426953,0.22550565
ZJ019857,0.03362375,0.029219277,0.06368402,0.010926203,0.0016118214,0.82528746,0.02429243,0.011354999
ZJ019858,0.47708896,0.021792203,0.16015087,0.003942795,0.053295586,0.009404557,0.24939828,0.024926756
ZJ019859,0.41344383,0.15758975,0.0714599,0.011035787,0.02808597,0.020572094,0.22226645,0.07554624
ZJ019860,0.037179057,0.003000136,0.35587746,0.060638867,0.06578631,0.14051789,0.0025088082,0.33449146
ZJ019861,0.43398654,0.07863338,0.10006899,0.0012166576,0.015700854,0.028171899,0.32492468,0.017296981
ZJ019862,0.4763442,0.088508844,0.09354188,0.00045494505,0.028244978,0.015212878,0.28940666,0.008285667
ZJ019863,0.035700757,0.0029971572,0.0376483,0.00014048994,0.0009348031,0.035539564,0.842876,0.044162877
ZJ019864,0.12943241,0.037263736,0.2618001,0.003983072,0.002021552,0.006753374,0.5328596,0.02588617
ZJ019865,0.14070335,0.28775114,0.14360212,0.043670435,0.27272215,0.004250333,0.039946053,0.06735438
ZJ019866,0.14854996,0.005865873,0.27816477,0.1216179,0.004930388,0.40728104,0.008366866,0.025223177
ZJ019867,0.16850403,0.0030287302,0.26354757,0.13463488,0.011253408,0.3063004,0.004549077,0.108181916
ZJ019868,0.16451298,0.030772353,0.03873809,0.00029407803,0.02897567,0.008221603,0.7231365,0.005348764
ZJ019869,0.24446459,0.2982896,0.14674158,0.003930901,0.021788625,0.003960953,0.1591602,0.12166353
ZJ019870,0.30076343,0.14832772,0.22332142,0.06548853,0.077925615,0.011811425,0.11665743,0.055704452
ZJ019871,0.7930632,0.046349905,0.08963111,0.0011569484,0.029042203,0.0025115414,0.034741875,0.003503206
ZJ019872,0.074093126,0.021435317,0.3412319,0.0035745252,0.0012890827,0.011126144,0.48423862,0.063011274
ZJ019873,0.26414114,0.011259055,0.4817168,0.04073887,0.0017047536,0.008314032,0.011632608,0.18049274
ZJ019874,0.030515764,0.011928146,0.028996015,0.00057698804,0.004999235,0.9174422,0.0046060365,0.0009355623
ZJ019875,0.13952936,0.09907332,0.12781695,0.0010706197,0.0054398654,0.0003130069,0.6140893,0.012667527
ZJ019876,0.09489076,0.0072384677,0.01440632,0.0028294935,0.8287606,0.028843047,0.02032653,0.0027048036
ZJ019877,0.1147056,0.00110655,0.18472147,0.40642118,0.0014631698,0.009145325,0.00223015,0.28020662
ZJ019878,0.25395578,0.15735999,0.22644483,0.0012254345,0.0104232,0.026277322,0.24720006,0.07711345
ZJ019879,0.34106895,0.0047570607,0.0060342713,0.5399838,0.045801118,0.047540944,0.011734511,0.003079294
ZJ019880,0.098601215,0.0368875,0.33272815,0.00059411983,0.0011532665,0.002377564,0.50904316,0.01861497
ZJ019881,0.26151353,0.003940957,0.25115666,0.31999606,0.009690973,0.08598755,0.010319924,0.05739426
ZJ019882,0.39576918,0.123401225,0.08325645,0.0048806323,0.0235272,0.13744941,0.21110411,0.020611778
ZJ019883,0.27658787,0.073669195,0.39922297,0.0372758,0.06346262,0.018131027,0.014589085,0.11706143
ZJ019884,0.017346501,0.002666605,0.031357124,0.00017109037,0.00052415964,0.94355494,0.002762736,0.0016169006
ZJ019885,0.24378465,0.2931003,0.065604806,0.025226671,0.011310494,0.0059635625,0.16962634,0.18538323
ZJ019886,0.0817176,0.03632387,0.08269271,0.0022641688,0.0036585317,0.27861008,0.50459725,0.010135811
ZJ019887,0.23184317,0.26877964,0.24521235,0.0003702786,0.0018351085,0.009737011,0.16695514,0.07526728
ZJ019888,0.21224383,0.21196698,0.2271416,0.0016466056,0.0016327621,0.19545475,0.13762964,0.012283816
ZJ019889,0.0007625961,0.0005860151,0.004078027,2.4483103e-05,4.6034747e-05,0.9938048,0.00018093562,0.00051714206
ZJ019890,0.21296592,0.18132272,0.25790504,0.0033374443,0.011903995,0.02682841,0.285505,0.02023146
ZJ019891,0.29624107,0.13552332,0.2448041,0.0051126587,0.0898314,0.010213341,0.17603591,0.042238235
ZJ019892,0.13160951,0.10941046,0.14903101,0.049587905,0.008092395,0.004705903,0.023263816,0.524299
ZJ019893,0.27848524,0.3383269,0.11160983,0.019604038,0.02004621,0.0071261036,0.1908967,0.03390496
ZJ019894,0.28527847,0.1329003,0.28814998,0.0036629508,0.1698968,0.017247489,0.056505393,0.046358626
ZJ019895,0.23022856,0.1876256,0.0508636,0.009366603,0.02467881,0.002699576,0.23658012,0.25795713
ZJ019896,0.5978363,0.008449456,0.2118981,0.018830791,0.034817863,0.03427109,0.016751641,0.077144735
ZJ019897,0.22015892,0.09383744,0.2698208,0.000493925,0.016433077,0.018342381,0.37118134,0.009732088
ZJ019898,0.23807704,0.09070368,0.14117607,0.0067634336,0.001920036,0.0067655453,0.38790032,0.12669381
ZJ019899,0.22144687,0.0087857,0.256858,0.00041518,0.17100716,0.0016126229,0.31449482,0.025379678
ZJ019900,0.23518234,0.08170407,0.22569305,0.2640081,0.030735519,0.0045981156,0.06307448,0.09500431
ZJ019901,0.1252362,0.58516383,0.058237035,0.002109994,0.013754649,0.0042878306,0.18704122,0.02416925
ZJ019902,0.32417822,0.026590621,0.35614866,0.0030161971,0.009469394,0.044065613,0.21026185,0.026269466
ZJ019903,0.09432686,0.07137493,0.013179404,0.021251498,0.006390752,0.002674652,0.62777597,0.16302592
ZJ019904,0.41115513,0.036572296,0.13349314,0.001404145,0.0040781456,0.010859346,0.36956322,0.032874532
ZJ019905,0.09294005,0.74119085,0.07287278,0.00049202464,0.019556403,0.0016903962,0.04177342,0.029484026
ZJ019906,0.2803022,0.2520938,0.16672654,0.0108184405,0.05106694,0.0155898705,0.12504806,0.09835414
ZJ019907,0.060164094,0.041096233,0.31616074,0.0017718952,0.0071731904,0.1052937,0.45634493,0.011995222
ZJ019908,0.18023933,0.108260825,0.32267916,0.002513492,0.02166457,0.09247777,0.16717452,0.10499031
ZJ019909,0.110017106,0.0013011096,0.17800817,0.3909047,0.0019165855,0.0047806953,0.0026146644,0.31045693
ZJ019910,0.22166334,0.0240577,0.15703234,0.1258046,0.01372838,0.00846057,0.018395407,0.4308577
ZJ019911,0.011154675,0.005205854,0.021304345,0.00019297929,0.002735108,0.9565379,0.0014657093,0.0014034143
ZJ019912,0.3198267,0.070520505,0.18271923,0.018076291,0.033152852,0.013912217,0.22123423,0.14055796
ZJ019913,0.0041405396,0.0015926826,0.016915368,0.00070221827,0.0011745244,0.9722699,0.00041980672,0.0027849374
ZJ019914,0.03869289,0.05630679,0.35893962,0.0064875265,0.011436846,0.47184238,0.04115433,0.015139591
ZJ019915,0.20825125,0.07578599,0.49464256,0.0010906848,0.0381614,0.062077463,0.102643095,0.017347515
ZJ019916,0.16527149,0.003799749,0.38587704,0.32865635,0.002522981,0.055350717,0.010318308,0.048203338
ZJ019917,0.06190945,0.052777484,0.39792213,0.0018662574,0.021395702,0.4172629,0.04382536,0.003040706
ZJ019918,0.018752174,0.0007957044,0.1687486,0.10582088,0.02252382,0.030222688,0.00065229536,0.6524838
ZJ019919,0.2448467,0.050008193,0.37454006,0.0009138589,0.0146507835,0.010646997,0.29569075,0.008702724
ZJ019920,0.19977993,0.5375995,0.056476243,0.0006705333,0.0963201,0.00645132,0.09044885,0.012253475
ZJ019921,0.099685796,0.097512655,0.51377237,0.000104907915,0.0025655213,0.001103024,0.27279627,0.012459477
ZJ019922,0.1026266,0.11887508,0.32741898,0.0047800466,0.0062032538,0.05137561,0.36823413,0.020486282
ZJ019923,0.10855678,0.18297328,0.2207589,0.0013005909,0.036133923,0.011883713,0.40646553,0.031927258
ZJ019924,0.20199944,0.056157034,0.15311664,0.0025471395,0.00835094,0.0056861294,0.55227214,0.019870538
ZJ019925,0.14902888,0.033545367,0.064880274,0.0029480301,0.0065383287,0.007910093,0.64722145,0.08792756
ZJ019926,0.268252,0.019885484,0.22954644,0.0017317063,0.012467634,0.013246504,0.43670264,0.018167648
ZJ019927,0.18134046,0.040324483,0.5300827,0.00044450417,0.0027792964,0.0023803588,0.17303438,0.06961379
ZJ019928,0.21266013,0.13405152,0.2633761,0.00040687597,0.016053792,0.033880427,0.33318856,0.0063826246
ZJ019929,0.31353563,0.055490505,0.15362822,0.019285511,0.28816697,0.012639823,0.1037075,0.05354578
ZJ019930,0.21176483,0.11196845,0.2510366,0.12090471,0.0059520053,0.013218132,0.0688986,0.21625666
ZJ019931,0.1579715,0.1553262,0.18579638,0.0049538757,0.015374827,0.038004253,0.28834835,0.1542246
ZJ019932,0.1678125,0.69560826,0.036034856,0.0017714326,0.0081875585,0.0016282526,0.078527525,0.010429591
ZJ019933,0.08682364,0.36985496,0.30489278,0.0010224911,0.0036424743,0.021231698,0.13486883,0.07766321
ZJ019934,0.56555814,0.031635877,0.14123344,0.0007492558,0.02592836,0.0019913549,0.22853197,0.0043716417
ZJ019935,0.011638706,0.032996044,0.019757845,0.000109144516,0.042432275,0.8888793,0.0028307526,0.0013559355
ZJ019936,0.22343273,0.03620807,0.31642738,0.039795287,0.007902929,0.015230484,0.013209385,0.34779373
ZJ019937,0.3399462,0.027206067,0.016112057,0.38917905,0.15136589,0.01287488,0.057032846,0.0062829796
ZJ019938,0.093051955,0.3935847,0.29452798,0.00088172016,0.0066490634,0.032053154,0.13741037,0.04184106
ZJ019939,0.15629661,0.04349595,0.35119918,0.00059106434,0.005863419,0.18841761,0.11206116,0.14207499
ZJ019940,0.19528511,0.024183556,0.35700092,0.005488789,0.00414374,0.29339975,0.08477822,0.03571991
ZJ019941,0.11159483,0.6804787,0.061842766,0.0015498488,0.0033029479,0.011160996,0.0995995,0.030470466
ZJ019942,0.006506038,0.003071836,0.019121913,0.000104988314,0.001283809,0.9667109,0.0023229239,0.0008775732
ZJ019943,0.22243087,0.15746109,0.12950121,0.004352779,0.011136093,0.026022395,0.38015613,0.068939425
ZJ019944,0.3089295,0.0037982457,0.40005153,0.20811981,0.00097482436,0.011422172,0.0049888315,0.061715074
ZJ019945,0.11974793,0.6458732,0.07598026,0.0028094205,0.00585875,0.008928791,0.1286621,0.012139588
ZJ019946,0.32700145,0.1541869,0.2697649,0.046652082,0.06630744,0.019767903,0.05130457,0.065014765
ZJ019947,0.18660702,0.042109817,0.5079004,0.0004882539,0.003000598,0.0029760236,0.18674874,0.07016912
ZJ019948,0.21191442,0.004894023,0.38102916,0.29948682,0.0060153515,0.045257244,0.011727828,0.039675172
ZJ019949,0.28628647,0.09797985,0.031442214,0.00071812636,0.0040505314,0.0016241672,0.57186055,0.0060380856
ZJ019950,0.19370842,0.14537859,0.11257609,0.0019712367,0.0053023463,0.0011846415,0.52139705,0.018481566
ZJ019951,0.14455855,0.056828987,0.44520494,0.0007592316,0.02207416,0.052976742,0.26679823,0.01079917
ZJ019952,0.31975338,0.0077989954,0.28618565,0.14197795,0.03433404,0.07141033,0.005681093,0.13285856
ZJ019953,0.21866004,0.35281006,0.11641039,0.00911997,0.05873317,0.025860095,0.15152127,0.06688506
ZJ019954,0.18273205,0.14027835,0.24283591,0.0039715087,0.0033043823,0.018331306,0.35793915,0.050607305
ZJ019955,0.16944884,0.064002015,0.5334285,0.00032760837,0.003294802,0.010262607,0.2020769,0.017158803
ZJ019956,0.099450536,0.04533458,0.14251345,0.36860943,0.0102265915,0.09866773,0.016644053,0.2185536
ZJ019957,0.3218915,0.012716556,0.38646615,0.037863307,0.026132677,0.092705615,0.01709418,0.10513005
ZJ019958,0.26203632,0.15725876,0.1318006,0.030111115,0.014003193,0.019219302,0.24379066,0.14178003
ZJ019959,0.085893065,0.0011749174,0.12312167,0.21496308,0.05148572,0.013791822,0.0008779071,0.5086918
ZJ019960,0.31589088,0.027697824,0.269701,0.09357835,0.038588326,0.004428701,0.029644866,0.22047004
ZJ019961,0.015182163,0.015967764,0.029419715,0.020127855,0.0008516265,0.90725946,0.006090288,0.005101065
ZJ019962,0.34078696,0.06647803,0.13368657,0.0075178,0.019307414,0.003194512,0.36171272,0.06731596
ZJ019963,0.11646227,0.0040780697,0.5585696,0.049760375,0.0067957514,0.028687585,0.0014273992,0.23421891
ZJ019964,0.1644805,0.26905745,0.10927832,0.0007664421,0.010749133,0.008207371,0.42706713,0.010393698
ZJ019965,0.16979954,0.0051821615,0.20074715,0.14058281,0.006526028,0.4469183,0.013998723,0.016245231
ZJ019966,0.19330055,0.011695475,0.25357336,0.13979843,0.02199025,0.3353471,0.0139922835,0.03030258
ZJ019967,0.18690042,0.15210697,0.37122905,0.0003783908,0.00818606,0.05899655,0.21608603,0.0061165765
ZJ019968,0.23342286,0.3975035,0.17641716,0.021621628,0.0051689222,0.0028395788,0.016414804,0.14661157
ZJ019969,0.11549178,0.0010858595,0.2967789,0.13718732,0.00026923834,0.0034731934,0.00078318827,0.44493058
ZJ019970,0.29215,0.030536322,0.034891162,0.45059183,0.15305333,0.009828746,0.016535874,0.012412725
ZJ019971,0.19475077,0.0016458888,0.11505335,0.48115298,0.0109572075,0.072588086,0.001486667,0.12236504
ZJ019972,0.1041159,0.18461603,0.13950786,0.001836037,0.014186449,0.22004263,0.32143626,0.014258826
ZJ019973,0.40994787,0.020782592,0.34758553,0.0016709517,0.0065576653,0.018711355,0.18473934,0.010004642
ZJ019974,0.29314435,0.07659499,0.4028267,0.00019072178,0.0066012517,0.033462193,0.17747584,0.00970392
ZJ019975,0.12182606,0.0036967061,0.53563124,0.015863495,0.038476344,0.17485341,0.0054665213,0.10418618
ZJ019976,0.15030658,0.037844703,0.29475582,0.3995259,0.0013735335,0.015977463,0.017760985,0.08245497
ZJ019977,0.1707594,0.49081475,0.13411103,0.0006617461,0.003077066,0.020460645,0.1603495,0.019765943
ZJ019978,0.29148936,0.22507617,0.07775863,0.014342606,0.022940818,0.0074845436,0.2182823,0.14262562
ZJ019979,0.44963983,0.0623729,0.22696972,0.00944345,0.041462526,0.01763947,0.14987731,0.0425948
ZJ019980,0.2909116,0.15274628,0.27431434,0.0010579368,0.027667802,0.041641332,0.20329373,0.008366961
ZJ019981,0.00053524197,0.00037184212,0.0022563525,0.0001878056,6.605191e-05,0.99601763,5.2561358e-05,0.0005124631
ZJ019982,0.27483138,0.16606121,0.0759179,0.021360975,0.038194228,0.009941167,0.26860863,0.14508455
ZJ019983,0.12938249,0.29715434,0.16229111,0.00363285,0.0059984024,0.06108649,0.31368414,0.026770195
ZJ019984,0.06127994,0.00827934,0.086449,0.0005248307,0.0017288936,0.008091532,0.82264614,0.011000288
ZJ019985,0.15088531,0.14324969,0.3464801,0.00062863796,0.017118715,0.045459434,0.2530081,0.043169994
ZJ019986,0.14616245,0.017894704,0.19076641,0.116710395,0.0046587097,0.15292053,0.053166486,0.3177203
ZJ019987,0.2665506,0.048939493,0.24745305,0.030794714,0.016213194,0.019797513,0.07697364,0.29327774
ZJ019988,0.09752476,0.0010899088,0.57792175,0.052276902,0.013826393,0.02496158,0.0029977905,0.22940093
ZJ019989,0.21035065,0.02183969,0.1481876,0.11995515,0.018076437,0.006707885,0.016000498,0.45888215
ZJ019990,0.116393164,0.06902616,0.15681519,0.012536284,0.008919667,0.030486075,0.48289737,0.122926086
ZJ019991,0.11712868,0.07354026,0.17725293,0.2143317,0.021592055,0.00588474,0.019058561,0.37121105
ZJ019992,0.6401988,0.0006409476,0.0017650706,8.8435074e-05,0.3473429,0.005405539,0.0043995692,0.00015863132
ZJ019993,0.14855102,0.021855336,0.009417572,0.6888046,0.069581866,0.02045533,0.035446487,0.005887815
ZJ019994,0.37616557,0.22145253,0.07161511,0.0074154474,0.030404715,0.006323702,0.2656294,0.020993546
ZJ019995,0.09988343,0.0033674885,0.1437006,0.34198013,0.0032137958,0.0074361116,0.004323153,0.3960953
ZJ019996,0.08119801,0.0020965454,0.1292549,0.32795835,0.006473934,0.0073328945,0.0016877757,0.4439976
ZJ019997,0.3404659,0.032490123,0.26848963,0.0025761884,0.008064158,0.037372172,0.2721598,0.03838203
ZJ019998,0.28779417,0.15901834,0.3071629,0.0025209964,0.101773724,0.025534904,0.0628434,0.053351603
ZJ019999,0.3345367,0.07342199,0.18108848,0.005359419,0.0029820793,0.06367417,0.30995047,0.028986698
ZJ020000,0.03182382,0.014604158,0.04680296,0.0024340006,0.0042766794,0.8881491,0.006334071,0.005575221
ZJ020001,0.4354221,0.04089919,0.19104259,0.05361833,0.018809803,0.0700028,0.055334017,0.1348712
ZJ020002,0.12908766,0.49159706,0.118230976,0.0008692624,0.01862498,0.006478757,0.2287043,0.006407019
ZJ020003,0.09753119,0.014791446,0.2810675,0.000990385,0.018130517,0.12310674,0.45170867,0.0126735335
ZJ020004,0.08802086,0.09142561,0.025688456,0.003754074,0.0102672195,0.73816454,0.036864504,0.005814721
ZJ020005,0.19636342,0.04795321,0.24315853,0.0014503401,0.0058558276,0.021402732,0.46195695,0.021858994
ZJ020006,0.23802403,0.043735877,0.41525626,0.0007616902,0.012220306,0.02521752,0.25006285,0.014721466
ZJ020007,0.37860605,0.13392988,0.1742993,0.030847676,0.10194867,0.016406145,0.07032021,0.09364204
ZJ020008,0.2587799,0.060797002,0.35452306,0.00040067817,0.008502218,0.012363259,0.29389805,0.010735824
ZJ020009,0.21258275,0.14961495,0.07952227,0.0022065493,0.022509815,0.00903058,0.46987492,0.054658238
ZJ020010,0.16029081,0.082108684,0.23255418,0.0024704877,0.09564798,0.0072267847,0.3316378,0.08806328
ZJ020011,0.10493071,0.022077905,0.3420549,0.0035406516,0.0026233648,0.078105435,0.4042243,0.042442784
ZJ020012,0.42565545,0.06837451,0.16184519,0.0036442366,0.039447986,0.025946638,0.23695458,0.038131412
ZJ020013,0.18524145,0.010754041,0.29263043,0.38711324,0.0150490925,0.02267224,0.0055620815,0.080977514
ZJ020014,0.018994387,0.01222852,0.010252826,0.00029598075,0.044969596,0.0014544687,0.90282327,0.008980901
ZJ020015,0.29904532,0.11154328,0.076139316,0.25100052,0.009337527,0.005013248,0.016773423,0.23114738
ZJ020016,0.429181,0.040170636,0.27401358,0.021347161,0.011160905,0.013726359,0.028353944,0.18204637
ZJ020017,0.36870676,0.16061656,0.17894724,0.008858664,0.050082758,0.026377376,0.1476799,0.05873074
ZJ020018,0.12369395,0.2699488,0.21288861,0.0051916265,0.0062503163,0.035632264,0.3118892,0.034505278
ZJ020019,0.078566834,0.014459541,0.6168746,0.00035804513,0.0015608914,0.25285634,0.029427037,0.0058968044
ZJ020020,0.21502301,0.009318202,0.5247378,0.033053588,0.001760713,0.012848665,0.0069923415,0.19626568
ZJ020021,0.1427823,0.053075157,0.13031705,0.008172904,0.32586935,0.22871795,0.10063658,0.010428718
ZJ020022,0.14833519,0.18085818,0.37926814,0.00029877253,0.014634273,0.041482642,0.19603918,0.039083626
ZJ020023,0.48792157,0.024313582,0.12471133,0.0010727956,0.025595143,0.019339902,0.30408508,0.012960634
ZJ020024,0.042018365,0.03399173,0.047418002,0.006135544,0.017921194,0.70202416,0.13418166,0.016309332
ZJ020025,0.08662368,0.012546701,0.22858252,0.23445319,0.017183093,0.03606992,0.0038122667,0.3807286
ZJ020026,0.2656995,0.14062041,0.17239997,0.005579799,0.023980519,0.05694579,0.29509643,0.03967759
ZJ020027,0.22889876,0.04216223,0.033677235,0.6148792,0.028060472,0.012633273,0.02794425,0.011744557
ZJ020028,0.3057079,0.2145968,0.1130717,0.0047343886,0.018111233,0.03324725,0.30170682,0.008823897
ZJ020029,0.16294819,0.46195915,0.11696614,0.016382778,0.01027979,0.024448944,0.070358574,0.13665646
ZJ020030,0.23384215,0.09224548,0.10242699,0.0009041384,0.001043129,0.11127695,0.44732556,0.0109356465
ZJ020031,0.05630822,0.0015290093,0.11447607,0.37721074,0.0017641152,0.0028444752,0.0034991663,0.44236824
ZJ020032,0.085101046,0.001865182,0.17691602,0.33061022,0.008632782,0.008836803,0.0011043972,0.38693357
ZJ020033,0.32214627,0.047135465,0.21967974,0.01514625,0.03821593,0.0069818255,0.2880183,0.062676296
ZJ020034,0.028357048,0.021431234,0.0045034466,0.84990317,0.007401315,0.08489283,0.0021144324,0.0013965673
ZJ020035,0.24007304,0.08189058,0.20960625,0.09491393,0.018387023,0.017734572,0.03173701,0.30565757
ZJ020036,0.28318474,0.18568197,0.03954272,0.02593893,0.03173258,0.0031466607,0.1875121,0.24326026
ZJ020037,0.17567888,0.08309967,0.17551807,0.0041701365,0.0043038647,0.012500144,0.4939976,0.050731633
ZJ020038,0.467371,0.07547207,0.2599402,0.002707662,0.03900084,0.003412624,0.12701407,0.025081532
ZJ020039,0.03749093,0.6282578,0.07060157,0.0002043264,0.0026553066,0.0470099,0.18645392,0.027326232
ZJ020040,0.120111704,0.68341947,0.095070876,0.0003176684,0.0015570838,0.0040449467,0.07428314,0.021195127
ZJ020041,0.00071341,0.000211532,0.0023908473,0.030612007,0.00028472114,0.96566856,3.653597e-05,8.242775e-05
ZJ020042,0.38180664,0.13119988,0.17207706,0.0028843046,0.012935162,0.05517377,0.16927567,0.074647464
ZJ020043,0.1316938,0.0821475,0.62737733,0.00014327816,0.00081656844,0.0076202103,0.12190878,0.028292496
ZJ020044,0.33989924,0.006153545,0.19414914,0.2635968,0.07086974,0.0070858235,0.0052249273,0.113020696
ZJ020045,0.06315224,0.013783595,0.07542163,0.05248202,0.67915833,0.042934258,0.016696177,0.056371775
ZJ020046,0.1245843,0.005317332,0.14356348,0.34852555,0.019749219,0.3214984,0.008206432,0.028555326
ZJ020047,0.4915505,0.016879048,0.21626472,0.0012906226,0.0054476974,0.09116925,0.16928095,0.008117173
ZJ020048,0.033958625,0.078687474,0.19720156,0.0003585065,0.60689,0.013146835,0.044324946,0.025432054
ZJ020049,0.13147742,0.04787668,0.26626614,0.0005559008,0.0057857432,0.052030504,0.4713126,0.02469496
ZJ020050,0.076481804,0.020987982,0.32081434,0.0002896452,0.00096421293,0.41934654,0.11831855,0.042796884
ZJ020051,0.11306228,0.050967474,0.29828298,0.0040595667,0.0036971779,0.0075051994,0.49093905,0.03148627
ZJ020052,0.06258851,0.0148733985,0.12675345,0.005657392,0.022025771,0.0024709967,0.73833436,0.027296169
ZJ020053,0.11961115,0.008627633,0.10992802,0.12491479,0.5362182,0.044730093,0.013956128,0.042013943
ZJ020054,0.154062,0.022574078,0.408215,0.000260098,0.0020456186,0.30427197,0.07324228,0.035328947
ZJ020055,0.24565582,0.15571094,0.1282633,0.011482493,0.08916885,0.05586151,0.26435015,0.04950701
ZJ020056,0.045737658,0.79041195,0.06278076,0.00015718832,0.00093446445,0.021562735,0.07427162,0.004143652
ZJ020057,0.10453122,0.30810997,0.20969027,0.00041967985,0.008125895,0.006943268,0.35294288,0.009236829
ZJ020058,0.082798444,0.049772713,0.12850869,0.012858006,0.023339745,0.6388053,0.0099461945,0.053970765
ZJ020059,0.15706642,0.0022770737,0.40248474,0.039030574,0.041590422,0.021401728,0.0052154935,0.3309335
ZJ020060,0.41591096,0.124538094,0.22333899,0.012301408,0.04707965,0.018042741,0.13115013,0.02763802
ZJ020061,0.3493971,0.061727244,0.36805013,0.0041926242,0.0037367512,0.023892844,0.14858583,0.040417492
ZJ020062,0.47165093,0.14231527,0.072278194,0.007266198,0.030626103,0.01801409,0.19557106,0.062278185
ZJ020063,0.18200825,0.13874799,0.19801283,0.0024078293,0.0033643877,0.08279713,0.30754957,0.08511198
ZJ020064,0.19217274,0.057390552,0.37114677,0.00028481736,0.0022892794,0.0052256254,0.3396587,0.031831473
ZJ020065,0.06432748,0.0027881125,0.31147298,0.31137884,0.009996567,0.005795534,0.0017479261,0.29249257
ZJ020066,0.27870005,0.0068202442,0.45910436,0.04194466,0.0020952378,0.013388011,0.007547792,0.19039966
ZJ020067,0.18292534,0.33175614,0.043334745,0.00030674122,0.2476125,0.17113258,0.017005907,0.005926017
ZJ020068,0.2121333,0.062531956,0.53223574,0.00017779882,0.0045490004,0.0052426024,0.17541383,0.0077158147
ZJ020069,0.16204153,0.04168596,0.26692995,0.00031310756,0.0033443535,0.048203006,0.44863644,0.028845677
ZJ020070,0.11793452,0.05779371,0.26744103,0.0020326623,0.067052126,0.37993342,0.10170445,0.0061080507
ZJ020071,0.095129326,0.005458323,0.25736946,0.30929983,0.004158775,0.012923197,0.0019413853,0.31371972
ZJ020072,0.20821147,0.035085503,0.5159803,0.00032508626,0.0022650382,0.088448256,0.11383004,0.035854295
ZJ020073,0.06077691,0.038791962,0.20210186,0.0063758544,0.0012580325,0.0022612058,0.6597918,0.028642341
ZJ020074,0.3060658,0.17567244,0.07257221,0.03494561,0.0065861396,0.004156495,0.29940167,0.10059952
ZJ020075,0.17810972,0.4538047,0.12374279,0.0005640802,0.001606125,0.025264261,0.182848,0.034060333
ZJ020076,0.07231454,0.035060875,0.06712182,0.74369156,0.03507726,0.034116074,0.007961536,0.0046563847
ZJ020077,0.25688478,0.06409263,0.23738676,0.11803869,0.08352304,0.037970573,0.04631478,0.15578878
ZJ020078,0.23808928,0.41194946,0.16800058,0.002536782,0.021554038,0.0027982823,0.07719372,0.077877805
ZJ020079,0.3304978,0.19092381,0.26909262,0.0017386542,0.012107178,0.019159907,0.09413816,0.08234184
ZJ020080,0.11352418,0.57072455,0.23964049,0.0008615989,0.004095446,0.01696043,0.04906636,0.0051269867
ZJ020081,0.1833446,0.1456356,0.30781314,0.0015871506,0.020486899,0.10102896,0.17708933,0.0630143
ZJ020082,0.14700083,0.14866287,0.17279854,0.0044750073,0.006620691,0.03196246,0.23639458,0.252085
ZJ020083,0.03280447,0.0017190236,0.020973878,8.377457e-05,0.00051157,0.00350259,0.9314036,0.00900112
ZJ020084,0.11074585,0.053104393,0.2415707,0.0008563591,0.0018364391,0.0154393455,0.5492422,0.027204705
ZJ020085,0.11079875,0.0029466369,0.2071076,0.1658829,0.004878959,0.47470537,0.005415642,0.028264122
ZJ020086,0.0021553908,0.006023896,0.001083312,0.000106361345,0.00043226717,0.00054137566,0.98901397,0.0006434544
ZJ020087,0.3023324,0.14713123,0.18109055,0.01125423,0.21337098,0.013850838,0.100906566,0.030063186
ZJ020088,0.75396293,0.022998113,0.08149579,0.0015525948,0.010245706,0.00411382,0.11975853,0.0058725034
ZJ020089,0.35905793,0.058532543,0.18844612,0.0022134047,0.0032064903,0.057707317,0.30012465,0.0307116
ZJ020090,0.3124481,0.018617993,0.096839696,0.004848447,0.016158635,0.0041445666,0.39046934,0.15647323
ZJ020091,0.2926511,0.031904783,0.58004004,0.014543293,0.0020350763,0.022286708,0.022876758,0.03366225
ZJ020092,0.14431743,0.1296392,0.53026533,0.00022506733,0.0028489507,0.014032961,0.16696906,0.011701972
ZJ020093,0.15930697,0.12028053,0.10642185,0.16010715,0.021019613,0.28958,0.13653171,0.0067521622
ZJ020094,0.10421522,0.007830404,0.26001552,0.2390204,0.0036309438,0.12452475,0.0026901986,0.25807253
ZJ020095,0.36653233,0.13987997,0.18519501,0.026318215,0.06365175,0.008648269,0.12621355,0.08356089
ZJ020096,0.066570155,0.7071138,0.15523641,0.00018347571,0.0025914721,0.011095304,0.05513491,0.0020744982
ZJ020097,0.24538344,0.22326125,0.12177603,0.0036827032,0.0045068907,0.0077970787,0.30234575,0.091246806
ZJ020098,0.020760316,0.0048540286,0.08160843,0.0005059817,0.0010108005,0.86524343,0.021602526,0.0044145174
ZJ020099,0.049287573,0.004310002,0.1339149,0.30514723,0.011954888,0.036810987,0.0027389238,0.45583552
ZJ020100,0.12182449,0.07589097,0.034147754,0.7049071,0.018387513,0.0076762848,0.02037123,0.016794676
ZJ020101,0.09168193,0.10376868,0.075015314,0.0006103168,0.005495546,0.4310188,0.263708,0.028701372
ZJ020102,0.09611724,0.1103712,0.10542571,0.013207954,0.01835715,0.58170366,0.036362965,0.038454052
ZJ020103,0.06364995,0.8313303,0.038399644,0.00012239227,0.0017447274,0.01072544,0.04914477,0.0048827324
ZJ020104,0.098006144,0.15128763,0.059900045,0.021384735,0.012891204,0.48821482,0.16336647,0.004948991
ZJ020105,0.36532366,0.1559851,0.04542586,0.017248008,0.025510667,0.010066044,0.17088771,0.20955294
ZJ020106,0.11702381,0.78628284,0.018173764,7.4127034e-05,0.0015968832,0.0034055796,0.06688147,0.0065615494
ZJ020107,0.38986444,0.13903244,0.27300102,0.0045103794,0.0176951,0.0018800368,0.1335655,0.040451124
ZJ020108,0.1162158,0.5477908,0.09562677,0.0004378899,0.0021809617,0.021138363,0.19846231,0.018147072
ZJ020109,0.28147766,0.1880057,0.25620088,0.00089485565,0.019147925,0.05396107,0.07991041,0.120401494
ZJ020110,0.22164261,0.07756311,0.3367377,0.004812824,0.0063361935,0.07754953,0.24799643,0.027361654
ZJ020111,0.2851529,0.12261203,0.21764338,0.011589058,0.20291886,0.0058676563,0.13305399,0.02116215
ZJ020112,0.33336517,0.13988304,0.20229495,0.0036421882,0.015228239,0.013457922,0.25576866,0.036359813
ZJ020113,0.32995585,0.10255004,0.23245016,0.0010597322,0.015251705,0.0100938985,0.28345403,0.025184577
ZJ020114,0.64397043,0.013086045,0.079656005,0.1269975,0.019493608,0.015807062,0.012140764,0.088848576
ZJ020115,0.023864325,0.0074876645,0.011013382,0.00020878926,0.0005432211,0.9207516,0.0070794844,0.029051572
ZJ020116,0.062969014,0.0043976586,0.070644334,0.038971443,0.6687152,0.06212545,0.0049557085,0.087221265
ZJ020117,0.15708332,0.00072519854,0.27215233,0.43088758,0.0041716606,0.0344537,0.0032622153,0.097263984
ZJ020118,0.09915609,0.03129901,0.32096046,0.0023893234,0.0022930207,0.08750512,0.41499835,0.041398663
ZJ020119,0.1302849,0.371715,0.06559169,0.0002371645,0.23478638,0.17926489,0.014238773,0.0038812328
ZJ020120,0.14380597,0.0010289334,0.21335301,0.28436914,0.0023342483,0.008730229,0.0029222558,0.3434562
ZJ020121,0.28689855,0.1863121,0.20796575,0.0016946673,0.0030201292,0.050461497,0.25309893,0.01054843
ZJ020122,0.12454796,0.14079067,0.05485057,0.0015286544,0.0030242668,0.0019290415,0.66376853,0.009560409
ZJ020123,0.23245932,0.17811793,0.0798745,0.0034189152,0.040985674,0.004378747,0.44571614,0.015048824
ZJ020124,0.33102807,0.12352416,0.20354004,0.0061550746,0.014909355,0.13522145,0.11244376,0.07317811
ZJ020125,0.162723,0.0054225526,0.52609146,0.08507375,0.029464897,0.025247851,0.0033039257,0.1626726
ZJ020126,0.07345562,0.0012638976,0.13623293,0.37390915,0.002660308,0.004486615,0.0017074748,0.40628403
ZJ020127,0.055306356,0.046415042,0.09768103,0.017871678,0.0030560165,0.7419596,0.017047942,0.02066241
ZJ020128,0.9014972,0.02568545,0.021675095,0.00044221975,0.0034998422,0.0040940833,0.019694762,0.02341142
ZJ020129,0.012473697,0.030651478,0.019285882,0.00021417536,0.00061807915,0.017864367,0.9009217,0.017970657
ZJ020130,0.28831768,0.057260145,0.24818085,0.0056999056,0.018381469,0.0147855915,0.27296704,0.09440737
ZJ020131,0.27437377,0.12322503,0.23051795,0.07557426,0.13030829,0.02201158,0.089562036,0.054427125
ZJ020132,0.24911931,0.09091776,0.265081,0.00060776336,0.018134635,0.06076677,0.16613683,0.14923592
ZJ020133,0.43626812,0.13732438,0.06438145,0.0098937005,0.03361659,0.010166223,0.2570539,0.051295627
ZJ020134,0.058813594,0.04198555,0.4957357,0.006665771,0.018098345,0.30346915,0.059910145,0.015321735
ZJ020135,0.17248204,0.010383604,0.022485785,0.0012825147,0.0056214565,0.00084888184,0.7542862,0.03260946
ZJ020136,0.43625164,0.11310308,0.11577996,0.025353866,0.027012952,0.020645823,0.13887851,0.12297421
ZJ020137,0.094674714,0.007823905,0.0034074693,0.6236108,0.010413949,0.25000975,0.0026023604,0.0074569974
ZJ020138,0.13980077,0.54751915,0.07010236,0.0108697675,0.014835528,0.004585128,0.16686743,0.045419797
ZJ020139,0.258411,0.12771276,0.0374244,0.040204726,0.026988994,0.0024221644,0.21979922,0.28703675
ZJ020140,0.11114138,0.3773921,0.07579672,0.00047342468,0.007418735,0.062494364,0.30804768,0.05723557
ZJ020141,0.0022991784,0.0010130727,0.006778515,0.0029925685,6.800793e-05,0.98589754,0.0007365118,0.00021464283
ZJ020142,0.18426152,0.05694372,0.34782338,0.00077123224,0.006662882,0.018877996,0.36516544,0.01949383
ZJ020143,0.120541744,0.06489439,0.20072706,0.0021655941,0.00404644,0.012869108,0.55194193,0.04281376
ZJ020144,0.34096792,0.075596996,0.17032656,0.0029406622,0.011247206,0.012222911,0.36064205,0.026055695
ZJ020145,0.29006934,0.12405316,0.12987046,0.037537884,0.20439446,0.023250846,0.15294123,0.037882563
ZJ020146,0.050079152,0.010060639,0.0961755,0.09491902,0.6097413,0.041779224,0.019022152,0.07822303
ZJ020147,0.17325698,0.0025457607,0.3140187,0.19705097,0.0038633102,0.013613582,0.0024885254,0.29316214
ZJ020148,0.00079734885,0.00027869822,0.0026014838,0.00047976425,0.00081889704,0.9947268,8.976153e-05,0.00020737419
ZJ020149,0.04066979,0.034583233,0.07053918,0.008921824,0.0018767214,0.82503545,0.007715985,0.010657851
ZJ020150,0.16049135,0.28529218,0.10394124,0.022934308,0.009059853,0.105368994,0.25536564,0.057546422
ZJ020151,0.32167757,0.13409275,0.23911975,0.036498047,0.06594748,0.010813986,0.050325256,0.1415252
ZJ020152,0.36191446,0.06792389,0.15311274,0.003087539,0.015295683,0.0107988175,0.35466126,0.033205613
ZJ020153,0.20771116,0.005032088,0.47854388,0.25943294,0.0010074328,0.007072732,0.0041052666,0.037094466
ZJ020154,0.17509803,0.05152551,0.08612323,0.0038002895,0.043805413,0.061013132,0.55974984,0.018884618
ZJ020155,0.12711526,0.0053723534,0.32373443,0.48058796,0.0074838726,0.01813584,0.005030125,0.032540135
ZJ020156,0.20943072,0.025672173,0.47679424,0.0006705284,0.0047787204,0.009055483,0.26789042,0.0057076574
ZJ020157,0.40872464,0.058466755,0.14809762,0.0021648025,0.005705988,0.022635438,0.3116155,0.04258921
ZJ020158,0.15037209,0.20276982,0.11525579,0.002777557,0.0055298978,0.0030576922,0.50740474,0.012832395
ZJ020159,0.10828715,0.023211721,0.2881227,0.0028859023,0.0020066588,0.020623747,0.5208369,0.034025177
ZJ020160,0.048243087,0.81550044,0.036902785,0.00017312204,0.00054202037,0.009162365,0.07950082,0.009975368
ZJ020161,0.10097151,0.6506359,0.05757784,0.0030819285,0.004278867,0.005707366,0.16674288,0.011003723
ZJ020162,0.048511248,0.8308191,0.0032859072,0.0006070105,0.010627073,0.0033475,0.09184021,0.010961943
ZJ020163,0.22347486,0.09049122,0.3279431,0.0010307555,0.009694202,0.2084651,0.12519777,0.013703011
ZJ020164,0.37338272,0.020342492,0.3144661,0.0022979933,0.0034017363,0.055370856,0.21094675,0.019791352
ZJ020165,0.065044716,0.011203334,0.1484031,0.19929658,0.004373647,0.0036160292,0.0017536969,0.5663089
ZJ020166,0.33958897,0.08511887,0.30237892,0.001032508,0.028438568,0.014872397,0.22032578,0.008243892
ZJ020167,0.42782977,0.17774132,0.1849744,0.0015452871,0.009064255,0.03867473,0.110015824,0.05015443
ZJ020168,0.10641844,0.0056014825,0.13899629,0.031529523,0.5827481,0.088113405,0.012919811,0.03367289
ZJ020169,0.059345026,0.73713595,0.07327753,0.0009268416,0.009751861,0.018618908,0.08701856,0.013925262
ZJ020170,0.1642737,0.100535884,0.31320274,0.005781285,0.006687227,0.018922273,0.37452805,0.016068792
ZJ020171,0.04753795,0.037847087,0.7131576,0.00074721297,0.0049863355,0.14607117,0.044039816,0.0056129093
ZJ020172,0.11565992,0.021624641,0.33795708,0.30625802,0.082294546,0.025695287,0.0076682847,0.10284219
ZJ020173,0.30463484,0.044832565,0.21941192,0.00045959163,0.006147119,0.007948209,0.4131109,0.003454849
ZJ020174,0.11424296,0.038375154,0.03289714,0.7554911,0.01599552,0.018132292,0.0059507093,0.018915193
ZJ020175,0.61078095,0.05403113,0.103889674,0.0015135962,0.02213054,0.004043463,0.18307975,0.020530919
ZJ020176,0.16802257,0.23023285,0.22750133,0.0047189044,0.010757416,0.039082643,0.28836563,0.031318676
ZJ020177,0.06679054,0.6509158,0.1497451,0.0013168778,0.0053068036,0.004501828,0.081532694,0.039890345
ZJ020178,0.1221871,0.050223086,0.023150343,0.6590042,0.026651861,0.09973285,0.012894956,0.006155646
ZJ020179,0.12086612,0.0056948024,0.33155382,0.12633619,0.13295476,0.13051204,0.011058871,0.14102338
ZJ020180,0.04484643,0.0007975378,0.1727306,0.5960883,0.0025998105,0.019307429,0.0007698374,0.16286008
ZJ020181,0.21501169,0.5058942,0.08066697,0.0015166532,0.0040794834,0.0048574856,0.16134995,0.026623555
ZJ020182,0.248233,0.22228438,0.2163439,0.0031945664,0.10552804,0.009687295,0.1259573,0.068771526
ZJ020183,0.25718158,0.029026734,0.35258752,0.004926736,0.0012818989,0.03756867,0.26686016,0.050566807
ZJ020184,0.13767439,0.12531872,0.021582492,0.002015579,0.006620134,0.0017189458,0.69044054,0.014629274
ZJ020185,0.112390645,0.0056351814,0.41299504,0.09527164,0.009701144,0.04052992,0.0050980737,0.3183783
ZJ020186,0.010424691,0.0030107324,0.0058439416,0.00084104127,0.0010286908,0.0004133761,0.97554016,0.0028973052
ZJ020187,0.2588839,0.028905706,0.05058803,0.45916516,0.10422385,0.023943761,0.038230903,0.03605861
ZJ020188,0.13098925,0.011640414,0.19528568,0.34510425,0.010814811,0.012033925,0.003363668,0.29076797
ZJ020189,0.13070084,0.0062990165,0.40270716,0.052348305,0.09225667,0.11903405,0.0065182815,0.19013567
ZJ020190,0.31223387,0.14461468,0.26924098,0.004989626,0.13698624,0.0061162882,0.07519825,0.0506201
ZJ020191,0.10822224,0.03870542,0.2752437,0.0107229175,0.0020311049,0.012128994,0.52418095,0.02876467
ZJ020192,0.42962778,0.061035167,0.19655278,0.0012744031,0.0037721628,0.06580183,0.19548872,0.04644711
ZJ020193,0.0008689559,6.2058796e-05,0.00055184425,0.00011863612,8.581689e-05,0.99825764,5.203308e-05,2.9711648e-06
ZJ020194,0.0295631,0.24248987,0.02238853,0.00068751763,0.0035422186,0.07784535,0.600009,0.023474349
ZJ020195,0.39635226,0.06070973,0.15128587,0.02549876,0.0068386607,0.059514295,0.06433241,0.23546802
ZJ020196,0.2896704,0.1993699,0.081799,0.050550353,0.10559375,0.024728917,0.19867319,0.04961441
ZJ020197,0.12057517,0.0685681,0.20866276,0.0033733626,0.0058037196,0.22287208,0.32320642,0.046938363
ZJ020198,0.5355468,0.03312996,0.024565924,0.26063168,0.1012042,0.01767602,0.019675463,0.0075699436
ZJ020199,0.30967808,0.0061663426,0.35606697,0.15194193,0.008709286,0.11110623,0.010697683,0.0456335
ZJ020200,0.07701393,0.010663533,0.17160109,0.043611713,0.3171601,0.32176682,0.015379302,0.04280345
ZJ020201,0.1293797,0.093034446,0.099172354,0.0005911563,0.026337175,0.0011737526,0.64291865,0.007392841
ZJ020202,0.04723646,0.05814591,0.111089535,0.025745992,0.0014956584,0.73602825,0.00920473,0.011053409
ZJ020203,0.16083871,0.03283914,0.20226797,0.0063014864,0.014274454,0.009509787,0.5450724,0.028896015
ZJ020204,0.18445623,0.28304237,0.12537372,0.0037778155,0.013875172,0.01288085,0.1797712,0.19682266
ZJ020205,0.20552357,0.023532758,0.020246694,0.6244234,0.039326005,0.070725255,0.010607535,0.0056147976
ZJ020206,0.08724836,0.0035569922,0.18074106,0.3280047,0.009246838,0.010883091,0.0026186826,0.37770027
ZJ020207,0.09067639,0.71517384,0.049642276,0.01268321,0.003776419,0.01742536,0.07407016,0.03655235
ZJ020208,0.051422678,0.015008898,0.043076094,0.0005191018,0.011262999,0.0018479592,0.8689621,0.007900125
ZJ020209,0.2695954,0.025694996,0.3969301,0.00026806016,0.0025359502,0.007242623,0.29189718,0.005835713
ZJ020210,0.17259872,0.02179892,0.5191717,0.09315693,0.06704717,0.04085546,0.013331217,0.07203995
ZJ020211,0.15896694,0.0008748133,0.37238958,0.17298082,0.0007577107,0.020914763,0.00095998996,0.27215543
ZJ020212,0.10178847,0.0075533143,0.2682117,0.2537866,0.02283037,0.019852985,0.0031006709,0.32287592
ZJ020213,0.30351144,0.029805627,0.027845332,0.44965643,0.14387713,0.019017264,0.017507024,0.008779754
ZJ020214,0.16766796,0.15492499,0.104307115,0.0028440794,0.022207053,0.07155655,0.21817185,0.25832036
ZJ020215,0.1051083,0.019837528,0.36851534,0.0024751713,0.0028106985,0.067039154,0.39243546,0.041778315
ZJ020216,0.33754718,0.19970739,0.07450823,0.006541195,0.00976896,0.006361032,0.24706355,0.11850246
ZJ020217,0.09092559,0.097435,0.04216305,0.006146045,0.009069956,0.0005659946,0.7054398,0.04825459
ZJ020218,0.060509488,0.13685746,0.08418116,0.006835735,0.0021722084,0.655328,0.018845804,0.035270177
ZJ020219,0.03223085,0.7971165,0.09470956,0.000119561446,0.0012421665,0.046681073,0.025919458,0.0019808707
ZJ020220,0.06756684,0.0019011147,0.12793437,0.40341622,0.00569836,0.09883218,0.001108319,0.29354256
ZJ020221,0.18946785,0.23275797,0.20161349,0.003834763,0.010453835,0.03497124,0.30397245,0.022928411
ZJ020222,0.32118726,0.1996227,0.26995727,0.0033001613,0.02495011,0.009611862,0.11321664,0.05815404
ZJ020223,0.078841485,0.14186975,0.31076825,0.00065261126,0.20195583,0.029328244,0.19497901,0.04160481
ZJ020224,0.06355944,0.0040088664,0.13941832,0.4246208,0.0051866565,0.006986249,0.0026839753,0.35353565
ZJ020225,0.24856883,0.22713727,0.06519933,3.898885e-05,0.18571474,0.24090199,0.03128392,0.0011549453
ZJ020226,0.14138243,0.28929654,0.19323438,0.0034233376,0.005333795,0.051111892,0.2886902,0.027527418
ZJ020227,0.57287306,0.029089062,0.039375123,0.29682598,0.010866881,0.008668063,0.014831096,0.027470758
ZJ020228,0.055720646,0.0065441323,0.37230253,0.13738638,0.010853389,0.044936713,0.0016956838,0.37056056
ZJ020229,0.17426461,0.0004934318,0.0038593991,0.00044013173,0.81782037,0.00049344864,0.001564719,0.001063882
ZJ020230,0.12340369,0.20422894,0.28333944,0.0010543355,0.03541481,0.020187592,0.31192663,0.02044446
ZJ020231,0.3586668,0.106979035,0.12036951,0.0022463454,0.0059562847,0.035845798,0.3232029,0.046733376
ZJ020232,0.15045156,0.017057968,0.3938654,0.12888336,0.011904834,0.028143875,0.0033181794,0.26637486
ZJ020233,0.20069304,0.2006761,0.15475133,0.002490201,0.017856061,0.001883364,0.39506063,0.026589237
ZJ020234,0.13976619,0.028836668,0.61084163,0.00012092024,0.004322119,0.10559426,0.10466258,0.0058556106
ZJ020235,0.10221097,0.49385914,0.038337164,0.00038496795,0.0061039026,0.03425453,0.2885073,0.03634204
ZJ020236,0.29577345,0.09649708,0.3384653,0.0024395923,0.006017742,0.0068944576,0.2171089,0.036803544
ZJ020237,0.04892124,0.002735885,0.123690665,0.43445498,0.00068723824,0.009011404,0.004019143,0.37647954
ZJ020238,0.08841981,0.46512756,0.17975035,0.00011857326,0.033316635,0.0023984797,0.22468446,0.006184191
ZJ020239,0.24354875,0.07367287,0.27424395,0.00047622732,0.0035528424,0.0056378962,0.3895089,0.009358586
ZJ020240,0.25442916,0.093013324,0.30334404,0.0021367604,0.004479975,0.01953432,0.29905775,0.024004648
ZJ020241,0.33578208,0.0946307,0.08140036,0.0023103463,0.05429265,0.027564894,0.3541439,0.04987509
ZJ020242,0.14442703,0.6993232,0.072860405,0.0035852497,0.010653209,0.008288041,0.041832075,0.019030785
ZJ020243,0.09034249,0.0053817555,0.24624524,0.27872038,0.0056995465,0.0062208283,0.009735661,0.357654
ZJ020244,0.32460234,0.09649502,0.33524427,0.011286419,0.0021501405,0.0069787465,0.14405373,0.07918929
ZJ020245,0.43336383,0.040341035,0.13397425,0.0012927564,0.088483386,0.022119258,0.21357355,0.06685199
ZJ020246,0.00070249266,0.0010493236,0.0022394566,0.00042682263,0.0002907777,0.99480116,0.0004078339,8.2130675e-05
ZJ020247,0.21228349,0.051804338,0.37173185,0.0008850453,0.015577127,0.048885074,0.28884882,0.009984296
ZJ020248,0.94758946,0.0009876611,0.01161414,0.00021200921,0.0020708567,0.001958005,0.034517925,0.001049914
ZJ020249,0.4908925,0.07789667,0.15158169,0.004855545,0.009368505,0.048948117,0.06465384,0.15180318
ZJ020250,0.6069165,0.017775528,0.07667387,0.0057564443,0.009987475,0.030104026,0.09128441,0.16150178
ZJ020251,0.03964291,0.025923694,0.05477565,0.018698495,0.01605325,0.8141543,0.019282868,0.01146877
ZJ020252,0.40809125,0.09397279,0.19816256,0.0005357593,0.032638997,0.012778203,0.2477636,0.006056865
ZJ020253,0.44831872,0.030776558,0.13447565,0.0141571835,0.155415,0.017835695,0.18184702,0.017174175
ZJ020254,0.062492814,0.7643688,0.045376107,0.005130862,0.006328661,0.009536081,0.09230969,0.014456994
ZJ020255,0.26734394,0.0070944014,0.28348395,0.058781188,0.112974584,0.1869042,0.0063952357,0.07702253
ZJ020256,0.3738463,0.28494594,0.09298242,0.06601811,0.011781581,0.009486045,0.083546795,0.07739278
ZJ020257,0.2313859,0.06262203,0.29047096,0.0016672625,0.0028756517,0.07394346,0.2873712,0.04966356
ZJ020258,0.3137103,0.19843137,0.11006024,0.011228766,0.024734464,0.019298874,0.22511992,0.09741612
ZJ020259,0.6034623,0.039806735,0.111810945,0.0006349304,0.019112138,0.08648102,0.10657095,0.032121006
ZJ020260,0.12646027,0.052640967,0.21460773,0.073653385,0.0045540067,0.47133878,0.031747974,0.024996871
ZJ020261,0.6124875,0.11492188,0.06846559,0.008115109,0.017385578,0.0033777154,0.09904986,0.07619669
ZJ020262,0.26868215,0.33552036,0.057771634,0.036943745,0.023897223,0.005393862,0.18024826,0.09154272
ZJ020263,0.24251236,0.03901426,0.5163311,0.00046697975,0.004693396,0.005567154,0.14781961,0.043595213
ZJ020264,0.09583782,0.8085694,0.028220885,0.0007373137,0.008838144,0.0006345428,0.047129214,0.010032684
ZJ020265,0.10579587,0.6877962,0.0630835,8.506403e-05,0.0006317954,0.0032272781,0.12435384,0.015026495
ZJ020266,0.075554,0.7387883,0.05974055,0.0010156122,0.010846426,0.023226056,0.07563956,0.015189469
ZJ020267,0.19964713,0.0016006071,0.5228844,0.046097938,0.0043282285,0.032173388,0.006128144,0.18714026
ZJ020268,0.13923502,0.5437917,0.06400705,0.0010335909,0.014294511,0.008297924,0.22267683,0.0066633094
ZJ020269,0.10202643,0.0019993389,0.12430627,0.41396418,0.02261985,0.040729,0.0022474336,0.29210746
ZJ020270,0.34335414,0.13030492,0.11440828,0.015605754,0.035363838,0.018637042,0.25794962,0.084376425
ZJ020271,0.00010682882,3.4969369e-06,0.0006495534,5.5503466e-07,6.1557544e-06,0.9992025,1.2537572e-05,1.8409224e-05
ZJ020272,0.03419332,0.0066688624,0.020662852,8.517803e-05,0.0006521117,0.001180037,0.9346712,0.0018864092
ZJ020273,0.22607267,0.065576315,0.35161126,0.0010325606,0.029006537,0.10451829,0.2097628,0.012419617
ZJ020274,0.8054049,0.015545406,0.027749907,0.007239859,0.03924477,0.025552649,0.01595305,0.06330941
ZJ020275,0.11349975,0.0078709815,0.18815386,0.12025678,0.014408443,0.5252475,0.008636102,0.021926569
ZJ020276,0.038164657,0.0077717607,0.11270151,0.00016326127,0.0022530183,0.74287146,0.0886177,0.0074567124
ZJ020277,0.28097832,0.1462014,0.26242614,0.005653449,0.15179855,0.010515366,0.050639797,0.091786996
ZJ020278,0.14726125,0.5345002,0.14254037,0.00093546504,0.0021522595,0.018005326,0.1230554,0.0315498
ZJ020279,0.06832041,0.05683049,0.115272805,0.0073484206,0.0008491948,0.07822882,0.6155288,0.057620965
ZJ020280,0.4543045,0.08775724,0.28180158,0.0013864357,0.0030690688,0.07542318,0.060627084,0.03563093
ZJ020281,0.37728298,0.062014315,0.12807627,0.007592829,0.023137886,0.021168333,0.31900057,0.061726846
ZJ020282,0.11512367,0.015278815,0.26928413,0.12840678,0.040071536,0.03636971,0.007141687,0.3883237
ZJ020283,0.124447815,0.04641529,0.5583137,0.0017329218,0.02021864,0.19291098,0.038748853,0.017211735
ZJ020284,0.09721886,0.3082452,0.22696215,0.00033652948,0.09659164,0.014116635,0.24086697,0.015661944
ZJ020285,0.32399115,0.032328207,0.025185049,0.40244976,0.11907129,0.06445488,0.021931738,0.01058792
ZJ020286,0.017877476,0.13652712,0.010135383,0.00038282867,0.00063920004,0.013024588,0.7739956,0.047417823
ZJ020287,0.28895846,0.36864546,0.114978306,0.0012306663,0.00559691,0.0029657183,0.19503056,0.02259392
ZJ020288,0.7507224,0.00035972032,0.019142898,0.03516316,0.0006050363,0.0043829265,0.0009646729,0.18865924
ZJ020289,0.17265664,0.07055661,0.17102517,0.016299399,0.043755002,0.004845607,0.4515264,0.069335185
ZJ020290,0.5706096,0.0002068874,0.039854594,0.06999067,0.001314994,0.0048707724,0.00056821044,0.31258422
ZJ020291,0.17835277,0.018498698,0.57871175,0.00018680107,0.001956087,0.00206979,0.18028574,0.039938346
ZJ020292,0.62889785,0.3285719,0.013849045,9.718493e-05,0.007172417,0.0053778067,0.010425754,0.0056080893
ZJ020293,0.1624359,0.015919464,0.31772733,0.037909906,0.1312328,0.020446379,0.018433046,0.29589516
ZJ020294,0.050016806,0.00055236067,0.06241814,0.47005028,0.004039431,0.007013132,0.0019433418,0.40396652
ZJ020295,0.07932549,0.55210936,0.17135867,0.00038015167,0.0036110356,0.06469049,0.12405282,0.0044719293
ZJ020296,0.1039938,0.010707155,0.36129934,0.22818995,0.14199542,0.038719106,0.0059902584,0.10910497
ZJ020297,0.22518905,0.2061257,0.18526648,0.00751928,0.026838796,0.02404938,0.16917932,0.15583201
ZJ020298,0.18191285,0.1973635,0.2816128,0.01200962,0.0031132759,0.013737168,0.1283148,0.181936
ZJ020299,0.2490323,0.0023690371,0.28521994,0.10597266,0.1564517,0.053467423,0.0033313853,0.14415558
ZJ020300,0.13208354,0.0979931,0.08665031,0.0011497573,0.0042447625,0.005353406,0.66220754,0.0103175575
ZJ020301,0.05080765,0.0034998849,0.14116722,0.5073016,0.0035335382,0.06400403,0.0022074594,0.22747865
ZJ020302,0.15571688,0.14458182,0.043243505,0.002790829,0.006304711,0.0017005316,0.63730776,0.008353939
ZJ020303,0.1569549,0.07088055,0.52211684,0.00023953433,0.0042006816,0.033025526,0.2058331,0.0067488104
ZJ020304,0.25359228,0.005071896,0.30196285,0.094035946,0.06936576,0.1328293,0.009270558,0.13387144
ZJ020305,0.16577059,0.19062942,0.21876629,0.0009404888,0.013959173,0.021888923,0.37747186,0.010573254
ZJ020306,0.17264816,0.06306389,0.59055907,0.0001173865,0.0031406968,0.005033115,0.15674447,0.008693188
ZJ020307,0.29579365,0.05456877,0.38039872,0.00049492676,0.0141815385,0.00908028,0.21832915,0.027153032
ZJ020308,0.26157776,0.06325433,0.29408178,0.0094176205,0.009024542,0.016094849,0.29099122,0.055557985
ZJ020309,0.3659352,0.14956942,0.29210246,0.0040926132,0.020418871,0.0048373044,0.11446984,0.04857427
ZJ020310,0.3218543,0.1503012,0.23322634,0.011222028,0.0067383545,0.012333618,0.15979452,0.10452966
ZJ020311,0.0025725313,0.0022217026,0.020386904,0.0031084116,0.00017806796,0.96597373,0.0026021954,0.002956467
ZJ020312,0.31311503,0.030341772,0.3034222,0.0010448046,0.001714565,0.007868678,0.28961325,0.0528797
ZJ020313,0.000121085104,2.8177096e-06,0.00075010484,7.3479036e-08,3.882279e-06,0.9990883,2.229377e-05,1.1397523e-05
ZJ020314,0.34656286,0.080686,0.30721897,0.0006306322,0.016897475,0.009177454,0.23330444,0.005522141
ZJ020315,0.0009102079,0.009565933,0.0038110423,0.0012095398,0.0038647589,0.9796301,0.00014861215,0.00085981714
ZJ020316,0.21383028,0.15563026,0.28380588,0.00084814715,0.00941901,0.020446016,0.26776654,0.0482538
ZJ020317,0.5295592,0.055045433,0.18445401,0.022459133,0.017133573,0.010745189,0.0933712,0.08723223
ZJ020318,0.19565271,0.63671714,0.06471273,0.0005194648,0.009818761,0.02164364,0.04928429,0.021651294
ZJ020319,0.21067369,0.032259617,0.42532852,0.00051724137,0.011046177,0.01960046,0.28914437,0.011429981
ZJ020320,0.17259139,0.4346378,0.19443221,0.010291817,0.005273138,0.008281016,0.07630099,0.09819156
ZJ020321,0.12720676,0.24735358,0.20436522,0.009917856,0.013516989,0.046336386,0.32345557,0.02784759
ZJ020322,0.27122802,0.044964205,0.34440154,0.0019336576,0.0061795325,0.004496588,0.3085379,0.01825855
ZJ020323,0.14937615,0.016776778,0.41101316,0.0707453,0.13422075,0.050736774,0.03414273,0.13298833
ZJ020324,0.1151332,0.29653472,0.38858157,0.0005545144,0.0045925383,0.04416548,0.09706701,0.053370927
ZJ020325,0.0024930092,0.051460654,0.002328407,0.0021164694,9.686677e-05,0.9354202,0.0057652667,0.00031907565
ZJ020326,0.19657333,0.050004385,0.4304006,0.00057183375,0.004676424,0.056670032,0.23277263,0.02833076
ZJ020327,0.7716408,0.018970732,0.042459197,0.009490939,0.011374047,0.00358039,0.016697733,0.1257862
ZJ020328,0.05667576,0.66547203,0.076115526,0.00042172108,0.018484397,0.0105989585,0.16839607,0.0038355337
ZJ020329,0.018547531,0.005611379,0.061886553,8.8936256e-05,0.0025083346,0.888942,0.016782152,0.00563309
ZJ020330,0.1233117,0.016880035,0.30580917,0.45449314,0.0017799023,0.008028141,0.007585931,0.082111955
ZJ020331,0.09870452,0.0020762587,0.22489552,0.2963261,0.051528532,0.0025180476,0.0030349393,0.3209161
ZJ020332,0.1146681,0.0012109699,0.58585,0.07686886,0.002839718,0.044183165,0.001871237,0.17250794
ZJ020333,0.07203729,0.002076343,0.257821,0.033261076,0.007379828,0.57690144,0.0024057752,0.048117206
ZJ020334,0.22767553,0.03592147,0.22229838,0.00047051368,0.0038228387,0.005581878,0.49768594,0.0065434505
ZJ020335,0.3372551,0.01809857,0.26578254,0.0017701413,0.005246101,0.0023129422,0.32896468,0.040569935
ZJ020336,0.047460567,0.01236518,0.20772688,0.013912372,0.122659646,0.0105263665,0.014694975,0.57065403
ZJ020337,0.31262097,0.04766612,0.32658392,0.0062454105,0.031476405,0.0599827,0.15948434,0.055940118
ZJ020338,0.214373,0.00021431858,0.0030964927,0.00035430078,0.7799547,0.0001324444,0.0010487129,0.0008260957
ZJ020339,0.09259948,0.0042405543,0.24785876,0.5038721,0.039226692,0.0066421945,0.0057355985,0.09982466
ZJ020340,0.047058817,0.61151475,0.05452766,0.00020750749,0.0014826095,0.0054584877,0.21128944,0.06846075
ZJ020341,0.22053468,0.27241236,0.18236351,0.0072513954,0.026443128,0.03766431,0.20574841,0.047582194
ZJ020342,0.38758326,0.048176087,0.170945,0.004292413,0.016661497,0.0062361183,0.3336263,0.032479305
ZJ020343,0.46293566,0.08212014,0.14392725,0.01174788,0.08684935,0.011603531,0.11642463,0.0843915
ZJ020344,0.42470276,0.15033285,0.16486749,0.0021539156,0.005991968,0.025246924,0.21119419,0.015509895
ZJ020345,0.16686751,0.55580056,0.08859867,0.012126991,0.014032525,0.0041895127,0.13111581,0.027268486
ZJ020346,0.20616357,0.2559727,0.089447424,0.004636533,0.032101322,0.0076155094,0.37947622,0.02458671
ZJ020347,0.085685246,0.008403596,0.09804535,0.00020705217,0.0029040724,0.008931455,0.7798914,0.015931824
ZJ020348,0.08889513,0.00538145,0.135897,0.27098274,0.006571851,0.44239476,0.006675081,0.04320201
ZJ020349,0.5070004,0.015667267,0.096600875,0.0010963173,0.025524735,0.02298852,0.32258937,0.008532541
ZJ020350,0.18885729,0.07724324,0.15470475,0.007588259,0.0039040805,0.008574944,0.5028187,0.05630865
ZJ020351,0.23323277,0.032836825,0.21936317,0.0046895253,0.22249591,0.0049497345,0.24426942,0.03816264
ZJ020352,0.16360015,0.08828117,0.0114716105,2.5263029e-05,0.64106864,0.09085773,0.004272482,0.00042296236
ZJ020353,0.10886935,0.011487336,0.34857053,0.10918292,0.05062699,0.16251175,0.023286626,0.1854645
ZJ020354,0.31376964,0.048544846,0.24595222,0.00364619,0.0007621052,0.0029207608,0.3128906,0.07151363
ZJ020355,0.053671975,0.6897206,0.13815996,0.00026683058,0.0065398565,0.049519874,0.059514944,0.002606024
ZJ020356,0.08864634,0.0011872317,0.23517962,0.17583214,0.112565264,0.005593746,0.0009937045,0.380002
ZJ020357,0.10857131,0.12735665,0.37211663,0.0026407363,0.0021384063,0.056123063,0.31452376,0.016529413
ZJ020358,0.07108059,0.013243545,0.22676791,0.23690288,0.010689337,0.024419595,0.0067911497,0.41010502
ZJ020359,0.1760513,0.053523965,0.52150077,0.00022266891,0.0017789436,0.00188355,0.20228241,0.042756356
ZJ020360,0.14750308,0.08730536,0.14944574,0.020732285,0.10305509,0.2511959,0.21087867,0.02988385
ZJ020361,0.19654265,0.47878143,0.094082125,0.0034655803,0.007941183,0.003838758,0.19647023,0.018878058
ZJ020362,0.10645244,0.0002103175,0.24837995,0.25073037,0.03388627,0.013766369,0.00037963304,0.34619468
ZJ020363,0.43522558,0.059001073,0.09594253,0.029474864,0.03567663,0.013731794,0.26088208,0.07006549
ZJ020364,0.14579362,0.0011934282,0.26172256,0.39815757,0.0104698185,0.010180137,0.003061526,0.16942129
ZJ020365,7.30581e-05,2.4549433e-06,0.00063111796,8.3687304e-08,3.343468e-06,0.999251,2.354099e-05,1.5338057e-05
ZJ020366,0.31354827,0.005531876,0.39301074,0.038129482,0.020488495,0.12726921,0.0057288455,0.09629304
ZJ020367,0.075731,0.011846556,0.26882398,0.0044377134,0.0018839805,0.0097715305,0.5573954,0.070109844
ZJ020368,0.22128434,0.04241736,0.4247241,0.00043942375,0.005606856,0.013545407,0.27675915,0.015223307
ZJ020369,0.22777966,0.4649872,0.15059596,0.0025626072,0.021532966,0.0040128734,0.095772125,0.032756593
ZJ020370,0.032605574,0.29845026,0.16168514,0.00051065715,0.014395653,0.41147724,0.035342008,0.045533493
ZJ020371,0.19889672,0.1787266,0.16229227,0.019735707,0.0075783404,0.015279159,0.30200812,0.11548305
ZJ020372,0.4186389,0.04377778,0.13938065,0.0019156134,0.004676008,0.041000925,0.30886233,0.041747857
ZJ020373,0.21791197,0.18766636,0.096534885,0.0024803355,0.028950207,0.006913495,0.44509876,0.014443939
ZJ020374,0.15736218,0.11993082,0.1876128,0.001076972,0.010259274,0.011028133,0.43914303,0.07358673
ZJ020375,0.6424151,0.049177647,0.076373875,0.0062873336,0.016296383,0.011157412,0.15097006,0.047322173
ZJ020376,0.15974261,0.21427324,0.09462076,0.012962207,0.014816644,0.021162275,0.4267139,0.0557083
ZJ020377,0.105374254,0.002579813,0.27265227,0.5378796,0.016359143,0.005383777,0.0037985407,0.05597263
ZJ020378,0.32400766,0.07132639,0.23600994,0.0012428545,0.0048888987,0.044798274,0.2843646,0.03336136
ZJ020379,0.19046642,0.06423184,0.28618917,0.001004236,0.05140811,0.010144048,0.3846266,0.011929552
ZJ020380,0.1221079,0.111551955,0.17636614,8.31924e-05,0.0025022936,0.0040507047,0.575644,0.0076937526
ZJ020381,0.0015418509,0.0003526195,0.005088239,0.015343556,0.0002790961,0.9770685,6.423688e-05,0.00026192114
ZJ020382,0.20306708,0.033173837,0.027614499,0.56973195,0.090486996,0.045680948,0.024647767,0.0055969404
ZJ020383,0.34761494,0.0018786094,0.019812409,0.0011926143,0.61333346,0.0036816136,0.0077230204,0.004763348
ZJ020384,0.14908396,0.11823188,0.20208602,0.013505901,0.022056296,0.23588541,0.25076038,0.008390146
ZJ020385,0.05721829,0.8525692,0.03797972,0.00014332605,0.0009084135,0.006651616,0.03939223,0.0051372075
ZJ020386,0.06990476,0.005732406,0.27431616,0.42155987,0.009314868,0.043482866,0.002142496,0.17354651
ZJ020387,0.061392806,0.3738297,0.04203473,0.00041716284,0.0027140891,0.021454439,0.46688178,0.03127527
ZJ020388,0.71547616,0.020749964,0.13147125,0.00057043316,0.013326086,0.02390364,0.09036344,0.00413908
ZJ020389,0.23484133,0.024811465,0.43264017,0.0002339004,0.0017339914,0.0062468094,0.29382193,0.005670419
ZJ020390,0.20642088,0.14435132,0.19403756,0.010614481,0.291332,0.01567681,0.07166958,0.06589739
ZJ020391,0.3025808,0.13363355,0.29732805,0.0030819243,0.00684513,0.019184588,0.14073785,0.096608035
ZJ020392,0.2828689,0.07410114,0.21450704,0.0016604031,0.0586824,0.01721204,0.2570936,0.09387442
ZJ020393,0.12224853,0.38672438,0.17729,0.052764427,0.00050641666,0.008160007,0.007846593,0.24445964
ZJ020394,0.41505474,0.106093004,0.24073987,0.015694864,0.04172616,0.010063805,0.07666006,0.09396748
ZJ020395,0.33809766,0.07019325,0.20617639,0.05409176,0.018228075,0.011731571,0.17052336,0.13095792
ZJ020396,0.14472714,0.11421811,0.3614324,0.0038093708,0.009359197,0.022534436,0.3299572,0.01396213
ZJ020397,0.16484638,0.08120311,0.529134,0.0001419621,0.002473508,0.03364633,0.18104348,0.007511258
ZJ020398,0.26930618,0.019704958,0.091677465,0.000916746,0.0029640333,0.0020288203,0.57068455,0.042717244
ZJ020399,0.034063224,0.0016920699,0.17614026,0.10585783,0.05355072,0.027643766,0.0011329233,0.5999192
ZJ020400,0.5349394,0.031494305,0.020291055,0.2551636,0.111601576,0.011189265,0.02378511,0.011535693
ZJ020401,0.193454,0.07823885,0.23578988,0.011364489,0.065843694,0.082536064,0.2820971,0.050675932
ZJ020402,0.32748052,0.23104328,0.25743195,0.0024074265,0.031071948,0.0037604808,0.09288,0.05392439
ZJ020403,0.2481813,0.044132873,0.4078385,0.00059751875,0.005792935,0.013662291,0.2747916,0.005003018
ZJ020404,0.45068955,0.0746449,0.15337734,0.0014065068,0.0060863136,0.010314944,0.27584866,0.027631773
ZJ020405,0.1409484,0.36879975,0.09227223,0.0007650588,0.060147658,0.0039584753,0.3286688,0.0044396906
ZJ020406,0.14949243,0.4654058,0.15928382,0.0004962889,0.0025775188,0.04755187,0.14635389,0.028838407
ZJ020407,0.3317982,0.20883471,0.16291602,0.007347197,0.009886864,0.038378496,0.20179303,0.039045483
ZJ020408,0.13693988,0.004571295,0.55415446,0.18940964,0.004786158,0.018749485,0.0051961867,0.086192794
ZJ020409,0.20232116,0.033336304,0.31661582,0.0008460358,0.004762619,0.02162156,0.39319012,0.027306374
ZJ020410,0.08788962,0.013191115,0.0042449813,2.9415729e-05,0.022241823,0.0016860554,0.8684006,0.0023164274
ZJ020411,0.22566488,0.017664129,0.16301799,0.0010335171,0.0049339985,0.0136324,0.54546654,0.028586557
ZJ020412,0.1966553,0.115168974,0.10064459,0.011007198,0.017177228,0.001580579,0.4838316,0.07393455
ZJ020413,0.27862513,0.17150047,0.2870657,0.067093015,0.02013437,0.001964702,0.008333848,0.16528274
ZJ020414,0.088497795,0.029731499,0.12687024,0.0005960172,0.0024917582,0.01480896,0.71382713,0.023176651
ZJ020415,0.011928656,0.0037009073,0.007559591,0.00012705747,0.002082472,0.032104466,0.93668014,0.0058167665
ZJ020416,0.1165807,0.0021656493,0.2595392,0.079086006,0.060343347,0.03321094,0.0018144534,0.44725972
ZJ020417,0.033257145,0.11031401,0.5522728,0.00034694537,0.027489714,0.1815911,0.03640781,0.058320496
ZJ020418,0.17174743,0.22201513,0.048352215,0.035114463,0.01318295,0.036277916,0.23353548,0.23977439
ZJ020419,0.2652879,0.0075751683,0.37540507,0.09533461,0.020938661,0.10213335,0.00666037,0.12666485
ZJ020420,0.090429276,0.0076624095,0.38117453,0.026718387,0.24068546,0.10269461,0.012136114,0.13849922
ZJ020421,0.3353623,0.0070517845,0.35326907,0.07287818,0.02366161,0.04643341,0.009811598,0.15153202
ZJ020422,0.082913406,0.019606587,0.30029035,0.0020722891,0.0013602823,0.031724766,0.48054954,0.08148279
ZJ020423,0.3560481,0.16969308,0.2922446,0.001559848,0.02173836,0.004886751,0.1136969,0.040132385
ZJ020424,0.645201,0.01816603,0.13531083,0.06100491,0.004080032,0.004141339,0.022331672,0.10976425
ZJ020425,0.035621908,0.017115617,0.5563463,0.1780687,6.887963e-06,0.0091373,0.025972579,0.17771436
ZJ020426,0.6019753,0.017670501,0.021913938,0.00019810285,0.33271718,0.022020185,0.0019983784,0.0015063883
ZJ020427,0.10214338,0.12241242,0.33732313,0.00066967396,0.0036306863,0.08479967,0.30256984,0.046451204
ZJ020428,0.08985759,0.006140431,0.23262784,0.26966265,0.009467575,0.04911155,0.0022363623,0.34089607
ZJ020429,0.20237358,0.01675958,0.14046213,0.0032133653,0.043903716,0.39628077,0.08818253,0.10882437
ZJ020430,0.15843104,0.033788834,0.23502053,0.0005394879,0.0018564092,0.38671198,0.17804767,0.0056040427
ZJ020431,0.08286005,0.0027676986,0.2777241,0.096314035,0.0049068606,0.49722874,0.0036382868,0.034560215
ZJ020432,0.24288575,0.31525895,0.15705359,0.00417717,0.021120002,0.023281993,0.20286264,0.03335991
ZJ020433,0.06670784,0.00151127,0.2453881,0.37418282,0.014005042,0.0069221817,0.0012944915,0.28998828
ZJ020434,0.1473543,0.12074932,0.08325356,0.012253091,0.011468417,0.020355456,0.5731722,0.031393677
ZJ020435,0.09128743,0.08708023,0.33005986,0.0034161806,0.008058591,0.05644416,0.40030047,0.023353066
ZJ020436,0.183936,0.15074432,0.1699323,0.0005779342,0.006876487,0.021900011,0.3727401,0.09329283
ZJ020437,0.38268247,0.042668037,0.16260666,0.0007081882,0.08559089,0.015277243,0.28076094,0.029705603
ZJ020438,0.37620738,0.07431636,0.24978568,0.00081893895,0.014596745,0.010126694,0.1210859,0.15306228
ZJ020439,0.16932529,0.09007697,0.21487844,0.0009484394,0.06269086,0.001553568,0.45473072,0.0057957177
ZJ020440,0.33286154,0.024750844,0.012679832,0.47687453,0.118770584,0.016930593,0.011348009,0.0057840315
ZJ020441,0.024114667,0.049673207,0.00701228,0.0007163823,0.040783532,0.026184203,0.83835584,0.013159877
ZJ020442,0.49786612,0.026114112,0.16203414,0.032933716,0.005863921,0.02985628,0.036123607,0.2092081
ZJ020443,0.34183502,0.14317204,0.26786113,0.00146474,0.037388545,0.0033743773,0.12739775,0.077506416
ZJ020444,0.6699241,0.036517102,0.10352225,0.0074122744,0.013950583,0.015793277,0.07097666,0.081903785
ZJ020445,0.111750126,0.0028437106,0.23296316,0.35243466,0.003114142,0.010503794,0.004005991,0.2823844
ZJ020446,0.3935005,0.072375596,0.102389045,0.04379627,0.027293595,0.027179306,0.25971708,0.07374856
ZJ020447,0.64516455,0.050705623,0.113113485,0.01453666,0.027573425,0.015349705,0.09054331,0.043013234
ZJ020448,0.16196278,0.0029650691,0.5284484,0.049788218,0.007827222,0.036938764,0.001764318,0.21030523
ZJ020449,0.13730228,0.4127127,0.33883148,0.00037561744,0.0016941467,0.02260395,0.08230281,0.004177051
ZJ020450,0.19948412,0.09924445,0.25934035,0.00079093233,0.08093388,0.04973831,0.2048863,0.105581656
ZJ020451,0.21461415,0.12715635,0.1804313,0.002745847,0.014331261,0.013238285,0.40982002,0.037662733
ZJ020452,0.4466981,0.09876355,0.061524212,0.05038698,0.020026876,0.022474786,0.17252383,0.12760168
ZJ020453,0.0913732,0.7092179,0.04746031,0.00039815117,0.001339541,0.0136753395,0.12308476,0.013450826
ZJ020454,0.8965197,0.012888959,0.017569492,0.0037335837,0.009797385,0.013141614,0.02477272,0.0215765
ZJ020455,0.0016696644,0.0015120225,0.0074478984,0.0015048772,0.0015624333,0.984917,0.0004658799,0.0009201994
ZJ020456,0.3175903,0.16237064,0.31501666,0.0011860793,0.0078041637,0.020290734,0.074873686,0.10086777
ZJ020457,0.1107372,0.51384103,0.08688313,0.0015428778,0.008506447,0.03677064,0.15747872,0.08424002
ZJ020458,0.067928605,0.005034742,0.527583,0.056738246,0.013545181,0.03962464,0.0023176074,0.28722796
ZJ020459,0.1680424,0.058149073,0.6057321,0.00022756716,0.0059708552,0.030707896,0.061314117,0.069855966
ZJ020460,0.14640266,0.025855139,0.30223924,0.00069535343,0.0020124537,0.037906438,0.362466,0.12242273
ZJ020461,0.11940682,0.19827165,0.11054045,0.0058002905,0.02002615,0.043732185,0.2589625,0.24325994
ZJ020462,0.13325886,0.010033271,0.0823059,0.1245885,0.005942898,0.0022337155,0.020195264,0.6214416
ZJ020463,0.0027404842,0.0007284313,0.0043762852,0.00029230907,0.00035486586,0.983044,0.0028071424,0.0056564165
ZJ020464,0.4076748,0.029381733,0.036226574,0.34601545,0.027049625,0.019339047,0.051861983,0.08245085
ZJ020465,0.048123043,0.348408,0.53819233,0.0002879855,0.019601388,0.0035986328,0.01748741,0.024301203
ZJ020466,0.0410304,0.0019954457,0.36904833,0.40896225,0.0035855502,0.08645846,0.0021618993,0.08675767
ZJ020467,0.71333677,0.033574615,0.090883166,0.0020816005,0.016513709,0.0044596735,0.073785484,0.065364964
ZJ020468,0.24060039,0.022436157,0.48192614,0.0011878894,0.0057679317,0.057750106,0.16272084,0.027610522
ZJ020469,0.06239189,0.21572609,0.07380064,0.00053688517,0.0042853667,0.1786251,0.4005928,0.0640412
ZJ020470,0.2579112,0.04715996,0.03258789,0.44942874,0.13037334,0.049318813,0.026365777,0.006854273
ZJ020471,0.15886398,0.5417218,0.06147823,0.004811391,0.02189122,0.006115539,0.15264465,0.052473154
ZJ020472,0.07067719,0.004846446,0.18182935,0.38012728,0.009379874,0.040579535,0.0023648676,0.3101955
ZJ020473,0.14446719,0.029826848,0.43691635,0.00021540633,0.02015549,0.017178008,0.3426553,0.008585425
ZJ020474,0.49143496,0.045434725,0.15160175,0.022355398,0.0058758194,0.0037766418,0.038403783,0.24111694
ZJ020475,0.15854613,0.04495699,0.33890417,0.0006853474,0.006875122,0.01773445,0.42117897,0.011118817
ZJ020476,0.05789969,0.0022101356,0.071042374,0.39405757,0.009937007,0.004430705,0.0013597974,0.45906273
ZJ020477,0.21187013,0.004779703,0.45353383,0.24033827,0.026486302,0.025697466,0.007511091,0.029783253
ZJ020478,0.09172334,0.030034529,0.2479283,0.00042391784,0.0035000509,0.4323168,0.16837718,0.0256959
ZJ020479,0.00051546644,0.00015942918,0.002029345,0.00046003555,0.00054379273,0.99602723,5.1825173e-05,0.00021287947
ZJ020480,0.34482616,0.05237911,0.40654528,0.011074523,0.0011269137,0.0065793507,0.11334855,0.06412012
ZJ020481,0.06261431,0.023137258,0.33379602,0.007028255,0.0014163344,0.15445895,0.33141363,0.08613522
ZJ020482,0.39315814,0.03235609,0.21268605,0.0021435388,0.011051526,0.003990185,0.33425894,0.0103555275
ZJ020483,0.14638485,0.0036512683,0.29453465,0.4987166,0.0006540172,0.011729985,0.004346653,0.039982002
ZJ020484,0.048954364,0.021976566,0.10725969,0.002109413,0.0020317931,0.75827837,0.039531786,0.019858029
ZJ020485,0.374883,0.20690669,0.20491472,0.0026678238,0.023296082,0.0022186802,0.098636866,0.0864761
ZJ020486,0.2355652,0.043818984,0.45033887,0.0004529195,0.029529238,0.035847362,0.18997984,0.014467615
ZJ020487,0.26686653,0.057768982,0.016621081,0.50610065,0.090469554,0.02806044,0.016798655,0.017314097
ZJ020488,0.054195005,0.001185731,0.24627827,0.15528221,0.021873312,0.048971824,0.001609852,0.47060376
ZJ020489,0.11976082,0.0020057196,0.2911032,0.33720148,0.0070004095,0.026578886,0.0016864687,0.21466291
ZJ020490,0.26417822,0.078655146,0.3573665,0.0010125088,0.007604331,0.023364423,0.2599318,0.007887047
ZJ020491,0.0025032943,0.0010680037,0.018935144,9.036822e-05,0.0002965121,0.97480077,0.000564447,0.0017415351
ZJ020492,0.11307038,0.22097155,0.1185544,0.0021909075,0.0013271578,0.19284645,0.2921839,0.058855277
ZJ020493,0.18489707,0.48446897,0.13260242,0.0005331625,0.0026512465,0.011764318,0.14709541,0.03598735
ZJ020494,0.23005384,0.16174147,0.30546787,0.001424045,0.017052783,0.024556225,0.15057741,0.1091264
ZJ020495,0.20228074,0.17224808,0.25442895,0.0028237747,0.010026143,0.06584567,0.26872277,0.023623869
ZJ020496,0.14382547,0.023074733,0.14454104,0.14118068,0.011244456,0.002123771,0.016996795,0.5170131
ZJ020497,0.17663537,0.009210362,0.34006777,0.09998529,0.01221242,0.32261246,0.012017976,0.027258325
ZJ020498,0.10017726,0.676819,0.051250264,0.00032505914,0.0049580913,0.018152941,0.14459926,0.0037181089
ZJ020499,0.011693273,0.011914976,0.0036492876,0.000119501965,0.0026665619,0.0038292783,0.959725,0.006402127
ZJ020500,0.14804569,0.026039805,0.27338517,0.00052553904,0.0026106038,0.06375376,0.41820735,0.06743207
ZJ020501,0.07850215,0.0016184736,0.2503179,0.20598507,0.007199738,0.006235193,0.0014321251,0.44870937
ZJ020502,0.18607706,0.13922389,0.2284202,0.00409477,0.009706768,0.06124308,0.34921244,0.022021774
ZJ020503,0.10494215,0.33889222,0.08204936,0.0006446458,0.014285653,0.2544996,0.19772084,0.0069654975
ZJ020504,0.20258638,0.006386733,0.34023118,0.11890868,0.07141418,0.16034004,0.009497966,0.09063482
ZJ020505,0.4338655,0.07740405,0.39206675,0.0009239918,0.006327458,0.03601567,0.030472789,0.022923863
ZJ020506,0.03141509,0.13237457,0.047958508,0.00016658384,0.056388397,0.7179915,0.011308065,0.0023974013
ZJ020507,0.15675542,0.02006614,0.5633746,0.00090360374,0.014300385,0.023809647,0.20669575,0.014094458
ZJ020508,0.2236823,0.0638675,0.026446285,0.48378888,0.09147146,0.07629499,0.02575514,0.00869346
ZJ020509,0.47944298,0.037401482,0.12966812,0.017092356,0.022464737,0.009919211,0.051036898,0.25297424
ZJ020510,0.045043524,0.0009263598,0.29911202,0.3867937,0.046336114,0.032020353,0.0006119644,0.189156
ZJ020511,0.12658268,0.025599696,0.23282765,0.00087221654,0.0009853772,0.0054923724,0.4794425,0.12819754
ZJ020512,0.052509405,0.034240168,0.10960731,0.01077176,0.0022765833,0.7660556,0.0076375925,0.016901618
ZJ020513,0.20586869,0.27003133,0.24881884,0.060438007,0.0034537627,0.004958921,0.01976841,0.18666203
ZJ020514,0.27893832,0.16898331,0.1821356,0.004151105,0.0024478177,0.0106422175,0.27889144,0.073810175
ZJ020515,0.28029972,0.05909747,0.25673464,0.00042418553,0.0050214133,0.0048349723,0.38630244,0.0072851493
ZJ020516,0.42026505,0.024742613,0.25177497,0.031909727,0.008701284,0.029957328,0.020833274,0.21181579
ZJ020517,0.1621092,0.032850526,0.20595348,0.0006666061,0.012198627,0.077954076,0.49166355,0.016603965
ZJ020518,0.40909153,0.10349036,0.15847564,0.0028208666,0.030735606,0.02148677,0.0968981,0.17700113
ZJ020519,0.45475256,0.21655823,0.03744793,0.0010468197,0.016467113,0.0029369313,0.1886286,0.08216174
ZJ020520,0.19820452,0.117345564,0.014981621,0.0026058557,0.002672367,0.004906941,0.6490422,0.010240985
ZJ020521,0.44455191,0.031538796,0.19158192,0.0036848346,0.044401236,0.009628087,0.25682077,0.017792417
ZJ020522,0.22929326,0.2452648,0.057082627,0.008878936,0.021052442,0.03604066,0.24361314,0.15877412
ZJ020523,0.13013542,0.035350814,0.22413194,0.0006777582,0.027910843,0.05058342,0.50286144,0.028348392
ZJ020524,0.06699864,0.02704843,0.07453182,0.0051960587,0.0024503623,0.7523424,0.02488071,0.046551567
ZJ020525,0.09076819,0.035166383,0.35931623,0.0011112309,0.22160685,0.004852632,0.19259278,0.094585694
ZJ020526,0.17308907,0.0044333916,0.2606426,0.13668258,0.16637298,0.13871215,0.0075442716,0.112522915
ZJ020527,0.025691666,0.8915243,0.013666248,0.0004296396,0.0004718647,0.0003360675,0.055706993,0.012173144
ZJ020528,0.011847769,0.002469537,0.026393583,0.00029600348,0.003448822,0.9532233,0.0011930715,0.0011279183
ZJ020529,0.000424563,0.00030239215,0.002138711,8.3417464e-05,4.0909603e-05,0.99662745,0.00015965321,0.00022290023
ZJ020530,0.61555386,0.0045312354,0.036416188,0.00062276976,0.009271668,0.0026438576,0.32648784,0.0044726133
ZJ020531,0.087698184,0.5571528,0.08114479,0.00035580556,0.010214143,0.043556448,0.115685076,0.104192756
ZJ020532,0.029621745,0.86595726,0.018278467,0.0053189206,0.0057707564,0.002062977,0.030442845,0.042546976
ZJ020533,0.06518978,0.007374651,0.12836158,0.44967303,0.0056997393,0.014853366,0.0034036527,0.32544413
ZJ020534,0.24275264,0.044189464,0.04002807,0.5165001,0.11292083,0.013843464,0.019600656,0.010164785
ZJ020535,0.27688092,0.00948885,0.1506394,0.045033865,0.3377269,0.058688354,0.015763393,0.10577837
ZJ020536,0.14770202,0.007069207,0.29484448,0.11123732,0.0056929146,0.39515537,0.010487303,0.027811313
ZJ020537,0.22249956,0.05982365,0.16629136,0.014576392,0.033921137,0.013631205,0.4413446,0.047912084
ZJ020538,0.292035,0.07885885,0.26474106,0.0011607434,0.02797897,0.008743423,0.32003662,0.0064452803
ZJ020539,0.025764128,0.010252718,0.059986826,0.0007423025,0.018757215,0.7665424,0.110093616,0.007860803
ZJ020540,0.28052703,0.0063725836,0.5872152,0.013429497,0.0012489469,0.017401922,0.010480695,0.08332417
ZJ020541,0.2180095,0.08261685,0.1556293,0.0026843902,0.00789713,0.018129127,0.48258606,0.032447644
ZJ020542,0.087409355,0.0059599844,0.26001644,0.4759695,0.06046767,0.007336567,0.007042735,0.09579783
ZJ020543,0.16582699,0.009527075,0.0037997174,0.7516114,0.009713326,0.051262148,0.0076117893,0.0006475127
ZJ020544,0.1632894,0.15829106,0.16898055,0.0018390327,0.0038137236,0.023164934,0.41395292,0.06666839
ZJ020545,0.1610049,0.029005177,0.19913843,0.0007510319,0.0068171257,0.017381161,0.5734364,0.012465782
ZJ020546,0.5043181,0.0373083,0.020563683,0.33536562,0.06094233,0.00915693,0.023400836,0.008944169
ZJ020547,0.557026,0.06473234,0.06197725,0.0018544573,0.00448067,0.006757585,0.28081727,0.022354418
ZJ020548,0.08149673,0.03160374,0.23812337,0.29882094,0.018788397,0.04237309,0.003988025,0.28480563
ZJ020549,0.41425955,0.012711088,0.2342669,0.005846963,0.004134633,0.0510764,0.2530349,0.024669552
ZJ020550,0.078893766,0.014564783,0.3058134,0.0076473905,0.0014497653,0.031227898,0.4908897,0.06951333
ZJ020551,0.2503629,0.34860522,0.096811034,0.0033525948,0.010847655,0.03236348,0.19573554,0.061921563
ZJ020552,0.42900598,0.00042246617,0.20168333,0.012765426,0.011429123,0.013237391,0.0018155954,0.3296407
ZJ020553,0.35300937,0.14515579,0.24960014,0.0036425127,0.03853482,0.0048090583,0.14566845,0.0595799
ZJ020554,0.26557776,0.045442287,0.33727562,0.0005192955,0.00625324,0.0076475786,0.32990256,0.007381629
ZJ020555,0.33894688,0.072779305,0.19656287,0.00095705315,0.0036392866,0.004556535,0.37226522,0.010292868
ZJ020556,0.66122025,0.030189699,0.12468982,0.025046565,0.016208824,0.0038150358,0.06269467,0.07613506
ZJ020557,0.02531558,0.010747087,0.051711813,0.019845743,0.001731864,0.88028556,0.0066682273,0.0036941576
ZJ020558,0.0872387,0.0045428774,0.16714491,0.39253935,0.007814725,0.031856105,0.0024763725,0.30638698
ZJ020559,0.50056607,0.029143432,0.1681052,0.008030806,0.062538676,0.014742738,0.19525722,0.021615872
ZJ020560,0.35355055,0.11817236,0.23337975,0.009607508,0.080903925,0.011962026,0.15555353,0.036870357
ZJ020561,0.64312017,0.011171915,0.040719453,0.0006670173,0.0066695246,0.0068366867,0.28473127,0.006083964
ZJ020562,0.18006958,0.01937965,0.44526973,0.11511228,0.122346535,0.060306013,0.013584215,0.043931987
ZJ020563,0.25851947,0.053088464,0.2392248,0.03161076,0.011472786,0.021619478,0.07684704,0.30761725
ZJ020564,0.06371023,0.020779565,0.039808463,0.8135604,0.016195793,0.025914364,0.006300084,0.013731072
ZJ020565,0.14315695,0.005408272,0.32200748,0.34418258,0.025747338,0.0062002526,0.0076136184,0.14568354
ZJ020566,0.4260682,0.0060319034,0.15327892,0.01880585,0.0781444,0.29047057,0.0037044168,0.023495708
ZJ020567,0.1662272,0.6355657,0.05612012,0.00018348517,0.0015999752,0.0029667462,0.12822546,0.009111279
ZJ020568,0.2942798,0.13148282,0.14346431,0.037773464,0.2904692,0.004018249,0.068199575,0.030312521
ZJ020569,0.3713604,0.18111223,0.20964798,0.013287877,0.033080637,0.02604368,0.12286508,0.042602066
ZJ020570,0.0627435,0.103768125,0.06498584,0.58652395,0.059163198,0.094552144,0.017128518,0.011134745
ZJ020571,0.43309966,0.026801022,0.026991755,0.30141434,0.13075583,0.055952575,0.018041117,0.0069436776
ZJ020572,0.19683285,0.0074078683,0.09402491,0.1792835,0.09704128,0.08637988,0.005537713,0.33349207
ZJ020573,0.09103258,0.011030678,0.24537267,0.0005804021,0.0045589805,0.11413797,0.5229299,0.010356786
ZJ020574,0.39991748,0.010747588,0.075323075,0.15323411,0.0044676964,0.002923724,0.015235497,0.33815086
ZJ020575,0.14316903,0.08955461,0.25058743,0.00046522025,0.0031432477,0.022503203,0.48319542,0.0073818434
ZJ020576,0.34819442,0.068939306,0.14332438,0.020576952,0.0384011,0.03210811,0.24503154,0.103424214
ZJ020577,0.3731394,0.002465498,0.04692769,0.0004216487,0.0037010713,0.009477023,0.5297719,0.03409566
ZJ020578,0.23922195,0.07969337,0.15813436,0.00140111,0.005694344,0.01869987,0.36689144,0.13026363
ZJ020579,0.25494134,0.14677063,0.21800785,0.0044649797,0.0044637164,0.039410472,0.21557751,0.11636348
ZJ020580,0.392597,0.09244368,0.16487145,0.026775284,0.124542005,0.008136727,0.059364747,0.13126919
ZJ020581,0.46100742,0.10141077,0.29685214,0.00078448904,0.0057894676,0.056215465,0.051441938,0.02649828
ZJ020582,0.0937797,0.0977177,0.35504687,0.0042170845,0.0028095262,0.033737756,0.3871829,0.025508493
ZJ020583,0.22889388,0.0022880856,0.02186778,0.0004805573,0.7138264,0.0032877675,0.027619882,0.001735595
ZJ020584,0.40131992,0.049372252,0.19285099,0.06397607,0.022574352,0.013830636,0.05103007,0.2050457
ZJ020585,0.103283316,0.018275902,0.5349286,0.00055648666,0.03707162,0.013868885,0.26574275,0.026272409
ZJ020586,0.062034443,0.040390432,0.083755076,0.022237578,0.01780999,0.64533365,0.110386424,0.018052384
ZJ020587,0.0023977184,0.00061694975,0.01023096,0.00016736602,0.0003494097,0.98424774,0.0006084501,0.0013814243
ZJ020588,0.12410823,0.03878203,0.50730056,0.0002637085,0.0013529231,0.20007887,0.09029221,0.037821427
ZJ020589,0.22668985,0.009094828,0.1269799,0.00056262204,0.35078818,0.012892094,0.26112092,0.011871577
ZJ020590,0.011602243,0.0052755936,0.06661077,0.00031048962,0.021168336,0.88276005,0.0045293868,0.007743127
ZJ020591,0.25202778,0.12044437,0.34368178,0.00081753545,0.017723696,0.010162943,0.17367488,0.08146699
ZJ020592,0.4293064,0.13097154,0.29125175,0.0027900322,0.002567346,0.02233944,0.06455902,0.056214534
ZJ020593,0.0578669,0.06980427,0.093022734,0.07476529,0.0026959092,0.60110307,0.065640934,0.035100907
ZJ020594,0.19629651,0.13414644,0.39706436,0.00020344277,0.002550371,0.007462259,0.25821796,0.004058624
ZJ020595,8.306861e-05,2.845466e-06,0.00052336353,1.4784364e-07,2.2619022e-06,0.99936223,1.7017575e-05,9.015541e-06
ZJ020596,0.12970418,0.62698895,0.056758936,0.0008486618,0.0007874882,0.037701856,0.14146298,0.0057470063
ZJ020597,0.006190678,0.10954394,0.031030685,0.0006422583,0.003204264,0.845502,0.0032391958,0.00064690795
ZJ020598,0.07384279,0.0060143895,0.2599572,0.097180635,0.0031346395,0.009209607,0.006912907,0.5437478
ZJ020599,0.36765283,0.03236202,0.14897518,0.0023227537,0.0054738736,0.012121814,0.3769235,0.054168034
ZJ020600,0.92028844,0.00081014296,0.022594688,0.004061162,0.0097626755,0.01760908,0.014057003,0.01081676
ZJ020601,0.10511223,0.03661732,0.1269699,0.25676727,0.007926989,0.00301121,0.014781968,0.4488131
ZJ020602,0.15269011,0.3848401,0.113044314,0.00031483488,0.004094137,0.013856868,0.31813443,0.0130251665
ZJ020603,0.28843707,0.039715078,0.36341783,0.00028945212,0.001532871,0.007118708,0.23283434,0.066654734
ZJ020604,0.0057532354,0.010512027,0.018007454,0.00010532861,0.0017844014,0.9569169,0.0053868876,0.0015337815
ZJ020605,0.5104052,0.030609578,0.247018,0.0002498794,0.024793798,0.0022616654,0.17722721,0.0074346587
ZJ020606,0.48580894,0.11155403,0.06627516,0.034508806,0.016771454,0.005957822,0.17775999,0.101363845
ZJ020607,0.07018334,0.03165672,0.30281627,0.001585614,0.01312028,0.081767835,0.484919,0.013950958
ZJ020608,0.25369978,0.13903904,0.25872612,0.0005703126,0.03188847,0.02224956,0.28920582,0.004620938
ZJ020609,0.0016093915,0.0006745364,0.0032616348,0.00078034983,0.0112866,0.98160017,0.000117769734,0.00066963147
ZJ020610,0.29985854,0.06304272,0.12050162,0.0013702931,0.0116579,0.0017224794,0.49324575,0.0086006895
ZJ020611,0.008264637,0.0024856122,0.0031920134,0.0058333487,0.00039951107,0.97808826,0.0014848897,0.00025171862
ZJ020612,0.17782064,0.1375403,0.25478506,0.0021865843,0.02483999,0.084869675,0.16871001,0.14924777
ZJ020613,0.4150099,0.030546322,0.26789877,0.0150681,0.06272422,0.013190544,0.07496286,0.12059929
ZJ020614,0.056507427,0.008033184,0.15531304,0.00037193345,0.0015071705,0.64005244,0.123141006,0.015073725
ZJ020615,0.18872018,0.06573529,0.31859833,0.058399394,0.023799708,0.024113737,0.025279641,0.29535368
ZJ020616,0.13041165,0.004956199,0.3723032,0.25380203,0.007519393,0.020921972,0.004229405,0.2058561
ZJ020617,0.2465753,0.49211913,0.08587514,0.00082540524,0.008600677,0.0061604776,0.11417428,0.04566956
ZJ020618,0.0059911464,0.0027163504,0.051753756,0.00033208833,0.0046735527,0.9304075,0.0015168426,0.0026088266
ZJ020619,0.20067815,0.078946784,0.3912036,0.00046495002,0.03286268,0.08456293,0.1528689,0.058412
ZJ020620,0.04311148,0.004565306,0.027821133,0.0005338809,0.0012613571,0.0025878793,0.9134592,0.0066597303
ZJ020621,0.09691013,0.06878545,0.031878076,0.0047744364,0.053084765,0.0009111513,0.70808417,0.035571862
ZJ020622,0.30994844,0.061367992,0.4216296,7.403512e-05,0.00064148055,0.003644345,0.17331563,0.029378502
ZJ020623,0.21745475,0.14020917,0.073489055,0.18353663,0.0006563492,0.001423866,0.010903211,0.37232694
ZJ020624,0.0488314,0.13868554,0.123730235,0.0017496498,0.116826415,0.4229153,0.12843864,0.018822756
ZJ020625,0.081859104,0.015036498,0.357452,0.317068,0.04591769,0.042426005,0.0068209595,0.13341978
ZJ020626,0.1053971,0.49415123,0.21886984,0.0010080272,0.009755353,0.010992259,0.118452676,0.04137356
ZJ020627,0.31292745,0.10841899,0.2767717,0.0025012912,0.16097401,0.011155201,0.087120526,0.040130798
ZJ020628,0.1083311,0.15005897,0.10804667,0.0067784665,0.06736346,0.068020664,0.36611038,0.12529024
ZJ020629,0.39085683,0.052308653,0.15773213,0.0011360698,0.02088063,0.0033721547,0.36394334,0.009770186
ZJ020630,0.058905035,0.817751,0.021026926,0.00091130607,0.00093593646,0.0026329802,0.08018101,0.01765577
ZJ020631,0.2029306,0.3964351,0.110317186,0.00078139687,0.020435179,0.014435329,0.24947047,0.005194688
ZJ020632,0.03223186,0.0034379729,0.119523935,0.00012372581,0.00088491896,0.7851702,0.05258943,0.006037964
ZJ020633,0.014681626,0.006959603,0.020840669,0.00011858382,0.00026817218,0.9072752,0.04800106,0.0018551297
ZJ020634,0.1598619,0.004815447,0.34738258,0.29350033,0.09079339,0.010599361,0.00502338,0.088023566
ZJ020635,0.3832129,0.031040972,0.35299242,0.021048496,0.028334452,0.01722087,0.08497699,0.08117291
ZJ020636,0.106917925,0.018162794,0.34328046,0.0010574681,0.0033331094,0.05025181,0.4556527,0.02134372
ZJ020637,0.1672704,0.0017440023,0.34982094,0.09011021,0.006386629,0.022773044,0.0029245685,0.35897017
ZJ020638,0.35275835,0.13606307,0.13955738,0.0035037077,0.010953112,0.01380316,0.31851548,0.024845734
ZJ020639,0.2173363,0.30352077,0.14250231,0.014032239,0.013408406,0.010338715,0.124647796,0.17421348
ZJ020640,0.29034188,0.010229581,0.12856267,0.4111986,0.078472026,0.006709501,0.0065489705,0.067936786
ZJ020641,0.19223014,0.054908253,0.43613917,0.0006100867,0.007686579,0.025126675,0.2674951,0.015804047
ZJ020642,0.4235447,0.1490607,0.19079609,0.0068599693,0.04408794,0.023077337,0.12186771,0.040705606
ZJ020643,0.07438922,0.01411473,0.2919557,0.004332228,0.0015943438,0.005638307,0.549078,0.058897503
ZJ020644,0.41368562,0.09389079,0.16516238,0.0148869585,0.16339424,0.02639958,0.095509954,0.0270705
ZJ020645,0.25127092,0.11074961,0.3157264,0.00044497347,0.015756084,0.03215196,0.2668724,0.0070276256
ZJ020646,0.11640093,0.09774726,0.037840616,0.7040411,0.012073753,0.010822308,0.010672492,0.010401527
ZJ020647,0.042033363,0.0028195765,0.2867968,0.27104145,0.0071752924,0.030609688,0.004037301,0.35548654
ZJ020648,0.091304414,0.36480376,0.3682377,0.0008904287,0.0014118827,0.00023082951,0.15098317,0.022137802
ZJ020649,0.18648528,0.10106854,0.20702834,0.00064359483,0.0041323835,0.029460037,0.41353014,0.057651706
ZJ020650,0.79381657,0.010888672,0.041486476,0.00027232646,0.10921523,0.0028164713,0.03827823,0.0032260038
ZJ020651,0.037072007,0.89779997,0.019848326,0.0020734342,0.008832201,0.002131486,0.009882422,0.02236012
ZJ020652,0.15588024,0.42430934,0.1447906,0.0012289718,0.013590523,0.014770427,0.2078049,0.03762499
ZJ020653,0.13039596,0.002866937,0.40243757,0.07006377,0.027072353,0.011875025,0.0017694962,0.35351887
ZJ020654,0.26676363,0.21208039,0.28423893,0.00061454426,0.004292661,0.021872498,0.171428,0.038709402
ZJ020655,0.024646524,0.14626122,0.027114179,0.0038760162,0.070144996,0.08181961,0.6282071,0.017930355
ZJ020656,0.30036518,0.044367414,0.1960072,0.0067928014,0.04865606,0.05911506,0.30709273,0.037603542
ZJ020657,0.28254405,0.09825798,0.35196376,0.003159412,0.018407708,0.011261402,0.14713205,0.08727364
ZJ020658,0.7065672,0.06947674,0.02841472,0.034122612,0.042352818,0.02837666,0.07405256,0.016636642
ZJ020659,0.40774086,0.109687865,0.12995307,0.00286989,0.006463101,0.032107707,0.2616189,0.049558617
ZJ020660,0.2908414,0.18827859,0.16256618,0.0059601604,0.07101418,0.028503096,0.07807909,0.17475732
ZJ020661,0.23361625,0.35030168,0.12762049,0.008733087,0.017171852,0.010355221,0.22403881,0.02816258
ZJ020662,0.04120752,0.05431117,0.03224635,0.000775745,0.02667536,0.8066791,0.03238288,0.0057218447
ZJ020663,0.27816212,0.13849756,0.17876282,0.0011200911,0.09057861,0.078701094,0.22569904,0.00847867
ZJ020664,0.06595228,0.0051856036,0.41951996,0.070096895,0.04745023,0.02912016,0.0026755128,0.3599993
ZJ020665,0.20241643,0.20115685,0.042823195,0.011126895,0.036596116,0.0064979894,0.32275566,0.17662685
ZJ020666,0.20525472,0.025549619,0.19653213,0.0012281942,0.0050362367,0.16092385,0.39335933,0.012115928
ZJ020667,0.17220399,0.07833343,0.50078654,0.000169818,0.0011101799,0.00046549446,0.21715334,0.029777246
ZJ020668,0.22340514,0.00998837,0.17010263,0.00059987686,0.004316963,0.049678825,0.5041821,0.03772617
ZJ020669,0.15575714,0.03519802,0.21942982,0.023453271,0.004429054,0.004316046,0.006817466,0.55059916
ZJ020670,0.011417523,0.036846552,0.011579368,0.09117228,0.031560417,0.8084121,0.00408741,0.0049244077
ZJ020671,0.22144976,0.10049765,0.2553655,0.0015063774,0.03367863,0.018945428,0.35863024,0.009926414
ZJ020672,0.014322335,0.032483708,0.022665031,0.014510008,0.020879626,0.8779587,0.0032857307,0.013894812
ZJ020673,0.1643791,0.0032916556,0.27502307,0.23535024,0.052812476,0.050415825,0.0035218077,0.21520577
ZJ020674,0.28346863,0.08821975,0.30771917,0.0010585474,0.033484273,0.047722027,0.20149964,0.036827955
ZJ020675,0.47197652,0.04885172,0.1553789,0.0005277473,0.048067413,0.013472744,0.25771275,0.0040122056
ZJ020676,0.06185946,0.0006972394,0.23272224,0.28400952,0.0017537812,0.008072839,0.0012253069,0.40965962
ZJ020677,0.35081205,0.006336536,0.09097505,0.06332974,0.0060865986,0.0015594378,0.005127415,0.4757732
ZJ020678,0.2744404,0.12723933,0.35157633,0.0011659319,0.005602352,0.013053284,0.1361122,0.09081015
ZJ020679,0.3150813,0.018551206,0.02870565,0.47191292,0.0919254,0.038822714,0.025104575,0.0098962085
ZJ020680,0.6938156,0.005934404,0.07901679,0.020182144,0.0654262,0.037284672,0.0086128805,0.089727364
ZJ020681,0.1958366,0.12597114,0.15569104,0.0018905973,0.004195875,0.1529207,0.33779353,0.025700537
ZJ020682,0.13169989,0.0664028,0.41167203,0.003719548,0.00399599,0.04183736,0.327459,0.013213401
ZJ020683,0.09099724,0.026380217,0.20648915,0.48232982,0.0077420864,0.0025535142,0.016618993,0.16688892
ZJ020684,0.05118698,0.0012065002,0.2045613,0.27131036,0.00026383743,0.020153753,0.001140798,0.4501765
ZJ020685,0.27425605,0.05868038,0.35443532,0.00026125967,0.0053333836,0.0073340437,0.28843048,0.01126909
ZJ020686,0.14986114,0.6535835,0.07578464,0.002679063,0.008901623,0.0018500927,0.082893446,0.024446473
ZJ020687,0.07493158,0.065575965,0.09321079,0.001528449,0.02899879,0.5946822,0.103571706,0.037500564
ZJ020688,0.064886466,0.07009822,0.39020225,0.0004904873,0.035909154,0.38724074,0.0481544,0.0030182528
ZJ020689,0.18925224,0.014979051,0.019008376,0.68826115,0.06172004,0.010871788,0.006953536,0.008953764
ZJ020690,0.021002924,0.035053484,0.016506275,9.7702934e-05,0.0019592126,0.9020051,0.014032361,0.009342952
ZJ020691,0.49835142,0.041676585,0.11271461,0.0010331097,0.011508298,0.012858274,0.27383587,0.04802186
ZJ020692,0.1258545,0.011108441,0.2521086,0.25710866,0.014656483,0.042259708,0.0061652134,0.2907384
ZJ020693,0.5829175,0.017938871,0.112711295,0.0013990582,0.118029386,0.008411304,0.13945545,0.019137144
ZJ020694,0.30105415,0.15296422,0.059936963,0.021197172,0.006738847,0.0042480356,0.17036526,0.2834953
ZJ020695,0.22782452,0.14827465,0.21040514,0.0038091617,0.10980697,0.06662342,0.14003442,0.09322172
ZJ020696,0.42913187,0.19410615,0.05928442,0.02113379,0.025763037,0.013980452,0.1613186,0.09528172
ZJ020697,0.25349167,0.010118269,0.5235803,0.038386367,0.001011318,0.010981838,0.013047291,0.1493829
ZJ020698,0.22381118,0.4257528,0.102047406,0.0015674365,0.005453269,0.0065806694,0.20868073,0.026106458
ZJ020699,0.2836309,0.030803556,0.34717733,0.0013363666,0.063410975,0.048716646,0.2186262,0.0062980377
ZJ020700,0.17700757,0.18783659,0.31448027,0.0026482644,0.0027821183,0.02524325,0.14370775,0.14629419
ZJ020701,0.0020702526,0.002286508,0.010589924,0.0003849803,0.0001636481,0.9824688,0.0008379716,0.0011979236
ZJ020702,0.2706346,0.21666151,0.09272229,0.016036952,0.016241526,0.00530148,0.27858114,0.103820436
ZJ020703,0.34324262,0.04394177,0.036680415,0.41791067,0.10048024,0.02359139,0.019721994,0.014430895
ZJ020704,0.62190723,0.08524097,0.023834703,0.10900537,0.06760848,0.008596296,0.039499883,0.044307034
ZJ020705,0.45529938,0.041212887,0.16347538,0.0017773047,0.12505366,0.007143137,0.19847575,0.0075625647
ZJ020706,0.3431099,0.0073727136,0.39334702,0.026363354,0.020943092,0.1090551,0.014003673,0.085805096
ZJ020707,0.4729616,0.026296295,0.032457307,0.26510498,0.10327248,0.027904721,0.028990382,0.04301224
ZJ020708,0.2616121,0.03326804,0.04617409,0.0019945104,0.050115846,0.0015218689,0.59399414,0.011319458
ZJ020709,0.27248654,0.04641438,0.19468258,0.004891132,0.03678795,0.04084362,0.35947096,0.044422902
ZJ020710,0.058512893,0.00064840936,0.20076798,0.13485965,0.023856241,0.26512516,0.0011117648,0.31511784
ZJ020711,0.48527312,0.12906615,0.1024997,0.007987018,0.010877806,0.0068762125,0.19248642,0.0649336
ZJ020712,0.1086793,0.010655675,0.21026498,0.23346215,0.021551704,0.007553624,0.002164477,0.4056681
ZJ020713,0.12719005,0.011430377,0.49452132,0.06609425,0.058869373,0.02117801,0.01212529,0.2085913
ZJ020714,0.3351873,0.07776403,0.21660702,0.017807784,0.008516456,0.01966353,0.122135155,0.20231879
ZJ020715,0.10393802,0.43006712,0.13640958,0.00075415045,0.010575313,0.010149112,0.29782218,0.010284442
ZJ020716,0.49903208,0.025360677,0.10381383,0.0011073067,0.048123557,0.016280973,0.2995259,0.006755676
ZJ020717,0.3093354,0.088628836,0.07988401,0.0074555576,0.14281923,0.0029712245,0.34965688,0.019248845
ZJ020718,0.46756756,0.031319197,0.043490846,0.24872798,0.13335547,0.027187416,0.025515769,0.022835758
ZJ020719,0.40036407,0.14291829,0.24176076,0.010038453,0.033767987,0.014018504,0.11270401,0.044427894
ZJ020720,0.16091652,0.042744014,0.35456836,0.0015421205,0.0063380934,0.017061282,0.39964178,0.017187871
ZJ020721,0.2801991,0.14399865,0.08796248,0.017942907,0.018466968,0.061304677,0.25481045,0.13531479
ZJ020722,0.03395202,0.006857193,0.08228453,0.00039105257,0.0016710474,0.7781116,0.08951326,0.0072193136
ZJ020723,0.503382,0.032803744,0.1123023,0.016365565,0.14172633,0.007898269,0.17775136,0.0077704415
ZJ020724,0.049562763,0.0034596776,0.40426356,0.47992435,0.006750355,0.0057093776,0.0011615397,0.049168296
ZJ020725,0.093147464,0.7946602,0.045869563,0.0019725289,0.0070064324,0.003650522,0.014690703,0.039002556
ZJ020726,0.21624316,0.016753016,0.4324004,0.00016894017,0.0018879932,0.0064766244,0.32095537,0.005114472
ZJ020727,0.08827478,0.038843833,0.13252181,0.027456928,0.0044233194,0.66805655,0.0135777015,0.026845144
ZJ020728,0.11971136,0.02430376,0.26247305,0.041790005,0.01325684,0.01823652,0.0048094485,0.51541895
ZJ020729,0.28238222,0.11634082,0.26748505,0.0052317563,0.014331961,0.028753873,0.25882435,0.026649976
ZJ020730,0.2598492,0.020596143,0.031325452,0.003964551,0.008675675,0.0021759516,0.6279052,0.045507833
ZJ020731,0.1815882,0.014414995,0.3340963,0.28407452,0.0015181076,0.017841017,0.05322511,0.113241754
ZJ020732,0.170571,0.105624974,0.26916242,0.0005660646,0.0057519795,0.103072375,0.142332,0.20291921
ZJ020733,0.04003259,0.04340586,0.03552402,0.7729727,0.049166113,0.03410095,0.009927785,0.0148699675
ZJ020734,0.051318187,0.00019981367,0.19606665,0.27259284,0.0013169128,0.14036709,0.00037612824,0.3377624
ZJ020735,0.03299782,0.010410645,0.015933929,0.0007477396,0.0033904314,0.9285557,0.0065830266,0.0013805943
ZJ020736,0.22277516,0.35933933,0.16500774,0.006565508,0.017232008,0.04617115,0.14606081,0.03684838
ZJ020737,0.35504168,0.017878316,0.023329794,0.39684403,0.16050816,0.024895396,0.015410556,0.006092064
ZJ020738,0.46109283,0.25225902,0.11697066,0.01540086,0.011339017,0.005348612,0.08685189,0.050737116
ZJ020739,0.2867882,0.27105984,0.19751081,0.0072743036,0.05434859,0.0056952825,0.09509791,0.082225144
ZJ020740,0.4614059,0.025201537,0.17976941,0.0066720005,0.057096608,0.012577565,0.23913874,0.018138245
ZJ020741,0.14640461,0.008362199,0.033071447,0.6808176,0.029375767,0.069747336,0.0044391938,0.02778183
ZJ020742,0.11632506,0.040492427,0.26055068,0.0034083282,0.0020961983,0.021804236,0.5207523,0.03457083
ZJ020743,0.13602336,0.032111764,0.52920777,0.013409392,0.05417795,0.040419433,0.008776103,0.1858742
ZJ020744,0.53373325,0.036870252,0.096273355,0.008870276,0.02425383,0.021350091,0.21130805,0.06734089
ZJ020745,0.28050956,0.12760688,0.21905422,0.00420473,0.010145792,0.036222734,0.28513923,0.037116807
ZJ020746,0.1175178,0.21722111,0.04588927,0.0067332266,0.031904805,0.0016168809,0.52868193,0.050434925
ZJ020747,0.10410892,0.008069734,0.15308934,0.17061791,0.01599621,0.00199673,0.0028175605,0.54330355
ZJ020748,0.024612945,0.9389424,0.0045883027,0.0009943901,0.004150398,0.00079885154,0.02348578,0.0024269382
ZJ020749,0.06116331,0.13583545,0.14987063,0.0016015761,0.11560934,0.1111485,0.35584491,0.0689263
ZJ020750,0.19855838,0.13993332,0.17756435,0.006537736,0.0052929725,0.01846054,0.34939793,0.10425477
ZJ020751,0.29039568,0.123561874,0.23694195,0.050510928,0.163764,0.0094461925,0.07000947,0.05536993
ZJ020752,0.052723438,0.008983785,0.25448895,0.2582322,0.010298183,0.010988024,0.0016894217,0.402596
ZJ020753,0.52087396,0.0648193,0.119296126,0.021875562,0.0292718,0.009696423,0.12996416,0.104202695
ZJ020754,0.12043194,0.18995495,0.11825566,0.0034816337,0.0034523478,0.10984072,0.28764683,0.16693592
ZJ020755,0.19082247,0.14943746,0.31315184,0.0011581492,0.018997734,0.0314564,0.23350745,0.061468493
ZJ020756,0.121522516,0.012709661,0.061205946,0.007250656,0.34679803,0.4014191,0.018093979,0.031000126
ZJ020757,0.044127665,0.011445116,0.03801228,0.0003811146,0.001337929,0.022270262,0.86527586,0.017149767
ZJ020758,0.19608182,0.09248644,0.19906245,0.05024393,0.009412186,0.015392547,0.016757289,0.4205634
ZJ020759,0.39002573,0.07694407,0.11570827,0.0020891465,0.013833086,0.04900116,0.23332998,0.11906851
ZJ020760,0.008354285,0.0026072636,0.030065326,0.00024008853,0.0029854777,0.9285087,0.024136562,0.0031023643
ZJ020761,0.4847813,0.034680597,0.1075039,0.004743127,0.18017063,0.01219248,0.16314647,0.012781514
ZJ020762,0.07015116,0.3088149,0.2161008,0.00029175464,0.2294233,0.13806526,0.016375015,0.02077785
ZJ020763,0.1963002,0.30096325,0.31043863,0.00058426836,0.0041863774,0.04883959,0.12998848,0.008699217
ZJ020764,0.122256294,0.029609019,0.30618483,0.0024300376,0.00287568,0.017269656,0.4929787,0.026395783
ZJ020765,0.3933859,0.035059758,0.2701129,0.0015207358,0.07422861,0.03519421,0.16116604,0.029331872
ZJ020766,0.35272563,0.022989392,0.022956498,0.33055308,0.19942082,0.035843663,0.026225762,0.009285205
ZJ020767,0.09355986,0.12847012,0.48231906,0.0001600769,0.0015958587,0.0016368423,0.27016845,0.022089738
ZJ020768,0.19762589,0.3025017,0.14513414,0.004921729,0.010133031,0.002223221,0.2317415,0.10571879
ZJ020769,0.036444556,0.00084149005,0.106129974,0.2585607,0.00073624525,0.0023342257,0.0016041185,0.5933487
ZJ020770,0.054745235,0.8125686,0.03724371,0.007313686,0.0026971765,0.005959131,0.025335576,0.05413692
ZJ020771,0.12503125,0.009634731,0.14264186,0.22281928,0.010599163,0.032029595,0.0038088271,0.4534353
ZJ020772,0.11766497,0.0051261643,0.07436391,0.0018230098,0.012957609,0.6140835,0.08090983,0.093071006
ZJ020773,0.22486432,0.08503523,0.28817248,0.005195703,0.01852208,0.04981706,0.20693727,0.121455826
ZJ020774,0.19350713,0.14801414,0.15448843,0.0012771554,0.016759254,0.004040889,0.46758604,0.014326985
ZJ020775,0.079545125,0.00087639515,0.15716058,0.40477777,0.0016981533,0.15114228,0.0021362973,0.20266339
ZJ020776,0.1273856,0.002802004,0.12861273,0.47547856,0.0027972306,0.004096713,0.0058925715,0.25293455
ZJ020777,0.13500264,0.14027421,0.28921744,0.0008028476,0.033944856,0.035256553,0.32994992,0.035551548
ZJ020778,0.06328685,0.0008840565,0.28679717,0.18750088,0.081410654,0.0126411505,0.0006192991,0.36685994
ZJ020779,0.4728127,0.020220408,0.14256153,0.0047637117,0.07718063,0.028602803,0.22192988,0.031928267
ZJ020780,0.110200614,0.76740104,0.01813043,0.00047612956,0.0048627253,0.0066441484,0.072042085,0.02024282
ZJ020781,0.04579056,0.0049723773,0.073830396,0.5681319,0.000473629,0.0006568041,0.003621145,0.30252314
ZJ020782,0.11941823,0.03174109,0.3441947,0.006017735,0.0038717887,0.017150402,0.4368768,0.040729206
ZJ020783,0.40729704,0.12701958,0.25710672,0.0016087231,0.016858675,0.0019711752,0.13249427,0.055643816
ZJ020784,0.47408092,0.02713937,0.18353093,0.0017701408,0.012688433,0.060474657,0.22984783,0.010467767
ZJ020785,0.29751724,0.15238865,0.34329394,0.003529531,0.0956083,0.014101955,0.053568117,0.03999225
ZJ020786,0.21895096,0.3786647,0.11008086,0.007829866,0.022411367,0.006443769,0.11736363,0.13825476
ZJ020787,0.059426352,0.056534372,0.045562968,0.02762583,0.008400601,0.7132079,0.05248108,0.03676082
ZJ020788,0.08621206,0.006563766,0.2726593,0.31841958,0.011088872,0.013448786,0.0014998364,0.29010782
ZJ020789,0.09651454,0.4702206,0.04778384,0.0012003299,0.0067919325,0.006211932,0.17820409,0.1930728
ZJ020790,0.11468367,0.6027301,0.07702684,0.0028280972,0.01777781,0.027767438,0.12997095,0.02721515
ZJ020791,0.25332832,0.31227553,0.14233178,0.0038248824,0.021562558,0.049022682,0.20978725,0.007867033
ZJ020792,0.23442037,0.11484487,0.20687675,0.008969729,0.0055233026,0.030633802,0.3328185,0.06591263
ZJ020793,0.2973378,0.07938339,0.1551593,0.0044882996,0.22072944,0.026910676,0.20775588,0.008235228
ZJ020794,0.4796973,0.039784923,0.1943062,0.0008306938,0.07566119,0.014351891,0.19066387,0.004704003
ZJ020795,0.16009451,0.56241524,0.06868738,0.013829737,0.02626395,0.0023086069,0.13350098,0.032899566
ZJ020796,0.44609478,0.034540955,0.21248305,0.002301501,0.010975054,0.0156333,0.20070772,0.0772637
ZJ020797,0.13821878,0.0074223746,0.547795,0.060898934,0.0074855625,0.01961944,0.0014805016,0.21707939
ZJ020798,0.4167862,0.06623566,0.20774466,0.004150814,0.0394957,0.01763298,0.21556263,0.032391436
ZJ020799,0.18197197,0.00048253156,0.15999097,0.27815714,0.22958791,0.07174939,0.00075962866,0.077300414
ZJ020800,0.66047215,0.00348721,0.10589774,0.02220841,0.028676327,0.09541121,0.0028554825,0.08099143
ZJ020801,0.432345,0.0087386565,0.33806765,0.03431789,0.024191631,0.06871767,0.019359093,0.07426241
ZJ020802,0.0021281077,0.0014839765,0.008112124,0.0003753434,0.0001498689,0.9861004,0.00079503335,0.0008551994
ZJ020803,0.06828547,0.0041833785,0.27637136,0.17282648,0.0031768696,0.007207489,0.008518675,0.4594303
ZJ020804,0.058689047,0.0055634594,0.118641675,0.4458704,0.0073992996,0.007823168,0.0027444796,0.35326844
ZJ020805,0.33430964,0.035265896,0.020570716,0.4582557,0.10206865,0.014455175,0.027882865,0.0071913786
ZJ020806,0.0024998079,0.001319505,0.012892371,0.00015543605,0.00031763385,0.98048955,0.0012231522,0.0011025674
ZJ020807,0.2837671,0.0053882706,0.2478729,0.39176914,0.0067631765,0.02177544,0.015821826,0.026842138
ZJ020808,0.17823432,0.47344333,0.058254436,0.032458395,0.029768541,0.06476787,0.15430145,0.008771726
ZJ020809,0.36702728,0.08407099,0.13355519,0.007335632,0.023125498,0.04840206,0.26739314,0.06909015
ZJ020810,0.07874471,0.0069119367,0.20674479,0.00020288072,0.0040220353,0.584954,0.11039498,0.008024568
ZJ020811,0.121067226,0.08655388,0.2510287,0.001021117,0.18799192,0.02336702,0.26676485,0.062205326
ZJ020812,0.27469173,0.008655673,0.48150793,0.027132973,0.0012038356,0.0152399475,0.011998195,0.1795697
ZJ020813,0.37008783,0.047566168,0.29456985,0.008184789,0.042627238,0.018371433,0.11220363,0.10638908
ZJ020814,0.11642115,0.04563022,0.66625977,7.0095426e-05,0.0015922994,0.014497863,0.15162383,0.003904799
ZJ020815,0.09785126,0.18560101,0.123139456,0.00036374512,0.34179816,0.201403,0.03812861,0.011714684
ZJ020816,0.13137022,0.5424274,0.11071353,0.0011802318,0.023599412,0.020624539,0.10224866,0.06783598
ZJ020817,0.27628213,0.1461313,0.1426109,0.004733468,0.03561073,0.016863858,0.3063809,0.07138671
ZJ020818,0.11250719,0.005825817,0.16046453,0.38286904,0.0049188244,0.0060931654,0.0032530713,0.32406834
ZJ020819,0.43750632,0.18119742,0.048751038,0.053087052,0.037071295,0.0215914,0.17302467,0.047770806
ZJ020820,0.49278405,0.077258855,0.19389096,0.00910639,0.012898708,0.07547442,0.112161234,0.026425362
ZJ020821,0.43609357,0.11557609,0.14557277,0.0022361153,0.006077506,0.04314233,0.21252637,0.03877523
ZJ020822,0.38712367,0.130235,0.2614718,0.013554997,0.03976149,0.0022819026,0.08954225,0.07602886
ZJ020823,0.11738212,0.114038765,0.03854948,0.6493013,0.03853944,0.0070527317,0.00892959,0.026206559
ZJ020824,0.20939353,0.22124188,0.19109263,0.007524384,0.20753272,0.014460745,0.12671614,0.022037907
ZJ020825,0.28928345,0.1615428,0.21553749,0.022426562,0.15091605,0.0125631485,0.08833673,0.05939373
ZJ020826,0.06386717,0.0019471388,0.28856468,0.14864895,0.05600711,0.08439262,0.0031784724,0.35339382
ZJ020827,0.15832283,0.08580224,0.42188084,0.0017735237,0.032297123,0.088184275,0.16084819,0.050890967
ZJ020828,0.07577394,0.33450153,0.06324475,0.0002007815,0.14473073,0.35015613,0.019351397,0.012040778
ZJ020829,0.07335285,0.15649848,0.33123702,0.001631137,0.093191676,0.17565745,0.08027898,0.088152416
ZJ020830,0.6317425,0.083440915,0.0783044,0.002046368,0.0053242706,0.047996573,0.14449623,0.006648803
ZJ020831,8.235778e-05,2.085256e-06,0.00051495153,3.043534e-06,1.0660376e-05,0.9993529,9.27679e-06,2.4705212e-05
ZJ020832,0.14639644,0.008773923,0.2578097,0.2445549,0.0065617627,0.008713083,0.0037950324,0.32339522
ZJ020833,0.10677542,0.036330312,0.2860016,0.0010562123,0.0062874714,0.027547976,0.47115222,0.064848825
ZJ020834,0.2677583,0.029753037,0.43155688,0.00038929508,0.0072184857,0.0048997058,0.24936053,0.009063781
ZJ020835,0.34245652,0.06410238,0.19882394,0.0022653753,0.043572754,0.0049773264,0.32949623,0.01430543
ZJ020836,0.23017798,0.09844525,0.33165675,0.0005784735,0.03588066,0.008324335,0.28850147,0.0064350744
ZJ020837,0.2539769,0.12230234,0.23716363,0.0079311645,0.019526633,0.04228466,0.22736633,0.089448325
ZJ020838,0.07110922,0.006986788,0.12099649,0.47883126,0.0060836896,0.020826273,0.0036893175,0.29147696
ZJ020839,0.06033965,0.31652734,0.043976795,9.145922e-05,0.0023805124,0.02015949,0.4713768,0.08514792
ZJ020840,0.11515413,0.055834394,0.1896278,0.009202248,0.018197443,0.06942687,0.3653423,0.17721485
ZJ020841,0.6764437,0.0014672779,0.1511929,0.06710681,0.0049580904,0.017356548,0.012804331,0.068670355
ZJ020842,0.28081638,0.1733006,0.32755563,0.0013449232,0.01281694,0.0035568832,0.15563372,0.044974893
ZJ020843,0.1517118,0.0062655807,0.32333475,0.15815258,0.00625496,0.013329186,0.0054182634,0.33553284
ZJ020844,0.26303864,0.09707085,0.19501117,0.00063973514,0.01390904,0.032801695,0.38085443,0.016674424
ZJ020845,0.024025384,0.3555157,0.17686062,0.00020698225,0.31368485,0.086361565,0.03611773,0.00722718
ZJ020846,0.061635178,0.00594985,0.013739955,4.9227394e-05,0.00022012716,0.0017768157,0.91287696,0.0037519347
ZJ020847,0.14031643,0.46439844,0.12817979,0.00023781396,0.020739697,0.016388876,0.2216245,0.008114413
ZJ020848,0.15654065,0.018749125,0.13502686,0.0006123746,0.0008722609,0.2977025,0.38050708,0.009989193
ZJ020849,0.07853831,0.7648367,0.058790576,0.00027741483,0.0014205935,0.010529892,0.07719229,0.008414108
ZJ020850,0.21951634,0.08484458,0.26772392,0.0025500811,0.008968586,0.020756759,0.31664756,0.07899223
ZJ020851,0.15934409,0.49892002,0.15026847,0.0002596776,0.001924309,0.016508166,0.15526153,0.017513735
ZJ020852,0.21768227,0.06925166,0.24673636,0.07566838,0.015100988,0.016775608,0.13225141,0.22653328
ZJ020853,0.19184023,0.036999464,0.53366256,0.00014457139,0.0025834718,0.0044350126,0.22342753,0.0069071646
ZJ020854,0.0018944746,0.0005337598,0.0039625806,0.0005108669,4.399682e-05,0.99158573,0.00056279026,0.0009057869
ZJ020855,0.086373,0.00153259,0.606718,0.082431674,0.033692673,0.031973455,0.0014007918,0.15587784
ZJ020856,0.32515708,0.08142175,0.03442189,0.25066042,0.2688155,0.0129154455,0.018264096,0.008343833
ZJ020857,0.006316782,0.94257045,0.0009141044,0.00038405586,0.011567419,0.00031067475,0.03752776,0.00040882482
ZJ020858,0.22358075,0.0007143668,0.16513936,0.44213113,0.009359569,0.0225334,0.0015223305,0.13501905
ZJ020859,0.72158813,0.008984449,0.082904264,0.03958847,0.007041203,0.005189392,0.0049483334,0.12975572
ZJ020860,0.084518544,0.0005727235,0.5486226,0.085310325,0.009302468,0.018138656,0.0007345518,0.2528001
ZJ020861,0.038059168,0.00078424794,0.22296946,0.42229474,0.019225879,0.01341226,0.00044318012,0.28281108
ZJ020862,0.11444763,0.023625849,0.0410234,0.01615266,0.0120230485,0.7554384,0.024072908,0.013216178
ZJ020863,0.09552585,0.0016892678,0.18470752,0.37266186,0.0017510199,0.0032963983,0.0029544022,0.33741364
ZJ020864,0.27696216,0.17592351,0.1325632,0.0012451798,0.014090057,0.07246015,0.31761345,0.00914225
ZJ020865,0.31932378,0.17410062,0.066278495,0.011293915,0.01079569,0.0028172822,0.20565708,0.20973314
ZJ020866,0.21764304,0.076539,0.2409053,0.0024992812,0.06999071,0.041529763,0.20212947,0.14876348
ZJ020867,0.002944695,0.0018626493,0.013236258,0.0008290257,0.0008002872,0.979133,0.00030007193,0.0008939729
ZJ020868,0.24460119,0.052341282,0.36182907,0.00029842104,0.00093191536,0.01725895,0.27268833,0.050050814
ZJ020869,0.34742323,0.006022172,0.029502327,0.026510106,0.0021990365,0.0005752371,0.0020568336,0.585711
ZJ020870,0.313886,0.23030035,0.06829108,0.027243821,0.015764706,0.0096941255,0.20315151,0.13166845
ZJ020871,0.30390355,0.20483111,0.23451564,0.0017062275,0.0077662934,0.021480225,0.15178788,0.07400906
ZJ020872,0.06327539,0.015657067,0.097476095,0.0005289438,0.0056202384,0.01015548,0.7991523,0.008134468
ZJ020873,0.036785748,0.022614269,0.05776506,0.021850247,0.0033116476,0.8007661,0.02338214,0.03352473
ZJ020874,0.6054276,0.048531946,0.15149334,0.003431935,0.039532598,0.0061290576,0.118622236,0.026831213
ZJ020875,0.15682413,0.008126104,0.0570421,0.0013136987,0.0048732674,0.0009490378,0.74707097,0.023800781
ZJ020876,0.1831936,0.008721903,0.06634159,0.0006689594,0.64047027,0.02726425,0.06641438,0.0069249794
ZJ020877,0.36173892,0.06334222,0.2462115,0.019778498,0.069978505,0.016286366,0.098481245,0.12418275
ZJ020878,0.32604823,0.09784421,0.22211361,0.05070499,0.021971138,0.006781359,0.20583783,0.06869866
ZJ020879,0.1689856,0.0071618333,0.39768538,0.3150363,0.0020914143,0.012157405,0.009175084,0.08770696
ZJ020880,0.43431026,0.079828925,0.11610132,0.016783157,0.023531035,0.013832258,0.25468826,0.060924843
ZJ020881,0.31328157,0.052575357,0.21946284,0.121724725,0.036938522,0.0062258984,0.13432868,0.115462415
ZJ020882,0.1339799,0.0011851379,0.2153731,0.30925477,0.009648325,0.01471785,0.0024135956,0.31342736
ZJ020883,0.30510733,0.1349296,0.20318887,0.05481632,0.026502691,0.008764425,0.032825164,0.23386557
ZJ020884,0.23710512,0.2091583,0.07552714,0.010868152,0.021904273,0.010474804,0.27598327,0.15897898
ZJ020885,0.50492346,0.026948513,0.014053623,0.33503318,0.083323956,0.005452779,0.020877024,0.009387469
ZJ020886,0.40108463,0.044171996,0.17094648,0.020798601,0.017202629,0.21532084,0.050994378,0.07948041
ZJ020887,0.122683816,0.08489326,0.49532565,0.00031187377,0.0012225107,0.0064370343,0.18225335,0.10687253
ZJ020888,0.11615703,0.37314105,0.06549113,0.003656168,0.111311436,0.24627173,0.051093616,0.03287784
ZJ020889,0.09075099,0.0020392581,0.24644242,0.11110192,0.34817305,0.09844707,0.00786465,0.09518069
ZJ020890,0.2849933,0.04798267,0.31043318,0.004000609,0.015681542,0.0395583,0.26350382,0.033846613
ZJ020891,0.2109661,0.47707474,0.08999291,0.00042015468,0.0008301139,0.027047642,0.15341978,0.04024856
ZJ020892,0.03422067,0.12090608,0.20615837,0.00059759064,0.0140751265,0.56420326,0.04275812,0.017080804
ZJ020893,0.058989488,0.021003354,0.013777045,0.04707221,0.0052354313,0.0019526058,0.79808265,0.05388723
ZJ020894,0.16941541,0.0046543805,0.30614838,0.22069214,0.003571527,0.0060146875,0.0031709888,0.28633246
ZJ020895,0.07592984,0.007985216,0.13848077,0.42843086,0.0066342265,0.041660033,0.0020934844,0.29878563
ZJ020896,0.24782972,0.1272251,0.23019251,0.005780649,0.012807564,0.029112676,0.23143165,0.11562008
ZJ020897,0.19407907,0.10041208,0.18768087,0.053036198,0.0095825475,0.005988003,0.030329933,0.41889125
ZJ020898,0.0037881501,0.0013368761,0.013714479,0.00058691966,0.00040234774,0.9777991,0.0004778693,0.0018942277
ZJ020899,0.1461835,0.003842728,0.35758638,0.034575537,0.045882173,0.029317379,0.012723438,0.36988887
ZJ020900,0.15036015,0.53832734,0.05266376,0.00036545654,0.0009410987,0.0143860895,0.20697264,0.035983477
ZJ020901,0.21129112,0.19246808,0.17268139,0.0006665824,0.012133471,0.010659031,0.38907427,0.011026024
ZJ020902,0.05944952,0.00079914456,0.2023311,0.26318568,0.0012286229,0.0084956465,0.0021061162,0.46240416
ZJ020903,0.31844455,0.10609491,0.10304438,0.17244524,0.013705683,0.11647347,0.16449873,0.005293042
ZJ020904,0.19087243,0.015409937,0.14727998,0.103457965,0.01153222,0.0037423316,0.0129249105,0.51478016
ZJ020905,0.19728035,0.43436116,0.104799405,0.00808154,0.011662888,0.0058817705,0.20398855,0.03394431
ZJ020906,0.11802862,0.008633093,0.47173035,0.060025267,0.061375894,0.012422088,0.011793591,0.25599113
ZJ020907,0.259001,0.106707826,0.3646124,0.00072065316,0.0059419675,0.026938912,0.20008297,0.035994284
ZJ020908,0.14095828,0.03334592,0.25926432,0.10266971,0.010295707,0.0027674413,0.012654455,0.4380442
ZJ020909,0.37494862,0.0050377143,0.3141573,0.19891803,0.0056004236,0.032852776,0.022102995,0.04638214
ZJ020910,0.089899145,0.07883665,0.02868154,0.006116895,0.037529208,0.00093468186,0.71648246,0.041519497
ZJ020911,0.23906453,0.09231024,0.13386044,0.0005696512,0.015815604,0.009029937,0.50422055,0.0051290286
ZJ020912,0.41508022,0.032736477,0.17156449,0.002162257,0.012418272,0.06550247,0.281622,0.01891379
ZJ020913,0.007793138,0.0052225017,0.01759942,6.3380496e-05,0.0008522405,0.9660822,0.0015407465,0.00084631104
ZJ020914,0.358862,0.044820182,0.17635967,0.0023442714,0.0376773,0.027865296,0.32162392,0.030447334
ZJ020915,0.34178907,0.043464433,0.24451815,0.0009553347,0.016027257,0.032345545,0.29340577,0.027494507
ZJ020916,0.2938438,0.06047358,0.2893008,0.0017016233,0.018596329,0.04671507,0.23616974,0.053198993
ZJ020917,0.44958586,0.059912663,0.112447955,0.0071741054,0.09064275,0.022992313,0.24236292,0.01488147
ZJ020918,0.07317491,0.781747,0.031940106,0.006152896,0.022297002,0.005986837,0.038399007,0.04030235
ZJ020919,0.26768324,0.0051300824,0.02482921,0.0005993563,0.0040287785,0.0018823898,0.6882175,0.0076294695
ZJ020920,0.07963993,0.01571676,0.42185262,0.20711741,0.09093355,0.02540901,0.005214972,0.15411572
ZJ020921,0.03651634,0.5134975,0.25693727,0.0001463918,0.0030649316,0.003591585,0.15184711,0.03439892
ZJ020922,0.41195053,0.10244919,0.23779592,0.0023185425,0.070621,0.011550227,0.120939605,0.04237499
ZJ020923,0.003976591,0.0026730066,0.018578751,0.00025285938,0.00038588297,0.9718698,0.0007527803,0.0015102952
ZJ020924,0.06490317,0.04683929,0.29917228,0.0010239206,0.012501387,0.082374915,0.4825169,0.010668156
ZJ020925,0.31425932,0.058963776,0.24758513,0.0029024924,0.05128497,0.026842503,0.21230488,0.08585683
ZJ020926,0.7913146,0.0046146857,0.046460465,0.0001582437,0.12377968,0.0028523984,0.027719885,0.0030999845
ZJ020927,0.37887385,0.058875147,0.3141665,0.07532615,0.03492514,0.008567161,0.017157415,0.11210867
ZJ020928,0.020090517,0.014437881,0.018922826,0.0063409465,0.010462944,0.91894865,0.009206319,0.0015899087
ZJ020929,0.13045678,0.024199236,0.18004099,0.012529645,0.098925635,0.48040333,0.008997199,0.06444716
ZJ020930,0.12757666,0.10755201,0.5520739,0.00031076247,0.0021302095,0.011632311,0.18128103,0.017443147
ZJ020931,0.20210181,0.36275238,0.18449749,0.00095222064,0.0027126248,0.018725928,0.17224567,0.056011893
ZJ020932,0.37966412,0.08671075,0.23875228,0.0020343459,0.019858448,0.032471295,0.18060023,0.059908573
ZJ020933,0.14559437,0.011597934,0.22358239,0.15169413,0.011323746,0.42159116,0.010250698,0.02436556
ZJ020934,0.7868352,0.0012926388,0.011223642,0.0008288975,0.16774829,0.0009356329,0.027387956,0.003747799
ZJ020935,0.12228583,0.0020082286,0.21848914,0.17010441,0.0107559925,0.03672896,0.002037238,0.43759027
ZJ020936,0.18068688,0.01782761,0.46213058,0.00030525596,0.0035898767,0.01416673,0.29609242,0.025200585
ZJ020937,0.16284521,0.035339646,0.094309926,0.051146485,0.008060834,0.0027822508,0.018482462,0.6270332
ZJ020938,0.21667042,0.09763359,0.1606104,0.0041515697,0.004875128,0.008818278,0.4238758,0.08336478
ZJ020939,0.16636695,0.0015788506,0.17282985,0.27677277,0.0043399474,0.010499515,0.012232974,0.35537916
ZJ020940,0.40081492,0.010935376,0.08654443,0.0042291037,0.030024318,0.2930981,0.09388374,0.08047005
ZJ020941,0.19700506,0.22627953,0.15817767,0.002011961,0.009723608,0.0022442723,0.39250264,0.012055219
ZJ020942,0.14416039,0.017536163,0.32082126,0.00029392744,0.0011899129,0.065536804,0.42703685,0.02342471
ZJ020943,0.75955784,0.02149969,0.029656611,0.0015512906,0.009549377,0.0012765845,0.17039691,0.0065117106
ZJ020944,0.09833871,0.106936716,0.0953678,0.62875885,0.033104684,0.011011022,0.019063609,0.007418617
ZJ020945,0.45353308,0.027906816,0.18699922,0.01283277,0.016597113,0.016407425,0.26130703,0.024416503
ZJ020946,0.34061965,0.091874376,0.12512684,0.035760216,0.18036276,0.021838257,0.18215296,0.022264913
ZJ020947,0.26981997,0.12047507,0.203522,0.008004673,0.106904976,0.11644879,0.16871993,0.006104628
ZJ020948,0.43944836,0.03620225,0.1403356,0.03394425,0.024155106,0.057427507,0.21233788,0.056149047
ZJ020949,0.094786346,0.0015236597,0.1956068,0.54355586,0.0091769,0.066419415,0.002416528,0.08651456
ZJ020950,0.17093462,0.12317756,0.17371126,0.00094812905,0.0030436178,0.020608274,0.41048372,0.097092785
ZJ020951,0.0055940114,0.0019391438,0.015084302,0.0002940707,0.0005851098,0.9748794,0.0004078615,0.0012160215
