id,antelope_duiker,bird,blank,civet_genet,hog,leopard,monkey_prosimian,rodent
ZJ016488,0.109531276,0.0018745963,0.14768854,0.50558114,0.0035079839,0.204489,0.008185331,0.01914215
ZJ016489,0.26336128,0.12987065,0.11366865,0.009337335,0.04334636,0.10224646,0.30104914,0.03712006
ZJ016490,0.20895217,0.013554857,0.122189336,0.4257346,0.100419216,0.07170797,0.0076296604,0.049812213
ZJ016491,0.001064769,0.0003607006,0.0059673395,0.007401755,0.0002543878,0.9838325,0.0001169884,0.0010015899
ZJ016492,0.45590582,0.06095402,0.03830449,0.017323073,0.06051373,0.010828162,0.31218618,0.04398445
ZJ016493,0.34062496,0.21257508,0.11658806,0.0019191522,0.030697305,0.032910176,0.22644892,0.038236283
ZJ016494,0.19430955,0.13655433,0.2172875,0.0008961358,0.008618362,0.036267452,0.39156103,0.014505691
ZJ016495,0.15776806,0.21258566,0.077322245,0.01589096,0.074679755,0.038436335,0.30464205,0.118674934
ZJ016496,0.28003213,0.17524259,0.15856421,0.07944679,0.018857187,0.013741805,0.14800768,0.12610763
ZJ016497,0.13388357,0.28271234,0.12138432,0.0073692724,0.024738496,0.18069318,0.16421999,0.08499879
ZJ016498,0.43790567,0.0734902,0.114385135,0.017149111,0.08858271,0.11551418,0.098547556,0.054425474
ZJ016499,0.19741637,0.09217262,0.24792182,0.00011753567,0.035741437,0.018859679,0.40116292,0.006607608
ZJ016500,0.41268045,0.16141933,0.114388175,0.012144556,0.006609074,0.019794077,0.18519479,0.087769575
ZJ016501,0.062135886,0.01068047,0.2789433,0.40801516,0.0925191,0.07446639,0.0021933524,0.071046405
ZJ016502,0.057001945,0.016471803,0.22211526,0.54184,0.06743058,0.066296235,0.00276012,0.026084049
ZJ016503,0.17618944,0.24531206,0.26236898,0.0043345904,0.0042578587,0.010504962,0.17145789,0.1255742
ZJ016504,0.25092056,0.22907089,0.2288687,0.018469311,0.08788264,0.036292158,0.052069444,0.09642623
ZJ016505,0.34461698,0.1255356,0.15385668,0.061056864,0.026823014,0.05967566,0.0146873165,0.21374786
ZJ016506,0.2215781,0.12056127,0.069042064,0.0006797412,0.009112513,0.0032089765,0.52721804,0.048599243
ZJ016507,0.09289588,0.06286472,0.108679734,0.0045198607,0.48198012,0.18535647,0.0538815,0.009821771
ZJ016508,0.28376734,0.006667313,0.14888616,0.2991985,0.06176557,0.02891912,0.036319535,0.13447641
ZJ016509,0.186165,0.2829092,0.1787497,0.013034539,0.004665759,0.007142113,0.05631022,0.2710234
ZJ016510,0.12292172,0.043178078,0.20130892,0.30458823,0.05357634,0.024788579,0.0067472896,0.24289088
ZJ016511,0.16880994,0.016314002,0.43959755,0.044986177,0.018185118,0.03270628,0.03758787,0.2418131
ZJ016512,0.15784763,0.3339174,0.18539274,0.015187209,0.0037911597,0.15830114,0.12419054,0.021372186
ZJ016513,0.22812355,0.10781037,0.18427257,0.007315651,0.019894859,0.0409677,0.33960658,0.0720087
ZJ016514,0.37071013,0.014935451,0.10800915,0.28434238,0.1373957,0.027766943,0.01574583,0.041094348
ZJ016515,0.10279156,0.08981814,0.1625228,0.003139973,0.18462998,0.33852112,0.10262393,0.015952416
ZJ016516,0.21392949,0.0049333964,0.1162261,0.45587587,0.0037410583,0.042080704,0.011635107,0.15157826
ZJ016517,0.19820908,0.21712446,0.11586324,0.0061363294,0.18046454,0.21141145,0.03647968,0.034311272
ZJ016518,0.6860703,0.000905974,0.021211557,0.07545739,0.17817362,0.008597415,0.0017186392,0.027865026
ZJ016519,0.20554064,0.00721444,0.1125039,0.10898402,0.42237028,0.065566294,0.0045692837,0.07325113
ZJ016520,0.15658185,0.0025416627,0.08988881,0.64440274,0.00738699,0.017056538,0.00478875,0.07735266
ZJ016521,0.1723352,0.059369918,0.17410639,0.0015368136,0.004664653,0.15027376,0.41422743,0.023485864
ZJ016522,0.60654014,0.01382563,0.039338056,0.0024576585,0.13777468,0.15698059,0.009014661,0.03406861
ZJ016523,0.23984294,0.26515678,0.1254523,0.007255094,0.05231317,0.024488924,0.2562741,0.029216697
ZJ016524,0.20855106,0.0040072226,0.30946317,0.1808302,0.0050857705,0.019522034,0.021431405,0.2511091
ZJ016525,0.13206433,0.014214196,0.052047793,0.02876605,0.56083506,0.13984446,0.017412284,0.05481576
ZJ016526,0.38927263,0.076307364,0.08602708,0.04819905,0.15719901,0.02413473,0.13648076,0.08237942
ZJ016527,0.09688405,0.0025946228,0.19339201,0.49704432,0.011691854,0.030237257,0.0039652693,0.16419071
ZJ016528,0.1708099,0.06884244,0.46511844,0.00053237216,0.0031827423,0.022517126,0.2615222,0.007474746
ZJ016529,0.16128388,0.06377196,0.10834768,0.017898083,0.029375553,0.18539512,0.38778922,0.046138525
ZJ016530,0.14415193,0.09352861,0.26658398,0.0005371676,0.012607388,0.3252424,0.15122187,0.0061267074
ZJ016531,0.03214356,7.997848e-05,0.0861399,0.76104534,0.05989521,0.04736528,0.00020918107,0.0131216
ZJ016532,0.0075227753,0.0042900527,0.010978205,0.0018288613,0.0040516495,0.96337765,0.00624762,0.0017031407
ZJ016533,0.16730092,0.14844687,0.22460344,0.0019417268,0.14159526,0.037040718,0.2347762,0.044294827
ZJ016534,0.12486751,0.015904142,0.23498537,0.28242692,0.025314333,0.005799689,0.026544949,0.2841571
ZJ016535,0.25070494,0.10681097,0.17860125,0.0013860996,0.01738147,0.03846722,0.38275832,0.023889653
ZJ016536,0.18320398,0.19376759,0.18727045,0.0006195068,0.005449506,0.08536977,0.30191678,0.04240233
ZJ016537,0.33093637,0.037846826,0.14409542,0.0026593325,0.054212987,0.033817682,0.38008264,0.01634872
ZJ016538,0.17933825,0.1970703,0.28507775,0.00031602575,0.009954799,0.041210815,0.25915414,0.027877927
ZJ016539,0.27558988,0.1298923,0.24944195,0.0005968669,0.0018347618,0.021541305,0.2728104,0.048292577
ZJ016540,0.23455986,0.1963508,0.16335201,0.0004655714,0.0023845192,0.03104554,0.32763338,0.044208307
ZJ016541,0.1651946,0.027824376,0.31151122,0.0013151418,0.19780281,0.08313232,0.19766615,0.015553413
ZJ016542,0.040859748,0.008228985,0.110268496,0.4906928,0.043028243,0.036195077,0.0038464803,0.26688015
ZJ016543,0.30184582,0.008954699,0.093283765,0.3402567,0.13828108,0.053722642,0.010779009,0.05287626
ZJ016544,0.5935759,0.06455901,0.024022248,0.0019558861,0.05654779,0.0018012674,0.22037087,0.03716703
ZJ016545,0.08187779,0.06621897,0.08345802,0.0027973622,0.5898134,0.09736948,0.06982875,0.008636287
ZJ016546,0.086803176,0.009104472,0.34721327,0.19522308,0.1159969,0.11522891,0.0017007481,0.12872936
ZJ016547,0.07418827,0.0023520694,0.23671663,0.28646562,0.030609028,0.33707112,0.0020500752,0.030547164
ZJ016548,0.3178882,0.09670088,0.19542678,0.0776521,0.06812916,0.035540286,0.050860453,0.15780215
ZJ016549,0.29420096,0.15646182,0.1538169,0.0003247058,0.0064424505,0.005865083,0.36305943,0.019828636
ZJ016550,0.49881127,0.0755315,0.0364893,0.029534115,0.18675049,0.0078020254,0.1055252,0.05955603
ZJ016551,0.24504544,0.11367333,0.23072839,0.0004211139,0.004757945,0.05462372,0.34543222,0.00531782
ZJ016552,0.10959871,0.090291426,0.30567268,0.00074063375,0.0026746015,0.016558385,0.46708643,0.0073771565
ZJ016553,0.24775511,0.08093955,0.23748347,0.0030463906,0.011678854,0.020556835,0.31466696,0.08387285
ZJ016554,0.20109625,0.10214141,0.20952979,0.000298131,0.10147288,0.022847192,0.35129756,0.01131677
ZJ016555,0.282593,0.1838112,0.135828,0.107336,0.046162106,0.017483136,0.09617337,0.13061321
ZJ016556,0.27091217,0.09325544,0.18583292,0.00019399308,0.06347393,0.011702669,0.36225873,0.012370066
ZJ016557,0.21916056,0.2521042,0.11844571,0.008413485,0.017032752,0.016087174,0.29956263,0.06919342
ZJ016558,0.0024117022,0.0011996301,0.013396462,0.0022553701,0.00057438493,0.97846794,0.00044875362,0.0012458081
ZJ016559,0.41293558,0.08107262,0.12923382,0.08433702,0.021510283,0.039838668,0.14709845,0.08397349
ZJ016560,0.13391067,0.13957444,0.25568226,0.00039186634,0.16186573,0.012926871,0.2910986,0.0045495904
ZJ016561,0.17996615,0.100251175,0.1897454,0.0035818913,0.024794066,0.0112004345,0.41330755,0.077153295
ZJ016562,0.25152755,0.31003717,0.08988462,0.0013111935,0.016147759,0.008140382,0.28932703,0.033624385
ZJ016563,0.21844819,0.10584448,0.32687825,0.00060096476,0.0044784714,0.072719224,0.2638336,0.0071968003
ZJ016564,0.17614014,0.31232512,0.07864149,0.0020218098,0.013015463,0.012628162,0.3660975,0.039130256
ZJ016565,0.05751107,0.05522369,0.050034087,0.031301584,0.040548395,0.6989373,0.025526213,0.040917654
ZJ016566,0.120559774,0.050467048,0.2855223,0.004651663,0.0035613426,0.14915721,0.36665246,0.019428173
ZJ016567,0.19687028,0.0793405,0.1698517,0.12547798,0.08565013,0.008470071,0.036061656,0.29827762
ZJ016568,0.0050485516,0.0020478114,0.030492464,0.0001595714,0.0015863623,0.95391804,0.005208861,0.0015383076
ZJ016569,0.19032145,0.03503825,0.2272833,0.0070766383,0.0130043775,0.028029012,0.39662647,0.102620505
ZJ016570,0.1419137,0.3760782,0.08399993,0.009635059,0.027856298,0.060077187,0.25056398,0.049875665
ZJ016571,0.062605724,0.0032399744,0.1710458,0.1869855,0.046878844,0.46114346,0.0017002461,0.06640045
ZJ016572,0.25926387,0.07844168,0.14661856,0.0002723457,0.010430366,0.03637494,0.45797822,0.010620052
ZJ016573,0.28262472,0.0051276633,0.41325617,0.051534306,0.0024749357,0.05639999,0.03376943,0.15481277
ZJ016574,0.085625395,0.006672973,0.17649037,0.35359976,0.0017531149,0.042341217,0.0037364846,0.32978064
ZJ016575,0.078960314,0.0626363,0.20890021,0.16395813,0.19953194,0.124755085,0.009097266,0.15216064
ZJ016576,0.27285245,0.06185505,0.24412069,0.044744838,0.015832363,0.0049105445,0.019381963,0.33630207
ZJ016577,0.17134531,0.1009893,0.20786305,0.0010609037,0.001466358,0.0031592692,0.4240175,0.09009824
ZJ016578,0.36183038,0.068426445,0.173297,0.010490664,0.03329034,0.010238121,0.27869213,0.06373496
ZJ016579,0.24134861,0.10800693,0.23266606,0.00019261325,0.010026238,0.027044673,0.37311223,0.007602631
ZJ016580,0.24279813,0.19277917,0.12720615,0.0156212095,0.0117995,0.02831348,0.23065224,0.15083008
ZJ016581,0.27000105,0.22707894,0.16440848,0.0023834682,0.004565291,0.048231818,0.1956754,0.087655514
ZJ016582,0.015556665,0.0051466846,0.024147522,0.0019765375,0.004811118,0.9381371,0.0075696637,0.002654628
ZJ016583,0.38523722,0.04467133,0.2811524,0.0030138108,0.014490157,0.018028077,0.21993531,0.03347161
ZJ016584,0.12762962,0.009979718,0.089411706,0.6144899,0.014306683,0.10894062,0.011888896,0.023352835
ZJ016585,0.014675442,0.025482228,0.029096162,0.003945226,0.013579867,0.902384,0.0031003081,0.007736727
ZJ016586,0.30688116,0.10543879,0.2089313,0.00042919247,0.0010892694,0.013575011,0.29381976,0.06983559
ZJ016587,0.050856926,0.054110266,0.7557124,0.0009960288,0.0031397096,0.080866866,0.04915706,0.0051607722
ZJ016588,0.2068276,0.0073475833,0.06938561,0.46908203,0.14461857,0.036934283,0.008495498,0.057308797
ZJ016589,0.21094371,0.20916298,0.12155523,0.005050795,0.0061315927,0.13034175,0.28228337,0.03453058
ZJ016590,0.2626595,0.12168978,0.20600387,0.06527885,0.02629925,0.017702473,0.09644308,0.20392318
ZJ016591,0.29883972,0.13629004,0.17642121,0.0015582606,0.002695583,0.012535249,0.3557424,0.015917554
ZJ016592,0.27882197,0.1663056,0.05829113,0.08065701,0.07786482,0.028125515,0.25091115,0.059022777
ZJ016593,0.36456951,0.14612873,0.16083486,0.07487792,0.06661938,0.054758996,0.017113568,0.115097
ZJ016594,0.4019963,0.08695769,0.09430818,0.016337315,0.11221765,0.042599294,0.20535009,0.04023348
ZJ016595,0.19352396,0.08145475,0.20378779,0.001671885,0.016564125,0.14593758,0.34015614,0.016903829
ZJ016596,0.18140511,0.095101714,0.38227534,0.00056054274,0.008852374,0.07549336,0.24997258,0.006338944
ZJ016597,0.18434288,0.2743494,0.17790516,0.004500398,0.0023629575,0.038922384,0.2853627,0.032254152
ZJ016598,0.012568786,0.009171349,0.02613491,0.0012235136,0.003969074,0.9403265,0.004473354,0.00213254
ZJ016599,0.15397228,0.15701096,0.11201955,0.0023224833,0.06045696,0.14255892,0.29939005,0.0722688
ZJ016600,0.24312142,0.21260928,0.07163569,0.0038914212,0.024574276,0.016219446,0.41087213,0.017076368
ZJ016601,0.29369357,0.19486488,0.18165176,0.018530212,0.044738706,0.074854344,0.10799811,0.08366847
ZJ016602,0.4735176,0.10228665,0.07757772,0.07341954,0.06550779,0.020201333,0.06745175,0.12003759
ZJ016603,0.24497376,0.22464281,0.082577236,0.02820923,0.05847573,0.067312285,0.2430419,0.050767023
ZJ016604,0.10458647,0.006892474,0.19426817,0.56512505,0.02130511,0.009070355,0.0056522083,0.093100175
ZJ016605,0.058691286,0.026532818,0.38108543,0.0012303373,0.000639731,0.39936894,0.11730165,0.015149842
ZJ016606,0.26577112,0.23682778,0.20629351,0.0042562415,0.018841267,0.044705633,0.15223162,0.071072854
ZJ016607,0.22250608,0.014669285,0.20299569,0.28007147,0.061707776,0.03726091,0.006668751,0.17412007
ZJ016608,0.06620982,0.0032103325,0.101923436,0.64600587,0.054830197,0.056860946,0.0017602621,0.069199145
ZJ016609,0.19941586,0.12674269,0.15188554,0.0077888165,0.12196393,0.18084797,0.08049767,0.13085747
ZJ016610,0.2644533,0.16677895,0.20709877,0.011641013,0.052539997,0.048154667,0.1827445,0.06658882
ZJ016611,0.08484955,0.068729855,0.3343814,0.001633504,0.0014093997,0.35165513,0.13059369,0.02674749
ZJ016612,0.063796476,0.0019396753,0.21696551,0.4348534,0.012326149,0.0053431923,0.0022309616,0.2625446
ZJ016613,0.0021153193,0.0006921386,0.004060565,0.0041120267,0.001400864,0.98655784,0.0005594293,0.0005019167
ZJ016614,0.3296196,0.017667659,0.12435241,0.21128704,0.101688616,0.07116325,0.017503595,0.12671779
ZJ016615,0.1825794,0.2880859,0.13913451,0.013993534,0.03890359,0.037206568,0.1781808,0.12191568
ZJ016616,0.2643481,0.047934577,0.28677276,0.0018146848,0.005225276,0.09270153,0.29328984,0.007913255
ZJ016617,0.29125366,0.1334594,0.12201563,0.010786818,0.013014372,0.050430402,0.22764,0.15139969
ZJ016618,0.39550498,0.11550378,0.046634555,0.04442749,0.14053245,0.018572927,0.18562189,0.05320185
ZJ016619,0.2033461,0.0171936,0.1256397,0.33277306,0.14112683,0.10900926,0.013519822,0.05739154
ZJ016620,0.18306865,0.015661731,0.1459523,0.20806059,0.20498691,0.15621366,0.009880259,0.07617584
ZJ016621,0.29815966,0.008005723,0.10561817,0.4141164,0.08499875,0.031404596,0.01422102,0.0434756
ZJ016622,0.123637006,0.06998663,0.10196148,0.0019551327,0.47743112,0.10197585,0.116135225,0.0069174813
ZJ016623,0.04265168,0.0048196143,0.10454602,0.59430665,0.017219659,0.029805638,0.0015939748,0.20505685
ZJ016624,0.24649903,0.13370962,0.22174636,0.009138718,0.03741754,0.032944832,0.20915523,0.109388635
ZJ016625,0.2172836,0.0015447522,0.048375268,0.5655286,0.025511121,0.005352034,0.004504391,0.13190025
ZJ016626,0.15832995,0.0082261115,0.12483139,0.16767237,0.29891264,0.14808072,0.0076968023,0.086250015
ZJ016627,0.07615328,0.15896782,0.050255332,0.0044862274,0.005198458,0.16934651,0.514795,0.02079739
ZJ016628,0.45394534,0.019057501,0.025493218,0.0010983378,0.30305567,0.008602442,0.17442997,0.014317535
ZJ016629,0.3987893,0.0042412155,0.092778146,0.25522134,0.12396546,0.038933363,0.014313858,0.07175741
ZJ016630,0.17915025,0.044894755,0.32604408,0.0016702693,0.004506354,0.01423387,0.40810865,0.02139173
ZJ016631,0.11469667,0.009501414,0.19740616,0.54407185,0.045626502,0.011158427,0.021843217,0.055695757
ZJ016632,0.3633983,0.007448249,0.07641194,0.39422503,0.04589003,0.045135744,0.013422704,0.054068014
ZJ016633,0.1370204,0.11568325,0.47991464,0.00068859,0.008430046,0.08342157,0.17028356,0.004557948
ZJ016634,0.277725,0.1541524,0.17773634,0.060925003,0.11764633,0.036946315,0.025295308,0.14957333
ZJ016635,0.18883534,0.10541908,0.27518773,0.0036904998,0.11196822,0.07159036,0.2127896,0.030519236
ZJ016636,0.1715063,0.08786155,0.13539447,0.27816007,0.077054165,0.008982583,0.01963348,0.22140738
ZJ016637,0.16725829,0.10730757,0.22207385,0.003948984,0.06686797,0.24566634,0.10214041,0.08473659
ZJ016638,0.365448,0.109776035,0.053418875,0.030315777,0.10868902,0.016111925,0.26418096,0.052059382
ZJ016639,0.193294,0.001089881,0.034711245,0.65312696,0.009791909,0.0015065168,0.011038168,0.09544133
ZJ016640,0.19565302,0.21751912,0.25215837,0.0118436385,0.0058895606,0.008488834,0.08332797,0.22511949
ZJ016641,0.20198631,0.0072211507,0.10176113,0.38407773,0.118667245,0.12979575,0.005801096,0.05068956
ZJ016642,0.35908076,0.0058074985,0.08413945,0.3324099,0.10623433,0.071041316,0.014575994,0.026710786
ZJ016643,0.36881652,0.13105728,0.25189167,0.008783528,0.025952432,0.043499958,0.12552744,0.044471104
ZJ016644,0.22058423,0.18491712,0.16072887,0.0029013497,0.0783013,0.08370718,0.12729743,0.14156254
ZJ016645,0.48083177,0.03420177,0.042180225,0.00095816964,0.14330119,0.033583242,0.24557182,0.019371808
ZJ016646,0.18198538,0.16633487,0.06782628,0.030609708,0.16898923,0.031523176,0.26106927,0.09166209
ZJ016647,0.10081414,0.0036588425,0.10498858,0.5946048,0.0038563872,0.002943311,0.0057307333,0.18340321
ZJ016648,0.161775,0.18467517,0.32939672,0.00086464675,0.004058705,0.039059468,0.25379053,0.026379788
ZJ016649,0.09068843,0.010987431,0.16802588,0.46349686,0.035841275,0.010567382,0.0052050166,0.21518771
ZJ016650,0.21297473,0.11459276,0.23968597,0.028244782,0.06859726,0.10586612,0.046321183,0.18371719
ZJ016651,0.3502545,0.15803233,0.16396657,0.0054957173,0.033935867,0.026031781,0.21402717,0.04825612
ZJ016652,0.16376144,0.10983043,0.2964253,0.00083130546,0.011972513,0.16600937,0.23811917,0.013050467
ZJ016653,0.3314323,0.056343146,0.10427227,0.0019203244,0.3017365,0.0069162888,0.10620761,0.091171525
ZJ016654,0.21973109,0.11157219,0.15699649,0.03464042,0.02433525,0.01857039,0.38867563,0.045478508
ZJ016655,0.16257429,0.20633115,0.105111115,0.009807019,0.012780448,0.056381118,0.39618334,0.05083152
ZJ016656,0.1712839,0.38404012,0.094051026,0.053399783,0.10441065,0.0746706,0.06054765,0.05759629
ZJ016657,0.19600806,0.16379173,0.27992034,0.003960049,0.0037499878,0.014137443,0.23994932,0.09848304
ZJ016658,0.12446985,0.010285347,0.5733754,0.15858984,0.004008425,0.014785076,0.019649612,0.09483651
ZJ016659,0.036671497,0.0656571,0.6006497,0.0017556596,0.050344694,0.16890088,0.026894748,0.04912565
ZJ016660,0.2196076,0.16585633,0.19304168,0.0020302883,0.021221193,0.012317509,0.33521676,0.050708637
ZJ016661,0.25278044,0.06289421,0.2783455,0.2260229,0.011468797,0.036861733,0.016287884,0.11533853
ZJ016662,0.08250109,0.12082383,0.09702966,0.019176012,0.01585456,0.56266683,0.03534219,0.06660588
ZJ016663,0.030986508,0.017850418,0.042318847,0.00045654984,0.006369,0.88208926,0.0170514,0.0028780545
ZJ016664,0.0853947,0.05255183,0.13396272,0.078760006,0.3125131,0.024784897,0.002383481,0.3096492
ZJ016665,0.13337053,0.06111569,0.27294362,0.0016307138,0.003748691,0.017807126,0.4362975,0.07308607
ZJ016666,0.47412285,0.059169933,0.05790393,0.015105011,0.14987741,0.043797605,0.18968982,0.010333403
ZJ016667,0.5016834,0.067805216,0.05386297,0.025948856,0.10212877,0.011500426,0.13900675,0.09806359
ZJ016668,0.41640553,0.116699584,0.22460964,0.017564217,0.03127333,0.022356663,0.036777604,0.13431345
ZJ016669,0.14754437,0.026912823,0.36822435,0.019094864,0.019619746,0.066278175,0.23235695,0.11996873
ZJ016670,0.12029786,0.000815655,0.21900159,0.4483672,0.0036039331,0.04033855,0.0021080112,0.16546722
ZJ016671,0.18412668,0.005238199,0.36200935,0.17762528,0.006309271,0.014925908,0.019401534,0.23036382
ZJ016672,0.19983979,0.0067932545,0.065884665,0.016470209,0.5968582,0.05699068,0.02866369,0.028499512
ZJ016673,0.14550364,0.09897827,0.46974757,0.0039231144,0.10956942,0.018831916,0.117054336,0.03639174
ZJ016674,0.24033459,0.028204624,0.12642364,0.0021648384,0.013322598,0.024071889,0.5476144,0.017863398
ZJ016675,0.2623117,0.12918754,0.06548559,0.0015291387,0.0051012035,0.024311759,0.501184,0.010889149
ZJ016676,0.30583507,0.16981527,0.14531597,0.0006285546,0.011691832,0.036397357,0.31036535,0.019950587
ZJ016677,0.32125917,0.020415202,0.107780606,0.12726492,0.22245443,0.06886794,0.013168487,0.11878926
ZJ016678,0.17990954,0.097336225,0.16129862,0.0010324316,0.1135409,0.024249662,0.37959635,0.04303622
ZJ016679,0.3406862,0.07326109,0.10594812,0.0017436903,0.023324093,0.0595094,0.35745427,0.038073145
ZJ016680,0.44883394,0.0780749,0.07422296,0.03670047,0.09110445,0.037919264,0.11148027,0.1216637
ZJ016681,0.18900077,0.10789757,0.08071837,0.004379542,0.09039637,0.05897702,0.42549154,0.043138787
ZJ016682,0.24420957,0.25953344,0.09529964,0.0007831773,0.0037109137,0.016953407,0.36793602,0.01157389
ZJ016683,0.2406304,0.12586494,0.2469,0.037496027,0.05946155,0.13107854,0.07309247,0.08547602
ZJ016684,0.394512,0.0061436617,0.07732844,0.2531521,0.21760833,0.014356655,0.0064481916,0.030450577
ZJ016685,0.20779733,0.090984836,0.16592479,0.0011030332,0.005457295,0.09878193,0.40924418,0.020706642
ZJ016686,0.25113824,0.2212517,0.25583708,0.0023867935,0.018522562,0.012948401,0.21360947,0.024305757
ZJ016687,0.39305493,0.18479848,0.20493823,0.0049948604,0.01710263,0.029046541,0.055842627,0.11022169
ZJ016688,0.23779678,0.15235078,0.24726842,0.0074679316,0.100377634,0.06033843,0.1175829,0.076817155
ZJ016689,0.34941652,0.14482361,0.18109584,0.018436516,0.01086566,0.018852267,0.12117472,0.15533482
ZJ016690,0.021931406,0.0004501578,0.15340339,0.39687663,0.09081383,0.24434805,0.00041460292,0.09176188
ZJ016691,0.1613514,0.032487694,0.05705148,0.0002157192,0.35624924,0.067482844,0.3213441,0.0038174961
ZJ016692,0.053304177,0.051281948,0.7348284,0.0010184484,0.002925587,0.09389118,0.057865206,0.004885055
ZJ016693,0.09873991,0.032222193,0.11131173,0.004328381,0.008036653,0.6609676,0.05573861,0.028654886
ZJ016694,0.46643403,0.071063,0.052411355,0.039867092,0.12267065,0.018012142,0.14197251,0.087569214
ZJ016695,0.12377726,0.18525845,0.09252661,0.004852566,0.05793345,0.13690908,0.36163038,0.037112277
ZJ016696,0.13127707,0.08510528,0.5222308,0.00020189045,0.0039186524,0.031048654,0.221524,0.004693611
ZJ016697,0.2018457,0.4123362,0.12657332,0.008840776,0.0482381,0.047644235,0.11359411,0.04092748
ZJ016698,0.09693622,0.023382042,0.059406545,0.0017682585,0.15096428,0.6182922,0.0330115,0.01623898
ZJ016699,0.5699296,0.1027449,0.08874502,0.015673408,0.060568944,0.05120701,0.07352944,0.03760171
ZJ016700,0.0046635848,0.001074473,0.02073605,0.00038787108,0.000579975,0.97057325,0.0015700429,0.0004148613
ZJ016701,0.18534684,0.26742354,0.1532179,0.00045997644,0.002570375,0.057643242,0.3020037,0.031334404
ZJ016702,0.11129915,0.08176451,0.28258884,0.00045613773,0.0016380833,0.108806975,0.3967906,0.016655767
ZJ016703,0.056303363,0.67840075,0.16119277,0.0020176317,0.0072923396,0.026064746,0.044348527,0.024379818
ZJ016704,0.076363154,0.10898504,0.10817135,0.040394075,0.020218644,0.5466886,0.028459942,0.07071919
ZJ016705,0.3938449,0.07562665,0.056490675,0.023520881,0.06881151,0.0074640345,0.31520018,0.059041176
ZJ016706,0.09220262,0.024020983,0.18371497,0.03267642,0.26636392,0.13454565,0.02708594,0.23938954
ZJ016707,0.1422967,0.10665291,0.36571157,0.0011419931,0.007918696,0.062125195,0.27710432,0.037048656
ZJ016708,0.20314382,0.08611895,0.15468995,0.24961115,0.07493793,0.013158731,0.017727036,0.20061241
ZJ016709,0.3142736,0.14907295,0.22217003,0.010532868,0.011971812,0.049139664,0.1256484,0.11719065
ZJ016710,0.2682844,0.14800863,0.13332419,0.15474586,0.034736823,0.04702392,0.10006643,0.11380971
ZJ016711,0.10472439,0.20653832,0.29211426,0.000973873,0.0040932237,0.15794086,0.19574246,0.03787261
ZJ016712,0.2678134,0.22140498,0.21774158,0.005996931,0.030104334,0.034472004,0.14887387,0.073592864
ZJ016713,0.32119316,0.12828436,0.2296149,0.0045348844,0.05913522,0.016259197,0.15549906,0.08547923
ZJ016714,0.13144664,0.01323272,0.2640685,0.25715792,0.05966422,0.020919083,0.010151066,0.2433598
ZJ016715,0.1150488,0.064500086,0.24302132,0.073122725,0.14861895,0.04296049,0.01807442,0.29465318
ZJ016716,0.15287967,0.039089788,0.30932632,0.0044083768,0.006711099,0.08978474,0.36842176,0.02937821
ZJ016717,0.23828031,0.040857606,0.2820991,0.0006189742,0.0044092387,0.030097367,0.3836833,0.019954106
ZJ016718,0.06941581,0.07506372,0.14854424,0.00029993168,0.0011226296,0.580937,0.10596621,0.018650468
ZJ016719,0.20517665,0.16308133,0.12817027,0.003907813,0.014681703,0.03266797,0.2571215,0.19519274
ZJ016720,0.568015,0.07432587,0.06153003,0.054952476,0.05614193,0.0063386066,0.05432514,0.124371044
ZJ016721,0.13862996,0.028186338,0.13597514,0.0042904587,0.029098142,0.5127603,0.11367207,0.03738757
ZJ016722,0.038928475,0.029895576,0.08538843,0.0038954073,0.015343176,0.75280654,0.06089885,0.0128435735
ZJ016723,0.20361146,0.01149773,0.18176243,0.26143867,0.13515525,0.099828035,0.012997743,0.09370868
ZJ016724,0.2438509,0.15988569,0.14721166,0.00030264544,0.0031380863,0.038250376,0.39935124,0.008009363
ZJ016725,0.04334025,0.039530292,0.04995577,0.018985188,0.0062453263,0.7753154,0.024638982,0.041988797
ZJ016726,0.36063603,0.10330353,0.13113396,0.0025222136,0.028706688,0.013986342,0.32124665,0.038464516
ZJ016727,0.020653475,0.059892915,0.047336247,0.00045722004,0.087527186,0.7629838,0.009900669,0.011248433
ZJ016728,0.3350159,0.014023417,0.10259349,0.24717228,0.14718352,0.07118637,0.038180552,0.044644497
ZJ016729,0.30150265,0.07879443,0.18600512,0.0030487138,0.021153705,0.013002009,0.3158908,0.080602616
ZJ016730,0.10178017,0.0068421587,0.1334388,0.56642586,0.050881915,0.010573303,0.0014069366,0.12865089
ZJ016731,0.22769803,0.006814511,0.06745599,0.30677956,0.3180279,0.04073605,0.003583132,0.02890482
ZJ016732,0.17402017,0.071823254,0.294736,0.0008596346,0.075062044,0.040347412,0.3340216,0.00912984
ZJ016733,0.37727195,0.19269653,0.080810174,0.0014337335,0.044385683,0.027341546,0.25346127,0.022599041
ZJ016734,0.4699073,0.067068145,0.052148625,0.02615927,0.116643846,0.011207856,0.15762322,0.09924178
ZJ016735,0.13236362,0.06877982,0.06305553,0.00035498675,0.27127856,0.06303024,0.38340607,0.017731078
ZJ016736,0.15771534,0.23357604,0.1316235,0.012236591,0.0059252996,0.10809477,0.27210984,0.07871864
ZJ016737,0.30368719,0.13016243,0.07506174,0.033431146,0.09194535,0.04599769,0.27932224,0.04039222
ZJ016738,0.07960634,0.22442025,0.35026434,0.00031743938,0.0023867253,0.16779813,0.16126186,0.013944904
ZJ016739,0.23190346,0.18327405,0.088548265,0.0023001097,0.0030348182,0.038969766,0.4340914,0.017878115
ZJ016740,0.3270449,0.009853982,0.12909724,0.30000022,0.12200493,0.057376698,0.011421099,0.04320086
ZJ016741,0.39124006,0.12428962,0.053591665,0.060298696,0.106785126,0.028421115,0.18643597,0.0489377
ZJ016742,0.4599095,0.08085791,0.09367836,0.02089113,0.17458823,0.028776655,0.07360799,0.067690186
ZJ016743,0.29029784,0.049613077,0.27254534,0.01263417,0.053900342,0.031867605,0.24068852,0.048453134
ZJ016744,0.29829225,0.005731122,0.093111224,0.44177464,0.02731416,0.009981896,0.011206684,0.11258809
ZJ016745,0.21938671,0.22289173,0.21076214,0.016563918,0.014279089,0.004669824,0.0659899,0.24545662
ZJ016746,0.30561727,0.091447316,0.22984433,0.021746865,0.011557219,0.062832095,0.13133563,0.14561926
ZJ016747,0.4764698,0.05862782,0.06901174,0.0011896245,0.0022289967,0.0034568533,0.3828606,0.0061546047
ZJ016748,0.119062506,0.43940598,0.12393099,0.005185811,0.002998766,0.014594211,0.23167963,0.063142054
ZJ016749,0.08036596,0.07531955,0.18058036,0.00053922174,0.0005668509,0.017540531,0.5624823,0.0826052
ZJ016750,0.1870086,0.34783655,0.1307222,0.005841489,0.0052661216,0.016486097,0.26501253,0.04182646
ZJ016751,0.047811564,0.45936957,0.24024853,0.0018144016,0.005108941,0.030850912,0.13761336,0.07718272
ZJ016752,0.14319386,0.31513542,0.072963245,0.002966704,0.047593348,0.11535342,0.27303657,0.029757427
ZJ016753,0.21493097,0.13117883,0.1686985,0.0047457106,0.029938787,0.012559593,0.37351954,0.06442811
ZJ016754,0.10599726,0.015576465,0.18536547,0.02152414,0.22231556,0.28737137,0.022126883,0.13972282
ZJ016755,0.21257941,0.097216636,0.11264778,0.0022710464,0.008487593,0.07068143,0.4747633,0.021352835
ZJ016756,0.11745874,0.20464347,0.37154874,0.007849413,0.0064653126,0.088968694,0.11257313,0.09049245
ZJ016757,0.1839224,0.3110097,0.07157418,0.0026961737,0.07646765,0.08365369,0.2187787,0.051897462
ZJ016758,0.18436027,0.04462189,0.110550776,0.00041760056,0.19249912,0.06921172,0.39189458,0.0064440873
ZJ016759,0.38776743,0.015251157,0.08648457,0.29280484,0.13902979,0.032417372,0.009547645,0.03669728
ZJ016760,0.23975804,0.20159456,0.2083666,0.0012091467,0.005213417,0.014190671,0.29528603,0.034381546
ZJ016761,0.40191817,0.086580016,0.11101738,0.0022363379,0.0287566,0.18453375,0.12093519,0.06402258
ZJ016762,0.1491211,0.02526862,0.19126248,0.39402914,0.09143588,0.010381582,0.006593092,0.13190813
ZJ016763,0.016758148,0.042772144,0.056353986,0.0006177701,0.042211615,0.81807894,0.010033455,0.013173946
ZJ016764,0.10340338,0.08196566,0.105057076,0.0020109331,0.40229475,0.18915802,0.108724885,0.0073852176
ZJ016765,0.23197939,0.09901948,0.20017038,0.015046115,0.022218095,0.027437983,0.33802134,0.066107176
ZJ016766,0.33402672,0.06194859,0.21780296,0.0020383087,0.026712751,0.03972425,0.30186746,0.015878974
ZJ016767,0.34424978,0.18439828,0.17712559,0.02077639,0.061870106,0.041841928,0.08089658,0.08884138
ZJ016768,0.26326936,0.15977699,0.091515645,0.0058906293,0.025571331,0.026049789,0.1422696,0.28565663
ZJ016769,0.31353077,0.10733152,0.24355865,0.0033389758,0.01509018,0.051728047,0.20967901,0.055742864
ZJ016770,0.5011403,0.09864618,0.058620233,0.062087853,0.066275224,0.012324491,0.07776886,0.1231369
ZJ016771,0.123970345,0.009793166,0.20467839,0.4664668,0.045427177,0.009699771,0.0038346834,0.13612962
ZJ016772,0.011686267,0.006107601,0.068676926,0.0022134911,0.0008749371,0.90397704,0.0027028571,0.0037609583
ZJ016773,0.25556615,0.10503711,0.21726955,0.04404902,0.046620574,0.121753775,0.06265077,0.14705305
ZJ016774,0.09509053,0.16701545,0.20113066,0.00019336306,0.00060266576,0.21081209,0.31258878,0.0125664165
ZJ016775,0.1610321,0.041750595,0.5461463,0.00042212394,0.009738094,0.02991306,0.1969331,0.014064663
ZJ016776,0.052118815,0.018646043,0.123155594,0.3260093,0.012754016,0.0044267345,0.0055340095,0.45735547
ZJ016777,0.09700121,0.0063955868,0.0147871515,0.00033814192,0.10180585,0.043906007,0.72488344,0.010882598
ZJ016778,0.30231673,0.0016299095,0.17196733,0.26418167,0.13190587,0.024890278,0.0013225775,0.1017856
ZJ016779,0.3380077,0.08682087,0.20426272,0.02556486,0.02257902,0.04513549,0.145248,0.13238141
ZJ016780,0.21648803,0.13313945,0.13078752,0.002823091,0.01757099,0.08088973,0.35796803,0.060333148
ZJ016781,0.17250241,0.09226853,0.32915738,0.005767705,0.01563555,0.17670076,0.12243895,0.085528746
ZJ016782,0.22393681,0.055733413,0.13242234,0.041517023,0.38322318,0.039552256,0.038609777,0.0850052
ZJ016783,0.19978856,0.18798481,0.14653118,0.061226662,0.009058129,0.03960444,0.17425592,0.18155028
ZJ016784,0.38673365,0.0920514,0.06534,0.028005159,0.19444929,0.07765195,0.12643497,0.029333623
ZJ016785,0.15702099,0.025413943,0.11029227,0.0005333775,0.005577534,0.0033682422,0.67616326,0.021630445
ZJ016786,0.07630564,0.005661603,0.2133141,0.43319815,0.035275187,0.016643154,0.0028938744,0.21670832
ZJ016787,0.10916392,0.13161209,0.44808564,0.00027648942,0.00097114005,0.14430003,0.15649496,0.009095688
ZJ016788,0.3656733,0.081420995,0.21619269,0.005083257,0.016751276,0.082001485,0.17280765,0.060069364
ZJ016789,0.19788542,0.21102737,0.2128749,0.00092217576,0.0027749918,0.074902214,0.25351503,0.0460979
ZJ016790,0.28314358,0.13179022,0.1738053,0.013412262,0.061404426,0.061103065,0.10599968,0.16934149
ZJ016791,0.20520554,0.071454994,0.28283536,0.00014523577,0.11060278,0.02844384,0.29149407,0.0098181935
ZJ016792,0.20735605,0.05540143,0.28214553,0.005122264,0.028029587,0.05416091,0.27961186,0.088172294
ZJ016793,0.4049806,0.12244838,0.12574151,0.0027445895,0.005792893,0.028374484,0.22316419,0.08675339
ZJ016794,0.14483145,0.0010616485,0.08435652,0.33906785,0.0016201098,0.06399136,0.005207839,0.35986322
ZJ016795,0.10415449,0.07464071,0.18813288,0.210334,0.053557325,0.0039166384,0.043886464,0.32137746
ZJ016796,0.17125414,0.059640225,0.19072334,0.0016038688,0.0728446,0.17116894,0.29355714,0.039207757
ZJ016797,0.44443822,0.07491188,0.09320111,0.0012977939,0.0020931337,0.0067681763,0.3650463,0.012243363
ZJ016798,0.13434778,0.07355213,0.1038681,0.002223932,0.3049535,0.2682308,0.08478193,0.028041812
ZJ016799,0.26723862,0.43744045,0.06758212,0.007502668,0.022466356,0.011828769,0.14318477,0.04275626
ZJ016800,0.124835074,0.21589056,0.22642197,0.02482146,0.0055035595,0.12806131,0.18907523,0.085390806
ZJ016801,0.208685,0.054173853,0.22215302,0.024590252,0.1574286,0.0860963,0.086558215,0.16031478
ZJ016802,0.052023232,0.026904425,0.047523174,0.06774938,0.019749416,0.7647255,0.0068952288,0.014429563
ZJ016803,0.16862842,0.1922591,0.17714278,0.012132342,0.026267478,0.023094552,0.30154666,0.09892863
ZJ016804,0.3603952,0.018080091,0.12149451,0.21480207,0.11763097,0.061792903,0.009343665,0.09646062
ZJ016805,0.11645272,0.0016924103,0.1816991,0.30739474,0.022681365,0.07728115,0.004352032,0.28844655
ZJ016806,0.47964734,0.01839133,0.046668734,0.31378886,0.06427748,0.0063820714,0.030686583,0.04015757
ZJ016807,0.24245247,0.165754,0.14973752,0.011465146,0.028355854,0.015501143,0.33505735,0.05167648
ZJ016808,0.36125416,0.0924198,0.20054208,0.0014498187,0.032224853,0.043486148,0.24454732,0.024075817
ZJ016809,0.13409953,0.0028383231,0.10487536,0.61609775,0.0051265066,0.001093715,0.0052420334,0.13062684
ZJ016810,0.087717116,0.05878095,0.31266123,0.0034946573,0.0979783,0.26300433,0.048779435,0.12758398
ZJ016811,0.2965604,0.114467315,0.20874049,0.004066144,0.015154916,0.022908995,0.26433232,0.07376937
ZJ016812,0.07936077,0.05772123,0.067536645,0.028114794,0.018804777,0.695631,0.023362314,0.029468413
ZJ016813,0.15520579,0.21695568,0.12319997,0.010461134,0.0034129256,0.059060216,0.27502882,0.15667541
ZJ016814,0.18340057,0.017496616,0.23778364,0.32485306,0.058279853,0.013071897,0.029241761,0.13587265
ZJ016815,0.28121263,0.18053229,0.14044456,0.0007366823,0.012310773,0.014550474,0.34998745,0.020225095
ZJ016816,0.24766907,0.17847411,0.23490503,0.009581447,0.058631144,0.0688493,0.025964083,0.17592572
ZJ016817,0.38986844,0.05250895,0.029494997,0.0287229,0.28603363,0.04469723,0.13208249,0.036591373
ZJ016818,0.2252229,0.050022814,0.21796788,0.18949923,0.12984431,0.04179685,0.042374358,0.103271656
ZJ016819,0.46577117,0.042659547,0.07711265,0.06234364,0.20215967,0.02691085,0.08762371,0.035418756
ZJ016820,0.14022854,0.06991136,0.31099263,0.0007009564,0.00504777,0.25967196,0.16778193,0.045664813
ZJ016821,0.25348037,0.007531094,0.048752297,0.075391635,0.5025995,0.069995426,0.010823213,0.03142647
ZJ016822,0.34996867,0.09392516,0.2258192,0.035326093,0.050152775,0.099032864,0.046489306,0.09928586
ZJ016823,0.16350442,0.35073724,0.07458987,0.0023287148,0.002269126,0.02094565,0.3688292,0.016795795
ZJ016824,0.05584479,0.00095154817,0.55505013,0.107004225,0.0023488163,0.055968884,0.0016039829,0.22122757
ZJ016825,0.11319984,0.0068284995,0.41970882,0.24351698,0.027118392,0.019407753,0.0028514909,0.16736822
ZJ016826,0.4642735,0.08226281,0.095117964,0.013534115,0.12768914,0.041151505,0.09766532,0.07830563
ZJ016827,0.18556471,0.06794194,0.17823948,0.000594692,0.1439239,0.03161693,0.38011038,0.012007968
ZJ016828,0.14223471,0.002430823,0.09006063,0.55024284,0.004511071,0.0030749654,0.006233092,0.2012119
ZJ016829,0.365706,0.0056032888,0.052287836,0.4245293,0.08588051,0.018423455,0.022051558,0.02551805
ZJ016830,0.1571133,0.025026612,0.41202807,0.09804477,0.013170527,0.07972253,0.041634418,0.17325981
ZJ016831,0.012537904,0.007079516,0.040546663,0.001340244,0.0018042562,0.92956525,0.0059738173,0.0011523475
ZJ016832,0.24842413,0.008971169,0.068755366,0.0054803956,0.57587284,0.023434978,0.030336883,0.038724255
ZJ016833,0.20065832,0.053334,0.18884854,0.025847593,0.07881443,0.08095878,0.016461927,0.3550764
ZJ016834,0.46224818,0.056735832,0.054730482,0.015781619,0.035513144,0.012493185,0.32210526,0.040392276
ZJ016835,0.333804,0.075998746,0.10296285,0.0015663486,0.0117926765,0.035632223,0.39405048,0.044192653
ZJ016836,0.63852245,0.00078001426,0.029455086,0.18739131,0.07031676,0.0032430992,0.012217549,0.05807375
ZJ016837,0.17631526,0.09191023,0.106925756,0.00063017197,0.021349229,0.23671679,0.29458323,0.07156927
ZJ016838,0.24149592,0.21791339,0.13996564,0.019309513,0.09587843,0.0671125,0.17982884,0.038495764
ZJ016839,0.09689848,0.038145393,0.24006338,0.0014355254,0.0042503774,0.21800014,0.39097056,0.010236104
ZJ016840,0.23096691,0.032481905,0.20826113,0.0017755025,0.01611047,0.024209395,0.43437782,0.05181683
ZJ016841,0.39105886,0.014208353,0.028273335,0.00076810457,0.2886353,0.009606776,0.25802124,0.009427964
ZJ016842,0.39110526,0.13088928,0.16323434,0.020198544,0.04024596,0.031058762,0.11401235,0.109255515
ZJ016843,0.09857918,0.0053391885,0.09937483,0.60196036,0.008657609,0.1267116,0.005187159,0.054190047
ZJ016844,0.28702796,0.2019032,0.19431785,0.004865839,0.0013071359,0.120538704,0.17195123,0.018088076
ZJ016845,0.10084281,0.005681362,0.34070557,0.2464971,0.040946547,0.20490485,0.0016145152,0.058807176
ZJ016846,0.04581296,0.04569467,0.7689125,0.0012112218,0.002797014,0.07922403,0.051676665,0.004671007
ZJ016847,0.34170535,0.06933329,0.2566233,0.04537585,0.045887034,0.056823187,0.05168665,0.13256535
ZJ016848,0.36528042,0.14696996,0.17618002,0.013020738,0.003907433,0.01842111,0.09898855,0.17723174
ZJ016849,0.29076052,0.0005438688,0.023219751,0.5507377,0.051878124,0.065535374,0.007877642,0.009446988
ZJ016850,0.2744816,0.010039571,0.092819974,0.38749793,0.10804486,0.04259024,0.012733439,0.07179239
ZJ016851,0.121701464,0.0043082507,0.5259272,0.08561419,0.05479365,0.020390099,0.0028747353,0.18439043
ZJ016852,0.10394582,0.04215557,0.19806339,0.03556776,0.3314418,0.0415399,0.0025897522,0.24469602
ZJ016853,0.014535285,0.0054039806,0.023583543,0.0014734805,0.003697649,0.9446743,0.0042037014,0.0024281295
ZJ016854,0.43013737,0.06398574,0.19363423,0.019501718,0.041301824,0.056881454,0.14840652,0.046151187
ZJ016855,0.28361604,0.08615541,0.25801453,0.0029965714,0.011718203,0.050396025,0.28628737,0.02081584
ZJ016856,0.28532493,0.1281139,0.18588409,0.07467317,0.09428014,0.07194645,0.011881969,0.14789537
ZJ016857,0.09128627,0.016130859,0.079431616,0.5065655,0.19280823,0.0067077763,0.0053595286,0.10171019
ZJ016858,0.1688849,0.21595763,0.3282426,0.00036814096,0.0036507118,0.026491713,0.23998532,0.016418966
ZJ016859,0.16921526,0.004219927,0.1008626,0.5950699,0.00580276,0.0042390428,0.012279472,0.108311065
ZJ016860,0.0062952107,0.0022639718,0.047082193,0.00076984655,0.010394731,0.9180189,0.007700107,0.0074749864
ZJ016861,0.2157513,0.029522682,0.2265025,0.33806145,0.008637685,0.048159853,0.016161606,0.11720296
ZJ016862,0.21341754,0.38688087,0.116411746,0.0040109265,0.008094792,0.027650248,0.18508877,0.058445007
ZJ016863,0.104358636,0.31443906,0.19667405,0.045692462,0.0141702425,0.11590246,0.1426262,0.066136785
ZJ016864,0.20700616,0.17160495,0.26759383,0.009167514,0.006493664,0.03919235,0.18451472,0.1144268
ZJ016865,0.14791708,0.08736712,0.13601421,0.0006222379,0.11614201,0.054715287,0.40584618,0.051375866
ZJ016866,0.28884965,0.13152201,0.12355986,0.12755822,0.06424253,0.024608355,0.09676615,0.14289317
ZJ016867,0.32557786,0.08108962,0.14577413,0.0028902416,0.014219467,0.013426826,0.38516572,0.031856123
ZJ016868,0.34902546,0.08338919,0.15129972,0.005050627,0.008396857,0.012068559,0.31014776,0.080621846
ZJ016869,0.36835596,0.05988732,0.19538106,0.004750786,0.07541837,0.021295091,0.1962391,0.07867231
ZJ016870,0.23221068,0.1723562,0.0640095,0.0024441082,0.046086676,0.011744297,0.42016461,0.050983876
ZJ016871,0.22599722,0.07058065,0.29216054,0.0045945426,0.13636506,0.06018976,0.17065512,0.039457068
ZJ016872,0.15635051,0.047561493,0.26611003,0.0004158734,0.0010380179,0.199904,0.32378903,0.004831059
ZJ016873,0.3113366,0.22863093,0.06320369,0.03435218,0.2060831,0.029610742,0.08055111,0.046231594
ZJ016874,0.14878085,0.059065714,0.5226422,0.00041293044,0.005991162,0.030357921,0.227557,0.0051921234
ZJ016875,0.1376525,0.103814475,0.15433891,0.0019206897,0.0015509786,0.04613417,0.53856736,0.016020995
ZJ016876,0.15020822,0.28187743,0.16342002,0.0009798679,0.019485319,0.008881797,0.3168074,0.058339972
ZJ016877,0.31921536,0.0021248895,0.06154776,0.09198355,0.42867646,0.019681351,0.0011508631,0.07561975
ZJ016878,0.12331513,0.0017364715,0.58676904,0.09698462,0.025261655,0.0046307086,0.0027581903,0.15854421
ZJ016879,0.3201558,0.15314268,0.11600839,0.11589926,0.013040818,0.012871932,0.06575747,0.20312372
ZJ016880,0.33537677,0.28616235,0.105992235,0.0024500384,0.06424008,0.026859082,0.115090184,0.06382927
ZJ016881,0.14657313,0.05812069,0.0901237,0.0011176651,0.577686,0.027874699,0.0912421,0.0072620558
ZJ016882,0.06301019,0.12444776,0.45173424,0.0030740686,0.009940702,0.1775086,0.15968987,0.010594531
ZJ016883,0.14261888,0.070941664,0.4112345,0.00050188496,0.0038174791,0.061136257,0.27900207,0.030747244
ZJ016884,0.3481015,0.024097256,0.11000998,0.005463377,0.007768049,0.013228417,0.44912267,0.04220877
ZJ016885,0.4451603,0.053821247,0.07757349,0.061202284,0.19093171,0.015256955,0.10460177,0.05145226
ZJ016886,0.2524772,0.097673826,0.10693787,0.0014180882,0.007306797,0.004468732,0.5099133,0.019804213
ZJ016887,0.32278612,0.042053457,0.04499356,0.06352676,0.18361273,0.16816549,0.08430031,0.090561524
ZJ016888,0.1274876,0.0063302163,0.16093478,0.4154007,0.07401747,0.019713268,0.0030948452,0.19302112
ZJ016889,0.25286523,0.19359079,0.19743289,0.007970639,0.030680595,0.03852117,0.21687695,0.062061727
ZJ016890,0.15248938,0.0010405261,0.5204107,0.06304116,0.070675194,0.00681608,0.0016318054,0.18389516
ZJ016891,0.1929791,0.32370389,0.26552722,0.009348641,0.018926537,0.047105424,0.07711255,0.06529669
ZJ016892,0.25773647,0.1916045,0.21782953,0.015853591,0.027391773,0.117259696,0.062217504,0.11010698
ZJ016893,0.2962005,0.08225766,0.2148831,0.08774311,0.051193036,0.018196069,0.14420465,0.105321854
ZJ016894,0.061942402,0.021613546,0.19942711,0.025709456,0.34582868,0.24418585,0.028845165,0.07244775
ZJ016895,0.08127607,0.09386412,0.09442449,0.0042380895,0.23094419,0.41633746,0.031642027,0.047273617
ZJ016896,0.19333191,0.04394307,0.24573736,0.00049178896,0.32362074,0.016755467,0.16291262,0.013207018
ZJ016897,0.3039651,0.17376038,0.14433046,0.0044599017,0.003260172,0.024296103,0.33283323,0.0130946245
ZJ016898,0.17971355,0.002795817,0.23508084,0.45967028,0.012153252,0.07341649,0.0027628564,0.034406908
ZJ016899,0.29050857,0.16845575,0.2114793,0.0015075707,0.0028612767,0.058266696,0.24584445,0.021076422
ZJ016900,0.07081005,0.0034288794,0.5428455,0.11771305,0.005518439,0.033358768,0.004832974,0.22149241
ZJ016901,0.0031298506,0.0004885973,0.012312246,0.00960023,0.00050993793,0.9722875,0.0004752244,0.0011964515
ZJ016902,0.55267465,0.04320716,0.15849046,0.003302618,0.059317112,0.0019151418,0.13482058,0.046272293
ZJ016903,0.23585324,0.069773905,0.22980005,0.0025158033,0.013633683,0.01461397,0.35204703,0.08176236
ZJ016904,0.30396968,0.03432164,0.20334092,0.22834155,0.02962614,0.06269709,0.009559969,0.128143
ZJ016905,0.10289143,0.039471406,0.2231338,0.3220008,0.019576542,0.1156477,0.010712836,0.16656543
ZJ016906,0.21751843,0.17250666,0.17963327,0.0019183222,0.01823519,0.068639204,0.24165681,0.09989215
ZJ016907,0.49219513,0.087735474,0.10404801,0.025312796,0.031037219,0.02013445,0.15291397,0.08662296
ZJ016908,0.24695748,0.009610852,0.025819564,0.0013517151,0.07512894,0.009055023,0.6188924,0.013184109
ZJ016909,0.070979826,0.021422826,0.0895221,0.00057640905,0.0026645984,0.70593524,0.09794551,0.010953494
ZJ016910,0.17755671,0.010563932,0.11955133,0.560171,0.005851836,0.0120461425,0.01600946,0.098249584
ZJ016911,0.2285163,0.28034878,0.14404514,0.021918345,0.027298035,0.11513484,0.14544888,0.03728977
ZJ016912,0.22685766,0.07826369,0.1838203,0.0044637583,0.006574995,0.011488898,0.42887148,0.059659187
ZJ016913,0.1665199,0.12231622,0.22714314,0.0013059123,0.1392013,0.08389274,0.23749863,0.022122169
ZJ016914,0.06671968,0.027822172,0.1550241,0.436492,0.0152628375,0.0040433756,0.016328586,0.27830723
ZJ016915,0.37902147,0.23740909,0.09888113,0.0016452705,0.04400887,0.05643097,0.14976259,0.03284061
ZJ016916,0.2300841,0.02206458,0.20524694,0.22899011,0.16520603,0.019425517,0.0047798203,0.12420283
ZJ016917,0.4433214,0.07916149,0.100179024,0.009918395,0.13074386,0.03591434,0.15093067,0.049830835
ZJ016918,0.33575198,0.05654688,0.13440035,0.1848207,0.03896391,0.008456978,0.02817472,0.21288456
ZJ016919,0.57042783,0.009126467,0.051806998,0.058817953,0.12877043,0.0074299923,0.13908209,0.034538217
ZJ016920,0.014187631,0.009041348,0.04720373,0.0015521221,0.0010213255,0.9160932,0.005479368,0.005421333
ZJ016921,0.3408724,0.07837385,0.22732703,0.08892175,0.053650256,0.0152854435,0.06169675,0.13387245
ZJ016922,0.3909982,0.16742454,0.15291391,0.0023846913,0.025739959,0.015269619,0.17855439,0.066714644
ZJ016923,0.087396026,0.025078468,0.22864527,0.11652769,0.13105974,0.04473112,0.006633574,0.3599281
ZJ016924,0.22169812,0.2076923,0.11883102,0.021917464,0.004820146,0.046408787,0.15678473,0.22184743
ZJ016925,0.013487769,0.0041780025,0.019978024,0.007069941,0.0056917495,0.94426626,0.0038129657,0.0015153133
ZJ016926,0.09841217,0.04985563,0.22887996,0.10837232,0.23106958,0.072886504,0.013941803,0.19658205
ZJ016927,0.21825694,0.081530534,0.16333401,0.0023998285,0.025651002,0.12488086,0.33448327,0.049463548
ZJ016928,0.30894968,0.03195075,0.12833114,0.007862505,0.0151692,0.028571349,0.31210983,0.16705556
ZJ016929,0.24598712,0.13015045,0.14623149,0.0031893058,0.013204669,0.016211903,0.36328548,0.08173959
ZJ016930,0.18841127,0.31475186,0.10207315,0.010501681,0.036957446,0.026735729,0.2704285,0.050140444
ZJ016931,0.107355066,0.00439658,0.2665981,0.2595919,0.007067402,0.0058530904,0.0038677312,0.34527016
ZJ016932,0.15093495,0.010508982,0.12857732,0.16099708,0.32860416,0.1631752,0.004668658,0.05253361
ZJ016933,0.1791324,0.21695048,0.15085658,0.01283939,0.004732028,0.054887902,0.29727098,0.08333022
ZJ016934,0.23192574,0.00446117,0.4754727,0.042940557,0.0037498276,0.09551817,0.022014935,0.123916894
ZJ016935,0.20647259,0.25216696,0.10162738,0.009270627,0.014464944,0.016930794,0.3609085,0.038158268
ZJ016936,0.35556296,0.10007227,0.050525673,0.01826146,0.2282984,0.035342686,0.15693994,0.05499665
ZJ016937,0.14999135,0.4875295,0.12940626,0.025486076,0.010329015,0.028615164,0.11773266,0.050909977
ZJ016938,0.015743922,0.03364668,0.054183237,0.004135921,0.01669108,0.8188108,0.054042418,0.0027458435
ZJ016939,0.29946038,0.150516,0.28644004,0.003511565,0.01621061,0.0449195,0.16744158,0.03150032
ZJ016940,0.30839515,0.005286682,0.049486764,0.41279113,0.16831194,0.009481077,0.014485496,0.0317617
ZJ016941,0.10646567,0.0026083617,0.096249156,0.5033321,0.0095362915,0.0052819066,0.0032397076,0.27328688
ZJ016942,0.123925574,0.14400943,0.42124686,0.00013660619,0.0027704285,0.06538208,0.21268903,0.02984003
ZJ016943,0.38475108,0.097780034,0.22499411,0.0129662715,0.01592397,0.053439856,0.09823768,0.11190697
ZJ016944,0.3109793,0.13114229,0.08456519,0.004234676,0.023239141,0.037433676,0.13670263,0.27170306
ZJ016945,0.29406297,0.13130543,0.13272516,0.0027393203,0.030707588,0.016599486,0.3525757,0.039284375
ZJ016946,0.0635394,0.122724555,0.41340718,0.0036202779,0.008299302,0.20786536,0.1688204,0.011723557
ZJ016947,0.16098803,0.06566151,0.26915926,0.010566921,0.009249062,0.10859921,0.34907922,0.02669681
ZJ016948,0.16998036,0.120659076,0.25007164,0.003279762,0.018782064,0.018002218,0.27491146,0.14431341
ZJ016949,0.09080433,0.035651784,0.5522016,0.005700256,0.11256607,0.056321092,0.0579863,0.088768505
ZJ016950,0.20347348,0.089285366,0.22956072,0.0023857986,0.016125917,0.17187503,0.23737356,0.049920127
ZJ016951,0.10660218,0.002611803,0.09248462,0.5670228,0.014364395,0.0056805303,0.012244824,0.19898883
ZJ016952,0.26775712,0.24270149,0.22509898,0.012415467,0.035436317,0.040135495,0.095905006,0.08055012
ZJ016953,0.18611327,0.121590376,0.15620212,0.0015447506,0.24306095,0.048627958,0.22835864,0.014501964
ZJ016954,0.32050228,0.09830235,0.16370781,0.0003948932,0.0049118013,0.013975046,0.3810532,0.017152593
ZJ016955,0.2540897,0.051239207,0.31801167,0.002069968,0.10913709,0.04457421,0.20833711,0.012540978
ZJ016956,0.18579611,0.102495484,0.19187213,0.0045932992,0.013555149,0.20549637,0.20150268,0.09468875
ZJ016957,0.20520073,0.10497663,0.23281372,0.009498134,0.13891594,0.06538819,0.21855108,0.024655612
ZJ016958,0.0032944763,0.0013978686,0.01493766,0.004247582,0.00046512595,0.97376794,0.0009108675,0.0009784554
ZJ016959,0.10406061,0.0070427745,0.17420535,0.55624944,0.013527082,0.10942488,0.0074365134,0.028053304
ZJ016960,0.21881206,0.07350872,0.27155957,0.0012206289,0.004019168,0.057519674,0.33498684,0.038373362
ZJ016961,0.08475801,0.3491216,0.36575562,0.0031757744,0.007056662,0.041118994,0.12251024,0.026503082
ZJ016962,0.07313803,0.0013090232,0.17401144,0.4909293,0.006893898,0.0753954,0.003000435,0.17532244
ZJ016963,0.16617602,0.36189806,0.20768102,0.0067834044,0.0033281886,0.054633077,0.17139849,0.028101712
ZJ016964,0.1803396,0.23845342,0.16869038,0.011397388,0.048426013,0.06631732,0.24322708,0.04314879
ZJ016965,0.2904183,0.100168146,0.1753348,0.0028524492,0.016994916,0.045394294,0.28782356,0.081013516
ZJ016966,0.1938138,0.039564777,0.13434947,0.35460562,0.12658453,0.034520235,0.022199355,0.09436226
ZJ016967,0.1780784,0.15760331,0.06686314,0.002716331,0.074724495,0.22277978,0.27701014,0.020224398
ZJ016968,0.2126824,0.06850778,0.13229467,0.00061331276,0.16582906,0.08607838,0.30677435,0.027220083
ZJ016969,0.21894129,0.20487992,0.24146879,0.001187593,0.016217759,0.01371204,0.27533647,0.028256154
ZJ016970,0.14202009,0.09918245,0.41201794,0.0005707202,0.006577433,0.100278884,0.23360375,0.0057487465
ZJ016971,0.40012056,0.04918631,0.115841635,0.0049510235,0.042229544,0.0062890425,0.34160668,0.03977522
ZJ016972,0.18907328,0.026340233,0.26621383,0.090223625,0.017389085,0.038062252,0.013154993,0.3595427
ZJ016973,0.18629633,0.11396304,0.33507484,0.0005121456,0.006796198,0.03500018,0.30213538,0.020221839
ZJ016974,0.13649717,0.14754172,0.34780642,0.004581348,0.006142052,0.018751062,0.26378408,0.0748962
ZJ016975,0.107964545,0.1773319,0.3863209,0.00070143514,0.0039314684,0.039494086,0.23718148,0.047074154
ZJ016976,0.35049057,0.15540123,0.046560254,0.0035600658,0.05121827,0.0015025578,0.36652508,0.024741963
ZJ016977,0.26060295,0.008691017,0.117407195,0.18081771,0.13950099,0.13884456,0.04359883,0.11053677
ZJ016978,0.3419343,0.13014814,0.23622979,0.0027440453,0.026857166,0.022828124,0.19791305,0.041345406
ZJ016979,0.2472844,0.320545,0.15117857,0.019431867,0.036219567,0.053130616,0.0639595,0.10825047
ZJ016980,0.15014762,0.41543972,0.034644864,0.006168628,0.008755072,0.0061814915,0.35514352,0.02351906
ZJ016981,0.25966144,0.0757614,0.16248222,0.1847888,0.06356094,0.008291437,0.026870374,0.2185834
ZJ016982,0.45575532,0.09203362,0.15636167,0.03866472,0.03373039,0.033406414,0.030724993,0.15932289
ZJ016983,0.08649357,0.010696995,0.23918037,0.19688822,0.007711456,0.0019012045,0.006405221,0.45072293
ZJ016984,0.25567347,0.005020212,0.07289646,0.3662107,0.2083636,0.03927647,0.00709931,0.045459893
ZJ016985,0.38306493,0.07530173,0.1029112,0.0010952896,0.023511197,0.05526797,0.3305921,0.028255602
ZJ016986,0.30593833,0.0072404947,0.06064484,0.40416616,0.09098773,0.06402012,0.011627262,0.055375066
ZJ016987,0.39722797,0.068525314,0.13608491,0.009461388,0.014870419,0.060296632,0.25754908,0.05598435
ZJ016988,0.28961754,0.012088774,0.10458034,0.29223073,0.2214457,0.035196897,0.011138671,0.03370131
ZJ016989,0.033946395,0.043236107,0.05509883,0.047967456,0.015628861,0.7799935,0.011516222,0.012612677
ZJ016990,0.50617224,0.09965326,0.044535607,0.0072186477,0.17412637,0.014996597,0.120173074,0.033124156
ZJ016991,0.009384398,0.0052891127,0.047371976,0.0007871562,0.008070576,0.91692775,0.008663379,0.0035056905
ZJ016992,0.08649583,0.18571909,0.047525764,0.0033343048,0.0037762262,0.18211612,0.46820667,0.022825958
ZJ016993,0.28395513,0.078156374,0.14842005,0.0014096195,0.008063636,0.048959102,0.39026237,0.040773764
ZJ016994,0.18023103,0.13813888,0.39278218,0.0013424017,0.0031665822,0.048828688,0.18057479,0.054935466
ZJ016995,0.17844625,0.18730472,0.2661348,0.0001028133,0.1343884,0.083120234,0.1391906,0.011312154
ZJ016996,0.22314882,0.16417933,0.15320934,0.007759421,0.01818824,0.02018514,0.2929364,0.12039333
ZJ016997,0.17476712,0.06977414,0.29175943,0.00029939256,0.17587169,0.075256996,0.2089321,0.0033391106
ZJ016998,0.225713,0.21322678,0.22303031,0.0095874015,0.031534445,0.05046014,0.13050863,0.11593927
ZJ016999,0.057942707,0.009574867,0.06458907,0.0066130995,0.022744339,0.793406,0.03590719,0.009222704
ZJ017000,0.09741489,0.44241744,0.22347157,0.0011106865,0.007848665,0.111106284,0.08380214,0.03282833
ZJ017001,0.15838845,0.01284631,0.24293283,0.3493642,0.017087724,0.0032569282,0.020487202,0.19563639
ZJ017002,0.31979442,0.0012961114,0.019591717,0.00970226,0.6109195,0.020850368,0.005505357,0.012340297
ZJ017003,0.1339077,0.015729945,0.116249174,0.07703299,0.501021,0.055058107,0.008714247,0.09228687
ZJ017004,0.17189611,0.1302093,0.15349077,0.0010977854,0.006427819,0.27317896,0.21584049,0.047858715
ZJ017005,0.1364792,0.3493534,0.1481844,0.021921484,0.0067669954,0.031277347,0.13606423,0.16995293
ZJ017006,0.47645876,0.10369575,0.05792299,0.031158,0.048192084,0.022600506,0.16454378,0.09542816
ZJ017007,0.06890617,0.038337998,0.2268722,0.08769012,0.21994902,0.04685847,0.034173883,0.2772121
ZJ017008,0.3028906,0.069102645,0.1692833,0.00056223315,0.004660316,0.016801642,0.40091172,0.0357876
ZJ017009,0.31308535,0.07594244,0.15188178,0.003616848,0.038812973,0.025886448,0.36426818,0.026505943
ZJ017010,0.10918109,0.00110735,0.14591211,0.51336366,0.041252084,0.10658239,0.003057068,0.07954427
ZJ017011,0.33151504,0.08927959,0.15857768,0.0037870398,0.0033263634,0.023025032,0.37385803,0.016631264
ZJ017012,0.19851044,0.052709576,0.30507424,0.00034795972,0.058439307,0.09139501,0.2904792,0.003044297
ZJ017013,0.0770987,0.0018491232,0.07909531,0.66772234,0.010287759,0.008924154,0.0021505314,0.15287212
ZJ017014,0.2990379,0.062635556,0.21397747,0.029761408,0.053596716,0.0069807325,0.17910863,0.1549016
ZJ017015,0.16009665,0.24190657,0.16584295,0.0024526708,0.0027260177,0.029412227,0.36504206,0.032520853
ZJ017016,0.17531255,0.19377281,0.23908006,0.001728704,0.005015613,0.043194078,0.3000472,0.04184897
ZJ017017,0.24708016,0.016481156,0.10981245,0.4167364,0.06272961,0.063537955,0.016654216,0.06696804
ZJ017018,0.16421278,0.08871115,0.33074403,0.0025798117,0.017914139,0.10443057,0.22695237,0.06445515
ZJ017019,0.3226408,0.07291603,0.15976347,0.00862752,0.021116143,0.012524689,0.35933095,0.043080453
ZJ017020,0.6730405,0.0009209006,0.017040279,0.004105759,0.2927857,0.00074836577,0.0066636894,0.004694816
ZJ017021,0.28644413,0.15277974,0.11338009,0.0024489441,0.0025382547,0.019543026,0.38554642,0.03731944
ZJ017022,0.35221523,0.106482446,0.18772055,0.015899321,0.025310807,0.032065406,0.06719328,0.21311297
ZJ017023,0.11459594,0.053753328,0.3939084,0.002667408,0.005431109,0.11728775,0.3005555,0.011800537
ZJ017024,0.15815249,0.0848093,0.49957976,0.00068690296,0.008217332,0.014907418,0.2162349,0.01741192
ZJ017025,0.22724937,0.16787519,0.13322139,0.0010442601,0.008731061,0.003739452,0.4199877,0.03815158
ZJ017026,0.17199239,0.37215304,0.2536798,0.016637439,0.0040715165,0.041551363,0.11506833,0.024846222
ZJ017027,0.185549,0.012183387,0.1842583,0.37779117,0.020016944,0.050026182,0.011502005,0.158673
ZJ017028,0.15113689,0.11548265,0.3841383,0.0024661366,0.0065402575,0.088733405,0.23931114,0.012191185
ZJ017029,0.16369759,0.015623651,0.084769614,0.41928875,0.10697875,0.084518895,0.00635312,0.118769705
ZJ017030,0.40965664,0.044401225,0.24031073,0.002946612,0.03253842,0.01890548,0.1783872,0.07285373
ZJ017031,0.28576773,0.19559939,0.1280253,0.06455581,0.061741844,0.03291136,0.086634345,0.14476416
ZJ017032,0.09406448,0.00049699005,0.103316955,0.61200285,0.0026692073,0.1409938,0.00042194722,0.046033807
ZJ017033,0.26417354,0.21274881,0.18676752,0.009324943,0.030799678,0.042609043,0.17073902,0.082837425
ZJ017034,0.19254935,0.0012939606,0.10760851,0.5276848,0.019524055,0.007504252,0.005497282,0.13833775
ZJ017035,0.27625516,0.11307055,0.18025313,0.006438805,0.008576066,0.109957054,0.25541478,0.050034516
ZJ017036,0.22342588,0.058059473,0.18887047,0.0010647767,0.015871763,0.17468145,0.3082671,0.029759116
ZJ017037,0.0768003,0.032469258,0.67387664,0.00011568425,0.0006023679,0.033646997,0.1807104,0.0017783354
ZJ017038,0.257704,0.22514604,0.20984842,0.008825751,0.0051536364,0.0061825663,0.099999934,0.18713966
ZJ017039,0.29277208,0.04965436,0.07761014,0.0007568623,0.012242617,0.20325257,0.34915096,0.014560423
ZJ017040,0.29546022,0.12724915,0.08383334,0.008844513,0.060285017,0.049424786,0.17098281,0.20392016
ZJ017041,0.25028807,0.11867725,0.21315105,0.0030059738,0.0011876842,0.007364308,0.38935384,0.016971847
ZJ017042,0.112926945,0.0011461257,0.27553597,0.15522885,0.008127553,0.01669033,0.00081151765,0.42953268
ZJ017043,0.04797649,0.050400008,0.76022553,0.0020725448,0.008997951,0.066205755,0.04689502,0.017226735
ZJ017044,0.29229435,0.103894934,0.17825025,0.088959865,0.0071089235,0.01886594,0.10301609,0.20760964
ZJ017045,0.2208181,0.27288005,0.18854207,0.0016762791,0.0025084377,0.05702033,0.19873145,0.057823297
ZJ017046,0.11121967,0.03426035,0.15617862,0.0037685619,0.3907354,0.24899621,0.040209625,0.014631597
ZJ017047,0.011555672,0.0062201354,0.052830484,0.00065551134,0.010483554,0.91108745,0.006627221,0.0005399968
ZJ017048,0.1838914,0.2028379,0.10302472,0.0016159943,0.0036917923,0.02351413,0.4587862,0.022637855
ZJ017049,0.41516978,0.0840181,0.077283815,0.023551285,0.17014274,0.04930801,0.10876722,0.07175903
ZJ017050,0.19798711,0.053277474,0.23469786,0.31129345,0.016887069,0.022129165,0.021809751,0.14191814
ZJ017051,0.3013848,0.015163886,0.15730779,0.29794824,0.0706491,0.07018996,0.021866422,0.06548983
ZJ017052,0.25705093,0.10387503,0.24080333,0.00366843,0.055315048,0.050513245,0.21214734,0.076626696
ZJ017053,0.17013516,0.041795827,0.30873317,0.14030015,0.013115026,0.019060772,0.055784475,0.25107548
ZJ017054,0.1994907,0.06362406,0.20638378,0.12458359,0.08387282,0.017141966,0.035209168,0.26969394
ZJ017055,0.025494765,0.0146968365,0.06018581,0.004564995,0.002659569,0.8432206,0.010725595,0.038451876
ZJ017056,0.14303048,0.37786132,0.17652257,0.013998781,0.0035636874,0.17853348,0.084541395,0.021948295
ZJ017057,0.32418492,0.08331883,0.038988926,0.0435808,0.29708424,0.022919236,0.13438547,0.055537604
ZJ017058,0.14195833,0.0867841,0.33239508,0.0024512692,0.120210595,0.0737659,0.18591727,0.05651745
ZJ017059,0.11986494,0.011761232,0.23190543,0.07622254,0.17894387,0.08952876,0.012483834,0.27928936
ZJ017060,0.20110917,0.0873424,0.27675804,0.0036337257,0.12849273,0.016202485,0.25315282,0.033308625
ZJ017061,0.28311116,0.009097149,0.112671085,0.24465747,0.16318282,0.06332484,0.0077917906,0.11616375
ZJ017062,0.008725769,0.0045147277,0.035926245,0.00030499444,0.0027167331,0.93956935,0.005733872,0.0025083995
ZJ017063,0.3051686,0.05688114,0.25858065,0.0059980927,0.018513769,0.024122152,0.27581537,0.054920245
ZJ017064,0.2804009,0.018053466,0.11027746,0.24411067,0.16385524,0.10418942,0.033449527,0.045663267
ZJ017065,0.049932618,0.0012284336,0.08751574,0.6553146,0.0038790153,0.018424517,0.00023451213,0.18347058
ZJ017066,0.10665017,0.0041288156,0.2886688,0.24196996,0.007977698,0.021072898,0.0011379546,0.32839367
ZJ017067,0.10453687,0.0008168609,0.25468248,0.23831044,0.035196,0.012084137,0.0007539999,0.3536192
ZJ017068,0.16201362,0.07185741,0.36546025,0.0046010436,0.01023133,0.028171841,0.2911544,0.06651004
ZJ017069,0.13621359,0.00072354905,0.16257858,0.5594549,0.0047011925,0.089465216,0.00086589623,0.045997042
ZJ017070,0.20683242,0.16023405,0.13559543,0.0033278079,0.035840783,0.15118037,0.15137346,0.1556157
ZJ017071,0.38186437,0.124761626,0.1669366,0.0010434305,0.004782184,0.029205346,0.27761844,0.013787953
ZJ017072,0.3051817,0.13248919,0.24470176,0.0044808667,0.008431653,0.045414306,0.23853408,0.02076639
ZJ017073,0.28046674,0.28772795,0.07835497,0.0022034866,0.003621723,0.030348653,0.29729164,0.019984826
ZJ017074,0.07341491,0.41059393,0.3380562,0.0011574713,0.004436426,0.049765583,0.07414239,0.04843307
ZJ017075,0.23135725,0.037350822,0.21574107,0.0010852157,0.068208605,0.11990134,0.2820582,0.044297498
ZJ017076,0.19187468,0.07358269,0.15542912,0.0010755277,0.034183636,0.09601297,0.41934478,0.028496593
ZJ017077,0.0749058,0.06246804,0.23066024,0.005134253,0.004517505,0.36237732,0.20217933,0.057757504
ZJ017078,0.06683007,0.013085584,0.089969486,0.008600827,0.022072421,0.7294158,0.052061446,0.017964413
ZJ017079,0.10278979,0.12378183,0.17875971,0.15518574,0.06982444,0.017586512,0.032456346,0.31961566
ZJ017080,0.10049192,0.032380372,0.097952224,0.0033632012,0.005771543,0.69191015,0.047614906,0.020515699
ZJ017081,0.15526712,0.027830036,0.14692537,0.007040979,0.044189416,0.5506089,0.03198067,0.036157507
ZJ017082,0.1883903,0.086070314,0.27709386,0.00021909045,0.0036439346,0.039273184,0.38741648,0.017892864
ZJ017083,0.37973282,0.07522698,0.19461735,0.015805265,0.021041855,0.079254575,0.1323354,0.10198579
ZJ017084,0.20335345,0.3464393,0.05727698,0.011234713,0.038372718,0.04532457,0.2459708,0.052027468
ZJ017085,0.22610834,0.33105317,0.1264699,0.0057478873,0.007496277,0.013236347,0.24025102,0.049637105
ZJ017086,0.17701745,0.2809002,0.23684615,0.016474191,0.004685673,0.12443192,0.14374365,0.015900807
ZJ017087,0.32165357,0.099473536,0.080608815,0.017973784,0.015929837,0.040826347,0.38914934,0.034384746
ZJ017088,0.05027699,0.053976715,0.03856341,0.00042866045,0.0063342694,0.7799339,0.06556295,0.004923124
ZJ017089,0.3985142,0.05003244,0.30752578,0.0027328532,0.01003807,0.010348645,0.15595455,0.064853445
ZJ017090,0.14938834,0.016268486,0.054315478,0.024657562,0.501663,0.17595112,0.0340503,0.043705724
ZJ017091,0.29719338,0.17727977,0.1787011,0.028400652,0.022088032,0.0638785,0.12530056,0.10715798
ZJ017092,0.06466586,0.0056875367,0.5186545,0.20970064,0.074617654,0.01486049,0.0038038583,0.10800944
ZJ017093,0.0939742,0.0020297517,0.17119376,0.5854648,0.0024955024,0.0049943426,0.0046019955,0.13524573
ZJ017094,0.1446433,0.007685146,0.18789941,0.5087085,0.023877852,0.09829473,0.0034038515,0.025487263
ZJ017095,0.2383126,0.10208695,0.340807,0.0004684624,0.005331175,0.03996541,0.24700569,0.02602272
ZJ017096,0.2931623,0.012831513,0.09697866,0.31516778,0.051236544,0.153603,0.014586054,0.062434163
ZJ017097,0.15471281,0.01675325,0.14535493,0.41255653,0.13851032,0.061410606,0.01255951,0.05814203
ZJ017098,0.07560055,0.0028153828,0.13827382,0.35059202,0.0019044144,0.036307544,0.0024333135,0.392073
ZJ017099,0.26128197,0.109401226,0.3545486,0.0002321591,0.0052875984,0.015685746,0.24725199,0.0063107056
ZJ017100,0.0367085,0.03479033,0.055692893,0.0153763555,0.0057349605,0.8101707,0.019934697,0.02159161
ZJ017101,0.2938361,0.108437404,0.21960881,0.0005415592,0.0009948945,0.082752466,0.28572685,0.008101937
ZJ017102,0.069288276,0.0020631568,0.064628206,0.6585774,0.0027110325,0.0017731849,0.0035014092,0.19745737
ZJ017103,0.10915275,0.13546173,0.3753013,0.00030607398,0.0014418601,0.038567107,0.2988677,0.040901553
ZJ017104,0.09363938,0.0021406813,0.25889042,0.35371175,0.055439968,0.11344924,0.004470006,0.11825856
ZJ017105,0.32497966,0.056487773,0.15413244,0.002880567,0.008611115,0.0142690865,0.41050595,0.028133454
ZJ017106,0.23400344,0.06380214,0.3379653,0.0005570566,0.012459594,0.15245676,0.19053046,0.008225272
ZJ017107,0.6244282,0.0013145618,0.016557539,0.0072324187,0.31746027,0.0039546066,0.019425727,0.009626645
ZJ017108,0.04194402,0.072464384,0.06817959,0.06725815,0.009290918,0.66585183,0.037529532,0.03748157
ZJ017109,0.04472567,0.048129667,0.76859593,0.0013238569,0.0030843895,0.08444393,0.042581607,0.007114872
ZJ017110,0.22025011,0.12964752,0.26654246,0.002321356,0.042865213,0.04579556,0.2424764,0.05010135
ZJ017111,0.20365655,0.3437437,0.2052101,0.00050449686,0.0036767828,0.012375181,0.20579101,0.025042199
ZJ017112,0.28186056,0.2234464,0.08479466,0.0008668059,0.01641762,0.015173451,0.34732494,0.030115644
ZJ017113,0.16567776,0.103637055,0.07716807,0.0010182825,0.45104578,0.057575278,0.13318783,0.0106899105
ZJ017114,0.21177809,0.09642462,0.14725804,0.0010494853,0.33162457,0.04033903,0.15245236,0.019073805
ZJ017115,0.10328661,0.11135006,0.13622503,0.04568633,0.037859924,0.4991548,0.036637675,0.029799493
ZJ017116,0.17649512,0.2752817,0.21051942,0.0016960984,0.0025796469,0.038975894,0.24227025,0.052181907
ZJ017117,0.2793721,0.0133300265,0.09138453,0.3719974,0.05682517,0.12611431,0.012394064,0.048582416
ZJ017118,0.21137412,0.062604345,0.21606605,0.0027840545,0.003193352,0.098928615,0.38742906,0.017620405
ZJ017119,0.08548095,0.003513661,0.22768523,0.44570547,0.021876644,0.08025599,0.012933819,0.122548185
ZJ017120,0.09365685,0.12938799,0.21672174,0.07565534,0.06317355,0.01447815,0.050164424,0.35676193
ZJ017121,0.3450253,0.0142151555,0.1437657,0.17310336,0.1501747,0.08080444,0.016033856,0.07687743
ZJ017122,0.23018982,0.006634299,0.38543192,0.1089201,0.009665778,0.014352268,0.024212463,0.22059333
ZJ017123,0.08298408,0.14011963,0.2709093,0.006784924,0.0053279065,0.22958206,0.17229384,0.09199823
ZJ017124,0.30185267,0.20009354,0.18313132,0.021087788,0.06591156,0.0534286,0.02680651,0.14768802
ZJ017125,0.0662895,0.0042385845,0.27318403,0.41447878,0.105788164,0.055435423,0.0009915747,0.079593964
ZJ017126,0.13021927,0.047707897,0.23917018,0.060404733,0.18568836,0.06070294,0.007596843,0.26850978
ZJ017127,0.22080508,0.05326563,0.114677034,0.0040647453,0.030390278,0.3588072,0.18948597,0.028504105
ZJ017128,0.17240012,0.07187144,0.19764447,0.0004829828,0.10189528,0.01682458,0.42945594,0.009425191
ZJ017129,0.034063235,0.020034522,0.047330376,0.018477978,0.0032039855,0.77704746,0.07688675,0.022955699
ZJ017130,0.16012108,0.174783,0.20867616,0.04492949,0.055965167,0.22880019,0.08133753,0.045387357
ZJ017131,0.17815082,0.16864409,0.15491928,0.004827668,0.015089422,0.025153792,0.29492208,0.1582929
ZJ017132,0.22719803,0.19132374,0.28056416,0.0003901576,0.003397665,0.009295643,0.26939356,0.01843694
ZJ017133,0.32243937,0.099608935,0.15256323,0.0084541235,0.07285313,0.008389207,0.2825505,0.053141534
ZJ017134,0.015122738,0.007686541,0.045241524,0.00088152103,0.023340125,0.8803141,0.012511309,0.014902123
ZJ017135,0.06351162,0.0006982998,0.11944159,0.51887995,0.034211528,0.041637085,0.0016404522,0.21997948
ZJ017136,0.09530923,0.107053176,0.03604869,0.0024878897,0.025541278,0.26155314,0.4341014,0.037905235
ZJ017137,0.0024822908,0.0027038702,0.020288983,0.0009123376,0.0004938162,0.97017384,0.0009307493,0.002014158
ZJ017138,0.3428763,0.11482877,0.18704401,0.015285522,0.023701979,0.03441952,0.09287442,0.18896948
ZJ017139,0.29930037,0.13079187,0.1794037,0.009068991,0.042998128,0.051642872,0.24312049,0.04367358
ZJ017140,0.07716724,0.15512297,0.37941173,0.0018462643,0.00062776066,0.20820373,0.15493591,0.022684453
ZJ017141,0.20046203,0.08662968,0.30597746,0.00023960335,0.07365695,0.014197019,0.3102033,0.008633881
ZJ017142,0.11541448,0.004964461,0.10381103,0.5067893,0.006209358,0.0066039804,0.007818563,0.24838881
ZJ017143,0.14998426,0.014760849,0.17558947,0.08151339,0.31474522,0.010708443,0.0019184503,0.2507799
ZJ017144,0.16823679,0.1274383,0.3097414,0.0014557353,0.046276297,0.08761147,0.20112729,0.058112755
ZJ017145,0.3350635,0.15184098,0.20795096,0.013566349,0.020257456,0.03311615,0.116586864,0.12161775
ZJ017146,0.3864771,0.12711695,0.1599022,0.025488723,0.035873156,0.08627851,0.13910243,0.039760895
ZJ017147,0.29204512,0.119855285,0.18466933,0.0019277445,0.021351863,0.03227021,0.32267034,0.025210116
ZJ017148,0.33103663,0.105998665,0.1982914,0.0011822708,0.020130625,0.027425503,0.27828336,0.03765154
ZJ017149,0.16030906,0.22625181,0.26719478,0.0018290933,0.02318214,0.0119695915,0.27480313,0.034460414
ZJ017150,0.22240344,0.019053234,0.13877963,0.3003126,0.10774746,0.14200392,0.018524736,0.051174916
ZJ017151,0.25466886,0.07391786,0.2813274,0.00204002,0.20104113,0.005512994,0.15257663,0.028915089
ZJ017152,0.102477096,0.037899323,0.52965456,0.007385,0.0022428872,0.073668085,0.23366416,0.013008921
ZJ017153,0.052895553,0.0060754106,0.12730089,0.59910005,0.13457792,0.029936764,0.008345643,0.041767742
ZJ017154,0.26454666,0.052768055,0.3219424,0.00042105114,0.0014336013,0.06981556,0.26794675,0.021125868
ZJ017155,0.096611254,0.09314525,0.22956192,0.0010615836,0.1039315,0.0666505,0.33808246,0.07095554
ZJ017156,0.19536601,0.04152231,0.09793516,0.0026656284,0.0064035375,0.0110768955,0.61323535,0.0317951
ZJ017157,0.57603425,0.031203868,0.116055995,0.034725767,0.04348823,0.014012915,0.12916325,0.055315662
ZJ017158,0.17371762,0.24952947,0.16388251,0.0014383468,0.0046178447,0.098254435,0.27547574,0.03308407
ZJ017159,0.18573636,0.3652635,0.1659898,0.005000109,0.0060861795,0.027836725,0.1779554,0.066131964
ZJ017160,0.28486335,0.14634906,0.15056598,0.0021800033,0.012842721,0.016739883,0.36247477,0.023984244
ZJ017161,0.16238166,0.14711194,0.2792579,0.0014899814,0.004078223,0.057319704,0.3211593,0.027201222
ZJ017162,0.09739213,0.0027006448,0.20919815,0.42089856,0.0070180367,0.2234163,0.0052725733,0.0341036
ZJ017163,0.13270354,0.0033736443,0.059129853,0.6565865,0.0053905984,0.0025507011,0.010218039,0.13004711
ZJ017164,0.267787,0.0105889365,0.09917983,0.4708098,0.05412648,0.02561712,0.011189095,0.060701795
ZJ017165,0.38081774,0.07707793,0.10732018,0.002979051,0.037663262,0.05231087,0.27023914,0.07159179
ZJ017166,0.29242855,0.08273479,0.2899596,0.0024313682,0.0025906477,0.0070324983,0.29913184,0.02369066
ZJ017167,0.29376027,0.012369316,0.15313882,0.34936744,0.0881382,0.030188734,0.017826604,0.05521064
ZJ017168,0.21803479,0.0045725303,0.07974618,0.36025506,0.23353958,0.022317989,0.0070699216,0.07446389
ZJ017169,0.097924754,0.21230428,0.2122011,0.0022330391,0.013830649,0.17278133,0.20454244,0.08418234
ZJ017170,0.45153505,0.07057248,0.06628738,0.040511493,0.13083315,0.038786706,0.16796403,0.03350972
ZJ017171,0.09891766,0.33749768,0.3147406,0.00040938045,0.07635375,0.07305719,0.070308395,0.028715346
ZJ017172,0.20985116,0.07596012,0.29520482,0.050661147,0.008044,0.0058961352,0.02908454,0.32529813
ZJ017173,0.08807777,0.0004131453,0.09379893,0.72151953,0.0041075135,0.04877384,0.00015366526,0.043155607
ZJ017174,0.14885014,0.03100064,0.058340974,0.044560455,0.55729026,0.05279548,0.019319046,0.08784296
ZJ017175,0.08949483,0.0105866315,0.08455419,0.59686285,0.010661012,0.16575287,0.0080238525,0.034063786
ZJ017176,0.24918313,0.07944812,0.2682902,0.12524416,0.031606458,0.070041634,0.016728144,0.15945813
ZJ017177,0.016917437,0.018044505,0.114977874,0.0015852462,0.016384069,0.7716928,0.0272356,0.033162437
ZJ017178,0.18537341,0.040189933,0.27646133,0.0029639935,0.0027376888,0.045390196,0.40550518,0.04137832
ZJ017179,0.18494588,0.07049806,0.17379005,0.0006179284,0.0030338794,0.102109484,0.42375854,0.041246157
ZJ017180,0.14599256,0.37309045,0.17230676,0.008457858,0.0019383539,0.21012862,0.07587987,0.0122055225
ZJ017181,0.2290549,0.11588451,0.25459978,0.0022028792,0.028950645,0.02823382,0.21778461,0.12328886
ZJ017182,0.12787932,0.07170033,0.40275508,0.0012362105,0.01331146,0.1339599,0.13162418,0.117533535
ZJ017183,0.099595055,0.2784631,0.12587778,0.00094344665,0.010918094,0.04803319,0.37542543,0.06074396
ZJ017184,0.30008978,0.14357938,0.2334354,0.043883033,0.02888689,0.05782656,0.09045399,0.10184497
ZJ017185,0.10059355,0.08037755,0.11084387,0.0044512404,0.5605871,0.062145784,0.07160616,0.009394702
ZJ017186,0.12067371,0.0038037985,0.06357754,0.64232004,0.010765799,0.0038455548,0.004573561,0.15044
ZJ017187,0.17254603,0.0942482,0.28301877,0.0039167986,0.006685898,0.0458547,0.37371776,0.020011935
ZJ017188,0.14152554,0.12494493,0.19961546,0.00548979,0.027762992,0.3209219,0.10754635,0.072193034
ZJ017189,0.35138795,0.09969497,0.2138116,0.0025034253,0.020821191,0.031273972,0.23198783,0.04851907
ZJ017190,0.20595947,0.07061934,0.09162084,0.0008374938,0.019498594,0.06197437,0.51489604,0.034593906
ZJ017191,0.4861818,0.039389253,0.048731796,0.00208938,0.07183897,0.019974735,0.32366735,0.0081266705
ZJ017192,0.2386519,0.2003885,0.09389829,0.0061438773,0.01005712,0.087245494,0.24837007,0.115244746
ZJ017193,0.13326406,0.07845665,0.14450149,0.21027873,0.0655696,0.024621183,0.030387357,0.3129209
ZJ017194,0.012517966,0.024222096,0.07626082,0.0003139233,0.005968133,0.8435374,0.017315527,0.019864144
ZJ017195,0.24531917,0.014518074,0.14373592,0.3162326,0.11814226,0.09199624,0.011717897,0.058337875
ZJ017196,0.059260175,0.0049607935,0.17663595,0.29262882,0.004527566,0.003992662,0.00784113,0.45015284
ZJ017197,0.13857535,0.06232944,0.4396716,0.00068377424,0.033951066,0.03210655,0.27851406,0.014168204
ZJ017198,0.26070836,0.11376452,0.15704755,0.00035375354,0.0031062062,0.03780821,0.4146454,0.012565994
ZJ017199,0.10392835,0.009118762,0.22822198,0.27058908,0.12987678,0.09564608,0.0023929414,0.16022603
ZJ017200,0.13578434,0.020535152,0.132253,0.2197187,0.08236939,0.0052642785,0.0068131783,0.39726198
ZJ017201,0.1405631,0.0012392522,0.095699795,0.66511166,0.061286304,0.010226423,0.012046237,0.0138272
ZJ017202,0.40553457,0.06042263,0.06505571,0.038884412,0.11907728,0.027283559,0.1929868,0.09075505
ZJ017203,0.23321265,0.24425173,0.13558874,0.0014401651,0.008588497,0.13436149,0.20609306,0.03646372
ZJ017204,0.11265343,0.07247827,0.44635653,0.0010647331,0.0073097725,0.19860186,0.15078895,0.010746422
ZJ017205,0.21876808,0.13168536,0.2088572,0.0013444179,0.0015701939,0.041680973,0.37739995,0.018693859
ZJ017206,0.29738146,0.067969255,0.18441278,0.0025883375,0.035192072,0.017405586,0.34715068,0.04789982
ZJ017207,0.12810914,0.20171624,0.26441285,0.018893803,0.01800589,0.057105653,0.09652162,0.21523482
ZJ017208,0.17448036,0.05103418,0.12907034,0.26075953,0.09972715,0.006101023,0.015796756,0.26303062
ZJ017209,0.004401242,0.0035620788,0.033610918,0.00065455056,0.002522303,0.94833815,0.004906274,0.002004475
ZJ017210,0.24554923,0.17570281,0.22734782,0.00057685265,0.0052956627,0.08280784,0.25098008,0.011739679
ZJ017211,0.096933335,0.005934028,0.1541748,0.60755396,0.028799135,0.03764742,0.0016159292,0.06734136
ZJ017212,0.1337467,0.26948434,0.22476318,0.002426823,0.00115958,0.20589785,0.15044266,0.012078886
ZJ017213,0.14405559,0.012642023,0.2634578,0.22875471,0.013408056,0.0063758823,0.0050314693,0.32627445
ZJ017214,0.082730845,0.009961945,0.11849949,0.57906425,0.0025112291,0.17121203,0.0059154793,0.03010468
ZJ017215,0.29881486,0.21170144,0.1074788,0.0035860366,0.010090914,0.11396267,0.20442447,0.04994079
ZJ017216,0.12778679,0.36614373,0.13768278,0.0064333724,0.023808656,0.054142646,0.21141565,0.072586395
ZJ017217,0.28521279,0.025429413,0.05257176,0.13410741,0.38450617,0.0030034091,0.02066389,0.09450523
ZJ017218,0.16213843,0.21321426,0.18281096,0.01248882,0.019313466,0.039909136,0.23678575,0.13333921
ZJ017219,0.2667972,0.2462371,0.12853917,0.00032958665,0.010406546,0.015971487,0.31880006,0.0129188625
ZJ017220,0.076189645,0.4876756,0.19049565,0.0009909448,0.0038115631,0.077615716,0.123421915,0.039798975
ZJ017221,0.26332298,0.090664625,0.1035182,0.006331223,0.013205947,0.012588737,0.35523796,0.15513039
ZJ017222,0.08405153,0.01024456,0.07837523,0.57789004,0.0017160338,0.20523024,0.01458084,0.027911536
ZJ017223,0.23547664,0.0625684,0.2974092,0.0020776645,0.010194361,0.058277808,0.283401,0.050594922
ZJ017224,0.15814415,0.076696336,0.39541897,0.00081825536,0.056399755,0.030436441,0.26638126,0.015704857
ZJ017225,0.26051372,0.010555857,0.13286392,0.2667607,0.18944886,0.09660914,0.0068877875,0.036360063
ZJ017226,0.28460488,0.17150743,0.073204346,0.067309715,0.11581393,0.030181967,0.13554782,0.1218299
ZJ017227,0.008272307,0.005629343,0.03211542,0.0008928064,0.00055611203,0.94584864,0.004486996,0.002198442
ZJ017228,0.24395727,0.33323842,0.052822124,0.0006994408,0.018344635,0.0147364065,0.3108448,0.025356825
ZJ017229,0.1584912,0.0011321029,0.10518255,0.5773815,0.047592893,0.019397102,0.002014271,0.08880842
ZJ017230,0.008157426,0.0025554309,0.027004607,0.00048157727,0.0010155762,0.9579886,0.0012067931,0.0015900182
ZJ017231,0.0368533,0.09060961,0.5506353,0.008810563,0.0008925896,0.16738822,0.115428686,0.029381784
ZJ017232,0.13303173,0.015690427,0.04141782,0.0031842415,0.53819525,0.22576767,0.030644793,0.012068027
ZJ017233,0.0042544072,0.0016185257,0.013529116,0.0013924735,0.00032995403,0.97436816,0.0022208702,0.0022864551
ZJ017234,0.15884817,0.006921137,0.1331161,0.4246685,0.15309899,0.07798414,0.004293158,0.04106986
ZJ017235,0.33973876,0.1056415,0.08514559,0.01956837,0.15300383,0.025076566,0.22771367,0.044111677
ZJ017236,0.13453196,0.0038103021,0.18346934,0.3362867,0.02199721,0.042471763,0.0045456034,0.2728871
ZJ017237,0.058401026,0.07621919,0.5992984,0.0037627332,0.026518086,0.10633821,0.08882538,0.04063698
ZJ017238,0.09565371,0.001416546,0.155852,0.57936686,0.0065344116,0.13117634,0.0028947927,0.027105385
ZJ017239,0.14474632,0.29163057,0.26349807,0.005476948,0.0026533168,0.05016458,0.22338961,0.018440554
ZJ017240,0.4142624,0.07221755,0.07819404,0.04082038,0.18592149,0.0210189,0.14762844,0.039936762
ZJ017241,0.3243433,0.08466148,0.1360614,0.00051055115,0.0007992498,0.03788428,0.40649435,0.009245413
ZJ017242,0.2126585,0.072164334,0.26602614,0.0016252846,0.0019657554,0.11457457,0.30996123,0.021024236
ZJ017243,0.21448421,0.11458305,0.1233382,0.0014378957,0.010571577,0.09730134,0.39658776,0.041695986
ZJ017244,0.12056077,0.11946038,0.36403996,0.0064987503,0.0031320683,0.028676981,0.3171357,0.040495392
ZJ017245,0.19983537,0.040310856,0.29157108,0.12542656,0.009965937,0.030731458,0.014410192,0.28774855
ZJ017246,0.11975946,0.108402714,0.3483622,0.001617405,0.00588249,0.12195062,0.2796006,0.014424483
ZJ017247,0.2233255,0.1596561,0.09638592,0.004460223,0.023613747,0.021632483,0.43587673,0.035049252
ZJ017248,0.0741766,0.0020694835,0.21100006,0.53740966,0.0029793861,0.0038040024,0.003408522,0.16515225
ZJ017249,0.06320172,0.0011207273,0.07819865,0.22896263,0.5675852,0.010263872,0.000571281,0.050095927
ZJ017250,0.25709447,0.12939864,0.1720261,0.118210085,0.014265792,0.015140713,0.060089845,0.23377433
ZJ017251,0.19413395,0.14278501,0.20510131,0.0006877797,0.008395986,0.061786342,0.37541655,0.011693095
ZJ017252,0.40042767,0.10079462,0.076597884,0.0132070035,0.1293395,0.015332502,0.22386992,0.040430937
ZJ017253,0.16468044,0.14864431,0.32921222,0.0003188872,0.00066990085,0.13050456,0.21119383,0.014775855
ZJ017254,0.11498789,0.004725695,0.07526305,0.046450768,0.5333452,0.04021841,0.003906139,0.18110284
ZJ017255,0.079343066,0.047420103,0.1283194,0.004982321,0.5650623,0.11724334,0.043489568,0.014139945
ZJ017256,0.19427238,0.14148201,0.19630484,0.003701357,0.0039641894,0.25884432,0.17396876,0.027462106
ZJ017257,0.013499784,0.01865243,0.06366628,0.00080795406,0.042692613,0.82518154,0.026792694,0.008706627
ZJ017258,0.21677636,0.1859021,0.16805689,0.0004416985,0.003205485,0.013300769,0.3974577,0.014858988
ZJ017259,0.053939406,0.008242684,0.28495592,0.49933532,0.02601741,0.047844455,0.0033832842,0.07628151
ZJ017260,0.3541605,0.13913174,0.23786572,0.0030424758,0.02869294,0.052342873,0.14779308,0.036970656
ZJ017261,0.3139801,0.085998,0.08453685,0.005193192,0.03764405,0.032536738,0.39087793,0.049233142
ZJ017262,0.40163258,0.11645303,0.15529364,0.0050120433,0.040018495,0.038123626,0.15862411,0.084842436
ZJ017263,0.09643669,0.11076823,0.22114344,0.002312364,0.018847855,0.15861464,0.35879827,0.033078525
ZJ017264,0.28584135,0.12930514,0.17035252,0.0017386794,0.01624468,0.0337946,0.34056282,0.022160236
ZJ017265,0.12903026,0.28616175,0.23480037,0.020228613,0.0076488294,0.0352879,0.17329638,0.113546014
ZJ017266,0.113823384,0.008986181,0.12688106,0.13993403,0.38371748,0.02261681,0.0034912762,0.20054983
ZJ017267,0.008540834,0.006028579,0.018132022,0.0021050635,0.006398229,0.951848,0.004422322,0.002524967
ZJ017268,0.23212649,0.017779691,0.14711195,0.2718577,0.13917156,0.11912913,0.01988184,0.052941702
ZJ017269,0.16217542,0.021819465,0.1546207,0.10451002,0.22163844,0.029560735,0.0024445266,0.3032307
ZJ017270,0.38921726,0.10282484,0.169348,0.11331221,0.044511233,0.008028781,0.046938073,0.12581961
ZJ017271,0.25926378,0.25465038,0.19857979,0.008757628,0.005142101,0.010507234,0.10859882,0.15450023
ZJ017272,0.2794958,0.0070966785,0.060441267,0.14247358,0.42211434,0.028101847,0.005099322,0.055177134
ZJ017273,0.15654343,0.25036287,0.13907592,0.0010744354,0.0042143324,0.3607171,0.068743154,0.019268736
ZJ017274,0.2101302,0.35619313,0.13326389,0.002525293,0.007265844,0.012424228,0.23888338,0.03931405
ZJ017275,0.36106184,0.04663236,0.0957095,0.0016204434,0.038337477,0.094995245,0.32345724,0.038185928
ZJ017276,0.07278342,0.10154924,0.09460074,0.013870261,0.0098491935,0.6004679,0.028022261,0.078856915
ZJ017277,0.06253541,0.0073195253,0.06139594,0.58800083,0.13545398,0.038334362,0.0017096418,0.105250284
ZJ017278,0.12087981,0.007939579,0.12512319,0.5554647,0.009985359,0.02212349,0.00914589,0.14933804
ZJ017279,0.29708502,0.24758542,0.21055828,0.0016198,0.009784142,0.03140183,0.1533903,0.048575193
ZJ017280,0.118168704,0.0018126819,0.56929183,0.12026997,0.030780114,0.025779532,0.002491718,0.13140549
ZJ017281,0.1803281,0.066298835,0.123456985,0.0028545985,0.024878833,0.031802535,0.5388963,0.031483773
ZJ017282,0.41159144,0.052903555,0.25321838,0.0047019534,0.02002867,0.016050382,0.19553939,0.04596621
ZJ017283,0.16688262,0.061148312,0.29181767,0.00047180365,0.003562112,0.22133254,0.2498744,0.004910545
ZJ017284,0.08401568,0.0031139099,0.18413419,0.4980312,0.1492195,0.024964636,0.00051480497,0.056006026
ZJ017285,0.16431026,0.17128877,0.17251728,0.005097867,0.015273514,0.062420182,0.28185877,0.12723333
ZJ017286,0.27455014,0.086771734,0.26832384,0.0039679552,0.02596662,0.025442291,0.27534366,0.039633702
ZJ017287,0.26620895,0.0535811,0.10141976,0.00020862,0.0043553235,0.021302287,0.5444982,0.008425709
ZJ017288,0.76592803,0.024144435,0.051423404,0.0010880897,0.029674938,0.002739034,0.06399006,0.06101209
ZJ017289,0.33293942,0.18094584,0.23454851,0.017753107,0.027279373,0.011729816,0.065108135,0.1296958
ZJ017290,0.33475253,0.0055565215,0.07427042,0.29128703,0.21478316,0.041387912,0.0046426984,0.033319727
ZJ017291,0.14367895,0.20547178,0.28914556,0.0024733862,0.025605919,0.0783857,0.13946834,0.11577041
ZJ017292,0.0797677,0.00067375565,0.5758334,0.10645741,0.007987584,0.0709296,0.0010960919,0.15725444
ZJ017293,0.4367476,0.071485326,0.087893434,0.037429567,0.1423426,0.026504561,0.1442848,0.05331213
ZJ017294,0.18998225,0.23714171,0.31345525,0.00043298627,0.0034687945,0.028537795,0.21277182,0.014209421
ZJ017295,0.40065873,0.090339296,0.1516717,0.0055703656,0.0045169475,0.014996061,0.22637436,0.10587256
ZJ017296,0.105141275,0.007910477,0.10768469,0.47329557,0.05220108,0.1841814,0.015154088,0.05443142
ZJ017297,0.11466422,0.18741345,0.3604681,0.0004129928,0.0007309047,0.18272552,0.14384642,0.009738415
ZJ017298,0.16616,0.23637176,0.12242913,0.0004570673,0.041072767,0.012087479,0.38225362,0.039168164
ZJ017299,0.21584605,0.20872451,0.27503136,0.0006684729,0.0007501077,0.07947078,0.20750903,0.011999728
ZJ017300,0.2401827,0.23583493,0.2596549,0.008345112,0.004575123,0.0049425093,0.07294708,0.17351767
ZJ017301,0.26711896,0.054245926,0.3217154,0.002064908,0.050498225,0.035328753,0.21295677,0.05607104
ZJ017302,0.2053255,0.15100932,0.15966973,0.0032497514,0.017633174,0.07269703,0.180333,0.21008255
ZJ017303,0.25978586,0.06796835,0.33747354,0.0004553716,0.007244276,0.0771556,0.24004579,0.009871176
ZJ017304,0.05538202,0.06507932,0.09083669,0.04259813,0.015151389,0.6763262,0.020750785,0.033875454
ZJ017305,0.252924,0.21011081,0.20176955,0.00139039,0.016188415,0.045848045,0.2063094,0.06545943
ZJ017306,0.22118402,0.10080788,0.1426361,0.13165008,0.09554007,0.007148354,0.028321609,0.2727119
ZJ017307,0.2054839,0.11867663,0.24794452,0.00043048544,0.051017255,0.02537649,0.3429392,0.008131491
ZJ017308,0.059288345,0.003764948,0.15193965,0.2958631,0.22430174,0.041738328,0.00368716,0.21941671
ZJ017309,0.2143128,0.12428852,0.14185862,0.0024176158,0.051668324,0.14698507,0.17765848,0.14081056
ZJ017310,0.04637848,0.055109337,0.71250147,0.0028444852,0.019164955,0.08808935,0.044709705,0.031202242
ZJ017311,0.1042294,0.00038080147,0.31490672,0.16929875,0.012404793,0.0052772947,8.963283e-05,0.39341262
ZJ017312,0.171016,0.12298793,0.19869941,0.07384444,0.054551776,0.016727474,0.036713455,0.32545945
ZJ017313,0.24855442,0.09150972,0.21475695,0.0010792346,0.0057647717,0.013495324,0.4097796,0.015059958
ZJ017314,0.16186552,0.083283156,0.4085422,0.0009895761,0.0021201554,0.101086915,0.23208082,0.0100317
ZJ017315,0.376354,0.07086753,0.08207505,0.0023495886,0.22589135,0.063035026,0.16013269,0.019294733
ZJ017316,0.43520567,0.071545705,0.078927785,0.025167126,0.12362078,0.025612941,0.18742478,0.05249519
ZJ017317,0.10222077,0.18831252,0.14211875,0.08970528,0.03538902,0.018085204,0.04700979,0.37715858
ZJ017318,0.15203276,0.11960474,0.304493,0.0010140312,0.0035299144,0.124157324,0.27828008,0.01688818
ZJ017319,0.084049426,0.049267814,0.07673304,0.0010987798,0.010321127,0.7099419,0.063166626,0.005421284
ZJ017320,0.16404487,0.105543934,0.28033286,0.017559985,0.028564472,0.013113073,0.16365978,0.22718102
ZJ017321,0.05358878,0.04262726,0.075215295,0.0018157207,0.2053559,0.48671868,0.11548399,0.01919442
ZJ017322,0.2050665,0.052836325,0.24723794,0.00041052376,0.004882149,0.07212961,0.405165,0.012271991
ZJ017323,0.02104544,0.09171635,0.08172288,0.0002770145,0.024511063,0.75843215,0.0117844995,0.010510525
ZJ017324,0.010082015,0.018862579,0.09787695,0.00026308413,0.012633627,0.8244818,0.026452588,0.009347362
ZJ017325,0.033845425,0.0024567305,0.09911145,0.13871437,0.6603636,0.016728325,0.0006818942,0.04809826
ZJ017326,0.18286611,0.030851634,0.031159233,0.0002267547,0.3060839,0.038301073,0.40655348,0.0039578355
ZJ017327,0.15992846,0.043106835,0.19200179,0.00024220566,0.0012811007,0.5092728,0.09202929,0.002137525
ZJ017328,0.16001159,0.052580204,0.44972777,0.00095114374,0.0062503144,0.15461782,0.16473,0.011131249
ZJ017329,0.10989209,0.00161841,0.22572905,0.4627844,0.008180995,0.14083283,0.0005867704,0.050375413
ZJ017330,0.13706727,0.0014491162,0.20094751,0.42657855,0.015984684,0.030051736,0.0065465355,0.18137453
ZJ017331,0.015917497,0.008494317,0.039748754,0.0002618528,0.0032671865,0.9222969,0.008756932,0.0012565826
ZJ017332,0.18654373,0.2913612,0.0742619,0.0023116467,0.10635803,0.020012004,0.16527368,0.15387781
ZJ017333,0.33908388,0.037550934,0.20991656,0.0028140647,0.013424074,0.027328307,0.33834758,0.031534605
ZJ017334,0.02880038,0.017402058,0.046045717,0.055764485,0.03240756,0.7986183,0.01136654,0.009594915
ZJ017335,0.21815304,0.057182007,0.14315668,0.019121876,0.29998672,0.049900774,0.19222601,0.020272847
ZJ017336,0.31019092,0.10418614,0.09839415,0.040346615,0.058663435,0.048423063,0.23375785,0.10603779
ZJ017337,0.10712588,0.08874545,0.29437888,0.00020599256,0.0004672126,0.31777132,0.18216842,0.009136803
ZJ017338,0.23205422,0.07516307,0.2672312,0.00026808513,0.07311679,0.0342536,0.30569533,0.012217784
ZJ017339,0.50386554,0.041614667,0.051817026,0.038919937,0.22785766,0.007623847,0.06679752,0.061503872
ZJ017340,0.23190795,0.33025193,0.09459268,0.0070663085,0.03405648,0.09935578,0.15911615,0.04365273
ZJ017341,0.019698324,0.0004069144,0.08910683,0.8341693,0.007858559,0.0044051395,0.0007003204,0.043654617
ZJ017342,0.31699315,0.105467916,0.09395427,0.010611307,0.030070014,0.042938173,0.21088283,0.18908231
ZJ017343,0.28642094,0.077264085,0.114064336,0.00017130745,0.015217965,0.05385858,0.4319177,0.021085083
ZJ017344,0.11353333,0.5530792,0.06993836,0.010098764,0.008467242,0.032190952,0.17546436,0.037227754
ZJ017345,0.14150222,0.037762586,0.22578235,0.00050730986,0.0022393716,0.16943747,0.41982967,0.0029390112
ZJ017346,0.18191396,0.16927251,0.22497231,0.0013083653,0.055700783,0.055704836,0.21046935,0.10065787
ZJ017347,0.34886834,0.082648344,0.13586721,0.008161643,0.012065611,0.045414235,0.32670835,0.040266242
ZJ017348,0.2735476,0.15315308,0.10089418,0.0030198914,0.039264243,0.015911978,0.3804313,0.033777744
ZJ017349,0.0042417296,0.005531716,0.012319431,0.009063417,0.0009260638,0.96243197,0.000976991,0.00450874
ZJ017350,0.20765847,0.12542139,0.18305556,0.0014058239,0.025859298,0.006593005,0.4110333,0.038973108
ZJ017351,0.14200805,0.0077260262,0.15074271,0.40017083,0.050864022,0.016761543,0.0026468225,0.22907993
ZJ017352,0.076557845,0.02081257,0.26669896,0.41703427,0.04651439,0.07755656,0.0037971984,0.091028176
ZJ017353,0.21872953,0.108844124,0.3143243,0.00020236433,0.00905663,0.17722453,0.16629305,0.005325479
ZJ017354,0.15811236,0.0039917417,0.07697412,0.5104557,0.024297705,0.005274005,0.006554863,0.21433944
ZJ017355,0.07874963,0.0015040276,0.13952409,0.39582834,0.0034107997,0.35301408,0.005031556,0.022937555
ZJ017356,0.19166589,0.22820744,0.19477244,0.0009624881,0.0027904082,0.16766389,0.15428382,0.0596536
ZJ017357,0.23459387,0.2867671,0.19624749,0.0011903674,0.06645941,0.050223555,0.15301852,0.011499666
ZJ017358,0.11940749,0.10241557,0.2957674,0.004179066,0.027691407,0.12549357,0.12941824,0.19562729
ZJ017359,0.2587124,0.13595073,0.20386218,0.0025431043,0.028336508,0.045092635,0.30556202,0.019940408
ZJ017360,0.26503265,0.48585263,0.07242621,0.010754613,0.0054872753,0.0030424506,0.047756176,0.109647974
ZJ017361,0.17842202,0.004362898,0.44027683,0.055946965,0.0030146101,0.04652668,0.02205764,0.24939233
ZJ017362,0.10494702,0.2497978,0.1910685,0.0012887666,0.0058275233,0.36665076,0.06951993,0.0108996825
ZJ017363,0.21702914,0.13394566,0.076547414,0.007665027,0.055818003,0.22722091,0.23726933,0.044504493
ZJ017364,0.22862543,0.13334514,0.2503197,0.020229522,0.02576087,0.097379684,0.0667036,0.17763609
ZJ017365,0.16244377,0.34503627,0.28556156,0.0069752065,0.0077648694,0.07827866,0.095467396,0.018472288
ZJ017366,0.30463946,0.11617428,0.13367712,0.0011316478,0.0068873395,0.044154976,0.37391406,0.01942113
ZJ017367,0.15059407,0.0014834765,0.1166845,0.47198242,0.00844142,0.0072160014,0.009912534,0.23368564
ZJ017368,0.26131403,0.049743753,0.21619965,0.12776762,0.046569932,0.1375595,0.042180955,0.11866447
ZJ017369,0.021913093,0.0068213684,0.09391757,0.0034939414,0.0022535736,0.86336946,0.0030210342,0.0052099475
ZJ017370,0.19568068,0.12604074,0.18313608,0.0059523485,0.030673498,0.12939812,0.21226004,0.116858505
ZJ017371,0.1889537,0.24180195,0.18319544,0.0056880284,0.017050693,0.02474503,0.28119913,0.05736602
ZJ017372,0.24618635,0.14745142,0.14674906,0.0029765056,0.012235116,0.041947614,0.34042853,0.062025312
ZJ017373,0.13446042,0.008982388,0.12412617,0.59058654,0.018673757,0.08329786,0.0019955197,0.037877306
ZJ017374,0.426692,0.09713274,0.08844354,0.0004536712,0.001881118,0.0073992084,0.37255517,0.0054425052
ZJ017375,0.052282266,0.06587104,0.28949434,0.004831157,0.047619108,0.47523758,0.06050443,0.0041600303
ZJ017376,0.17253362,0.07683245,0.20204803,0.0014088879,0.003923018,0.08670313,0.4307313,0.025819508
ZJ017377,0.41860735,0.09776658,0.18155558,0.03972373,0.019531345,0.014607743,0.17060256,0.057605095
ZJ017378,0.17552008,0.25615865,0.25950032,0.0032605242,0.002258445,0.010490536,0.20102231,0.09178915
ZJ017379,0.27186662,0.03311778,0.17938673,0.00071430556,0.0011263465,0.013211447,0.4809037,0.019672995
ZJ017380,0.20208855,0.10050747,0.20847347,0.023919025,0.008798453,0.03827,0.061427046,0.356516
ZJ017381,0.27206773,0.14029351,0.06256687,0.026560375,0.18761721,0.04624104,0.13249888,0.1321544
ZJ017382,0.18646842,0.009489761,0.11688204,0.55724084,0.007513474,0.028192116,0.008083095,0.086130284
ZJ017383,0.16119075,0.007317265,0.37286773,0.25816184,0.0034440698,0.0081446795,0.010055789,0.17881785
ZJ017384,0.20074363,0.5996933,0.041578963,0.003747306,0.015514071,0.002080463,0.06643179,0.0702105
ZJ017385,0.2617779,0.110995576,0.14664038,0.0018694996,0.014475426,0.027716247,0.4004407,0.03608432
ZJ017386,0.3342774,0.10833051,0.06800953,0.04462719,0.10141638,0.042920887,0.23421441,0.06620372
ZJ017387,0.16871084,0.14496368,0.05727213,0.0021512338,0.0022398126,0.043967348,0.57202,0.008674949
ZJ017388,0.22568882,0.097897425,0.157897,0.00027323802,0.06520434,0.011606677,0.43831253,0.0031199595
ZJ017389,0.08625155,0.080078006,0.51493007,0.0044929935,0.06511929,0.07763898,0.09079682,0.080692306
ZJ017390,0.1365841,0.11582385,0.35868505,0.0007826307,0.002312322,0.06687782,0.29312226,0.025811974
ZJ017391,0.2819727,0.1685533,0.06346388,0.025461756,0.13228637,0.034989815,0.23769075,0.05558141
ZJ017392,0.1440375,0.009546289,0.29852605,0.20151906,0.0058653885,0.01363234,0.02531258,0.3015608
ZJ017393,0.0022354475,0.0019486577,0.009727209,0.004926671,0.00061430794,0.97937113,0.00048523236,0.000691235
ZJ017394,0.16239522,0.22709802,0.10641896,0.04787267,0.010087594,0.038610503,0.21158075,0.19593635
ZJ017395,0.19507153,0.18553226,0.2317406,0.041608304,0.05481959,0.1462015,0.101581894,0.043444347
ZJ017396,0.13069794,0.004214118,0.09993569,0.5334891,0.0041314927,0.003436089,0.0043072933,0.21978824
ZJ017397,0.3164896,0.0579391,0.15968215,0.0028895035,0.014786,0.06139765,0.3308967,0.05591929
ZJ017398,0.3600938,0.11918577,0.053179916,0.024661815,0.15828593,0.051947206,0.19050111,0.042144455
ZJ017399,0.39054775,0.03585547,0.29583755,0.0007501813,0.018830918,0.027220652,0.21906324,0.0118941665
ZJ017400,0.27603707,0.0010387148,0.13080215,0.22345723,0.014686375,0.086182415,0.0006335661,0.26716244
ZJ017401,0.12650907,0.20592712,0.2667498,0.00038899525,0.00030897636,0.25742096,0.13169247,0.011002618
ZJ017402,0.312446,0.09996351,0.15273315,0.013063082,0.019365529,0.0152852675,0.3507858,0.036357664
ZJ017403,0.31213024,0.07658882,0.15047139,0.0013733142,0.011528201,0.106117375,0.3236162,0.018174497
ZJ017404,0.37270698,0.1223319,0.064821705,0.037519027,0.07874781,0.02699251,0.22978441,0.067095645
ZJ017405,0.13477764,0.08527905,0.25639015,0.0029954123,0.001839299,0.023325196,0.48383728,0.011556005
ZJ017406,0.24982029,0.08996965,0.2846467,0.004460579,0.0010150088,0.013652067,0.20283912,0.15359661
ZJ017407,0.12703186,0.00873226,0.17642783,0.44975448,0.0017147445,0.08628953,0.009811722,0.14023753
ZJ017408,0.18662043,0.11587265,0.23887582,0.004378805,0.0999209,0.09840387,0.20412683,0.05180072
ZJ017409,0.19473842,0.016327068,0.15343311,0.18910748,0.1953236,0.078143425,0.008781509,0.16414534
ZJ017410,0.1390626,0.15012802,0.42631298,0.00088982674,0.004234498,0.09419576,0.17843448,0.006741895
ZJ017411,0.3320016,0.032744464,0.053880334,0.18843995,0.2152219,0.0077185417,0.026463944,0.14352924
ZJ017412,0.27159107,0.23658715,0.2528022,0.020982489,0.027109602,0.043713648,0.04094671,0.10626715
ZJ017413,0.14097573,0.32767078,0.22967446,0.0058861817,0.0023259886,0.096449606,0.1700154,0.027001869
ZJ017414,0.2427725,0.010830963,0.16195591,0.23159938,0.19107878,0.06918377,0.017169094,0.07540966
ZJ017415,0.36464405,0.11752196,0.11913568,0.007760035,0.022866923,0.04609807,0.27280596,0.049167387
ZJ017416,0.031387642,0.0019476007,0.24207526,0.5800169,0.02477301,0.008766366,0.0008020105,0.11023125
ZJ017417,0.18989915,0.22147046,0.15255773,0.0012958073,0.005184102,0.01215042,0.3475527,0.06988966
ZJ017418,0.35697383,0.124799214,0.21553813,0.0045136246,0.029417636,0.04515167,0.16564575,0.057960074
ZJ017419,0.52698517,0.09560382,0.049051154,0.026253197,0.08419411,0.008316554,0.13127342,0.07832264
ZJ017420,0.42020246,0.071298435,0.04498536,0.027324166,0.21078984,0.032604348,0.15022705,0.042568326
ZJ017421,0.21564294,0.009969624,0.13978806,0.3947307,0.083329216,0.06465367,0.015067166,0.07681859
ZJ017422,0.3976814,0.09074792,0.16662313,0.031750005,0.050161082,0.017344683,0.009859776,0.23583205
ZJ017423,0.3683495,0.053967204,0.17833945,0.19103624,0.012595246,0.020363946,0.015042154,0.1603063
ZJ017424,0.17665137,0.0011459107,0.4690556,0.05965927,0.0055502863,0.13520497,0.006161977,0.14657064
ZJ017425,0.052913826,0.04625858,0.0933306,0.04380485,0.024026873,0.70440406,0.015143826,0.020117426
ZJ017426,0.1918623,0.027690547,0.16896972,0.004967929,0.0044989693,0.022600919,0.46120012,0.11820951
ZJ017427,0.21207677,0.110766135,0.13171744,0.0010122004,0.0037508225,0.016657835,0.48231772,0.0417011
ZJ017428,0.051637236,0.04416002,0.77216965,0.001386704,0.0028558117,0.0714416,0.050899483,0.0054494683
ZJ017429,0.43813053,0.15343279,0.17897797,0.0017063137,0.0089907665,0.01560895,0.13311192,0.070040725
ZJ017430,0.34893987,0.09534642,0.19105542,0.009085472,0.03411122,0.050763045,0.23464367,0.036054853
ZJ017431,0.2634544,0.087574326,0.30596867,0.00078301056,0.007584754,0.03748452,0.2937939,0.0033564065
ZJ017432,0.14661437,0.090130866,0.17462613,0.012868976,0.048603844,0.07891014,0.20190224,0.24634343
ZJ017433,0.40826252,0.08766763,0.13882752,0.0015526944,0.0020401601,0.032398917,0.32179987,0.007450711
ZJ017434,0.20237166,0.25830668,0.08608362,0.0012529718,0.005674426,0.012133066,0.41540703,0.018770518
ZJ017435,0.08656609,0.005826271,0.218251,0.4792627,0.015883628,0.010448746,0.0039849877,0.17977655
ZJ017436,0.07884241,0.007199841,0.2423937,0.32138613,0.021969065,0.02808263,0.0032480266,0.2968782
ZJ017437,0.23019357,0.16643958,0.1481027,0.0029875832,0.05495571,0.11125052,0.19482909,0.09124127
ZJ017438,0.13757294,0.0015346735,0.12717059,0.5989233,0.005462844,0.01593046,0.00074995635,0.11265517
ZJ017439,0.2728409,0.16029601,0.14858367,0.0083136195,0.010529139,0.06208091,0.1507511,0.18660474
ZJ017440,0.3301434,0.030764988,0.12240028,0.0019404026,0.10139563,0.017520715,0.37673637,0.019098233
ZJ017441,0.16135995,0.36117178,0.21458374,0.011460599,0.0036197496,0.12100089,0.107419215,0.01938407
ZJ017442,0.005357218,0.0041066865,0.046302024,0.00020410222,0.0013614629,0.9302884,0.009360473,0.0030196065
ZJ017443,0.22116153,0.15190485,0.26898497,0.0015419999,0.0028361836,0.006805593,0.2969186,0.04984631
ZJ017444,0.060375858,0.027978124,0.12950313,0.0038328343,0.015359198,0.670423,0.074298084,0.018229833
ZJ017445,0.29321107,0.039172675,0.232642,0.15577221,0.042853225,0.0409945,0.010312756,0.1850416
ZJ017446,0.16179362,0.19576193,0.19527076,0.013805802,0.011007019,0.04384533,0.20742771,0.17108779
ZJ017447,0.3356975,0.32662684,0.05578409,0.0016966454,0.027383601,0.008480955,0.09401043,0.15031989
ZJ017448,0.17023325,0.008375817,0.35138315,0.2135524,0.0047071576,0.023766587,0.015150188,0.21283147
ZJ017449,0.22464246,0.07832512,0.3647214,0.00026222356,0.0076656803,0.07015679,0.24745984,0.006766482
ZJ017450,0.33405522,0.23832545,0.042035818,0.0025436806,0.09424049,0.00871093,0.22153719,0.0585512
ZJ017451,0.2393144,0.26330835,0.13345991,0.008118053,0.022192376,0.011483742,0.27234417,0.049779076
ZJ017452,0.23381299,0.0074483384,0.3088381,0.15422902,0.0041173147,0.012508483,0.023535136,0.25551066
ZJ017453,0.15943137,0.13074943,0.21570802,0.004276774,0.018119186,0.15613455,0.25318816,0.0623925
ZJ017454,0.37772673,0.09267031,0.078309596,0.0048109065,0.1472811,0.05993994,0.15299575,0.086265706
ZJ017455,0.18781258,0.11987849,0.20016803,0.0092097595,0.25305834,0.02247271,0.08471678,0.122683294
ZJ017456,0.17288354,0.009262794,0.17108452,0.39777017,0.016073633,0.15705773,0.0060511203,0.06981646
ZJ017457,0.118271954,0.17210007,0.3863588,0.0004113757,0.0051125498,0.16385475,0.078140445,0.07575005
ZJ017458,0.31916428,0.15272427,0.06077289,0.03612902,0.15784362,0.036929965,0.20109218,0.035343803
ZJ017459,0.22754516,0.23069379,0.2254262,0.0005995425,0.006088827,0.019299388,0.27073932,0.019607803
ZJ017460,0.06311943,0.0075411024,0.23175038,0.21519661,0.004668101,0.004161211,0.009584892,0.46397832
ZJ017461,0.4393033,0.16650684,0.20191039,0.0030695004,0.0098212985,0.030730542,0.06558767,0.083070524
ZJ017462,0.17592843,0.015573819,0.24250737,0.23723364,0.06017766,0.06291518,0.012305777,0.19335817
ZJ017463,0.13951764,0.2063706,0.12163109,0.008339169,0.0027538072,0.022804627,0.3569879,0.14159518
ZJ017464,0.3922805,0.13643259,0.056615986,0.03118997,0.15040477,0.031784896,0.116503656,0.08478768
ZJ017465,0.3267656,0.13735777,0.15723467,0.005019821,0.019854838,0.058953382,0.25168818,0.043125723
ZJ017466,0.3481618,0.064139605,0.2262726,0.064827465,0.1333791,0.008506088,0.007932397,0.14678097
ZJ017467,0.20392263,0.00062764063,0.4957133,0.086645015,0.03432518,0.008955302,0.0015438333,0.1682671
ZJ017468,0.04598038,0.062672,0.10843554,0.10353151,0.022918941,0.6111834,0.018788703,0.026489498
ZJ017469,0.17052299,0.011187815,0.13527294,0.35526183,0.1491034,0.08919849,0.008671074,0.08078142
ZJ017470,0.106633715,0.19035113,0.33743328,0.0005379676,0.010047057,0.18164931,0.12679869,0.04654884
ZJ017471,0.3945694,0.11340897,0.33636567,0.034724962,0.013954142,0.015286103,0.05517851,0.036512297
ZJ017472,0.19535972,0.12669621,0.2965635,0.002522701,0.03662663,0.106507555,0.21464634,0.021077318
ZJ017473,0.13297313,0.16469902,0.29563847,0.00043011046,0.0006417953,0.19859813,0.19628626,0.010733063
ZJ017474,0.18950808,0.18013924,0.2530435,0.00065055175,0.0037068352,0.038307972,0.28864896,0.04599483
ZJ017475,0.3373266,0.16382219,0.14312197,0.0031913961,0.020510178,0.028894471,0.2699473,0.033185918
ZJ017476,0.16387409,0.029826231,0.1118288,0.0023055098,0.011889392,0.014980606,0.6383895,0.02690586
ZJ017477,0.10625922,0.005033174,0.20169286,0.4024434,0.021870486,0.014966173,0.00810885,0.2396258
ZJ017478,0.11973155,0.05871989,0.15842201,0.000117756645,0.084408544,0.4777763,0.09249773,0.008326242
ZJ017479,0.04426908,0.70568246,0.11174479,0.0010321786,0.0026520072,0.023108352,0.08823681,0.023274316
ZJ017480,0.20279625,0.21437272,0.042866345,0.0006528826,0.021544969,0.015406276,0.4947953,0.0075652404
ZJ017481,0.1688304,0.3511178,0.21593553,0.008388125,0.0040713735,0.14509302,0.094407275,0.012156493
ZJ017482,0.26880676,0.13778321,0.2526788,0.0014245284,0.013416933,0.021410793,0.28489316,0.019585857
ZJ017483,0.29271185,0.088718355,0.22643343,0.0027748805,0.01217112,0.03660609,0.3090763,0.031507954
ZJ017484,0.13513564,0.13088323,0.18075138,0.0017085318,0.016954148,0.16353315,0.23235737,0.13867651
ZJ017485,0.1543935,0.17557588,0.18570322,0.0037494856,0.006714996,0.17575155,0.13806152,0.16004987
ZJ017486,0.6107466,0.052764904,0.083709076,0.015986994,0.07647729,0.038133357,0.093266375,0.028915364
ZJ017487,0.31770518,0.009278397,0.12972476,0.3530112,0.06242099,0.059273046,0.037878614,0.030707862
ZJ017488,0.25296307,0.26407498,0.14104803,0.02882857,0.056449346,0.054152153,0.11267048,0.08981334
ZJ017489,0.30139703,0.056236427,0.38811192,0.0019043499,0.0024316844,0.039701175,0.119026616,0.09119084
ZJ017490,0.12826303,0.0027487453,0.1291631,0.549815,0.0029051504,0.0021791575,0.0058271703,0.1790986
ZJ017491,0.36445683,0.06303634,0.06899902,0.020978069,0.18009484,0.078667164,0.19803277,0.025734952
ZJ017492,0.2937738,0.09665501,0.17562497,0.0003366325,0.0005311138,0.05435696,0.3713527,0.007368848
ZJ017493,0.44534856,0.06847657,0.06664459,0.051322322,0.14991678,0.05721547,0.12256276,0.038513027
ZJ017494,0.2784431,0.08038006,0.11347124,0.00011607184,0.0024279102,0.017263046,0.49389258,0.014005959
ZJ017495,0.09066126,0.5205304,0.25336856,0.0010055279,0.006854495,0.03136293,0.08250774,0.013709067
ZJ017496,0.3111255,0.08383843,0.09605036,0.001615975,0.011652582,0.03610293,0.42592117,0.033693053
ZJ017497,0.17893213,0.084850065,0.22428119,0.004801317,0.0702485,0.09337115,0.2591234,0.08439221
ZJ017498,0.22322443,0.14329824,0.21502908,0.0029501047,0.06133987,0.07353434,0.21816893,0.062455043
ZJ017499,0.52100396,0.104335055,0.061870866,0.01319973,0.09537236,0.020425813,0.097798795,0.085993454
ZJ017500,0.1825249,0.00818379,0.11132697,0.5533429,0.011207678,0.008209866,0.00847187,0.116732076
ZJ017501,0.18197833,0.08826404,0.4298518,0.0016030212,0.0246867,0.051264256,0.19347192,0.02887993
ZJ017502,0.36345953,0.04985431,0.041261677,0.058004748,0.25966495,0.021663044,0.11625599,0.08983574
ZJ017503,0.311991,0.18339124,0.18305472,0.0060325046,0.039290644,0.03599294,0.18089704,0.059349902
ZJ017504,0.33453578,0.07953906,0.10888543,0.00019230276,0.01629533,0.023439959,0.4207687,0.016343405
ZJ017505,0.19631046,0.09098767,0.45234656,0.00016931926,0.0040277815,0.009592398,0.24344586,0.0031199956
ZJ017506,0.23035195,0.026256932,0.15499797,0.23201886,0.23606648,0.04517581,0.036292616,0.038839404
ZJ017507,0.29301837,0.12694156,0.17771974,0.003256156,0.07144613,0.075099215,0.22858745,0.023931367
ZJ017508,0.08639533,0.0015624069,0.13514963,0.4755052,0.006755079,0.25207514,0.0060189455,0.036538236
ZJ017509,0.07934244,0.019177334,0.10276397,0.20296755,0.014992006,0.46993923,0.03038455,0.080432974
ZJ017510,0.16808148,0.08083977,0.1801092,0.017851407,0.007691756,0.16426331,0.35579932,0.025363721
ZJ017511,0.17314014,0.11202594,0.0686478,0.00033497444,0.45394793,0.007956985,0.17050846,0.01343778
ZJ017512,0.22301057,0.24640027,0.08343476,0.057102386,0.038454015,0.071877286,0.16783491,0.11188585
ZJ017513,0.06293144,0.09764897,0.052377712,0.0046738135,0.004350158,0.6423256,0.12613812,0.00955417
ZJ017514,0.17823856,0.0369739,0.37572426,0.0009951879,0.0049168607,0.072579235,0.26211894,0.06845309
ZJ017515,0.46099526,0.073196866,0.05586866,0.018777687,0.13727917,0.014279745,0.18360575,0.055996843
ZJ017516,0.09096557,0.019699112,0.1283735,0.048839036,0.3229897,0.090723656,0.0014402972,0.2969691
ZJ017517,0.13318536,0.05407383,0.28132385,0.000103450424,0.030048348,0.1044262,0.3943787,0.002460261
ZJ017518,0.20886245,0.10844329,0.27023962,0.0021143479,0.006849175,0.018726287,0.3459806,0.03878419
ZJ017519,0.23722926,0.15558055,0.14917012,0.024883842,0.050550163,0.10031681,0.22848222,0.053787053
ZJ017520,0.20030981,0.040486272,0.17474934,0.2702754,0.06778896,0.025555983,0.004222385,0.21661186
ZJ017521,0.09813514,0.011333498,0.124192774,0.54674816,0.008704163,0.18200551,0.006600303,0.022280335
ZJ017522,0.2683153,0.09050115,0.24234897,0.0003074102,0.007910063,0.049195897,0.32959136,0.011829842
ZJ017523,0.13792975,0.026365995,0.20743768,0.33801043,0.06429785,0.028589584,0.0042932434,0.19307548
ZJ017524,0.29717422,0.11584141,0.10407043,0.00055733277,0.009908793,0.0056880596,0.45206594,0.014693788
ZJ017525,0.21507578,0.17099674,0.15196662,0.0004803516,0.0034192512,0.007860613,0.43763807,0.012562533
ZJ017526,0.2824151,0.14521241,0.12163975,0.0018814207,0.017961172,0.014236033,0.3974769,0.019177161
ZJ017527,0.20783731,0.08508416,0.21721806,0.00046139755,0.13913696,0.02031091,0.31912792,0.010823391
ZJ017528,0.31949797,0.23141232,0.11936291,0.0005018811,0.0049497224,0.0052777217,0.30856752,0.010429888
ZJ017529,0.2660889,0.0492667,0.18214464,0.0012737977,0.023424055,0.028964557,0.39763358,0.051203735
ZJ017530,0.29455853,0.024864046,0.22524801,0.039533835,0.098893516,0.04752965,0.04832849,0.22104393
ZJ017531,0.0019162776,0.0032296693,0.028436141,0.00022318155,0.0016730675,0.9601285,0.001015836,0.003377288
ZJ017532,0.1809605,0.083999515,0.19257483,0.002878263,0.006736455,0.1155376,0.3659394,0.051373463
ZJ017533,0.24307095,0.0935598,0.06460732,0.006589741,0.020452244,0.02220807,0.4744089,0.075103
ZJ017534,0.16116318,0.062161494,0.36105022,0.0019226567,0.0055167344,0.04448874,0.30773932,0.055957645
ZJ017535,0.124877505,0.23070364,0.3810795,0.0004911861,0.00306531,0.05622133,0.19705582,0.006505665
ZJ017536,0.41591486,0.039209913,0.24918713,0.02464944,0.014354318,0.03819485,0.15311788,0.06537162
ZJ017537,0.19397832,0.0040452643,0.26249814,0.17937893,0.0042346115,0.019107446,0.018978762,0.31777853
ZJ017538,0.45227426,0.12540926,0.07091946,0.042413823,0.074249335,0.021662274,0.10555669,0.107514895
ZJ017539,0.19559596,0.06598594,0.19117962,0.0015048664,0.09814324,0.15047263,0.27432823,0.0227895
ZJ017540,0.10485007,0.11535892,0.47866982,0.0007038805,0.0020406859,0.10352634,0.18046643,0.014383845
ZJ017541,0.4024974,0.16386332,0.15240061,0.017087061,0.019029483,0.005055407,0.06280903,0.17725767
ZJ017542,0.18275557,0.027608473,0.25020167,0.00087716075,0.19002502,0.12211161,0.220107,0.006313458
ZJ017543,0.31304094,0.12042367,0.048585873,0.03083087,0.18587546,0.015085226,0.22946705,0.05669091
ZJ017544,0.3101397,0.13800818,0.12662515,0.0011967294,0.092990965,0.11156052,0.15677668,0.06270215
ZJ017545,0.22319965,0.10196449,0.22265205,0.002861321,0.0053895325,0.04611586,0.3764902,0.021326946
ZJ017546,0.20039956,0.001310703,0.4773941,0.04527929,0.0022101535,0.039353136,0.017493099,0.21655993
ZJ017547,0.22160587,0.074285336,0.107219726,0.0023733268,0.010562365,0.03171546,0.4962872,0.055950727
ZJ017548,0.3126585,0.19358322,0.17366223,0.013084878,0.01980678,0.043050755,0.11491001,0.12924369
ZJ017549,0.07810084,0.07527684,0.10779323,0.019227153,0.014253064,0.61766917,0.048236523,0.03944326
ZJ017550,0.07333511,0.014789814,0.17031612,0.22239327,0.20326404,0.08103386,0.010469686,0.22439809
ZJ017551,0.23773207,0.16380504,0.18422593,0.015808184,0.020909533,0.0830573,0.14866005,0.14580189
ZJ017552,0.25965476,0.047372624,0.062153302,0.00042292028,0.12667362,0.09182438,0.3859407,0.025957637
ZJ017553,0.20301577,0.05310234,0.42669106,0.031954505,0.014257166,0.0116785085,0.123190604,0.13611
ZJ017554,0.19765915,0.034056567,0.29636198,0.046105444,0.0054544625,0.010380591,0.023262465,0.38671932
ZJ017555,0.25627136,0.030120159,0.36400095,0.00122712,0.0129738515,0.06783871,0.25489214,0.012675722
ZJ017556,0.031473406,0.060851872,0.0426706,0.011182759,0.0047079134,0.820181,0.012225926,0.016706515
ZJ017557,0.42493773,0.113767855,0.14396267,0.0825787,0.034530964,0.0033570034,0.048141558,0.1487235
ZJ017558,0.21024397,0.14182022,0.12609844,0.019246165,0.054401014,0.19220836,0.16829263,0.08768921
ZJ017559,0.076444946,0.0058606234,0.16209243,0.40917405,0.004161549,0.29596278,0.0068542506,0.03944937
ZJ017560,0.14916086,0.040508166,0.12575631,0.008009913,0.008117916,0.2663301,0.3405707,0.061546024
ZJ017561,0.23756465,0.0130365975,0.14621429,0.3600896,0.13493207,0.05721381,0.00884993,0.04209902
ZJ017562,0.07803367,0.0069567035,0.12242843,0.63566023,0.010648795,0.0068873432,0.0018267499,0.13755806
ZJ017563,0.012927464,0.0055427914,0.015928196,0.00525155,0.010393716,0.9361283,0.009799211,0.0040287296
ZJ017564,0.2335211,0.28278106,0.20392211,0.012924058,0.06090978,0.024574159,0.09058374,0.09078393
ZJ017565,0.18237488,0.0031836461,0.41369724,0.15371004,0.0052650366,0.024400165,0.011713036,0.20565596
ZJ017566,0.17033777,0.03784132,0.14439973,0.35547498,0.043987054,0.082557194,0.014154561,0.1512474
ZJ017567,0.0058206436,0.0010396218,0.021955054,0.0005338686,0.0016512305,0.9658083,0.0009580416,0.002233222
ZJ017568,0.15555474,0.10518664,0.13940507,0.00023969893,0.0057511283,0.0451546,0.53663003,0.01207806
ZJ017569,0.2532919,0.0075043775,0.13082567,0.44988716,0.07177928,0.032041814,0.022510335,0.03215951
ZJ017570,0.011132645,0.003446114,0.01986246,0.0027379126,0.0031247316,0.9545359,0.0035098745,0.0016502925
ZJ017571,0.29781595,0.06765622,0.2396792,0.0062030163,0.031882554,0.012339597,0.28077245,0.063651
ZJ017572,0.4359703,0.021497661,0.09300991,0.20528865,0.06282394,0.09692686,0.031383023,0.0530997
ZJ017573,0.21491787,0.05013325,0.32599846,0.00091344636,0.006247068,0.09495216,0.28648654,0.02035126
ZJ017574,0.35555783,0.1049433,0.17873332,0.004385,0.032164514,0.031004168,0.24526414,0.047947697
ZJ017575,0.10633567,0.057404302,0.48883435,0.00070562575,0.027429108,0.039274406,0.27002156,0.009994905
ZJ017576,0.14587483,0.006270872,0.21761608,0.2800431,0.04517189,0.054127138,0.0022327432,0.24866334
ZJ017577,0.2528528,0.06927028,0.12400858,0.0023588578,0.009863272,0.016809994,0.4999848,0.02485141
ZJ017578,0.16860586,0.07390538,0.36670756,0.00058981066,0.009133732,0.06831307,0.29326054,0.019484008
ZJ017579,0.14290494,0.21276422,0.36027443,0.00031765192,0.0053344555,0.036896784,0.21222624,0.029281314
ZJ017580,0.22073492,0.1780001,0.18261844,0.0017274928,0.017640062,0.06544566,0.24405637,0.08977692
ZJ017581,0.45811805,0.05507738,0.051321678,0.013522463,0.11513628,0.016993918,0.24894735,0.040882863
ZJ017582,0.07296175,0.05711863,0.15965398,0.0036461856,0.044744857,0.5156536,0.1059412,0.04027978
ZJ017583,0.10134946,0.2310004,0.42829314,0.0004992421,0.0010443009,0.021303587,0.18425833,0.032251593
ZJ017584,0.15964943,0.21514998,0.14910609,0.001956907,0.039954152,0.18693058,0.19256663,0.054686196
ZJ017585,0.2748678,0.18659478,0.10046169,0.016628629,0.10497771,0.07190359,0.18417528,0.06039052
ZJ017586,0.20916618,0.280401,0.19384046,0.0012075027,0.003366731,0.09501393,0.18173678,0.035267446
ZJ017587,0.39377376,0.0851827,0.091765374,0.08520506,0.1296349,0.021537915,0.098074764,0.0948255
ZJ017588,0.2979807,0.11396792,0.17200042,0.014874891,0.044297528,0.07274071,0.23494917,0.049188662
ZJ017589,0.1299723,0.31622007,0.16358143,0.049403694,0.009144263,0.041579574,0.18497345,0.105125204
ZJ017590,0.17574221,0.2928758,0.09579998,0.03218852,0.05172378,0.13903025,0.07489118,0.13774826
ZJ017591,0.1790998,0.03967992,0.18484786,0.006169022,0.17017469,0.09126092,0.08424184,0.24452597
ZJ017592,0.32736355,0.2094837,0.16313659,0.0050141257,0.07361006,0.018353734,0.14320935,0.059828922
ZJ017593,0.06713038,0.107976824,0.06507826,0.0018685256,0.41588405,0.2944703,0.033990625,0.013601033
ZJ017594,0.27792376,0.09354052,0.061605636,0.0026476516,0.032579023,0.009939715,0.4634183,0.05834531
ZJ017595,0.23630613,0.13747309,0.3514855,0.00058881316,0.01975634,0.020372527,0.16645227,0.06756537
ZJ017596,0.009319279,0.0042818417,0.014693593,0.0016067765,0.0053380863,0.95609134,0.0066204057,0.0020486922
ZJ017597,0.1891996,0.0970016,0.189029,0.0010079237,0.00857289,0.13113873,0.3319467,0.052103538
ZJ017598,0.1083796,0.09120858,0.15014827,0.03649675,0.02695622,0.52197343,0.027342247,0.037494898
ZJ017599,0.0014678208,0.0004920832,0.0062490124,0.0038569223,0.00030410194,0.98645097,0.00018710805,0.000991931
ZJ017600,0.4202437,0.06077346,0.06716516,0.01570529,0.19328651,0.014477332,0.17536557,0.052983
ZJ017601,0.25993288,0.19920227,0.1522249,0.0074174064,0.045177687,0.025700076,0.19235614,0.1179887
ZJ017602,0.22080633,0.16600683,0.23493427,0.0014635297,0.010930534,0.07050595,0.20978612,0.08556637
ZJ017603,0.05073888,0.047380347,0.7719873,0.0015287797,0.0031724782,0.06791969,0.050853297,0.0064192517
ZJ017604,0.1698531,0.08832471,0.19684601,0.0013237031,0.12608023,0.01581403,0.38904798,0.012710206
ZJ017605,0.14750044,0.19877619,0.13286863,0.0043222047,0.009477054,0.05711169,0.38452664,0.06541718
ZJ017606,0.112588204,0.07728184,0.29609525,0.00045560094,0.00055991515,0.2602019,0.23685627,0.015961058
ZJ017607,0.53489476,0.03430501,0.15241258,0.02697188,0.07927835,0.011699638,0.011993234,0.14844455
ZJ017608,0.19074464,0.2968979,0.19499835,0.0027924208,0.0023015353,0.062307037,0.16886191,0.08109623
ZJ017609,0.16780552,0.27779728,0.13677053,0.005862736,0.007364525,0.01052218,0.25289807,0.14097913
ZJ017610,0.14368728,0.043556537,0.32570586,0.02574398,0.035864912,0.07901959,0.08782091,0.25860092
ZJ017611,0.13586433,0.007335629,0.1302251,0.21786153,0.0027029605,0.10165226,0.0051415777,0.39921656
ZJ017612,0.37460434,0.09025003,0.19812396,0.0022697428,0.12617755,0.012489857,0.14106858,0.055015907
ZJ017613,0.43966535,0.102873005,0.089224145,0.02922704,0.075850375,0.06549098,0.15562257,0.042046502
ZJ017614,0.52556366,0.036413517,0.14395922,0.0106478715,0.1568195,0.04541976,0.061702963,0.019473502
ZJ017615,0.13766016,0.26386082,0.290273,0.011767237,0.013436786,0.09796076,0.082653694,0.10238747
ZJ017616,0.19843788,0.2351013,0.054761093,0.00047904556,0.012355805,0.02552191,0.4613153,0.012027701
ZJ017617,0.16034621,0.06254637,0.18136787,0.0004171132,0.2718427,0.04114779,0.26988524,0.012446636
ZJ017618,0.34903955,0.0042933114,0.11332195,0.34570667,0.120655745,0.01797088,0.023783127,0.025228739
ZJ017619,0.12487849,0.0018925745,0.0631509,0.64168274,0.010770962,0.0055989693,0.00839407,0.14363128
ZJ017620,0.31510842,0.27980745,0.07085614,0.00051929237,0.008956501,0.010300334,0.29970425,0.014747591
ZJ017621,0.34205627,0.12337238,0.12506445,0.0052689677,0.031599924,0.018856853,0.2831802,0.07060093
ZJ017622,0.23425518,0.1334785,0.13980423,0.0015834302,0.019545618,0.02887373,0.41745934,0.024999991
ZJ017623,0.3164463,0.03320898,0.09221801,0.0013585387,0.008038727,0.06030159,0.41386673,0.07456116
ZJ017624,0.17714867,0.06586264,0.22162884,0.0014239177,0.0046810834,0.12168282,0.39527148,0.012300516
ZJ017625,0.29331672,0.096032545,0.17249173,0.0015389468,0.0021884523,0.03403647,0.362455,0.037940186
ZJ017626,0.42228645,0.04714685,0.06873481,0.061757583,0.20929661,0.040434867,0.11802237,0.032320455
ZJ017627,0.14356668,0.111893676,0.2992162,0.001142554,0.004467444,0.27492312,0.13194156,0.032848723
ZJ017628,0.12510635,0.2743402,0.20242156,0.00042333934,0.1642948,0.09958809,0.11521559,0.01861007
ZJ017629,0.058829024,0.01266215,0.17009757,0.62382764,0.0050756196,0.038744364,0.025530262,0.06523333
ZJ017630,0.1971951,0.06164066,0.18746153,0.0022253632,0.009605641,0.06279472,0.45081952,0.028257454
ZJ017631,0.1224568,0.003390944,0.25926512,0.48333523,0.029874558,0.07883107,0.0025752543,0.02027104
ZJ017632,0.14567922,0.37679073,0.12102854,0.002757711,0.004186191,0.06714595,0.17634368,0.10606799
ZJ017633,0.40923533,0.030938424,0.06955536,0.002659793,0.008913162,0.005457773,0.3998396,0.0734005
ZJ017634,0.28253502,0.123908356,0.15656877,0.0058860686,0.029092215,0.06168275,0.24412996,0.09619684
ZJ017635,0.084256314,0.022201167,0.04770605,0.0019484464,0.0035460284,0.80864143,0.023688015,0.008012617
ZJ017636,0.19762908,0.0055427975,0.10275456,0.48907432,0.027717145,0.0024237658,0.008440594,0.1664177
ZJ017637,0.16948205,0.09790074,0.25085035,0.007938813,0.008920435,0.049975287,0.32817304,0.08675923
ZJ017638,0.286875,0.22148234,0.060100917,0.00089408027,0.013950972,0.0046189353,0.38553983,0.02653792
ZJ017639,0.21271285,0.1649748,0.12423055,0.00046942674,0.0045421016,0.006255519,0.46953484,0.017279837
ZJ017640,0.20639242,0.11140864,0.2245963,0.00087895355,0.0038480086,0.07027644,0.37520906,0.0073902276
ZJ017641,0.14790478,0.30463755,0.09540198,0.003762279,0.04033782,0.07312506,0.283029,0.05180157
ZJ017642,0.17433645,0.005759257,0.07276416,0.5189623,0.012030538,0.0026367868,0.0062131225,0.20729738
ZJ017643,0.3424457,0.02398965,0.1407255,0.08472791,0.1502317,0.13339853,0.013437103,0.11104395
ZJ017644,0.27766895,0.0062043397,0.061100643,0.34452596,0.2485418,0.037636455,0.004327645,0.019994194
ZJ017645,0.28230447,0.22462612,0.18162853,0.021251624,0.06895657,0.042938337,0.092030816,0.086263545
ZJ017646,0.16939186,0.29732308,0.15598506,0.0008763464,0.0042930255,0.045398176,0.26735544,0.05937704
ZJ017647,0.10343653,0.019735865,0.34069222,0.018178789,0.032238424,0.24806634,0.07087233,0.16677952
ZJ017648,0.25211638,0.026373425,0.114016086,0.12078226,0.307157,0.10443029,0.0070590694,0.06806552
ZJ017649,0.19860895,0.0021289652,0.21298775,0.21877933,0.03823407,0.054398134,0.00635421,0.26850855
ZJ017650,0.1705017,0.18463065,0.1640373,0.01557105,0.0391573,0.1972956,0.15223305,0.07657339
ZJ017651,0.05586636,0.6680015,0.1559846,0.000744721,0.0035332486,0.021772664,0.077374026,0.016722849
ZJ017652,0.19999826,0.35521105,0.050185103,0.009931176,0.022484781,0.018327627,0.25746247,0.08639949
ZJ017653,0.15739724,0.1636323,0.18354417,0.00037117503,0.042056818,0.13759415,0.30852976,0.0068743494
ZJ017654,0.052927997,0.02077955,0.05748916,0.041486196,0.0662941,0.7289009,0.009683044,0.022439076
ZJ017655,0.15089755,0.024543809,0.24817814,0.24256726,0.046181887,0.0034144232,0.014285391,0.26993152
ZJ017656,0.08745508,0.062213268,0.27193186,0.008152936,0.004971209,0.34027627,0.15005241,0.07494692
ZJ017657,0.058528602,0.34684265,0.3572833,0.0004900714,0.0029206143,0.13142402,0.08721161,0.015299075
ZJ017658,0.2814247,0.16442057,0.20595145,0.033159908,0.093250714,0.059709985,0.07385284,0.0882298
ZJ017659,0.1883087,0.013151428,0.4446339,0.07130717,0.023709929,0.007714141,0.02897527,0.22219945
ZJ017660,0.24901168,0.045420833,0.17232838,0.03527428,0.115871675,0.07062669,0.06018767,0.2512788
ZJ017661,0.1946945,0.012477776,0.13161677,0.50673175,0.0068461285,0.0061535574,0.01631171,0.12516788
ZJ017662,0.26713818,0.073647864,0.3024475,0.0004693181,0.004971426,0.017436199,0.31516105,0.01872854
ZJ017663,0.37966454,0.08349816,0.071650185,0.018957699,0.13697948,0.06293377,0.19353245,0.052783716
ZJ017664,0.20841609,0.27392122,0.081647746,0.0010688843,0.030872384,0.020203838,0.36771575,0.016154133
ZJ017665,0.07612459,0.4751858,0.30350938,0.000989934,0.0045324382,0.024277627,0.09771802,0.017662143
ZJ017666,0.23974939,0.06472164,0.2627714,0.0018268807,0.004927451,0.031723198,0.33148015,0.06279989
ZJ017667,0.033071462,0.06849772,0.13214745,0.00069723336,0.033647627,0.65358466,0.045606714,0.03274715
ZJ017668,0.25702193,0.2126344,0.06779968,0.005471626,0.02360977,0.030748066,0.34015548,0.06255903
ZJ017669,0.15386184,0.067539796,0.41428268,0.0006033258,0.0051412517,0.067841984,0.25826705,0.032462087
ZJ017670,0.07244874,0.0028132484,0.27743256,0.41096288,0.03811216,0.018372044,0.0011432082,0.17871512
ZJ017671,0.24721444,0.3361324,0.11177127,0.00063301716,0.002648448,0.01614377,0.2566902,0.02876638
ZJ017672,0.3333203,0.1198311,0.10169208,0.008819685,0.029953727,0.044826377,0.115608245,0.24594848
ZJ017673,0.094024755,0.004161899,0.15886779,0.5684784,0.026139794,0.026114311,0.0021511137,0.12006185
ZJ017674,0.0069333077,0.012340123,0.051712774,0.0008064122,0.0010984107,0.91250014,0.0056954287,0.008913449
ZJ017675,0.3290524,0.04997627,0.13010599,0.0022077633,0.06834062,0.09307502,0.30149823,0.025743661
ZJ017676,0.17198333,0.1368385,0.19760649,0.0007901665,0.008872832,0.024622545,0.4409529,0.01833327
ZJ017677,0.16015431,0.12419477,0.26558653,0.0023627963,0.030243196,0.09254725,0.23866674,0.08624437
ZJ017678,0.16915594,0.53625005,0.091803126,0.0016915156,0.004115824,0.043572802,0.110390864,0.043019906
ZJ017679,0.06372284,0.2679616,0.47446275,0.0016014371,0.0022909942,0.008220876,0.12340204,0.058337472
ZJ017680,0.29631558,0.072610766,0.23968346,0.0011876018,0.009500487,0.05184583,0.2973504,0.031505916
ZJ017681,0.23014571,0.08988292,0.13166606,0.0016415425,0.017962301,0.021748397,0.4906228,0.016330313
ZJ017682,0.40321842,0.14192647,0.15730621,0.006035081,0.03370231,0.028386263,0.17472036,0.054704912
ZJ017683,0.30242112,0.007780033,0.117033444,0.26756114,0.17601375,0.044240966,0.006735301,0.078214295
ZJ017684,0.16800854,0.11396373,0.24406214,0.003455216,0.022077719,0.1859888,0.17667621,0.08576759
ZJ017685,0.24396522,0.014139853,0.32362455,0.1510519,0.0057361554,0.02669742,0.02860058,0.20618425
ZJ017686,0.03459489,0.10430499,0.318087,0.0026562028,0.049224637,0.403294,0.06845755,0.019380702
ZJ017687,0.04917816,0.07664718,0.36873144,0.00055293605,0.002324681,0.38282353,0.102091886,0.017650228
ZJ017688,0.3077633,0.01798219,0.05420968,0.22484763,0.31723857,0.017611697,0.015998159,0.04434878
ZJ017689,0.25643948,0.11487076,0.10332402,0.0013856668,0.03245251,0.042984296,0.43456486,0.013978372
ZJ017690,0.23580918,0.13219918,0.17877129,0.008317123,0.008298419,0.05563726,0.21613032,0.16483724
ZJ017691,0.06014638,0.02672469,0.15158422,0.00047994053,0.00094628055,0.5748047,0.18237455,0.0029392142
ZJ017692,0.10132684,0.020145679,0.16971618,0.025160138,0.32611713,0.1053495,0.010398358,0.24178614
ZJ017693,0.012639352,0.008322751,0.019814797,0.0016021213,0.0038213453,0.94349027,0.0077108904,0.0025985003
ZJ017694,0.103816606,0.068651095,0.2583035,0.0072949403,0.0030228859,0.15285145,0.3929329,0.013126615
ZJ017695,0.1514019,0.3396624,0.2731667,0.009057544,0.0029861561,0.08733585,0.1222414,0.014148031
ZJ017696,0.01006292,0.0014825435,0.019396657,0.0130873155,0.0020750382,0.9439658,0.008082429,0.0018473108
ZJ017697,0.22433755,0.16334075,0.07116413,0.020143835,0.11876055,0.018597338,0.3324583,0.05119751
ZJ017698,0.1433413,0.112437725,0.30310723,0.00017162107,0.0034622492,0.09019317,0.33566493,0.011621769
ZJ017699,0.21404459,0.2649446,0.16982344,0.037642926,0.04055561,0.048166674,0.015744567,0.20907754
ZJ017700,0.08370122,0.0072633186,0.12875108,0.47474054,0.13734838,0.036517583,0.0051177214,0.12656014
ZJ017701,0.3897974,0.08146327,0.056272343,0.020235261,0.14843711,0.04012191,0.20435634,0.05931637
ZJ017702,0.07870926,0.00059493474,0.09391041,0.6287957,0.08521857,0.04509615,0.0010476053,0.06662743
ZJ017703,0.31664526,0.065155774,0.09736633,0.0053606513,0.014056871,0.08095538,0.34210166,0.07835806
ZJ017704,0.23656239,0.18415931,0.19734286,0.0017819607,0.017419768,0.008164455,0.3111749,0.043394335
ZJ017705,0.23440963,0.12369574,0.18626149,0.003606192,0.15766326,0.12966056,0.14503033,0.019672818
ZJ017706,0.25396952,0.27378473,0.13606696,0.003351826,0.021381807,0.042036798,0.23342928,0.03597917
ZJ017707,0.16558345,0.031658605,0.1936965,0.30893713,0.053283505,0.022137698,0.011595764,0.21310729
ZJ017708,0.37957048,0.09156329,0.059331905,0.020297842,0.20226866,0.046969183,0.14991726,0.05008137
ZJ017709,0.17962323,0.008069195,0.082169585,0.4769272,0.14447889,0.033475596,0.013905838,0.061350457
ZJ017710,0.17221697,0.27984056,0.0891814,0.0022836335,0.092708655,0.089289814,0.22239435,0.052084588
ZJ017711,0.392579,0.051571622,0.0769327,0.06510532,0.14702527,0.043324046,0.18528016,0.038181897
ZJ017712,0.22051005,0.103150964,0.1799867,0.0042863805,0.006842949,0.10542613,0.32660028,0.053196482
ZJ017713,0.15202658,0.39448872,0.19220458,0.010278286,0.0037350752,0.15641187,0.08231569,0.008539204
ZJ017714,0.4047936,0.0025818907,0.04522918,0.056945823,0.44588506,0.012974403,0.0031257134,0.028464321
ZJ017715,0.24398561,0.06801643,0.20384769,0.012054934,0.049236525,0.23875146,0.10778021,0.07632716
ZJ017716,0.17403692,0.08940374,0.09844374,0.00079106755,0.107946545,0.00991635,0.497676,0.021785567
ZJ017717,0.2949575,0.0016920161,0.04302908,0.49435186,0.010972109,0.0014531848,0.006474904,0.14706935
ZJ017718,0.38684905,0.17625746,0.044721145,0.00067721534,0.0050552054,0.010491281,0.36390257,0.01204601
ZJ017719,0.11582945,0.44424868,0.16143419,0.0017768311,0.001770241,0.028594727,0.15422481,0.09212106
ZJ017720,0.2757432,0.17587017,0.07667533,0.0018459166,0.017380413,0.012614986,0.41829866,0.021571275
ZJ017721,0.20481205,0.22519484,0.15707152,0.005065786,0.06442014,0.024116363,0.24403319,0.07528607
ZJ017722,0.19608976,0.30633575,0.16994925,0.0022523622,0.0036373404,0.026554316,0.22847581,0.06670545
ZJ017723,0.3583796,0.0946075,0.19516891,0.006807251,0.022219505,0.019844638,0.27939484,0.02357776
ZJ017724,0.0014633862,0.0009154648,0.004161447,0.0015088709,0.00074419787,0.9904769,0.00033550698,0.0003941437
ZJ017725,0.047826953,0.0012924685,0.11821784,0.6783922,0.0042113545,0.035655554,0.00070312864,0.113700524
ZJ017726,0.33537966,0.04748345,0.116557695,0.0037931092,0.0075906506,0.09035112,0.3675325,0.0313118
ZJ017727,0.1292317,0.025936821,0.19396295,0.040640365,0.3065067,0.0101029435,0.0016599263,0.2919587
ZJ017728,0.3888866,0.07294613,0.18452404,0.0008058762,0.019144593,0.01596284,0.26090285,0.056827083
ZJ017729,0.2075147,0.0012228217,0.088161774,0.48065916,0.07665358,0.010488277,0.0034796682,0.13182007
ZJ017730,0.26287907,0.013460626,0.4128986,0.023101853,0.0018788577,0.060673017,0.052958153,0.17214987
ZJ017731,0.16063303,0.17961198,0.22140323,0.0002563372,0.04989249,0.1938413,0.18218553,0.012176088
ZJ017732,0.37003627,0.11154752,0.19978212,0.015589188,0.039031543,0.023819419,0.19814634,0.042047564
ZJ017733,0.025989575,0.07840087,0.56714827,0.0009630258,0.0057960604,0.27668327,0.03050858,0.014510375
ZJ017734,0.17318441,0.117060594,0.067512944,0.004127561,0.07712451,0.41832882,0.13974218,0.0029189296
ZJ017735,0.15659122,0.005631178,0.3540041,0.12525316,0.0049335524,0.02452967,0.016509147,0.31254798
ZJ017736,0.1948286,0.085112326,0.15237467,0.002500522,0.09744131,0.012124343,0.41373494,0.041883215
ZJ017737,0.5131083,0.04084313,0.065709,0.019055588,0.035351295,0.020310257,0.26525012,0.040372286
ZJ017738,0.42971796,0.09086341,0.0754812,0.041950658,0.07086057,0.020253383,0.1722919,0.09858091
ZJ017739,0.25142837,0.013225023,0.09259108,0.3471596,0.15899298,0.058052756,0.0133442525,0.06520594
ZJ017740,0.092080615,0.0058546374,0.113133945,0.57460797,0.0017167153,0.15454894,0.007289873,0.050767303
ZJ017741,0.2831023,0.004761062,0.06836094,0.33142313,0.10615029,0.09934614,0.0038183192,0.10303774
ZJ017742,0.35037822,0.22633745,0.102726,0.005060509,0.019868338,0.01004377,0.22737682,0.05820892
ZJ017743,0.37362862,0.06995664,0.042813547,0.03726067,0.16989234,0.0115242535,0.27386782,0.021056103
ZJ017744,0.20564164,0.01003233,0.51588905,0.12046132,0.03604181,0.013039057,0.007715107,0.091179654
ZJ017745,0.23438092,0.3636941,0.06603795,0.0026804442,0.029271275,0.009109002,0.25327906,0.041547194
ZJ017746,0.30744883,0.1355504,0.17025112,0.005062877,0.032363776,0.042585228,0.25577405,0.05096376
ZJ017747,0.19456606,0.026622852,0.11121283,0.08200146,0.40495563,0.08801012,0.014840209,0.077790886
ZJ017748,0.07850328,0.09764474,0.099099755,0.0037242393,0.18492164,0.46340382,0.034276996,0.038425546
ZJ017749,0.16510497,0.11791597,0.13731527,0.0023400069,0.061777834,0.011866788,0.4716491,0.03203001
ZJ017750,0.22229755,0.049938988,0.29030606,0.0007240115,0.008446688,0.043382946,0.35473496,0.030168843
ZJ017751,0.345273,0.059906412,0.08009476,0.06038616,0.20368597,0.05073702,0.16239654,0.037520148
ZJ017752,0.21661165,0.08655255,0.08855048,0.0012785367,0.0061238273,0.060005985,0.4825584,0.058318626
ZJ017753,0.32696453,0.1532302,0.14621297,0.0023137731,0.01648695,0.06088556,0.225848,0.06805805
ZJ017754,0.22001302,0.2449721,0.21130902,0.0014512175,0.004098174,0.09732139,0.18408863,0.036746487
ZJ017755,0.33750612,0.15091491,0.052253984,0.031377785,0.081777334,0.016776808,0.26344326,0.065949775
ZJ017756,0.32481205,0.032601565,0.027684836,0.0007270006,0.22240323,0.0053287502,0.37718663,0.009255955
ZJ017757,0.19672571,0.18740876,0.18225028,0.0014580974,0.040411185,0.049741495,0.21751319,0.12449128
ZJ017758,0.042569187,0.03783306,0.085339405,0.00053029275,0.0018836394,0.73520726,0.08700921,0.00962801
ZJ017759,0.33912703,0.062939644,0.15777041,0.003114535,0.26649824,0.0061981613,0.10417844,0.060173552
ZJ017760,0.20376003,0.2777321,0.14406474,0.004543714,0.01412662,0.024243977,0.28873605,0.042792782
ZJ017761,0.2922123,0.33670866,0.0918685,0.009966763,0.058656,0.01379848,0.118560255,0.078229025
ZJ017762,0.18299745,0.090164945,0.096513,0.0026991449,0.047069356,0.075702764,0.41260263,0.092250705
ZJ017763,0.13440184,0.008056024,0.16712901,0.553306,0.010730842,0.08960643,0.006665547,0.030104369
ZJ017764,0.15050732,0.13499577,0.30467725,0.00037831964,0.005896673,0.07191659,0.3036693,0.027958786
ZJ017765,0.24218419,0.12845695,0.295306,0.010277164,0.024869082,0.06815768,0.12155346,0.10919546
ZJ017766,0.2089471,0.10392099,0.20450936,0.040594045,0.009854236,0.057639573,0.056816507,0.3177182
ZJ017767,0.35970488,0.01560842,0.016863914,0.00014327743,0.024356373,0.0178023,0.5621022,0.003418584
ZJ017768,0.14923911,0.3475365,0.1384369,0.0007351859,0.0018325709,0.026195202,0.23316646,0.10285806
ZJ017769,0.45391694,0.10567105,0.06704837,0.015970036,0.12118583,0.02039928,0.18300669,0.032801848
ZJ017770,0.24054042,0.06819518,0.22578536,0.0026681945,0.0061998377,0.028682241,0.38401675,0.043912023
ZJ017771,0.16907783,0.1679353,0.28845346,0.00042882856,0.007869226,0.052506696,0.29241827,0.021310465
ZJ017772,0.12245521,0.002419834,0.1460282,0.12411034,0.24292408,0.15456405,0.002358433,0.20513983
ZJ017773,0.1388291,0.086493626,0.21871452,0.007766021,0.03835247,0.104691446,0.32534096,0.07981181
ZJ017774,0.25205246,0.13470854,0.3109106,0.001190433,0.002821914,0.014238015,0.25610268,0.027975317
ZJ017775,0.13452189,0.065402836,0.27116597,0.0032874502,0.0020592343,0.15062164,0.3530495,0.019891549
ZJ017776,0.14704311,0.0019069818,0.14635149,0.52032036,0.0072495136,0.005889067,0.007749307,0.16349018
ZJ017777,0.19590549,0.003078347,0.087395616,0.44211927,0.05282394,0.054287065,0.024249433,0.14014086
ZJ017778,0.21033792,0.0052560805,0.08306148,0.5460247,0.007874093,0.0013951241,0.0063998043,0.13965084
ZJ017779,0.044432625,0.04353031,0.75655556,0.00092948705,0.0025876237,0.100571014,0.046785887,0.0046075266
ZJ017780,0.0924161,0.07178142,0.19461076,0.0503705,0.044697493,0.21671195,0.1066886,0.22272319
ZJ017781,0.33278367,0.055272467,0.06759499,0.0022048855,0.019589303,0.13787322,0.33352843,0.05115305
ZJ017782,0.19277975,0.14559393,0.21567628,0.010872673,0.037963014,0.027993493,0.29632849,0.072792366
ZJ017783,0.23129252,0.15186688,0.13971943,0.0016457586,0.00509831,0.0049320967,0.41777134,0.04767366
ZJ017784,0.107242145,0.13583858,0.15395999,0.040124767,0.038210794,0.453251,0.034872603,0.036500085
ZJ017785,0.25935665,0.07455298,0.25952896,0.0036138713,0.048828926,0.11329471,0.17169075,0.06913317
ZJ017786,0.1254088,0.0093311705,0.08718267,0.544977,0.0036775498,0.0012134265,0.00604061,0.22216877
ZJ017787,0.23325491,0.013734186,0.3228623,0.117174275,0.005647671,0.024507537,0.023275327,0.25954384
ZJ017788,0.14751457,0.07357623,0.036702204,0.0006487167,0.0028683199,0.008288015,0.7110883,0.01931371
ZJ017789,0.1147854,0.00893548,0.1127939,0.10107062,0.3532308,0.0669644,0.006410368,0.23580909
ZJ017790,0.12790707,0.045757927,0.24691173,0.06289979,0.12747768,0.03585718,0.015283695,0.33790493
ZJ017791,0.34458005,0.124233685,0.19016835,0.0133924205,0.01311283,0.037661765,0.12257616,0.15427475
ZJ017792,0.22599086,0.1295866,0.15818594,0.0003596155,0.0037989784,0.026848167,0.4416725,0.013557248
ZJ017793,0.31251508,0.021209417,0.050425813,0.0037640082,0.016872289,0.011525097,0.56422806,0.019460283
ZJ017794,0.33673424,0.12534474,0.12375,0.003072232,0.012203165,0.020459596,0.35612264,0.022313379
ZJ017795,0.1634321,0.34932792,0.24641243,0.023080407,0.0069509395,0.10127093,0.0905685,0.018956821
ZJ017796,0.16204853,0.1737361,0.25936604,0.0009883813,0.00052908564,0.25302753,0.12258814,0.02771627
ZJ017797,0.18901919,0.06669252,0.19681078,0.008364169,0.03189053,0.22497611,0.22310358,0.05914313
ZJ017798,0.1497649,0.014797396,0.16986449,0.34772468,0.007571776,0.04739683,0.015042201,0.24783772
ZJ017799,0.39615023,0.14788565,0.1493002,0.0030547357,0.025524532,0.045155726,0.17946996,0.053458966
ZJ017800,0.43704998,0.078033395,0.08960799,0.021961836,0.121475086,0.015592659,0.16872512,0.067553945
ZJ017801,0.097066045,0.09278946,0.13099453,0.017492823,0.01879471,0.5031402,0.06809607,0.07162609
ZJ017802,0.347063,0.2565503,0.18683274,0.002649229,0.010232678,0.010657508,0.13178162,0.054232966
ZJ017803,0.5150734,0.09184825,0.0688705,0.030846018,0.066695854,0.01168506,0.14083819,0.07414267
ZJ017804,0.16358583,0.10865503,0.316859,0.0024372514,0.04254226,0.024296034,0.26976472,0.07185989
ZJ017805,0.0490064,0.04583758,0.77198946,0.0015747622,0.007438108,0.0709665,0.0456534,0.0075337514
ZJ017806,0.21522714,0.23018454,0.19204676,0.0010486098,0.004816457,0.052964862,0.2545453,0.04916633
ZJ017807,0.3641232,0.1114128,0.13969137,0.11689445,0.035949443,0.012889343,0.10905055,0.10998885
ZJ017808,0.15210752,0.0514346,0.1630809,0.007262926,0.013742388,0.2114608,0.3529122,0.047998693
ZJ017809,0.32120448,0.08418549,0.12477727,0.0010878673,0.012084002,0.034992572,0.39042124,0.031247087
ZJ017810,0.18089283,0.024930535,0.028049473,0.0003583377,0.0015953598,0.0036242337,0.75283414,0.0077150883
ZJ017811,0.20844576,0.15455118,0.13811323,0.0016701533,0.013610291,0.008873508,0.43741548,0.037320413
ZJ017812,0.13197225,0.4469237,0.16368684,0.008931905,0.0030896997,0.14347525,0.086860016,0.015060283
ZJ017813,0.438716,0.15303211,0.19800255,0.004090579,0.009701752,0.008930926,0.114100695,0.07342544
ZJ017814,0.18738855,0.15938649,0.12279188,0.17348494,0.06620492,0.0060833055,0.016991792,0.26766813
ZJ017815,0.020675326,0.009613611,0.025357932,0.0031199486,0.015081307,0.91400236,0.006401057,0.005748458
ZJ017816,0.10693348,0.008033203,0.12829438,0.67603856,0.003677603,0.026817152,0.0038337996,0.046371773
ZJ017817,0.26832327,0.11375183,0.10599261,0.055258077,0.013834744,0.07462163,0.2966704,0.07154741
ZJ017818,0.07823749,0.050297234,0.6752341,0.00393643,0.015072597,0.059417933,0.080079414,0.037724838
ZJ017819,0.06502779,0.0040906775,0.27295125,0.5872678,0.0020258103,0.021610914,0.020334559,0.026691226
ZJ017820,0.3626765,0.016531827,0.12723021,0.28565842,0.114405304,0.024928188,0.01920276,0.04936676
ZJ017821,0.3641828,0.0727334,0.077102646,0.0074802893,0.028564872,0.046112258,0.32064366,0.08318004
ZJ017822,0.12523508,0.038380638,0.067029096,0.00090682076,0.22573392,0.46094975,0.054217804,0.02754689
ZJ017823,0.27291653,0.16471946,0.20693159,0.025383739,0.07438075,0.040822513,0.024249578,0.19059585
ZJ017824,0.16074504,0.20230876,0.13493484,0.0026425908,0.0014323371,0.02716271,0.4513365,0.019437218
ZJ017825,0.23665889,0.027437897,0.36268893,0.00070875004,0.0015337055,0.0169002,0.34399512,0.0100764455
ZJ017826,0.17662273,0.0138496375,0.21844159,0.12356995,0.15816483,0.014433268,0.010845351,0.2840726
ZJ017827,0.23959966,0.073917344,0.1539515,0.00017277578,0.0039052966,0.03163592,0.48643804,0.010379425
ZJ017828,0.050093945,0.043181863,0.7686028,0.0012811492,0.0026945432,0.07242571,0.056824222,0.0048957737
ZJ017829,0.2359693,0.16781783,0.22143254,0.0114170145,0.027766488,0.057186883,0.21800368,0.06040624
ZJ017830,0.44367328,0.029345527,0.025341954,0.021193385,0.32609016,0.009123698,0.092359155,0.052872825
ZJ017831,0.18489207,0.4720292,0.08391841,0.0009990562,0.008434702,0.04983579,0.16869819,0.031192545
ZJ017832,0.13475858,0.20638303,0.3663068,0.00042978,0.001280735,0.09297505,0.18604116,0.011824863
ZJ017833,0.011979376,0.005073417,0.02026787,0.00097167125,0.0034494686,0.9525241,0.0038545337,0.0018795663
ZJ017834,0.2333315,0.15617307,0.17726515,0.0019930054,0.0041985754,0.025612302,0.34104636,0.060379967
ZJ017835,0.41894686,0.095409684,0.09634519,0.0024268976,0.004460909,0.0445635,0.32448912,0.013357868
ZJ017836,0.16304252,0.38365003,0.11849852,0.002599355,0.0030348483,0.049116287,0.22118954,0.05886891
ZJ017837,0.21523307,0.17171378,0.17738675,0.014399796,0.010083327,0.026831992,0.1497098,0.23464142
ZJ017838,0.20287254,0.014254415,0.20835611,0.32950872,0.009199828,0.03486065,0.0037180264,0.19722971
ZJ017839,0.20667267,0.075169876,0.29268372,0.0007504791,0.005579696,0.0068845027,0.38103223,0.031226788
ZJ017840,0.2789868,0.091815524,0.24968766,0.023517117,0.020682957,0.14299342,0.114120215,0.07819636
ZJ017841,0.099941485,0.09984882,0.4932263,0.0047085057,0.08721123,0.051016968,0.08933818,0.07470856
ZJ017842,0.32099304,0.1339244,0.23933378,0.0009951642,0.0014740189,0.018532658,0.2724368,0.012310173
ZJ017843,0.14201804,0.040547885,0.21426654,0.0058584996,0.22560309,0.078794844,0.22669785,0.06621326
ZJ017844,0.29176882,0.10748375,0.039193355,0.026672037,0.23818411,0.021019375,0.21693705,0.05874152
ZJ017845,0.08506167,0.00067552895,0.28066456,0.10681055,0.06667725,0.0260203,0.0008118938,0.4332783
ZJ017846,0.056219492,0.018869784,0.11530744,0.30515537,0.013488842,0.004383796,0.017228408,0.46934688
ZJ017847,0.22239158,0.04935563,0.24755591,0.16119011,0.040336166,0.12523834,0.0095399935,0.14439222
ZJ017848,0.06524918,0.2353731,0.45394242,0.00084931805,0.0011783006,0.14284633,0.08368978,0.016871572
ZJ017849,0.23438947,0.103328414,0.34354293,0.0028082624,0.001859844,0.012462388,0.16007234,0.14153638
ZJ017850,0.15960929,0.065900214,0.25560415,0.0029681993,0.002163813,0.16591457,0.31928328,0.028556472
ZJ017851,0.15875325,0.3536628,0.2375529,0.0069438126,0.0022008384,0.12265122,0.095826685,0.02240847
ZJ017852,0.27101925,0.02202475,0.14876692,0.27564046,0.14256796,0.035522338,0.01795517,0.086503126
ZJ017853,0.12927885,0.071004495,0.33967048,0.00018992265,0.00096748606,0.21541885,0.23157175,0.011898211
ZJ017854,0.2634431,0.10183542,0.20387104,0.0013929688,0.0070082587,0.0073288246,0.37209165,0.043028753
ZJ017855,0.108486764,0.13261579,0.22083302,0.0015264951,0.049912,0.16598217,0.26420364,0.056440193
ZJ017856,0.13456196,0.013282133,0.05976473,0.03609628,0.6118026,0.062283378,0.02083514,0.06137384
ZJ017857,0.31636536,0.0032872264,0.025713405,0.010033784,0.5809153,0.022164028,0.0067841257,0.034736864
ZJ017858,0.34272787,0.116879,0.078127645,0.029729832,0.17350197,0.025073282,0.18019377,0.053766634
ZJ017859,0.35533878,0.00406353,0.11994723,0.053981073,0.29597983,0.01246467,0.005071765,0.15315315
ZJ017860,0.06468199,0.12471762,0.4333727,0.0028038032,0.0152541725,0.13537697,0.21220629,0.011586464
ZJ017861,0.20266141,0.24413395,0.049850393,0.0012758389,0.002976229,0.017584274,0.46905884,0.01245911
ZJ017862,0.16889104,0.22607496,0.14771101,0.00081593555,0.029611949,0.0122588435,0.38990888,0.024727408
ZJ017863,0.24148783,0.046510197,0.2548095,0.007213262,0.14185211,0.08626306,0.19021973,0.031644262
ZJ017864,0.1742023,0.024555838,0.2709059,0.20453641,0.12810995,0.038679983,0.0021954048,0.1568142
ZJ017865,0.0029368908,0.0020386754,0.010766591,0.004426184,0.0002956426,0.97725,0.0007929426,0.0014931081
ZJ017866,0.20424436,0.13087553,0.2848636,0.0018534485,0.0013102624,0.041626543,0.27798605,0.0572402
ZJ017867,0.23117602,0.14896326,0.21520841,0.00640692,0.010743555,0.12071033,0.16004866,0.1067429
ZJ017868,0.15341155,0.035027593,0.124213375,0.0031009573,0.022805637,0.43634102,0.17898017,0.04611968
ZJ017869,0.13837881,0.0022192965,0.121641025,0.5491137,0.00948926,0.00971058,0.007791946,0.1616554
ZJ017870,0.18767332,0.026433622,0.15646794,0.2650354,0.19638589,0.07277334,0.01341864,0.08181179
ZJ017871,0.3301122,0.0625813,0.18618466,0.004792616,0.024638658,0.02782133,0.33286083,0.031008422
ZJ017872,0.31922004,0.08898799,0.17202054,0.02181073,0.016506253,0.05001969,0.15846029,0.17297453
ZJ017873,0.28947306,0.014737224,0.04450103,0.0024096374,0.018154446,0.0044894987,0.5952266,0.031008558
ZJ017874,0.26502934,0.096339665,0.18319482,0.0021466534,0.013363657,0.037880324,0.37392026,0.028125212
ZJ017875,0.19302866,0.08705939,0.2605921,0.00038078314,0.024940632,0.024172757,0.39204267,0.01778306
ZJ017876,0.005068602,0.0025843633,0.0056779957,0.0025353695,0.02640007,0.95252216,0.002504512,0.002706954
ZJ017877,0.15863861,0.13696377,0.1384462,0.0046378337,0.09131463,0.26109743,0.15288086,0.056020677
ZJ017878,0.28740528,0.19789037,0.1901843,0.0075121364,0.01874584,0.0593558,0.16900262,0.0699037
ZJ017879,0.19180635,0.105092,0.12807505,0.00079618464,0.016815916,0.035129208,0.5072597,0.015025561
ZJ017880,0.085122965,0.34906244,0.37109694,0.00032185295,0.0011126222,0.08272525,0.09214452,0.018413326
ZJ017881,0.2822294,0.15054993,0.17009492,0.0032397113,0.017074047,0.048761234,0.25309646,0.07495426
ZJ017882,0.10520364,0.003823278,0.23491196,0.12990534,0.10066071,0.16558768,0.0029494753,0.2569579
ZJ017883,0.06701407,0.017087605,0.097655006,0.0039097685,0.01848985,0.71341676,0.07430426,0.008122671
ZJ017884,0.41927305,0.11080393,0.06760951,0.014845376,0.11720908,0.054305613,0.1810616,0.034891833
ZJ017885,0.15450285,0.000822649,0.045398902,0.015765978,0.70103896,0.03554415,0.0058499267,0.04107662
ZJ017886,0.05791239,0.08944164,0.1221745,0.010030667,0.14639485,0.29265386,0.009923096,0.271469
ZJ017887,0.08345871,0.38595155,0.37405476,0.00093664957,0.0023561327,0.04183862,0.079178296,0.032225296
ZJ017888,0.3462431,0.10185351,0.07383839,0.022087889,0.2359019,0.019694583,0.13132216,0.06905846
ZJ017889,0.09162144,0.003344134,0.063292295,0.71181464,0.014903718,0.08994566,0.0074927295,0.017585402
ZJ017890,0.23155335,0.07117491,0.40202844,0.014154789,0.005534575,0.04538205,0.11244627,0.11772561
ZJ017891,0.16720758,0.0836265,0.23137233,0.010596693,0.008743218,0.05122696,0.31611657,0.13111013
ZJ017892,0.21696779,0.00235282,0.055979885,0.58370525,0.010895139,0.0010665967,0.0048032533,0.124229275
ZJ017893,0.21936437,0.06621832,0.09143216,0.1181454,0.26642805,0.08429893,0.019784933,0.13432783
ZJ017894,0.28453913,0.1224253,0.20462973,0.002521741,0.012917768,0.021652991,0.32283658,0.028476713
ZJ017895,0.4124221,0.13532878,0.1283626,0.004286395,0.0038241076,0.014731743,0.19239998,0.10864432
ZJ017896,0.19124055,0.077763245,0.18459158,0.1672902,0.053191964,0.018645324,0.0552045,0.2520726
ZJ017897,0.37359166,0.036385052,0.1810226,0.0018612645,0.066091344,0.045482494,0.2422876,0.05327798
ZJ017898,0.32299277,0.0354873,0.121103324,0.029226726,0.07357724,0.31577185,0.03088335,0.070957445
ZJ017899,0.27290133,0.16938426,0.16494896,0.0023835956,0.03160339,0.02153063,0.32128105,0.015966851
ZJ017900,0.24026324,0.17279576,0.14579186,0.000847696,0.0066966373,0.053082645,0.3600586,0.020463565
ZJ017901,0.17210935,0.00807795,0.10074316,0.54178846,0.0045044525,0.0026192812,0.014175225,0.15598209
ZJ017902,0.19037662,0.36559552,0.075924404,0.0007399282,0.018064942,0.004148761,0.29822552,0.04692433
ZJ017903,0.2655897,0.22448917,0.13752076,0.008390864,0.01261897,0.024724875,0.19186355,0.1348021
ZJ017904,0.22353005,0.005199848,0.2938531,0.17028974,0.0038792659,0.011964667,0.016006388,0.27527696
ZJ017905,0.22001114,0.3641825,0.16957997,0.0004888695,0.01281613,0.045409467,0.17508715,0.012424776
ZJ017906,0.09631256,0.07172077,0.40985766,0.0011386577,0.09896995,0.24634081,0.047921423,0.027738124
ZJ017907,0.009621593,0.004707222,0.019574126,0.0016543141,0.0022102802,0.95772904,0.002582786,0.0019206501
ZJ017908,0.23126742,0.14053497,0.14887728,0.017662648,0.022211762,0.0112489825,0.3932211,0.034975816
ZJ017909,0.1609228,0.28411272,0.2192905,0.0040917313,0.0016049724,0.046037998,0.2581223,0.025816951
ZJ017910,0.17399858,0.0010900262,0.06731403,0.6727402,0.05282378,0.007232917,0.0051215724,0.019678894
ZJ017911,0.060619563,0.115253255,0.1809503,0.023173949,0.12592387,0.16274089,0.015727997,0.3156102
ZJ017912,0.40964046,0.11570419,0.06081763,0.009867357,0.07431515,0.026475992,0.22502014,0.07815904
ZJ017913,0.3259413,0.1254582,0.20102511,0.03523477,0.029155506,0.05833136,0.062288627,0.16256505
ZJ017914,0.372562,0.10920193,0.08386708,0.027560914,0.10460692,0.04509079,0.18393679,0.07317356
ZJ017915,0.43314013,0.089473695,0.16019496,0.011574914,0.028130332,0.043272216,0.18807203,0.04614179
ZJ017916,0.16962005,0.0993913,0.2256921,0.0009266623,0.0025460399,0.06504172,0.42333263,0.013449448
ZJ017917,0.2834205,0.09333212,0.16802332,0.0094008455,0.0060641747,0.036877498,0.27012438,0.13275713
ZJ017918,0.1270774,0.0235492,0.05430241,0.04058303,0.46828547,0.21129395,0.028514737,0.04639369
ZJ017919,0.2662116,0.17353186,0.18585023,0.0022941239,0.0031123448,0.016516935,0.33111945,0.021363432
ZJ017920,0.33113503,0.10728732,0.11165336,0.0014431637,0.018965108,0.037744366,0.37615,0.015621636
ZJ017921,0.20286927,0.26584005,0.16145696,0.011196382,0.032039154,0.06520471,0.23044485,0.030948628
ZJ017922,0.21531995,0.0027249532,0.04074016,0.48996338,0.10328898,0.022918496,0.005899096,0.119145
ZJ017923,0.4129427,0.117820226,0.18823813,0.023895653,0.005942047,0.015257117,0.06553867,0.17036541
ZJ017924,0.29254872,0.06616393,0.27060336,0.0028359182,0.0015813396,0.01930533,0.24387684,0.103084505
ZJ017925,0.25635356,0.079033315,0.09245931,0.0027240212,0.009487827,0.039566193,0.4814868,0.038888976
ZJ017926,0.26985282,0.2500321,0.14890565,0.00023065979,0.0058984,0.025067369,0.29391587,0.0060971277
ZJ017927,0.2086277,0.1603097,0.27757877,0.004540844,0.019872244,0.059326217,0.15724073,0.11250377
ZJ017928,0.31784824,0.19045995,0.1762914,0.007899272,0.09146289,0.034663092,0.0827598,0.0986154
ZJ017929,0.08441055,0.0072193686,0.057089105,0.58694726,0.043413226,0.20140494,0.004264014,0.015251452
ZJ017930,0.0748504,0.0061600897,0.23994547,0.3179812,0.033634275,0.03013373,0.002585129,0.2947097
ZJ017931,0.054570545,0.0030781084,0.30334568,0.4554498,0.002928976,0.011897925,0.0030206079,0.16570832
ZJ017932,0.28260592,0.13716443,0.13328397,0.029399281,0.0325248,0.059727337,0.27572957,0.049564686
ZJ017933,0.27457434,0.18165828,0.07741636,0.041275475,0.16578968,0.02678242,0.1683092,0.0641943
ZJ017934,0.22107366,0.22147352,0.22251956,0.00225507,0.004459668,0.042122208,0.19887592,0.08722039
ZJ017935,0.12836929,0.0026486628,0.18031953,0.5265096,0.051806968,0.01941325,0.0024648,0.08846792
ZJ017936,0.180765,0.0116591845,0.10627894,0.28629494,0.15620112,0.16318372,0.023265705,0.072351374
ZJ017937,0.028908126,0.041989114,0.04332139,0.06192654,0.019173335,0.77442634,0.007375253,0.022879908
ZJ017938,0.08524988,0.19096638,0.34509382,0.0005100968,0.0005584501,0.21154736,0.15034208,0.015731968
ZJ017939,0.2698045,0.11518879,0.070991926,0.0007732185,0.0009244118,0.030255198,0.49678963,0.015272312
ZJ017940,0.002775976,0.0012477273,0.011575299,0.004056144,0.00060249504,0.97845894,0.0005044322,0.00077898864
ZJ017941,0.39613825,0.08651788,0.20211074,0.035332255,0.09326447,0.039906364,0.0204132,0.12631685
ZJ017942,0.20812362,0.13150708,0.26982227,0.006392782,0.014724053,0.069678,0.19177347,0.107978806
ZJ017943,0.102209456,0.0026748653,0.028617334,0.7083996,0.009483415,0.12861495,0.003070074,0.016930351
ZJ017944,0.3631018,0.11112328,0.04651036,0.028978243,0.26423264,0.029382136,0.11618214,0.0404894
ZJ017945,0.18490852,0.006516585,0.38049054,0.27120367,0.002781474,0.012969533,0.013365493,0.12776421
ZJ017946,0.27493513,0.11649867,0.23420651,0.0011211984,0.0026432818,0.019802105,0.33713147,0.013661697
ZJ017947,0.040809967,0.029840453,0.21842487,0.0051149586,0.042416632,0.54263204,0.045803808,0.07495723
ZJ017948,0.22194837,0.2907332,0.07486338,0.0008943661,0.02048019,0.0056365486,0.3721128,0.013331164
ZJ017949,0.30931026,0.25087148,0.12474107,0.0011539033,0.0112943305,0.021851467,0.265248,0.01552947
ZJ017950,0.025470637,0.09586277,0.5618873,0.00063788804,0.0069528613,0.2670221,0.028208032,0.013958414
ZJ017951,0.13869566,0.058159158,0.31931716,0.00079982966,0.0033664468,0.3552193,0.0767446,0.047697887
ZJ017952,0.45484212,0.069314055,0.083702765,0.016774632,0.19922918,0.0201676,0.113660336,0.04230931
ZJ017953,0.32284474,0.08188227,0.20407455,0.03629275,0.03619526,0.056745175,0.11129499,0.15067028
ZJ017954,0.008640823,0.007997606,0.02893896,0.00046809847,0.00037409016,0.9385013,0.011074026,0.00400513
ZJ017955,0.017453397,0.014466021,0.031505913,0.007982621,0.019033568,0.8854461,0.01825424,0.005858168
ZJ017956,0.21200334,0.09436845,0.31564388,0.0038686427,0.031316873,0.019932223,0.23211314,0.090753414
ZJ017957,0.118153565,0.0037063898,0.108265735,0.5953642,0.00800647,0.12916362,0.0053071817,0.03203277
ZJ017958,0.21507592,0.058737367,0.33742303,0.008116418,0.046542697,0.023272606,0.24953689,0.06129503
ZJ017959,0.16749519,0.011299123,0.112236865,0.43510702,0.15048087,0.0591001,0.009613119,0.0546677
ZJ017960,0.1821066,0.2762758,0.17227082,0.001249755,0.0034486398,0.049018163,0.26605362,0.04957659
ZJ017961,0.3605924,0.10525908,0.2332409,0.014511794,0.02500743,0.030737152,0.099090345,0.13156088
ZJ017962,0.13847086,0.016096387,0.045424446,0.6003718,0.050873503,0.08973823,0.02092153,0.038103238
ZJ017963,0.29409292,0.12942332,0.18874064,0.012565557,0.017422797,0.106382914,0.19906498,0.05230687
ZJ017964,0.098578975,0.004910606,0.110424064,0.09791514,0.018569713,0.61268246,0.008164656,0.048754442
ZJ017965,0.116457194,0.25163284,0.37023214,0.00046116055,0.002864985,0.022322526,0.21968085,0.016348336
ZJ017966,0.2681915,0.27628693,0.19069017,0.014573355,0.04928792,0.02858403,0.09286135,0.07952475
ZJ017967,0.25329727,0.092404,0.16035023,0.00338055,0.010627024,0.27318108,0.16215014,0.044609673
ZJ017968,0.20432198,0.064763896,0.20653701,0.00048278828,0.022429654,0.01579364,0.4694788,0.016192203
ZJ017969,0.040384125,0.033564303,0.050811063,0.0048313555,0.007998563,0.82297933,0.0098557975,0.029575445
ZJ017970,0.09277329,0.038557366,0.07596106,0.0036918942,0.008122261,0.721784,0.0417831,0.017327022
ZJ017971,0.44776958,0.05297896,0.18069775,0.008193086,0.03072539,0.06436159,0.17376234,0.041511383
ZJ017972,0.2474072,0.0070691146,0.06660691,0.22043541,0.35506257,0.059076604,0.016989173,0.027353028
ZJ017973,0.18132909,0.05759665,0.21834572,0.0006466273,0.002557843,0.08280562,0.43989933,0.016819086
ZJ017974,0.24726355,0.017596837,0.05615497,0.36164668,0.15136494,0.10250666,0.02426492,0.039201453
ZJ017975,0.3827021,0.095423214,0.08956952,0.026231423,0.09893274,0.017724605,0.24793626,0.041480105
ZJ017976,0.54593223,0.08216713,0.09843912,0.009260916,0.061201278,0.015597083,0.1445619,0.042840358
ZJ017977,0.27028427,0.38076934,0.092623286,0.0069641354,0.02756103,0.038167533,0.117224604,0.066405825
ZJ017978,0.3963683,0.12999634,0.1676471,0.031674474,0.04530824,0.06300726,0.14187206,0.02412622
ZJ017979,0.20353544,0.009322736,0.49625486,0.1048112,0.00745843,0.01738865,0.019544017,0.14168459
ZJ017980,0.2919645,0.3363646,0.1006837,0.0017827026,0.05389253,0.04304896,0.15017937,0.022083716
ZJ017981,0.2917009,0.11130744,0.23135866,0.00083855516,0.012396692,0.06850828,0.2768925,0.006996947
ZJ017982,0.352325,0.08178808,0.23414674,0.02066223,0.018896343,0.03343316,0.075727634,0.1830208
ZJ017983,0.3503589,0.07846253,0.13563174,0.004602443,0.115654886,0.116702616,0.1619433,0.036643576
ZJ017984,0.47464588,0.053104553,0.081586726,0.013955222,0.1926974,0.05823139,0.10460047,0.021178357
ZJ017985,0.10564385,0.09327017,0.27517262,0.018457001,0.031844776,0.078831695,0.11547911,0.28130072
ZJ017986,0.24573644,0.07768521,0.21689728,0.0017222624,0.009092336,0.02216911,0.37922138,0.04747605
ZJ017987,0.36965635,0.13835669,0.1532454,0.000599976,0.047957823,0.06286664,0.18139932,0.045917805
ZJ017988,0.18827742,0.09182903,0.30723596,0.0026568503,0.028319422,0.028833982,0.3128318,0.040015556
ZJ017989,0.4034089,0.11850326,0.044613604,0.00896262,0.19744514,0.017780852,0.16055952,0.04872609
ZJ017990,0.18910198,0.10925295,0.13471915,0.00050528126,0.04952912,0.101918,0.40642896,0.008544554
ZJ017991,0.32905206,0.16089068,0.13390501,0.0071687954,0.0081871515,0.036809176,0.24805303,0.07593411
ZJ017992,0.378427,0.07313876,0.099428535,0.00193322,0.29358625,0.0043907766,0.097767204,0.051328275
ZJ017993,0.17077717,0.100746065,0.28044412,0.0040177437,0.023974156,0.1124206,0.19341847,0.11420166
ZJ017994,0.01011263,0.013357029,0.045017384,0.00015481855,0.0021799835,0.9078347,0.013465787,0.007877668
ZJ017995,0.050301034,0.0051934696,0.26808327,0.23812482,0.011116888,0.029483434,0.0029134536,0.39478368
ZJ017996,0.14986993,0.011278989,0.100122035,0.35297742,0.12592213,0.1893532,0.015174398,0.055301942
ZJ017997,0.33826852,0.13146392,0.1238363,0.012872506,0.012006885,0.07883268,0.18527685,0.11744241
ZJ017998,0.25590974,0.004890555,0.091960736,0.43592513,0.08994433,0.06567871,0.0041270796,0.051563732
ZJ017999,0.17024398,0.16272566,0.15421404,0.0002194857,0.019586846,0.013312163,0.45937815,0.02031972
ZJ018000,0.047480185,0.028619502,0.077506386,0.012404803,0.006858218,0.7489473,0.055119403,0.023064176
ZJ018001,0.08440888,0.11930837,0.4673281,0.0006098196,0.0007722078,0.014332729,0.27252516,0.040714737
ZJ018002,0.22609225,0.15998287,0.12224892,0.0026034052,0.030305667,0.10330762,0.23259665,0.12286261
ZJ018003,0.3271247,0.099982515,0.3078204,0.0027918057,0.03176682,0.117441885,0.09323783,0.019833967
ZJ018004,0.29741383,0.06722217,0.17433748,0.0022281425,0.02770437,0.03378987,0.36655343,0.03075073
ZJ018005,0.045305792,0.0039212876,0.18245119,0.42259476,0.06381788,0.087714896,0.007050272,0.18714398
ZJ018006,0.050320055,0.0045391778,0.07576529,0.23661004,0.004243224,0.5856074,0.0069024633,0.03601227
ZJ018007,0.2155436,0.09474347,0.25161436,0.009142831,0.06834751,0.053758837,0.24754503,0.059304405
ZJ018008,0.1526106,0.012827649,0.16134559,0.51321846,0.013498873,0.11221528,0.008873169,0.025410356
ZJ018009,0.40722904,0.10861444,0.18423368,0.1264948,0.028565899,0.016881008,0.031122226,0.09685901
ZJ018010,0.108569555,0.13489941,0.39063615,0.0012954789,0.0005168312,0.059199296,0.27233475,0.03254844
ZJ018011,0.47643727,0.06848085,0.08578926,0.021215122,0.084925964,0.045391053,0.108895645,0.10886482
ZJ018012,0.19097732,0.12633389,0.4017258,0.00026030318,0.0035386076,0.06686392,0.2002992,0.010000922
ZJ018013,0.113657564,0.08202937,0.15797584,0.0047908407,0.042849775,0.45604968,0.09119864,0.051448327
ZJ018014,0.3950835,0.054618794,0.052837513,0.01971675,0.07287381,0.0123551935,0.32888544,0.06362905
ZJ018015,0.62817293,0.03135458,0.06562056,0.012308527,0.14519739,0.0070297923,0.094069146,0.016247086
ZJ018016,0.35293704,0.19752362,0.09157878,0.0013005954,0.009656743,0.01596243,0.31636354,0.014677315
ZJ018017,0.12006327,0.0015649184,0.09358929,0.547628,0.002610692,0.0024148712,0.0032145095,0.22891448
ZJ018018,0.15837145,0.054479428,0.2637233,0.0004495678,0.19217256,0.0543927,0.26640898,0.0100020245
ZJ018019,0.29659098,0.10436973,0.12728089,0.007402056,0.035543103,0.0445659,0.3484553,0.035791956
ZJ018020,0.41952035,0.117573194,0.13459107,0.039887443,0.041552793,0.03152844,0.17643096,0.038915746
ZJ018021,0.19244437,0.2622121,0.10519416,0.0030370047,0.05397888,0.07258355,0.2114909,0.09905907
ZJ018022,0.107803985,0.054771528,0.26282698,0.0006639265,0.0009697707,0.112610176,0.44050476,0.019848838
ZJ018023,0.44733104,0.10707691,0.11216653,0.0082813455,0.007383771,0.011999006,0.2162471,0.08951434
ZJ018024,0.15878677,0.34481296,0.13634336,0.004844442,0.007415955,0.035244253,0.2503243,0.062227942
ZJ018025,0.33106506,0.17327192,0.070154294,0.0022895632,0.04627446,0.016306955,0.32458037,0.03605737
ZJ018026,0.18834245,0.05446942,0.4003012,0.00038385004,0.006956941,0.055098407,0.26676422,0.027683532
ZJ018027,0.2029534,0.11161897,0.18290175,0.0028631415,0.0048661903,0.01407862,0.44937536,0.03134263
ZJ018028,0.3536238,0.036440887,0.10889729,0.2853154,0.032459807,0.07098652,0.03264134,0.07963493
ZJ018029,0.15306546,0.109016426,0.18476245,0.0010799585,0.19567597,0.075332575,0.26312214,0.017945038
ZJ018030,0.1477409,0.08503405,0.46656758,0.002552475,0.030253693,0.049995787,0.18127657,0.036578845
ZJ018031,0.20812261,0.0849641,0.080507964,0.019525582,0.3679722,0.02493872,0.20110047,0.012868366
ZJ018032,0.14855875,0.109208725,0.18714614,0.002285989,0.0020256254,0.08160254,0.42637938,0.042792756
ZJ018033,0.32518706,0.04416068,0.08526568,0.006922021,0.020192621,0.046288792,0.42141777,0.050565418
ZJ018034,0.5029906,0.04034166,0.16980045,0.004951138,0.06181644,0.008389855,0.17268218,0.039027754
ZJ018035,0.24589334,0.13543002,0.2212608,0.016026057,0.023422742,0.09552937,0.14290078,0.11953685
ZJ018036,0.14602509,0.11363267,0.44591716,0.0006246349,0.004043181,0.037085447,0.24634482,0.0063269506
ZJ018037,0.050407797,0.60947317,0.2085036,0.0012927575,0.0008162797,0.05435805,0.060621478,0.0145268645
ZJ018038,0.011501658,0.012140113,0.054490115,0.00028715824,0.008652391,0.899396,0.011421903,0.0021106747
ZJ018039,0.15580161,0.29395014,0.1053732,0.0037430702,0.0030783836,0.033600662,0.35214508,0.05230781
ZJ018040,0.28282043,0.0021379627,0.17988397,0.23579998,0.18167642,0.005540402,0.0013158747,0.11082499
ZJ018041,0.020437304,0.00706877,0.05635223,0.008180784,0.06282145,0.8192155,0.0037922575,0.022131717
ZJ018042,0.07291068,0.00024404192,0.06728922,0.6099976,0.08705932,0.031721953,0.00039531724,0.13038193
ZJ018043,0.18979216,0.34451282,0.17143972,0.017226942,0.004059833,0.0032487414,0.073590904,0.19612889
ZJ018044,0.21625221,0.011443707,0.17438792,0.18498689,0.17064816,0.15148266,0.009140375,0.081658125
ZJ018045,0.1927827,0.08600648,0.32143363,0.0003443229,0.057745423,0.029181603,0.3023721,0.010133702
ZJ018046,0.08999492,0.08322703,0.09162689,0.010677588,0.0067924946,0.24149878,0.4235551,0.052627176
ZJ018047,0.19344655,0.2750229,0.23090738,0.023023283,0.05147978,0.08915782,0.038546365,0.09841589
ZJ018048,0.26796356,0.16910207,0.23555955,0.007417258,0.019239882,0.07523553,0.11837034,0.107111864
ZJ018049,0.324811,0.040004093,0.23685046,0.0017696798,0.022125358,0.034185417,0.3132103,0.027043656
ZJ018050,0.42492867,0.054193243,0.060585137,0.029010208,0.21093799,0.03529841,0.12320251,0.061843853
ZJ018051,0.114350416,0.04081664,0.45225057,0.00019000506,0.0017145487,0.13835996,0.23837051,0.013947413
ZJ018052,0.33093575,0.027863355,0.09339047,0.0011079222,0.011686178,0.027817339,0.48346242,0.023736566
ZJ018053,0.18631713,0.2737589,0.11845831,0.016778108,0.009455411,0.055807,0.12372861,0.21569656
ZJ018054,0.2552983,0.23728094,0.15042253,0.0118158525,0.007934108,0.028417304,0.1616496,0.14718135
ZJ018055,0.33507085,0.009924114,0.05834934,0.39582193,0.1451506,0.021735629,0.0067166807,0.02723087
ZJ018056,0.124070935,0.16132604,0.30088508,0.0006128209,0.026900452,0.17884892,0.17851244,0.028843286
ZJ018057,0.143323,0.31622285,0.12364054,0.0046531805,0.0046116915,0.023699343,0.30259505,0.08125436
ZJ018058,0.22311282,0.05561978,0.12006195,0.0016804786,0.010078989,0.03695486,0.5175273,0.03496378
ZJ018059,0.15045443,0.369515,0.05730637,0.0035336826,0.0132756755,0.008733171,0.35596013,0.04122152
ZJ018060,0.26108685,0.114982165,0.21214522,0.006670971,0.005832431,0.043157093,0.17369731,0.182428
ZJ018061,0.32839265,0.020898094,0.12711161,0.1252859,0.21825017,0.08767294,0.018362707,0.07402585
ZJ018062,0.4262135,0.06955032,0.06701652,0.001177905,0.047214974,0.08178188,0.2648333,0.042211566
ZJ018063,0.043144908,0.0027153138,0.24260712,0.32757506,0.044356477,0.058230076,0.004320548,0.27705052
ZJ018064,0.16680185,0.0078016184,0.05900591,0.5923135,0.04479991,0.070110194,0.026151713,0.03301523
ZJ018065,0.4161682,0.10810374,0.10500478,0.055974655,0.044802886,0.06567948,0.16639966,0.037866693
ZJ018066,0.05320176,0.061569903,0.0900051,0.0007925546,0.21769588,0.50998676,0.05680278,0.009945218
ZJ018067,0.019015545,0.08679616,0.10650926,0.0007200523,0.011240367,0.71577364,0.03693105,0.023013873
ZJ018068,0.39067653,0.22364983,0.11328612,0.0018167046,0.028732179,0.05802915,0.16246204,0.021347461
ZJ018069,0.17013411,0.27320042,0.07964911,0.014972068,0.1758161,0.042956818,0.14419428,0.09907711
ZJ018070,0.27127945,0.15052348,0.2537168,0.0060180495,0.09522116,0.054076362,0.11004157,0.05912315
ZJ018071,0.50745356,0.056269173,0.041621942,0.0142822685,0.25561216,0.015324897,0.06743468,0.04200133
ZJ018072,0.10207704,0.094376504,0.31692284,0.0030371712,0.012243927,0.078824624,0.3755753,0.016942626
ZJ018073,0.27401862,0.001184364,0.06633195,0.5313379,0.08230132,0.027741568,0.008558226,0.008526042
ZJ018074,0.3628915,0.09996941,0.10976706,0.0020537097,0.011124302,0.028850356,0.3492083,0.03613539
ZJ018075,0.20146884,0.10521669,0.19354348,0.00053487683,0.07678437,0.13456486,0.28236324,0.0055236416
ZJ018076,0.21485788,0.0042287973,0.3452128,0.14462055,0.0033722832,0.01306507,0.015893212,0.25874943
ZJ018077,0.09684485,0.09859206,0.41854188,0.002817082,0.014724507,0.12506256,0.23123492,0.0121821845
ZJ018078,0.04302833,0.001660678,0.061497793,0.62655026,0.015204842,0.13892731,0.0036313038,0.10949949
ZJ018079,0.17931183,0.36717734,0.22696283,0.02707971,0.0074729216,0.08934923,0.08207091,0.020575235
ZJ018080,0.36538422,0.14251506,0.17797199,0.0068557435,0.043293796,0.024664454,0.20678265,0.032532062
ZJ018081,0.3690356,0.064144135,0.11053958,0.0038826515,0.031209297,0.026934542,0.33105406,0.06320017
ZJ018082,0.20082058,0.23999026,0.26610035,0.01360473,0.023885818,0.061675515,0.08191419,0.11200853
ZJ018083,0.13332532,0.3685641,0.06210861,0.0027095461,0.012056369,0.013096359,0.3696579,0.0384817
ZJ018084,0.30404887,0.10317193,0.1975519,0.0023904163,0.021934627,0.022922713,0.27305362,0.07492586
ZJ018085,0.1937153,0.02348694,0.11293131,0.39591107,0.07630666,0.09496028,0.016405655,0.086282775
ZJ018086,0.18842956,0.0072046258,0.117799945,0.3924888,0.123514704,0.113351926,0.0065167006,0.05069375
ZJ018087,0.11658301,0.14891873,0.23042805,0.0040940503,0.04021326,0.17522298,0.1359923,0.14854766
ZJ018088,0.47080022,0.07045205,0.06853293,0.024618722,0.124955505,0.015063342,0.16609497,0.059482228
ZJ018089,0.1789919,0.11500931,0.2772014,0.0009206056,0.0033600298,0.0051187263,0.38013014,0.03926784
ZJ018090,0.10231636,0.01118578,0.21245944,0.26734024,0.0036068922,0.0021102699,0.031665,0.369316
ZJ018091,0.22386065,0.02358035,0.18699093,0.21591769,0.1207922,0.119107105,0.01356852,0.09618254
ZJ018092,0.17619188,0.10031909,0.37339368,0.0005958352,0.0045840857,0.043520138,0.26519173,0.036203552
ZJ018093,0.21375702,0.19209705,0.075597115,0.049241588,0.045665897,0.04189597,0.2784087,0.10333667
ZJ018094,0.04356832,0.07371296,0.7266931,0.0022785743,0.007823026,0.0790973,0.04594999,0.02087682
ZJ018095,0.48589718,0.057194233,0.1567236,0.0027669524,0.015109337,0.0032117977,0.2326143,0.046482615
ZJ018096,0.22703505,0.12903337,0.16452873,0.0022337455,0.0058271326,0.0047959276,0.43391404,0.032631967
ZJ018097,0.22332515,0.09609472,0.14434877,0.0005035007,0.0039779046,0.054942224,0.45814025,0.018667476
ZJ018098,0.08217109,0.11007798,0.40697354,0.002730862,0.0098675005,0.16206506,0.21705905,0.009054962
ZJ018099,0.22016375,0.017747937,0.20387834,0.24291803,0.09574883,0.07605727,0.017411334,0.12607461
ZJ018100,0.24943207,0.2145818,0.1640748,0.022950126,0.029770277,0.00862232,0.12400797,0.18656066
ZJ018101,0.47413597,0.08167413,0.13469307,0.08192741,0.026993511,0.005392611,0.04665211,0.1485313
ZJ018102,0.10003621,0.00055897096,0.2552254,0.24893355,0.016373893,0.027592191,0.001358468,0.3499213
ZJ018103,0.51136076,0.051708307,0.052984487,0.0015365145,0.0555089,0.008996595,0.2703052,0.047599312
ZJ018104,0.014370233,0.036651053,0.13835493,0.00086284615,0.02550094,0.7584736,0.02071101,0.0050754207
ZJ018105,0.34653187,0.12269124,0.22099572,0.0017782636,0.002164892,0.045941513,0.24972649,0.010170004
ZJ018106,0.023422746,0.029333273,0.055580925,0.014956713,0.001990086,0.8403282,0.030255776,0.00413227
ZJ018107,0.14321205,0.32366633,0.15248455,0.0074620596,0.0053096367,0.026060265,0.22288017,0.1189249
ZJ018108,0.16626394,0.09850505,0.24290451,0.0039501116,0.04490167,0.028607229,0.2891524,0.12571509
ZJ018109,0.10495618,0.014902058,0.09923598,0.39479047,0.01673614,0.007826778,0.011351753,0.35020062
ZJ018110,0.25635085,0.11417387,0.2399883,0.0032172285,0.07788239,0.039745748,0.23769502,0.030946577
ZJ018111,0.098100156,0.0010593785,0.20510867,0.5584505,0.017662352,0.018212853,0.000488891,0.10091721
ZJ018112,0.10759476,0.081163615,0.06154113,0.009332825,0.011386939,0.50299317,0.19111459,0.034873057
ZJ018113,0.14988594,0.0061101867,0.16936122,0.37960553,0.003000095,0.051785436,0.0060028476,0.23424876
ZJ018114,0.53071916,0.030712627,0.039579768,0.025392111,0.05181665,0.01668178,0.27414504,0.03095289
ZJ018115,0.27556407,0.10542445,0.21490818,0.02129292,0.021409787,0.018194798,0.29722512,0.045980673
ZJ018116,0.24375252,0.30201453,0.08979439,0.009810584,0.0064013093,0.030322755,0.26162645,0.056277446
ZJ018117,0.2497133,0.10825611,0.13803786,0.003394854,0.10694282,0.059375692,0.21588345,0.1183959
ZJ018118,0.40900156,0.1134737,0.098291814,0.00083513116,0.018512018,0.11550146,0.19361603,0.050768364
ZJ018119,0.29826167,0.087021686,0.18301961,0.001058785,0.040761545,0.031547867,0.33776686,0.020562012
ZJ018120,0.54577893,0.08218106,0.0569774,0.052644175,0.04701186,0.011811891,0.11360177,0.089992896
ZJ018121,0.26462764,0.110616185,0.27267382,0.0020744917,0.017845368,0.044876177,0.28055415,0.0067321146
ZJ018122,0.37427798,0.17022738,0.09965373,0.001290993,0.030931111,0.016632404,0.27845132,0.028535107
ZJ018123,0.2050656,0.09093803,0.17607749,0.010095274,0.048221905,0.0116297845,0.39427492,0.063697
ZJ018124,0.4809384,0.059133768,0.072035916,0.0234653,0.090944566,0.009916537,0.18790461,0.07566094
ZJ018125,0.30772617,0.09400438,0.2651738,0.027010432,0.050136723,0.036623877,0.14717281,0.0721518
ZJ018126,0.31311923,0.1099137,0.15905967,0.0021270302,0.023418197,0.018029617,0.33767977,0.036652736
ZJ018127,0.5227192,0.081745066,0.057818156,0.021060517,0.04799174,0.020558769,0.17951488,0.068591654
ZJ018128,0.20344058,0.075421795,0.17328788,0.15255453,0.053207103,0.029663347,0.03483454,0.27759027
ZJ018129,0.41186368,0.11635249,0.07437973,0.004431811,0.12981506,0.06118749,0.13095464,0.07101512
ZJ018130,0.35432163,0.08812201,0.19684963,0.022492837,0.020451142,0.05293396,0.12279851,0.14203028
ZJ018131,0.14980303,0.07877919,0.35091454,0.00035226418,0.022407712,0.036878943,0.35181102,0.009053364
ZJ018132,0.12173631,0.0102577945,0.30720305,0.32616028,0.006414632,0.05139073,0.0042601307,0.17257711
ZJ018133,0.057567365,0.41271234,0.1747188,0.00092717685,0.0033984005,0.025009679,0.23270038,0.09296588
ZJ018134,0.43470585,0.078351736,0.16948633,0.046071824,0.058562744,0.010459051,0.01640144,0.185961
ZJ018135,0.36660364,0.06846554,0.10284164,0.033444118,0.17062587,0.051751476,0.12977372,0.07649407
ZJ018136,0.22479889,0.38084325,0.1492902,0.004443471,0.002872736,0.010101572,0.09373636,0.13391355
ZJ018137,0.102036856,0.09726103,0.3335694,0.00046693935,0.07947644,0.18470144,0.1781736,0.024314249
ZJ018138,0.158541,0.119190395,0.18806747,0.0029179577,0.13951021,0.103168085,0.16943796,0.11916688
ZJ018139,0.44722292,0.10495834,0.09459437,0.028725015,0.12636995,0.051122542,0.10926018,0.037746657
ZJ018140,0.44218656,0.07813371,0.047502708,0.02303022,0.06128938,0.025526986,0.27711496,0.045215465
ZJ018141,0.19598517,0.13491574,0.2726686,0.0036977548,0.04071006,0.08187139,0.19807109,0.07208017
ZJ018142,0.33357677,0.08274126,0.14603783,0.00028671615,0.030564737,0.038693924,0.35336724,0.014731506
ZJ018143,0.093230784,0.2106167,0.37154526,0.00090979633,0.0065630423,0.11795981,0.19161269,0.0075619067
ZJ018144,0.23611392,0.1461291,0.27812004,0.0022313874,0.00062326156,0.014625015,0.2891157,0.033041563
ZJ018145,0.107551955,0.08547267,0.15567745,0.005356599,0.008853366,0.22065926,0.36995637,0.046472374
ZJ018146,0.19740264,0.06981127,0.25618556,0.007692485,0.15658897,0.011069502,0.2434649,0.05778472
ZJ018147,0.07347193,0.041590232,0.2287449,0.33755907,0.029661579,0.115030274,0.009983832,0.16395816
ZJ018148,0.33735117,0.08599521,0.22685002,0.017874349,0.016852926,0.029274238,0.09494097,0.19086102
ZJ018149,0.07593158,0.011502264,0.11172311,0.65893066,0.004506026,0.10255787,0.0066963485,0.028152063
ZJ018150,0.2792328,0.1491178,0.23080917,0.0066905543,0.02692219,0.046349224,0.15280461,0.10807367
ZJ018151,0.34405044,0.0044150343,0.04282089,0.43564638,0.12932993,0.013825798,0.011586956,0.018324604
ZJ018152,0.15013947,0.42436257,0.17216422,0.020783968,0.002996751,0.103015855,0.10252306,0.024014119
ZJ018153,0.31353343,0.105898425,0.14857368,0.05361617,0.078237906,0.074117556,0.05321392,0.1728089
ZJ018154,0.10253733,0.022280183,0.030341601,0.0022721533,0.05663626,0.66290313,0.10992486,0.013104574
ZJ018155,0.3063665,0.0948128,0.16578525,0.011710683,0.03671868,0.012084272,0.3193525,0.05316929
ZJ018156,0.050239336,0.048029397,0.748776,0.0011423954,0.0030443792,0.09077509,0.052921526,0.0050718994
ZJ018157,0.056868955,0.0007518421,0.21220209,0.48202324,0.0060533313,0.05678928,0.0018752271,0.18343602
ZJ018158,0.07473552,0.0018638587,0.08042198,0.013619391,0.60791725,0.02519152,0.0010607931,0.19518967
ZJ018159,0.070547566,0.005231778,0.17454274,0.54786867,0.06424115,0.02197825,0.023726257,0.09186361
ZJ018160,0.045524,0.13136606,0.09192799,0.0004466445,0.0019643272,0.5826126,0.12166538,0.024493061
ZJ018161,0.12687431,0.012531649,0.20806827,0.48248103,0.0115519855,0.11589272,0.011700132,0.030899933
ZJ018162,0.3212382,0.25959298,0.12719975,0.013154927,0.072934255,0.038069356,0.14415094,0.02365958
ZJ018163,0.0957555,0.025971781,0.13829558,0.00016076988,0.030838525,0.66557115,0.040184394,0.0032223333
ZJ018164,0.15419407,0.16166587,0.2474333,0.0005138802,0.006823348,0.13919957,0.26559415,0.024575744
ZJ018165,0.29999053,0.24193254,0.1563322,0.009746888,0.039358765,0.026145132,0.16722316,0.059270848
ZJ018166,0.2964481,0.05579899,0.18925618,0.00089385716,0.014706118,0.01615506,0.39288396,0.033857774
ZJ018167,0.28810284,0.08081007,0.1953532,0.0040493803,0.06528884,0.022154896,0.2851068,0.059133943
ZJ018168,0.07172561,0.07621684,0.109685324,0.026210172,0.07904631,0.56734926,0.012102775,0.05766377
ZJ018169,0.25941762,0.005281197,0.053759295,0.26650238,0.31623012,0.04831453,0.0058760117,0.044618852
ZJ018170,0.40000117,0.13302697,0.050251752,0.029204044,0.13834499,0.02664946,0.14820907,0.074312605
ZJ018171,0.21541397,0.16514947,0.18826427,0.0015830874,0.003931086,0.079228185,0.30564213,0.040787894
ZJ018172,0.117461376,0.03914266,0.3428836,0.0037861716,0.3061257,0.08792574,0.038357068,0.06431771
ZJ018173,0.001380363,0.00057498144,0.007809884,0.011023158,0.00038988856,0.97706586,0.00022827461,0.001527631
ZJ018174,0.07848685,0.04631852,0.23864585,0.055220354,0.09053304,0.2492209,0.0070679947,0.23450652
ZJ018175,0.2407581,0.2244585,0.22178082,0.010472992,0.015477243,0.03847709,0.16314362,0.085431635
ZJ018176,0.33766103,0.09524057,0.121445775,0.0016599545,0.035428364,0.004415521,0.3646216,0.039527204
ZJ018177,0.41553906,0.07944447,0.06717974,0.01983355,0.2353045,0.04798798,0.106164135,0.028546521
ZJ018178,0.28210372,0.11595557,0.22994173,0.023701703,0.0638127,0.11207035,0.07307532,0.09933892
ZJ018179,0.22405198,0.118936114,0.13625973,0.0045295986,0.012390539,0.039142467,0.4022979,0.062391646
ZJ018180,0.3215719,0.011033362,0.1374022,0.2863132,0.13602938,0.04498773,0.016591696,0.046070512
ZJ018181,0.3849869,0.108662196,0.0657244,0.020657057,0.111342914,0.022580093,0.25332057,0.032725897
ZJ018182,0.2352247,0.17211555,0.1056447,0.0018778448,0.05305437,0.02520536,0.20737328,0.19950421
ZJ018183,0.1931571,0.13535815,0.33112183,0.0010237292,0.16215539,0.024779378,0.14345482,0.008949599
ZJ018184,0.16134253,0.3695881,0.058043025,0.0012350528,0.002140041,0.019549282,0.36689484,0.021207146
ZJ018185,0.19563554,0.44759873,0.09378824,0.014079663,0.04666468,0.020394875,0.15194176,0.029896474
ZJ018186,0.04093538,0.08946171,0.028007982,0.006668753,0.01809144,0.5569064,0.2287124,0.031215942
ZJ018187,0.024555603,0.009521272,0.040984973,0.0068127755,0.00059251016,0.89207315,0.023302384,0.0021573852
ZJ018188,0.18652533,0.067910284,0.25276482,0.0006409483,0.0040384037,0.13926758,0.31041583,0.038436793
ZJ018189,0.19743189,0.14281468,0.37610987,0.0004219788,0.0034553932,0.061709248,0.20297036,0.015086612
ZJ018190,0.19636476,0.1526353,0.35123372,0.0022428147,0.0316316,0.0732365,0.14214039,0.050514843
ZJ018191,0.14911592,0.060312223,0.36341915,5.882934e-05,0.077535346,0.070022725,0.2764983,0.003037525
ZJ018192,0.20261894,0.06513885,0.22520792,0.0033848207,0.00469611,0.013944886,0.42027834,0.064730145
ZJ018193,0.16702583,0.095595114,0.22271879,0.0043261712,0.005439203,0.06961073,0.4147661,0.020518038
ZJ018194,0.0060971533,0.0056211525,0.02264912,0.0025934968,0.0013162612,0.95731854,0.0028837258,0.0015204923
ZJ018195,0.010612728,0.0048672855,0.068401895,0.00029019438,0.00504319,0.89598507,0.010178012,0.0046215826
ZJ018196,0.122774154,0.0036545016,0.20992896,0.4026136,0.027575072,0.011385853,0.0017354311,0.22033244
ZJ018197,0.43374225,0.039199397,0.11410835,0.0029698384,0.188345,0.04205049,0.121824235,0.057760444
ZJ018198,0.23383504,0.13013272,0.24963698,0.0029479803,0.0073471386,0.009304174,0.34677255,0.020023461
ZJ018199,0.092145905,0.0024471541,0.1701244,0.5444423,0.0033780397,0.00961048,0.0031419487,0.17470975
ZJ018200,0.1961913,0.1827985,0.11323904,0.0025462715,0.013315194,0.014040369,0.4454219,0.032447442
ZJ018201,0.122025,0.004947685,0.1536416,0.5441323,0.0053867884,0.04814206,0.005457347,0.11626727
ZJ018202,0.14883876,0.0027550026,0.094173476,0.5308291,0.0037923667,0.004877127,0.012366685,0.20236745
ZJ018203,0.1976797,0.24051507,0.24454287,0.0006048382,0.0034808961,0.020265203,0.27171037,0.021201055
ZJ018204,0.13194755,0.0017858343,0.06522452,0.6483435,0.0034781117,0.0013008928,0.0052055554,0.14271401
ZJ018205,0.34744745,0.054258373,0.37966168,0.013068797,0.0066117104,0.015938308,0.08055873,0.102454945
ZJ018206,0.34236816,0.15628134,0.17954846,0.010178348,0.038120776,0.032985542,0.10606883,0.13444854
ZJ018207,0.13363306,0.16769429,0.069618456,0.0019971246,0.16132846,0.1529602,0.2614892,0.051279247
ZJ018208,0.217848,0.063065596,0.18021527,0.0019890494,0.0059097414,0.0814154,0.40822536,0.04133161
ZJ018209,0.22996232,0.14798102,0.1699255,0.03270616,0.06487901,0.11418966,0.15999748,0.08035883
ZJ018210,0.15194145,0.41014016,0.16699298,0.0034276336,0.0021840157,0.010822645,0.17599227,0.07849888
ZJ018211,0.23825894,0.15309703,0.15493298,0.015007079,0.006536652,0.068396114,0.15848196,0.20528923
ZJ018212,0.09391076,0.002596411,0.1928669,0.4389103,0.110055864,0.043835502,0.0052293884,0.11259488
ZJ018213,0.22153257,0.04987046,0.36370352,0.0012364272,0.03085515,0.027732749,0.28503823,0.02003094
ZJ018214,0.2792933,0.26047218,0.14727712,0.013554365,0.0676616,0.032885566,0.080552116,0.1183038
ZJ018215,0.17539616,0.12794772,0.22397892,0.0009955545,0.0012774061,0.04765886,0.36954287,0.053202525
ZJ018216,0.021120349,0.09225607,0.11213405,0.000561138,0.04907849,0.692063,0.023865819,0.008921119
ZJ018217,0.6987794,0.004914654,0.13542496,0.007529929,0.08647465,0.0064424654,0.02033315,0.04010087
ZJ018218,0.06586217,0.3484002,0.3299271,0.0020741338,0.002554676,0.06596152,0.13892172,0.04629851
ZJ018219,0.28161708,0.21873389,0.20598514,0.004356998,0.006344037,0.016821595,0.12485129,0.14129001
ZJ018220,0.25734815,0.1662907,0.20651545,0.0026673896,0.013890368,0.06903466,0.14931616,0.13493715
ZJ018221,0.11391201,0.09349795,0.46860284,0.0010483585,0.0016594911,0.017907629,0.26736054,0.036011107
ZJ018222,0.4079218,0.09350785,0.14291966,0.00495581,0.051723145,0.022115484,0.11160094,0.16525534
ZJ018223,0.15160416,0.18309803,0.09867851,0.01788359,0.00411533,0.034907315,0.1750216,0.33469146
ZJ018224,0.0645116,0.017025908,0.1759542,0.610112,0.0020341068,0.015363393,0.025640432,0.089358374
ZJ018225,0.22211425,0.1879696,0.30381867,0.00039640968,0.0025379087,0.025534993,0.23690274,0.020725403
ZJ018226,0.20966405,0.08088039,0.14849006,0.0006365449,0.010507405,0.17242455,0.3649112,0.012485784
ZJ018227,0.24349146,0.10635825,0.12697656,0.0008933511,0.2255857,0.07268597,0.21799919,0.0060094623
ZJ018228,0.24482483,0.02569235,0.24245264,0.22121221,0.046602093,0.09590939,0.019450152,0.10385639
ZJ018229,0.22408226,0.1722836,0.27277324,0.0021135027,0.03456591,0.020776836,0.20988669,0.06351796
ZJ018230,0.015924351,0.013717856,0.03167575,0.00049475726,0.0035047205,0.9242588,0.0066246404,0.0037990715
ZJ018231,0.16183779,0.115122534,0.19190754,0.00031587807,0.30781993,0.017746229,0.20030543,0.004944629
ZJ018232,0.22951311,0.1667118,0.13595122,0.035437558,0.028830023,0.031208787,0.27661258,0.09573491
ZJ018233,0.20277305,0.035133176,0.20547964,0.2443295,0.12793328,0.014505819,0.004133921,0.16571164
ZJ018234,0.0762123,0.0015855395,0.2845781,0.23308751,0.011498225,0.0075690593,0.0010366116,0.38443267
ZJ018235,0.06629248,0.0010682084,0.5595421,0.13051747,0.00949246,0.034382656,0.0010569721,0.19764774
ZJ018236,0.045921426,0.055562947,0.7080021,0.0020353238,0.010603982,0.088423565,0.04297439,0.04647626
ZJ018237,0.1584171,0.0026988944,0.15416448,0.30483633,0.0023427347,0.07960085,0.004352808,0.29358676
ZJ018238,0.26609483,0.002367578,0.19337672,0.27054027,0.16652094,0.01126121,0.0013278708,0.08851061
ZJ018239,0.11540671,0.19096276,0.3259018,0.0004701852,0.0032737788,0.08016251,0.24841018,0.035412084
ZJ018240,0.48630777,0.048878398,0.05000105,0.08328457,0.1307754,0.041917797,0.10751826,0.05131671
ZJ018241,0.059245996,0.011312754,0.5054066,0.116954565,0.17999396,0.022178372,0.009034936,0.095872864
ZJ018242,0.13505091,0.089234665,0.327085,0.00057928654,0.0019545644,0.15984692,0.27056512,0.01568356
ZJ018243,0.020406222,0.07263418,0.59988624,0.0011901932,0.0070867334,0.25630724,0.023477904,0.019011287
ZJ018244,0.07380475,0.005832274,0.50946105,0.15806532,0.005113295,0.04422293,0.0017880679,0.20171236
ZJ018245,0.06384313,0.6177937,0.1726237,0.0014704894,0.004296701,0.057224996,0.057254437,0.025492854
ZJ018246,0.0024436107,0.0012875656,0.008920467,0.0034361172,0.00056404,0.9819853,0.0003054805,0.0010574523
ZJ018247,0.33099338,0.18142988,0.15753458,0.00312943,0.09631167,0.04608636,0.10403744,0.080477215
ZJ018248,0.096399285,0.060392916,0.25821015,0.0006612282,0.25350064,0.1395159,0.18235166,0.008968175
ZJ018249,0.20014915,0.120453075,0.26909566,0.0035251477,0.0584659,0.060599234,0.20731394,0.080397926
ZJ018250,0.17694242,0.110526666,0.18226406,0.00037180545,0.07786692,0.024667108,0.41808718,0.009273811
ZJ018251,0.20641656,0.024901167,0.44355887,0.104835406,0.027300779,0.070623115,0.027870163,0.094493955
ZJ018252,0.11838701,0.044120617,0.2565508,0.00067293464,0.0018471754,0.15558086,0.4102939,0.012546718
ZJ018253,0.12869704,0.5345489,0.047275987,0.01136024,0.05098522,0.02806368,0.1670888,0.031980082
ZJ018254,0.18886644,0.034179788,0.48899832,0.051365424,0.018760484,0.029844293,0.059929855,0.1280554
ZJ018255,0.5779878,0.02096873,0.034363344,0.007049287,0.0820274,0.0057068444,0.23526633,0.036630306
ZJ018256,0.1485858,0.0011174184,0.4341923,0.052383035,0.1922253,0.014072767,0.0016870097,0.15573639
ZJ018257,0.27379748,0.15892442,0.2364898,0.0024038584,0.0066077453,0.026312629,0.27617374,0.019290358
ZJ018258,0.1642378,0.36961302,0.15750301,0.00045981308,0.000911332,0.018371357,0.23595281,0.052950814
ZJ018259,0.14673537,0.086363286,0.17910478,0.004174862,0.006608659,0.133283,0.36302462,0.08070542
ZJ018260,0.27357805,0.004608744,0.33565062,0.09971696,0.0021572341,0.013116484,0.020786002,0.25038594
ZJ018261,0.2343581,0.07575931,0.33267674,0.0002985233,0.003635068,0.052433856,0.2949677,0.005870701
ZJ018262,0.114419,0.035896827,0.11078677,0.0016638021,0.5796401,0.026073301,0.105369546,0.026150597
ZJ018263,0.36922446,0.18005516,0.12348263,0.033038132,0.03348476,0.04496933,0.17799461,0.037750915
ZJ018264,0.20638566,0.27975,0.12267785,0.007986086,0.01342021,0.019589946,0.30270946,0.047480743
ZJ018265,0.14930348,0.15743786,0.1497068,0.0004498627,0.0013438908,0.09631393,0.43262818,0.012815991
ZJ018266,0.115937136,0.0019656178,0.0840949,0.56868124,0.0044273282,0.004051897,0.008259909,0.21258196
ZJ018267,0.13982125,0.0103636095,0.24702379,0.3955681,0.05877298,0.04800469,0.004235707,0.09620984
ZJ018268,0.11294716,0.1415839,0.40184706,0.0005272177,0.003031955,0.16501912,0.16854337,0.006500234
ZJ018269,0.14331792,0.015613485,0.1822731,0.37853304,0.006140543,0.10616656,0.004709069,0.16324633
ZJ018270,0.15135963,0.023546731,0.06390233,0.028995512,0.5750369,0.036429413,0.019108385,0.10162104
ZJ018271,0.09968546,0.012412359,0.105415486,0.62076664,0.00705314,0.104830176,0.019593146,0.030243518
ZJ018272,0.60549724,0.008647885,0.011066819,0.005855285,0.23257895,0.09615664,0.036350887,0.0038463473
ZJ018273,0.06597246,0.08743557,0.10570915,0.036561344,0.017585007,0.6051619,0.040407687,0.041166846
ZJ018274,0.24053264,0.096801795,0.22159006,0.0006888779,0.0049042064,0.041345373,0.3860969,0.008040159
ZJ018275,0.3420013,0.1026219,0.1965506,0.019765163,0.020571738,0.05325549,0.085526414,0.17970744
ZJ018276,0.15413563,0.04525706,0.15664092,0.0009613458,0.2965517,0.121818304,0.18110552,0.043529503
ZJ018277,0.18467839,0.08934927,0.31186736,0.002839922,0.024189193,0.11219673,0.19357656,0.08130259
ZJ018278,0.13754106,0.06426931,0.372394,0.008180407,0.042282283,0.050418176,0.26469722,0.0602175
ZJ018279,0.23495738,0.13509199,0.14357175,0.005109541,0.056003913,0.09567471,0.18255544,0.14703529
ZJ018280,0.1713577,0.14085047,0.41139603,0.00030099976,0.0021929995,0.038704235,0.22687373,0.008323854
ZJ018281,0.27156445,0.059976943,0.24669245,0.0031623146,0.007986097,0.011956684,0.3530947,0.045566313
ZJ018282,0.18287899,0.1562757,0.15266459,0.0007250702,0.13022679,0.027499314,0.34047425,0.009255355
ZJ018283,0.19702205,0.33920008,0.19998972,0.0016589198,0.0032843691,0.075763434,0.1538602,0.029221267
ZJ018284,0.24554019,0.0020060122,0.09562548,0.23647846,0.019938009,0.07732642,0.004811537,0.3182739
ZJ018285,0.22542106,0.11788547,0.16110927,0.00087261753,0.065999486,0.1473791,0.26665434,0.014678662
ZJ018286,0.40545768,0.08429547,0.08977281,0.030575229,0.09006688,0.055396955,0.19991915,0.044515867
ZJ018287,0.22698267,0.009138652,0.17871329,0.3107826,0.15618469,0.06340733,0.009423181,0.04536757
ZJ018288,0.20054293,0.027377166,0.11370179,0.016562501,0.372115,0.090350665,0.019781593,0.15956837
ZJ018289,0.23485069,0.108525455,0.11064953,0.0013161728,0.011235924,0.039919242,0.4693286,0.024174396
ZJ018290,0.28744474,0.16393091,0.22538789,0.0056117787,0.0060716877,0.03008262,0.2593318,0.02213854
ZJ018291,0.34495875,0.0016419989,0.022581493,0.014062363,0.5968113,0.005051043,0.003566182,0.011326803
ZJ018292,0.03206005,0.02101773,0.0867919,0.008708474,0.011243776,0.7959821,0.034076758,0.010119185
ZJ018293,0.3843462,0.06927233,0.20376837,0.002512661,0.06349689,0.024954405,0.21369442,0.037954733
ZJ018294,0.10970693,0.016282352,0.0980203,0.3889689,0.025381446,0.018356482,0.011424491,0.3318591
ZJ018295,0.087509595,0.002143989,0.13579981,0.69812405,0.006989283,0.016741995,0.0080100745,0.04468121
ZJ018296,0.21434256,0.32900727,0.1511854,0.009620217,0.02949925,0.020397238,0.18358909,0.06235893
ZJ018297,0.26923868,0.008946083,0.11283501,0.4635728,0.059496444,0.030550642,0.009033921,0.04632643
ZJ018298,0.11862086,0.008455632,0.2038023,0.28225031,0.11367985,0.023237826,0.0013094072,0.24864376
ZJ018299,0.23813477,0.0056074113,0.109656885,0.40275356,0.06589618,0.013069749,0.014759123,0.15012231
ZJ018300,0.24573408,0.016852856,0.0788003,0.008856547,0.53975624,0.036117215,0.036221147,0.037661593
ZJ018301,0.32017392,0.11383407,0.07648103,0.05835495,0.13217774,0.032057684,0.20675458,0.060166094
ZJ018302,0.039906405,0.008343134,0.11796269,0.6567611,0.011196222,0.04091835,0.0026718408,0.12224022
ZJ018303,0.12947318,0.11699799,0.27179953,0.0014336212,0.0045302124,0.16098379,0.2868212,0.027960489
ZJ018304,0.17278762,0.23203896,0.18024428,0.0004089647,0.0045508966,0.083321124,0.304918,0.021730166
ZJ018305,0.18383825,0.09106913,0.121896,0.0015308883,0.008464158,0.028136361,0.5418089,0.023256345
ZJ018306,0.1905365,0.099525236,0.20610584,0.009477092,0.008105263,0.09595145,0.32823172,0.06206688
ZJ018307,0.26382017,0.04080435,0.20230283,0.0032254169,0.1516681,0.010962615,0.28411275,0.04310379
ZJ018308,0.19910751,0.286645,0.12924685,0.014762891,0.0058524827,0.020839715,0.23634388,0.107201666
ZJ018309,0.23145814,0.15039839,0.18451358,0.022934694,0.0066377763,0.049844284,0.24650924,0.107703894
ZJ018310,0.21453314,0.2422166,0.21602777,0.012549008,0.0075813406,0.009150973,0.076053746,0.22188741
ZJ018311,0.14170952,0.018330762,0.53947604,0.065361366,0.00492153,0.014697084,0.02117987,0.1943238
ZJ018312,0.10763597,0.116921596,0.36445087,0.00048710458,0.0012608761,0.20456189,0.19827715,0.0064046136
ZJ018313,0.28401127,0.13476865,0.15293899,0.0015633361,0.013072241,0.017199907,0.37961948,0.016826052
ZJ018314,0.43866146,0.122053236,0.13236156,0.014752915,0.044623133,0.02506737,0.18309899,0.039381366
ZJ018315,0.30090222,0.18286106,0.12944138,0.08174379,0.012256679,0.013126714,0.07784039,0.20182775
ZJ018316,0.12837614,0.2573288,0.24373913,0.00037164203,0.1475653,0.10579912,0.09520495,0.021614932
ZJ018317,0.16132481,0.41726273,0.112910494,0.003151401,0.004689743,0.055990998,0.19334988,0.05131994
ZJ018318,0.097846724,0.0015705958,0.52267665,0.11696244,0.049167626,0.029385483,0.0018840908,0.18050632
ZJ018319,0.1720965,0.13493569,0.032926712,0.004782569,0.30899352,0.08830764,0.25200492,0.0059524383
ZJ018320,0.29117516,0.20455131,0.18698815,0.026001917,0.060380664,0.038090806,0.0714925,0.12131951
ZJ018321,0.09124148,0.39088097,0.28532457,0.0006903536,0.0028186147,0.104066156,0.10932716,0.015650688
ZJ018322,0.2228245,0.17385273,0.19019818,0.001788142,0.038109563,0.054937437,0.23480973,0.08347971
ZJ018323,0.14764743,0.1550519,0.34431866,0.0010114319,0.008414148,0.08677468,0.24713427,0.009647511
ZJ018324,0.61397934,0.019723644,0.0671285,0.053715907,0.061398767,0.009219141,0.104872815,0.06996196
ZJ018325,0.15865767,0.0022528416,0.10702895,0.5150304,0.011086432,0.0030184193,0.0067757354,0.19614959
ZJ018326,0.2519471,0.15389153,0.10352761,0.003770177,0.021792835,0.017862834,0.4146801,0.032527816
ZJ018327,0.14569685,0.0009370141,0.11236071,0.5094249,0.008406572,0.00445352,0.002730373,0.21598999
ZJ018328,0.23804499,0.20673653,0.1687196,0.07270749,0.014003568,0.034509543,0.16589732,0.09938087
ZJ018329,0.08692428,0.050204255,0.60396236,0.0052223555,0.064844064,0.03988666,0.08351805,0.06543796
ZJ018330,0.33706304,0.15455261,0.174655,0.004349976,0.009565455,0.04618365,0.16752188,0.10610836
ZJ018331,0.3506155,0.0863257,0.107686915,0.010168605,0.010506107,0.04523558,0.32996675,0.05949478
ZJ018332,0.36123663,0.06101228,0.23561974,0.06315385,0.08016,0.01398089,0.04305829,0.14177828
ZJ018333,0.088393845,0.02140326,0.26661116,0.01869832,0.01224488,0.5020714,0.036231115,0.054346055
ZJ018334,0.33148235,0.08809329,0.25539675,0.0044399803,0.015114124,0.028135385,0.25927666,0.018061504
ZJ018335,0.27289882,0.14358497,0.15224649,0.010674573,0.055834334,0.021556523,0.30398548,0.039218795
ZJ018336,0.36762878,0.100290045,0.14366476,0.020747263,0.049337015,0.039577685,0.21264103,0.066113435
ZJ018337,0.09131858,0.36239988,0.38727406,0.0009834669,0.0032727567,0.036685895,0.10270571,0.015359652
ZJ018338,0.45559758,0.105156854,0.05988521,0.024297444,0.14083879,0.013186019,0.11414052,0.086897664
ZJ018339,0.33102345,0.061607998,0.17310783,0.019097527,0.021310102,0.01086105,0.31429806,0.068693966
ZJ018340,0.16069798,0.34149984,0.27573657,0.024725495,0.012635646,0.06552774,0.09974277,0.019433985
ZJ018341,0.36382064,0.13561594,0.070797905,0.033030722,0.15488224,0.024476506,0.14614987,0.071226165
ZJ018342,0.41910633,0.21703309,0.0939539,0.0017466772,0.039152533,0.019874992,0.17397618,0.03515632
ZJ018343,0.18003981,0.005373614,0.13381547,0.47699353,0.005095298,0.0045792917,0.0058988915,0.18820414
ZJ018344,0.23289125,0.013652885,0.08586877,0.3571714,0.17804395,0.062947914,0.012731565,0.05669228
ZJ018345,0.29388767,0.16099288,0.19086742,0.0020554767,0.028177889,0.04215703,0.2372264,0.044635244
ZJ018346,0.043989357,0.051551383,0.06109184,0.0023336336,0.0034153813,0.79421175,0.026868531,0.01653819
ZJ018347,0.110858716,0.06756511,0.22825535,0.0064635933,0.23413983,0.0857695,0.21346214,0.053485755
ZJ018348,0.12977767,0.05022759,0.19139889,0.2613368,0.06333016,0.022367373,0.012527038,0.2690345
ZJ018349,0.19521423,0.11299309,0.10786657,0.0005674257,0.063504785,0.040901627,0.4380047,0.040947627
ZJ018350,0.3748925,0.062137052,0.04448822,0.00211061,0.25754532,0.013598536,0.11909234,0.12613535
ZJ018351,0.1532544,0.3073362,0.26482764,0.0049160984,0.0025127726,0.13718195,0.111761354,0.018209608
ZJ018352,0.07127179,0.020358132,0.0916516,0.008801284,0.010236097,0.7334761,0.05275929,0.011445741
ZJ018353,0.16358371,0.31657994,0.10589993,0.0077874716,0.020047579,0.045017883,0.2588951,0.082188345
ZJ018354,0.33651185,0.0927829,0.11010419,0.011013056,0.012438025,0.00642146,0.36795503,0.06277352
ZJ018355,0.069054954,0.10302668,0.10649694,0.07248888,0.031622164,0.5550764,0.025690015,0.0365439
ZJ018356,0.30041474,0.010901444,0.10209492,0.37953848,0.08281407,0.048764877,0.02162057,0.053850867
ZJ018357,0.2875703,0.17959152,0.109633215,0.015557818,0.01866064,0.014046128,0.2511647,0.123775706
ZJ018358,0.30185425,0.16411896,0.18198565,0.0025149668,0.11016002,0.024065645,0.17321634,0.042084184
ZJ018359,0.18380433,0.15419853,0.23671108,0.0019249181,0.003735644,0.006390387,0.35725296,0.055982098
ZJ018360,0.6328361,0.011325795,0.06791659,0.0016412506,0.16771734,0.027233746,0.07792582,0.013403349
ZJ018361,0.33470184,0.08491014,0.19785261,0.0036496867,0.013372015,0.019388113,0.30625704,0.03986849
ZJ018362,0.16440736,0.11669524,0.27215332,0.0003460451,0.08350009,0.052858103,0.29221478,0.017825067
ZJ018363,0.41671413,0.0869796,0.06424215,0.06019656,0.12006755,0.03800579,0.16718958,0.046604585
ZJ018364,0.30315214,0.06789698,0.3869516,0.009778491,0.0071000536,0.02433646,0.13749176,0.06329251
ZJ018365,0.2872756,0.17260157,0.11689165,0.107856125,0.0640732,0.016580649,0.08569797,0.14902322
ZJ018366,0.19786823,0.27321628,0.1850132,0.0015433112,0.0023517164,0.054145634,0.22288531,0.06297627
ZJ018367,0.10065758,0.010904341,0.14512362,0.4043764,0.03099255,0.02102573,0.010190979,0.27672878
ZJ018368,0.1758805,0.12040593,0.32208872,0.00080321584,0.0019261547,0.046546374,0.31499305,0.01735603
ZJ018369,0.17804635,0.35917467,0.13902777,0.0032328712,0.016697887,0.034462318,0.21319383,0.05616433
ZJ018370,0.12125828,0.09618031,0.33544353,0.0013752904,0.002490349,0.21486808,0.21134397,0.017040147
ZJ018371,0.23230214,0.18889837,0.16479696,0.045718107,0.057848945,0.040266167,0.024247533,0.24592173
ZJ018372,0.18269001,0.018909885,0.07654285,0.37251738,0.08324162,0.17295931,0.012064933,0.081074014
ZJ018373,0.08743965,0.0008196204,0.12498617,0.58138096,0.0020417094,0.004104586,0.0013028214,0.19792452
ZJ018374,0.3120932,0.08056966,0.17104661,0.011108846,0.06764862,0.037872974,0.2623411,0.057318974
ZJ018375,0.09617806,0.0010327334,0.2800848,0.38721338,0.009201992,0.019788615,0.0016315855,0.20486885
ZJ018376,0.33316603,0.14097542,0.15449806,0.0032046894,0.0043839826,0.025130028,0.31733504,0.021306774
ZJ018377,0.061543263,0.13809815,0.3677926,0.00054035493,0.050242666,0.2544152,0.12468503,0.0026827073
ZJ018378,0.05123757,0.062490325,0.7505876,0.0022712096,0.010400342,0.053019524,0.048895035,0.021098368
ZJ018379,0.09445122,0.11709408,0.10811823,0.09314587,0.023720201,0.45293117,0.03108583,0.07945341
ZJ018380,0.19070256,0.18784165,0.21719134,0.094537,0.047763288,0.11173103,0.035496134,0.11473697
ZJ018381,0.18157774,0.1939728,0.20961747,0.037007503,0.044953503,0.23279779,0.06757963,0.032493535
ZJ018382,0.12240638,0.075623594,0.23960826,0.0020823672,0.0055581913,0.195869,0.33981216,0.019040037
ZJ018383,0.19059001,0.40439025,0.10465381,0.008450042,0.0111710075,0.06324128,0.16105397,0.05644966
ZJ018384,0.34683785,0.14288777,0.11214954,0.0031863449,0.031164426,0.009506066,0.3125531,0.041714884
ZJ018385,0.25753245,0.27516675,0.055014305,0.00037062398,0.007967429,0.009299733,0.3788447,0.015803974
ZJ018386,0.18925697,0.180756,0.07943786,0.00788986,0.045537587,0.027095905,0.42822418,0.04180165
ZJ018387,0.17315683,0.00558905,0.50680894,0.080676176,0.060477983,0.022781866,0.0042949873,0.14621416
ZJ018388,0.13736665,0.19604318,0.40750596,0.0008902274,0.008329867,0.030041672,0.20819171,0.011630707
ZJ018389,0.41100726,0.07059205,0.10015767,0.0032807894,0.038924195,0.14125383,0.15939547,0.075388744
ZJ018390,0.3624623,0.20093493,0.21708323,0.002402067,0.005734425,0.026546499,0.13259637,0.052240185
ZJ018391,0.13719624,0.003910729,0.41805306,0.06338924,0.042930834,0.016232073,0.001067002,0.31722075
ZJ018392,0.12994434,0.014848649,0.1028814,0.5130451,0.007074162,0.18099275,0.007587978,0.043625668
ZJ018393,0.008194542,0.004910659,0.038698595,7.397723e-05,0.0064456076,0.93865657,0.00263182,0.00038825662
ZJ018394,0.07504279,0.14956297,0.40674943,0.004049805,0.03149864,0.13365014,0.18615173,0.013294505
ZJ018395,0.5404529,0.035727445,0.09816486,0.05347518,0.14378247,0.011666402,0.025546629,0.09118407
ZJ018396,0.29211283,0.07411109,0.25793,0.0024879633,0.012644618,0.05084247,0.29454765,0.015323366
ZJ018397,0.12617852,0.006156228,0.23550229,0.22902663,0.0076182433,0.039037716,0.0058503435,0.35063004
ZJ018398,0.31855968,0.14525928,0.10020706,0.0019986446,0.012841,0.21747679,0.1847413,0.01891631
ZJ018399,0.19252785,0.08748318,0.38911048,0.0018595606,0.002924335,0.08434189,0.21965282,0.022099908
ZJ018400,0.32879204,0.114745386,0.1949213,0.038852718,0.12197425,0.032941174,0.016221432,0.15155171
ZJ018401,0.12824683,0.03029138,0.060323443,0.00012946571,0.005358514,0.0013483864,0.7488324,0.025469568
ZJ018402,0.15569471,0.12287008,0.18573722,0.0032328991,0.006600966,0.34295642,0.11659406,0.066313624
ZJ018403,0.35819376,0.10799798,0.11880793,0.0045115454,0.013111301,0.039222293,0.28188455,0.07627066
ZJ018404,0.21265478,0.12655696,0.16748385,0.21456194,0.069624744,0.008972781,0.02761393,0.17253102
ZJ018405,0.2786802,0.083150946,0.21605347,0.0016577507,0.004769241,0.038150676,0.35435155,0.023186183
ZJ018406,0.46098265,0.061400037,0.046934586,0.035297573,0.10748069,0.013808078,0.23529637,0.038800064
ZJ018407,0.01736921,0.054401096,0.3870474,0.00043558088,0.01774164,0.48422962,0.033481088,0.005294353
ZJ018408,0.16610579,0.26895893,0.27657565,0.0001820484,0.024769213,0.11399617,0.09432418,0.055088017
ZJ018409,0.13100514,0.0013862313,0.10300977,0.60777676,0.015780937,0.03511936,0.00896339,0.096958406
ZJ018410,0.11945873,0.016475214,0.064746715,0.08913824,0.45994425,0.11344108,0.015019767,0.121776074
ZJ018411,0.039574295,0.017483013,0.02584432,0.0026499622,0.001059615,0.88682115,0.01799271,0.008574955
ZJ018412,0.29387876,0.0006160876,0.052202772,0.41032872,0.09752496,0.0041581807,0.0010303799,0.14026009
ZJ018413,0.26850227,0.13923983,0.1435188,0.00052848,0.0037544176,0.01567613,0.40972412,0.019055935
ZJ018414,0.34279433,0.0743406,0.114982165,0.044320673,0.14622042,0.062495418,0.12024071,0.09460567
ZJ018415,0.018822385,0.0074422434,0.030485,0.0031773413,0.006715545,0.92236805,0.005883843,0.0051055746
ZJ018416,0.40177625,0.1230195,0.14848113,0.08811199,0.016696358,0.005304349,0.07622988,0.14038055
ZJ018417,0.25435895,0.23387201,0.20652302,0.020880263,0.037652303,0.030887287,0.031702958,0.18412317
ZJ018418,0.4505089,0.09158812,0.060412683,0.034205418,0.11318955,0.021240607,0.14080091,0.08805386
ZJ018419,0.29731783,0.1292037,0.18808052,0.0014220607,0.04351017,0.006322837,0.27575672,0.058386147
ZJ018420,0.16069965,0.2739561,0.19055071,0.0062127723,0.0058252015,0.069835715,0.18494178,0.10797808
ZJ018421,0.11223827,0.0053113503,0.09500368,0.60966724,0.008809575,0.0039167954,0.007229287,0.15782379
ZJ018422,0.16500439,0.01927535,0.16563967,0.468191,0.014760588,0.11359542,0.018637521,0.034896027
ZJ018423,0.24020338,0.20702429,0.2242563,0.00078501157,0.0056103976,0.019690413,0.2873955,0.015034621
ZJ018424,0.34602323,0.07231129,0.21269952,0.019129414,0.018965144,0.05366886,0.096321024,0.18088147
ZJ018425,0.25763413,0.008586078,0.13092515,0.37353045,0.09424211,0.08178813,0.012659604,0.040634286
ZJ018426,0.011177342,0.00379659,0.015392313,0.0011276577,0.004321215,0.94938266,0.012745871,0.0020563197
ZJ018427,0.06376364,0.115658335,0.44996363,0.0049843406,0.015396498,0.14898145,0.18757994,0.013672115
ZJ018428,0.13772257,0.22428642,0.18494327,0.008013466,0.03193146,0.035231084,0.056907624,0.32096416
ZJ018429,0.32486206,0.121553615,0.18428598,0.0036095898,0.021850696,0.04396856,0.2735749,0.026294583
ZJ018430,0.1916819,0.25815898,0.19511756,0.019889034,0.033415154,0.049213607,0.09357344,0.15895033
ZJ018431,0.20630871,0.017622117,0.21402201,0.310164,0.01222261,0.020296171,0.008943755,0.21042067
ZJ018432,0.2988231,0.17180571,0.1763928,0.010103487,0.0355253,0.03979639,0.22274464,0.04480858
ZJ018433,0.18688801,0.20242816,0.13293451,0.003626494,0.003360818,0.06895555,0.35373342,0.048073053
ZJ018434,0.020601226,0.06580418,0.06849286,0.0007390283,0.04519629,0.76873493,0.016950645,0.013480921
ZJ018435,0.37341714,0.12960032,0.15141512,0.047904395,0.03959632,0.046099667,0.17113087,0.04083614
ZJ018436,0.13419373,0.013554186,0.2506336,0.30965057,0.04129528,0.058887444,0.0021779996,0.18960716
ZJ018437,0.14702174,0.16376628,0.34012783,0.000658017,0.013929055,0.03602672,0.26589617,0.03257418
ZJ018438,0.08337866,0.046343468,0.08589044,0.002521265,0.59297484,0.095919706,0.08585058,0.0071210572
ZJ018439,0.16985011,0.22905545,0.18020396,0.0015179078,0.013268005,0.31097332,0.071950205,0.023180967
ZJ018440,0.07330573,0.049496964,0.08069119,0.009216753,0.016418872,0.6822247,0.020989629,0.067656144
ZJ018441,0.20009655,0.21141933,0.11892932,0.009615345,0.051446192,0.07955079,0.2862858,0.042656664
ZJ018442,0.08939605,0.07135622,0.13240321,0.0021059085,0.5150141,0.0823214,0.09571575,0.011687399
ZJ018443,0.14708993,0.2300905,0.15714431,0.0032036672,0.007446451,0.068080544,0.21506074,0.17188388
ZJ018444,0.1297747,0.33808026,0.1782889,0.029294405,0.0119121345,0.11768626,0.084832616,0.11013069
ZJ018445,0.19719759,0.18194765,0.1376868,0.002948627,0.029903421,0.05614138,0.18066095,0.21351355
ZJ018446,0.2600262,0.17521474,0.2720479,0.0005613457,0.0038265607,0.019409146,0.25729623,0.011617905
ZJ018447,0.14747371,0.016639804,0.17588374,0.019392166,0.30873886,0.09009692,0.01377076,0.22800404
ZJ018448,0.35805294,0.11929159,0.20951074,0.004923965,0.014722019,0.039626457,0.21961403,0.0342583
ZJ018449,0.028318325,0.12645526,0.5695417,0.00045645022,0.010752803,0.22382832,0.023683239,0.016963907
ZJ018450,0.15170656,0.19238356,0.22105443,0.00091071706,0.0016759051,0.24374792,0.15999427,0.028526628
ZJ018451,0.16809991,0.07696316,0.2170971,0.17835274,0.050146103,0.025053203,0.017046891,0.26724085
ZJ018452,0.46991712,0.062337115,0.13434933,0.07583565,0.0303875,0.010390705,0.06690846,0.14987412
ZJ018453,0.17096154,0.2737615,0.23076372,0.0021723243,0.0017802297,0.058746785,0.18327701,0.07853684
ZJ018454,0.014541483,0.048394147,0.07792264,0.00019288134,0.0243014,0.81622815,0.0074493727,0.010969927
ZJ018455,0.083185606,0.0028304525,0.18116057,0.41403437,0.0058252304,0.27302444,0.0056820353,0.03425731
ZJ018456,0.2645484,0.13237214,0.12573026,0.0023847716,0.010578848,0.02417364,0.4175605,0.022651477
ZJ018457,0.217846,0.19782278,0.10145172,0.19379927,0.053369902,0.018014586,0.095114924,0.12258082
ZJ018458,0.17485738,0.27805063,0.098525375,0.024595615,0.012906916,0.03291009,0.1817931,0.19636089
ZJ018459,0.2048921,0.09826996,0.20388375,0.0054665026,0.0125696035,0.2660243,0.19821484,0.010678958
ZJ018460,0.08488261,0.0010626697,0.1362457,0.55479294,0.010097539,0.028677657,0.00048753826,0.18375334
ZJ018461,0.19407144,0.21700001,0.22633883,0.002452751,0.009340573,0.05458619,0.14859521,0.14761503
ZJ018462,0.25048494,0.0563078,0.08371098,0.31576264,0.04465938,0.00177988,0.015111281,0.2321832
ZJ018463,0.0072223013,0.0030115438,0.023800684,0.00057636574,0.004062319,0.9562145,0.0015403138,0.0035719438
ZJ018464,0.2627413,0.21566613,0.19541608,0.016802387,0.032970015,0.023021221,0.20086138,0.052521493
ZJ018465,0.25241503,0.20494497,0.17309672,0.020215223,0.0068232827,0.047454122,0.17512856,0.11992217
ZJ018466,0.42758372,0.03298672,0.091595195,0.0026742213,0.011754802,0.0036533412,0.38866526,0.041086666
ZJ018467,0.25066867,0.23117988,0.19397606,0.0009088553,0.003330757,0.045266546,0.21397744,0.06069173
ZJ018468,0.08678834,0.004098646,0.17547774,0.5364851,0.0032310728,0.00859669,0.010378423,0.17494403
ZJ018469,0.08202659,0.038539164,0.3848082,0.0041495683,0.04909799,0.33420753,0.10213485,0.0050360076
ZJ018470,0.19461603,0.2408709,0.15267518,0.001030246,0.0026128604,0.016102633,0.36617756,0.025914595
ZJ018471,0.111750655,0.05658417,0.23404273,0.07332421,0.024508717,0.12749226,0.0840894,0.28820777
ZJ018472,0.008752331,0.0054026535,0.013758893,0.0013032351,0.0033731174,0.9629271,0.002658872,0.0018237429
ZJ018473,0.31286278,0.07853507,0.20997553,0.02560908,0.010791859,0.2160833,0.09780166,0.0483407
ZJ018474,0.18025948,0.090206556,0.30339837,0.00028861477,0.046146642,0.02303992,0.34573916,0.010921282
ZJ018475,0.112856,0.001630588,0.34682837,0.20432618,0.16397564,0.0102016935,0.0020895516,0.158092
ZJ018476,0.2066613,0.19442822,0.18327872,0.0018570507,0.010984341,0.10237662,0.17145894,0.12895475
ZJ018477,0.15166844,0.09301511,0.48014918,0.00071704487,0.0035947375,0.020869588,0.23690249,0.0130834095
ZJ018478,0.26288226,0.11111584,0.22235823,0.0026161957,0.08997013,0.017389636,0.20363034,0.09003743
ZJ018479,0.2620339,0.1573565,0.13911358,0.013785233,0.010651028,0.061907332,0.1781675,0.17698489
ZJ018480,0.20880122,0.31342325,0.112640046,0.040654648,0.024857664,0.03224122,0.18015456,0.0872274
ZJ018481,0.3737914,0.09771725,0.09503006,0.0276162,0.16038845,0.047937363,0.1393814,0.05813787
ZJ018482,0.14222234,0.08868446,0.33325818,0.0003478113,0.0019513634,0.10303101,0.31942755,0.011077275
ZJ018483,0.16737925,0.011764157,0.032198023,0.0003787306,0.023359185,0.11912368,0.6247029,0.021094099
ZJ018484,0.19625372,0.0179197,0.094224826,0.018407518,0.42870277,0.06137958,0.019513264,0.1635986
ZJ018485,0.10493109,0.039326917,0.016674286,0.00017433685,0.0774146,0.017184014,0.7212882,0.023006592
ZJ018486,0.3154261,0.15453416,0.16158901,0.003030438,0.00956093,0.010968705,0.31674814,0.028142486
ZJ018487,0.1600769,0.042014327,0.11715298,0.008547721,0.013480321,0.48543504,0.14933036,0.023962367
ZJ018488,0.18200238,0.19301702,0.34520608,0.0005738076,0.007585739,0.01731174,0.22919582,0.025107373
ZJ018489,0.22435388,0.059258554,0.112138875,0.0018205302,0.009011801,0.19300273,0.36366388,0.03674974
ZJ018490,0.3595089,0.022868067,0.10625911,0.06486215,0.26036355,0.07077998,0.011935318,0.10342298
ZJ018491,0.28132898,0.116858594,0.19479541,0.0016864812,0.073330924,0.007440133,0.2744486,0.050110884
ZJ018492,0.3322392,0.0649693,0.30411232,0.006243892,0.005203587,0.044914782,0.20646453,0.0358524
ZJ018493,0.0597154,0.062392205,0.092805065,0.004329617,0.016155433,0.68664324,0.06604765,0.011911361
ZJ018494,0.2656693,0.0061453413,0.33685464,0.004951284,0.19963114,0.012058668,0.009783603,0.16490604
ZJ018495,0.29200447,0.09981878,0.14721677,0.01561192,0.050143603,0.06313473,0.28268117,0.04938859
ZJ018496,0.30884874,0.09619602,0.1335975,0.004732798,0.17977837,0.04478366,0.16594113,0.06612184
ZJ018497,0.12899214,0.09149076,0.21852618,0.00107324,0.0014154125,0.09300724,0.4311167,0.034378372
ZJ018498,0.38599735,0.05910565,0.08289499,0.035799365,0.16462463,0.09961354,0.06521043,0.10675398
ZJ018499,0.15595442,0.0817356,0.4326956,0.00045406836,0.004665758,0.056658406,0.2483697,0.019466432
ZJ018500,0.09820814,0.065004535,0.53373593,0.0059950543,0.07550511,0.04529791,0.08509236,0.091160946
ZJ018501,0.010288928,0.017685603,0.06950746,0.0008950546,0.012262925,0.86026704,0.020532455,0.008560524
ZJ018502,0.14728628,0.35529992,0.07473744,0.0038710085,0.046605587,0.11075824,0.21965575,0.04178573
ZJ018503,0.19280523,0.04891979,0.17328492,0.0010633845,0.0052669058,0.07994964,0.4378454,0.06086474
ZJ018504,0.30341187,0.13548152,0.22851767,0.0028863875,0.0018284281,0.0176453,0.28314698,0.027081847
ZJ018505,0.25811243,0.0007875688,0.15415393,0.00909532,0.4270696,0.0030016233,0.0033956,0.14438392
ZJ018506,0.3248774,0.0008517915,0.017143728,0.009449223,0.6223916,0.0040252847,0.0032966754,0.017964274
ZJ018507,0.2548805,0.28159577,0.080014855,0.0035002013,0.03187178,0.02323545,0.23469049,0.09021091
ZJ018508,0.08342341,0.0627757,0.16331163,0.008728525,0.082699284,0.40195382,0.16923435,0.027873235
ZJ018509,0.31930116,0.09016232,0.05329665,0.014755388,0.27232623,0.00510907,0.1797354,0.06531378
ZJ018510,0.16665253,0.03960708,0.07248134,0.040132184,0.37592688,0.23140489,0.014663626,0.05913134
ZJ018511,0.1492487,0.4185694,0.14056447,0.00065482303,0.0015382163,0.11936858,0.15959322,0.01046255
ZJ018512,0.093504064,0.032225784,0.36314386,0.0015402299,0.0036065923,0.123306274,0.3691322,0.013541017
ZJ018513,0.1444172,0.16172226,0.31326026,0.0013743975,0.0018369873,0.16505961,0.20139824,0.010931044
ZJ018514,0.20786068,0.17125674,0.22658831,0.0039909557,0.011265317,0.09045628,0.1285762,0.16000554
ZJ018515,0.14148097,0.04911177,0.39655837,0.013600913,0.01551369,0.1057952,0.19109938,0.086839706
ZJ018516,0.1434245,0.03334813,0.15863518,0.020977039,0.42264825,0.019894477,0.0040970854,0.19697532
ZJ018517,0.21494818,0.016588544,0.2086956,0.28800148,0.0713664,0.023482904,0.004365217,0.17255169
ZJ018518,0.27618587,0.0022174157,0.04539228,0.3857316,0.23293447,0.014010505,0.0024888786,0.04103898
ZJ018519,0.14697088,0.21434036,0.477233,0.0006316197,0.014137914,0.0119796535,0.12974784,0.004958715
ZJ018520,0.30611733,0.14089859,0.20879458,0.00125558,0.0031214666,0.044114288,0.2741979,0.021500241
ZJ018521,0.43955848,0.07879437,0.048587184,0.019067956,0.22243397,0.03351499,0.12528522,0.032757808
ZJ018522,0.093480475,0.041555833,0.43765426,0.00865652,0.06557434,0.25661066,0.087085836,0.009382031
ZJ018523,0.039289027,0.07734683,0.6219127,0.0025740312,0.0010065705,0.0907149,0.13955952,0.027596416
ZJ018524,0.21065287,0.17675692,0.101083666,0.0035281621,0.12416922,0.021435034,0.17408042,0.18829371
ZJ018525,0.37894663,0.06254088,0.17419742,0.004061833,0.0107202735,0.014109383,0.28197193,0.073451675
ZJ018526,0.26663616,0.2069882,0.24253553,0.014086577,0.0063533476,0.008832276,0.049449887,0.205118
ZJ018527,0.011570088,0.009518006,0.020714063,0.002286256,0.014242214,0.93628806,0.0032791616,0.0021021066
ZJ018528,0.16313148,0.005272389,0.38888985,0.2500519,0.0062221983,0.010681363,0.008018216,0.1677326
ZJ018529,0.13985893,0.45354557,0.18428667,0.00093766465,0.009406859,0.009733599,0.18764745,0.014583264
ZJ018530,0.09456889,0.06530974,0.36999324,0.00550661,0.0029493535,0.05103101,0.39132264,0.019318486
ZJ018531,0.05530008,0.014950465,0.15059942,0.099172935,0.0052490593,0.49682498,0.004886624,0.17301646
ZJ018532,0.35903552,0.14858365,0.12088466,0.0028899678,0.02516224,0.008214481,0.2951511,0.040078335
ZJ018533,0.2946203,0.20793396,0.15762083,0.003015992,0.011879871,0.116459526,0.17384812,0.0346214
ZJ018534,0.06312938,0.0025027364,0.13414152,0.55718553,0.0091553535,0.02913029,0.0022788465,0.20247635
ZJ018535,0.07304829,0.0035779176,0.2828962,0.20576668,0.0069529256,0.0084211035,0.0034206437,0.41591626
ZJ018536,0.2757466,0.15339854,0.18733753,0.0013323743,0.005919815,0.064905845,0.24208179,0.06927745
ZJ018537,0.31302336,0.09406511,0.21428342,0.002033794,0.004190752,0.11298407,0.19774084,0.061678648
ZJ018538,0.22400765,0.0034327349,0.16113251,0.49089447,0.0032272788,0.0125568705,0.01025891,0.09448961
ZJ018539,0.16568805,0.16284305,0.1329204,0.002391353,0.004363789,0.05837951,0.36134565,0.11206826
ZJ018540,0.15741785,0.09777225,0.21913776,0.009411402,0.0063030105,0.052345503,0.37642792,0.0811843
ZJ018541,0.19745138,0.055139896,0.16227263,0.00061522494,0.45604768,0.01970112,0.09790743,0.010864647
ZJ018542,0.17912975,0.0013759128,0.40255442,0.07947867,0.014465784,0.04076723,0.011763913,0.27046436
ZJ018543,0.082284234,0.05559118,0.10561939,0.0011777851,0.007169942,0.60260814,0.13378292,0.011766401
ZJ018544,0.3494655,0.060156766,0.15196699,0.0010427304,0.029661875,0.022813587,0.37225604,0.012636517
ZJ018545,0.14254951,0.03938121,0.24434026,0.0020300641,0.0022757836,0.027515223,0.5138605,0.028047448
ZJ018546,0.2867358,0.15211059,0.17572095,0.004460875,0.0018190992,0.010340798,0.34868583,0.020126067
ZJ018547,0.20290077,0.0070464592,0.15975882,0.2911561,0.19647405,0.054872338,0.004717157,0.08307431
ZJ018548,0.11011443,0.00583251,0.14109495,0.3107006,0.0030507308,0.029635511,0.003911684,0.39565963
ZJ018549,0.3720922,0.009045937,0.106632285,0.18000428,0.09702026,0.12095759,0.006001366,0.10824608
ZJ018550,0.26372972,0.108285226,0.19000235,0.0037534393,0.026690602,0.06451988,0.31748086,0.025537906
ZJ018551,0.44045442,0.06707782,0.057500597,0.016232524,0.19367523,0.020596508,0.16337259,0.04109027
ZJ018552,0.2634657,0.11817415,0.18649976,0.0078846775,0.034741223,0.10872924,0.19499058,0.08551468
ZJ018553,0.3222877,0.12335246,0.16487636,0.0019757813,0.022966433,0.0050103078,0.31329054,0.04624046
ZJ018554,0.16521248,0.21525833,0.12659203,0.011850196,0.0035988921,0.051244643,0.35897648,0.06726702
ZJ018555,0.21034092,0.31427023,0.16269831,0.0056173434,0.032861456,0.024837183,0.21517314,0.03420141
ZJ018556,0.33210072,0.13477564,0.11809912,0.0011393273,0.052761044,0.07038721,0.19915257,0.09158434
ZJ018557,0.00888457,0.029292464,0.068746485,0.000491152,0.015791126,0.84886575,0.020298762,0.0076296567
ZJ018558,0.1291571,0.015583188,0.061056253,0.09278964,0.501261,0.10597529,0.013394536,0.080782965
ZJ018559,0.12683989,0.04946093,0.29052085,0.00011396342,0.06571298,0.27549034,0.18923351,0.002627548
ZJ018560,0.10528805,0.49959114,0.1408301,0.013809463,0.0026919674,0.11684323,0.063465156,0.05748086
ZJ018561,0.33954316,0.002472467,0.06413951,0.32890967,0.19549924,0.035319712,0.004391131,0.029725086
ZJ018562,0.15495999,0.36654818,0.19624333,0.0005206699,0.027654525,0.06261654,0.13431405,0.057142694
ZJ018563,0.20357722,0.24020946,0.18725143,0.0022341092,0.0028970784,0.06394557,0.22434476,0.07554033
ZJ018564,0.030837318,0.059307773,0.06455122,0.0006898819,0.081414394,0.73821324,0.011099399,0.013886726
ZJ018565,0.16550647,0.16018791,0.22199367,0.0396612,0.012191751,0.11546315,0.18136415,0.10363167
ZJ018566,0.26269218,0.15323772,0.18491769,0.014400732,0.01750726,0.00933509,0.31414816,0.043761127
ZJ018567,0.18325686,0.09442531,0.11828241,0.0015618264,0.008076949,0.030879965,0.5359683,0.02754838
ZJ018568,0.48542425,0.0872042,0.087629855,0.044849347,0.10089614,0.020360267,0.06862231,0.105013624
ZJ018569,0.3079579,0.0069375695,0.14128834,0.2784287,0.16104634,0.042339228,0.015737304,0.046264693
ZJ018570,0.10281517,0.057759613,0.13952056,0.0039158445,0.42189547,0.19385694,0.06827203,0.011964364
ZJ018571,0.13852428,0.13681144,0.35311297,0.0022342042,0.0065063457,0.013075472,0.303982,0.045753345
ZJ018572,0.23655985,0.07349721,0.26145992,0.0042950017,0.0039846413,0.014662023,0.36160317,0.04393807
ZJ018573,0.0058945715,0.009151354,0.03286294,0.0004400854,0.0053161387,0.93778396,0.0077735516,0.00077735673
ZJ018574,0.08954541,0.002634536,0.5847276,0.09720037,0.035236277,0.04004312,0.001704731,0.14890799
ZJ018575,0.26233438,0.0953825,0.116758525,0.0011032913,0.015818778,0.107960455,0.3765671,0.024074981
ZJ018576,0.14967681,0.15282033,0.18279788,0.0013661162,0.00096434733,0.005676921,0.4391971,0.06750047
ZJ018577,0.2842072,0.1402989,0.10253824,0.000924244,0.006450065,0.06068933,0.3776062,0.027285859
ZJ018578,0.10904016,0.010668126,0.14618279,0.48599598,0.008923826,0.012617515,0.012243647,0.214328
ZJ018579,0.13811444,0.06642631,0.21031351,0.024581514,0.08171084,0.049517024,0.054162186,0.37517416
ZJ018580,0.24640346,0.015180655,0.17543828,0.19322203,0.09162628,0.097043626,0.025210297,0.15587537
ZJ018581,0.30318958,0.18355413,0.07181976,0.0020353028,0.01233857,0.005001402,0.39568272,0.026378509
ZJ018582,0.13342667,0.009753931,0.23615357,0.3162674,0.008808958,0.023170011,0.007938961,0.26448047
ZJ018583,0.080105186,0.060379334,0.27635282,0.0015450274,0.0015743582,0.045185696,0.5002835,0.03457415
ZJ018584,0.0823509,0.013275802,0.23880515,0.21124734,0.0068891393,0.0059182676,0.011405581,0.43010783
ZJ018585,0.3223168,0.17636333,0.18736386,0.0013130921,0.019946955,0.04476209,0.22971782,0.01821608
ZJ018586,0.115977235,0.045837585,0.24049912,0.0035384214,0.0053767986,0.28925055,0.27821437,0.021305839
ZJ018587,0.2439654,0.15350543,0.25437582,0.00045611348,0.00790068,0.012520159,0.30459234,0.02268408
ZJ018588,0.28182894,0.10608518,0.1786844,0.0014229574,0.014687695,0.016957546,0.3827558,0.017577538
ZJ018589,0.14056984,0.0010994633,0.078140266,0.54647523,0.03491882,0.06467085,0.0015132134,0.13261229
ZJ018590,0.09493699,0.070791945,0.2778481,0.0014183276,0.0020060875,0.29783276,0.24645296,0.008712807
ZJ018591,0.004646877,0.009234462,0.016724259,0.0063589113,0.0006652883,0.9547279,0.004254072,0.00338826
ZJ018592,0.18951358,0.00047171363,0.50183606,0.07351943,0.037510395,0.019250358,0.0016276126,0.17627086
ZJ018593,0.048550133,0.050870504,0.04576316,0.001965877,0.0069209044,0.7838482,0.027940083,0.034141093
ZJ018594,0.2961921,0.07244152,0.12494817,0.00037788687,0.0057244673,0.04792345,0.41874593,0.033646435
ZJ018595,0.20765045,0.3273479,0.15837918,0.006862227,0.017552232,0.052854195,0.19173282,0.037620958
ZJ018596,0.45346794,0.09216913,0.12447929,0.017877087,0.051106434,0.027929656,0.1701891,0.06278135
ZJ018597,0.19725159,0.031872727,0.2966154,0.0011506641,0.2313052,0.0284412,0.1977624,0.015600882
ZJ018598,0.2392756,0.17564695,0.21229577,0.0021721958,0.043157097,0.018912937,0.284477,0.02406248
ZJ018599,0.10734766,0.17766954,0.3343884,0.0005580565,0.0023360632,0.00909039,0.3342342,0.034375638
ZJ018600,0.36659458,0.083234735,0.05040766,0.025473094,0.19553402,0.033149283,0.21273835,0.03286827
ZJ018601,0.014192074,0.00013011703,0.1757685,0.6568312,0.002456317,0.0059586847,0.00012924284,0.1445338
ZJ018602,0.50257295,0.06078272,0.09271662,0.025251152,0.07833278,0.034302097,0.17257933,0.033462346
ZJ018603,0.21044135,0.032983582,0.26111525,0.07657833,0.07005732,0.056726675,0.042371202,0.24972631
ZJ018604,0.29807916,0.14031644,0.2582339,0.0032217947,0.0069509903,0.013954718,0.25386694,0.025375988
ZJ018605,0.35982677,0.09876811,0.07593777,0.024496948,0.1616098,0.031347122,0.18143795,0.066575505
ZJ018606,0.20998324,0.012764955,0.15368776,0.24623683,0.17808875,0.146053,0.009977403,0.04320809
ZJ018607,0.014300825,0.027014762,0.035048988,0.0010224753,0.0044068727,0.9066336,0.0056251674,0.0059472723
ZJ018608,0.10840237,0.02654689,0.19390874,0.035367105,0.21183454,0.090646215,0.039991,0.29330316
ZJ018609,0.41012686,0.056213003,0.099676274,0.0016429328,0.012095322,0.009373858,0.37512687,0.035744883
ZJ018610,0.15562612,0.0009517756,0.09489822,0.17510869,0.08831953,0.06547033,0.0018679952,0.41775727
ZJ018611,0.24248852,0.1390956,0.12675422,0.0020330104,0.024393657,0.11261509,0.22583714,0.12678276
ZJ018612,0.003064118,0.008436864,0.023809263,0.0009943787,0.00041876422,0.9555445,0.003135437,0.004596762
ZJ018613,0.2462319,0.07646982,0.1148541,0.001971951,0.03054611,0.02323578,0.47794068,0.02874971
ZJ018614,0.16117103,0.41569477,0.15754421,0.0022680925,0.0021143905,0.040888306,0.17925104,0.04106816
ZJ018615,0.32418832,0.2539618,0.11184091,0.0008351454,0.043506097,0.038599186,0.20623496,0.020833515
ZJ018616,0.31727558,0.050845735,0.09032647,0.004810101,0.09672398,0.107869975,0.27377608,0.058372118
ZJ018617,0.39951017,0.2247743,0.074600585,0.0013366506,0.046365507,0.02608023,0.20920989,0.018122744
ZJ018618,0.19816016,0.13277972,0.22676037,0.038796436,0.00752013,0.101645224,0.050978225,0.2433597
ZJ018619,0.13060418,0.15473443,0.4153487,0.00048826053,0.0058297045,0.08505284,0.18706347,0.020878432
ZJ018620,0.15383068,0.0021763851,0.07345369,0.42005646,0.12901863,0.004327488,0.0024235982,0.21471311
ZJ018621,0.480435,0.12107268,0.078107156,0.021920709,0.1348773,0.023631683,0.091444045,0.048511464
ZJ018622,0.26286453,0.114573665,0.14415196,0.006723214,0.0036737935,0.037817497,0.40874517,0.02145021
ZJ018623,0.26953784,0.18640086,0.17072625,0.0010673181,0.008029051,0.058440987,0.28138435,0.024413299
ZJ018624,0.2810741,0.21064651,0.20133433,0.01823009,0.040495563,0.04474291,0.15911663,0.044359855
ZJ018625,0.07531598,0.059641406,0.0805151,0.016284231,0.014522245,0.6672832,0.052987073,0.03345082
ZJ018626,0.27050075,0.10972215,0.18139274,0.005303628,0.013322566,0.047359757,0.31958354,0.052814815
ZJ018627,0.2254361,0.104394265,0.15136753,0.0018181556,0.009444548,0.06135557,0.4097238,0.036460076
ZJ018628,0.6077427,0.068943396,0.060754087,0.0008102501,0.024876041,0.025339244,0.18391559,0.027618637
ZJ018629,0.2566109,0.0999453,0.1747016,0.0022141659,0.0040150704,0.123954326,0.3068454,0.031713285
ZJ018630,0.02299702,0.021171022,0.03385149,0.00048861257,0.004065314,0.89354026,0.017849928,0.0060364143
ZJ018631,0.26797137,0.17009744,0.21320428,0.023659095,0.06466833,0.054272097,0.02429712,0.18183027
ZJ018632,0.18248442,0.13919564,0.16929898,0.0037922405,0.025020896,0.11866432,0.32016388,0.0413796
ZJ018633,0.24122845,0.048327994,0.15136231,0.0018311285,0.010461381,0.17150378,0.35311362,0.022171343
ZJ018634,0.1412632,0.043640498,0.12192518,0.009602878,0.011528101,0.008454078,0.59546894,0.068117075
ZJ018635,0.27915302,0.13435793,0.07374662,0.000960022,0.008831157,0.019155486,0.46860522,0.015190513
ZJ018636,0.20745145,0.10747347,0.16689898,0.0001846387,0.058775973,0.01711498,0.4335236,0.00857684
ZJ018637,0.21119946,0.15641189,0.15546343,0.005865655,0.024768239,0.052763462,0.32615107,0.06737673
ZJ018638,0.10295303,0.03189037,0.25838324,0.0042711147,0.0017243449,0.14706698,0.43343806,0.020272847
ZJ018639,0.22931424,0.21710156,0.20429237,0.0008450522,0.0029487042,0.0779567,0.21911983,0.048421595
ZJ018640,0.20398006,0.09002514,0.17457627,0.062171657,0.020665435,0.104176596,0.04930466,0.29510018
ZJ018641,0.26967326,0.09355829,0.28138357,0.026363082,0.04422704,0.013736283,0.06977756,0.20128085
ZJ018642,0.38703015,0.07678931,0.06363793,0.013075335,0.18625657,0.057378087,0.18893802,0.026894571
ZJ018643,0.059354752,0.012704703,0.07150948,0.6013551,0.0043023736,0.22767746,0.0051454604,0.017950647
ZJ018644,0.16180216,0.23214458,0.13599756,0.017334167,0.0026285176,0.056054175,0.2829314,0.111107424
ZJ018645,0.30580363,0.20084381,0.12521893,0.0012051942,0.0035829216,0.030316403,0.31899482,0.014034288
ZJ018646,0.23663278,0.19285518,0.1034741,0.0025799337,0.03774774,0.029978175,0.38361654,0.013115504
ZJ018647,0.073527835,0.01873014,0.14622687,0.003774689,0.0115311,0.64849484,0.07599272,0.021721838
ZJ018648,0.16046724,0.09733492,0.3230051,0.0002694246,0.16692522,0.12765889,0.11926106,0.0050781425
ZJ018649,0.2964451,0.04079995,0.17343839,0.19804676,0.05777282,0.008891138,0.009545013,0.21506082
ZJ018650,0.25052404,0.13564657,0.21980105,0.0031830813,0.022500455,0.047666702,0.2828312,0.037846915
ZJ018651,0.122346096,0.0016612227,0.10644751,0.5508244,0.016355757,0.04767529,0.007625341,0.14706443
ZJ018652,0.07076823,0.007001195,0.074491076,0.55583215,0.0035760289,0.24289005,0.00768381,0.037757535
ZJ018653,0.14614333,0.011682314,0.07693287,0.059518754,0.42301086,0.070245326,0.01390709,0.1985595
ZJ018654,0.07867838,0.003698307,0.1981862,0.29149336,0.047182716,0.011513767,0.002103823,0.36714348
ZJ018655,0.054508843,0.10842526,0.09189893,0.041736916,0.013977974,0.63143724,0.023783198,0.034231596
ZJ018656,0.18281469,0.3684739,0.18106695,0.01587062,0.004362554,0.006372911,0.061586566,0.17945176
ZJ018657,0.1794388,0.14626026,0.15113491,0.000995742,0.042035937,0.033053417,0.39978558,0.047295373
ZJ018658,0.31664035,0.18847914,0.17180604,0.012542033,0.010704774,0.078811295,0.14333878,0.077677615
ZJ018659,0.1553982,0.039535362,0.12288494,0.0012557622,0.008832124,0.013224475,0.6356793,0.023189787
ZJ018660,0.230452,0.1558045,0.17959249,0.015154718,0.043155912,0.058262568,0.17057475,0.14700308
ZJ018661,0.4381622,0.078592956,0.08700099,0.009956974,0.15293789,0.034435567,0.14807825,0.050835196
ZJ018662,0.1156263,0.098819286,0.17876035,0.004145826,0.07784172,0.34860742,0.101001605,0.07519753
ZJ018663,0.33064234,0.008961907,0.10970922,0.28666875,0.12947737,0.084534384,0.0086833555,0.041322637
ZJ018664,0.31300798,0.114506,0.101494014,0.0069437344,0.0089096995,0.058885388,0.3125332,0.08372001
ZJ018665,0.43118837,0.10086309,0.16884719,0.0016856206,0.011982001,0.013895364,0.25432208,0.017216293
ZJ018666,0.26843792,0.27278674,0.12511365,0.021074232,0.032697137,0.025408613,0.21086027,0.043621432
ZJ018667,0.2543074,0.19108705,0.16816665,0.0014980312,0.017357117,0.016915508,0.32676002,0.023908239
ZJ018668,0.24711376,0.033772122,0.1626555,0.0046879095,0.047996007,0.014340723,0.38608807,0.10334596
ZJ018669,0.24524713,0.37954664,0.08968227,0.00092151965,0.016600763,0.00951703,0.23117992,0.027304681
ZJ018670,0.06234728,0.027140075,0.22572982,0.5027635,0.06551411,0.04592662,0.004290593,0.06628803
ZJ018671,0.31643358,0.0071571087,0.07931774,0.25513956,0.26860064,0.033574946,0.014943968,0.024832513
ZJ018672,0.13868736,0.21458575,0.0687474,0.003961405,0.34941673,0.10172582,0.095550954,0.027324615
ZJ018673,0.40334466,0.077093765,0.17162685,0.0014669752,0.014510093,0.017617805,0.30154002,0.01279982
ZJ018674,0.009100077,0.028868277,0.060233675,0.001376241,0.0028757865,0.8739046,0.014049432,0.009591936
ZJ018675,0.25322938,0.3291508,0.101723105,0.008519417,0.030206123,0.040333185,0.17848669,0.05835133
ZJ018676,0.1361715,0.003930914,0.087009855,0.58420664,0.010995057,0.0022454457,0.009444811,0.16599576
ZJ018677,0.20947944,0.061456103,0.09919424,0.024523078,0.31514987,0.1407365,0.13776226,0.011698568
ZJ018678,0.31272358,0.25566816,0.15300757,0.0004846785,0.0036011594,0.010674696,0.24943334,0.014406862
ZJ018679,0.18513392,0.12287069,0.20860097,0.0015111398,0.0041904645,0.13281357,0.2937199,0.05115934
ZJ018680,0.11009313,0.1358198,0.2107334,0.18571156,0.05409314,0.0058211237,0.03958147,0.25814644
ZJ018681,0.24916163,0.046726093,0.10258346,0.0002612998,0.0043158894,0.016527824,0.56952894,0.010894862
ZJ018682,0.23808247,0.2461629,0.16465007,0.0016750329,0.005187418,0.06463412,0.24086258,0.038745426
ZJ018683,0.14560951,0.27882892,0.25006697,0.0008679105,0.003596573,0.09651994,0.19531818,0.029191993
ZJ018684,0.22053587,0.1561957,0.08180117,0.0013910591,0.0017571014,0.06447284,0.46246073,0.011385511
ZJ018685,0.48344702,0.057806723,0.07012518,0.039631356,0.15492713,0.046155784,0.10442902,0.043477762
ZJ018686,0.06673995,0.03476911,0.15749712,0.0012033954,0.0017189416,0.63360107,0.100633964,0.003836407
ZJ018687,0.20648609,0.0010301262,0.041360103,0.42791575,0.2935763,0.009126145,0.014441946,0.006063542
ZJ018688,0.26904175,0.064462446,0.2069838,0.03524148,0.061220907,0.01900328,0.2238756,0.12017081
ZJ018689,0.39814743,0.009216437,0.07286644,0.34722167,0.07197411,0.021060392,0.04913257,0.030380964
ZJ018690,0.19569212,0.07580003,0.2238604,0.00028666397,0.11033165,0.032101277,0.3546236,0.0073042125
ZJ018691,0.17051215,0.09554995,0.26440477,0.015890902,0.01599623,0.06514011,0.30647197,0.06603386
ZJ018692,0.12924403,0.00211138,0.07011199,0.6881764,0.0068069207,0.035101533,0.0016171073,0.06683064
ZJ018693,0.19006178,0.003791835,0.085958436,0.59739953,0.069236584,0.032358386,0.010330517,0.010862937
ZJ018694,0.20324859,0.08236078,0.21054253,0.019996218,0.03672046,0.014904681,0.21882649,0.21340026
ZJ018695,0.18548144,0.039522175,0.15524405,0.001388086,0.015373079,0.012657051,0.5635237,0.026810331
ZJ018696,0.32360026,0.01000845,0.11707406,0.19862007,0.17088005,0.1082744,0.012808854,0.058733918
ZJ018697,0.20497003,0.10213906,0.14092073,0.17236787,0.10543794,0.0059998003,0.039036002,0.22912854
ZJ018698,0.20766534,0.09603749,0.08982787,0.0019834866,0.013855922,0.48496643,0.095300935,0.010362557
ZJ018699,0.15224575,0.023977494,0.17363326,0.44040275,0.01463431,0.14770913,0.012902508,0.034494758
ZJ018700,0.035241965,0.047326494,0.07284594,0.00077857735,0.00951529,0.69170797,0.122327395,0.020256383
ZJ018701,0.22062571,0.06835921,0.31196275,0.0025198117,0.14612189,0.031621173,0.19441657,0.024372907
ZJ018702,0.12020087,0.093641266,0.29277363,0.0009169573,0.002310064,0.037616648,0.43892792,0.013612656
ZJ018703,0.18427382,0.04807477,0.2605187,0.0007503238,0.0024679261,0.057869967,0.42681912,0.019225301
ZJ018704,0.34328967,0.19772229,0.09245479,0.018908568,0.07388016,0.031332914,0.20180626,0.040605314
ZJ018705,0.26497176,0.0045796065,0.12590612,0.2793115,0.21817948,0.03864271,0.003980211,0.06442857
ZJ018706,0.100861214,0.0008081483,0.09024304,0.57248026,0.0036650738,0.0031858261,0.0030021654,0.22575423
ZJ018707,0.35596883,0.11415522,0.0977778,0.017946979,0.12674837,0.037292182,0.18384486,0.06626574
ZJ018708,0.10071789,0.08033793,0.355543,0.00020930447,0.0010903868,0.3028921,0.14902203,0.010187426
ZJ018709,0.08461338,0.06974153,0.10992826,0.0014820322,0.5440989,0.10386649,0.076340646,0.009928758
ZJ018710,0.3838791,0.011683104,0.10204769,0.20959646,0.17628479,0.01879998,0.00901531,0.088693574
ZJ018711,0.24878377,0.27154747,0.098160975,0.0025758273,0.019121492,0.029483698,0.29706097,0.03326584
ZJ018712,0.17766596,0.10870461,0.2122185,0.002081084,0.010756245,0.18932338,0.22537465,0.0738756
ZJ018713,0.08603151,0.0035361073,0.06829707,0.61901885,0.12701333,0.002463226,0.0027390996,0.090900734
ZJ018714,0.15234907,0.46850523,0.11276285,0.0052956473,0.0085638575,0.028926425,0.123641506,0.099955425
ZJ018715,0.085708894,0.0006775247,0.1279534,0.72202444,0.008915441,0.017100148,0.003372406,0.034247767
ZJ018716,0.38378644,0.08076325,0.0921984,0.016017923,0.14881708,0.054120205,0.18123293,0.043063786
ZJ018717,0.069001116,0.13578244,0.43796122,0.003592479,0.012679466,0.1197853,0.20961311,0.01158485
ZJ018718,0.14849569,0.034846656,0.13978648,0.3045498,0.09023909,0.0088982675,0.0064400923,0.26674396
ZJ018719,0.35042745,0.1239912,0.17962559,0.006601949,0.026782133,0.025936147,0.23789452,0.048741017
ZJ018720,0.35232967,0.054625902,0.14562272,0.029537264,0.061023805,0.003142666,0.08136046,0.27235752
ZJ018721,0.21815158,0.14871019,0.11121453,0.0015317869,0.105620734,0.17838617,0.16745402,0.068930976
ZJ018722,0.21740207,0.014855319,0.13781212,0.32178104,0.17857522,0.07020292,0.015346376,0.04402492
ZJ018723,0.2586982,0.072547965,0.11722148,0.006079806,0.022363342,0.009808444,0.42055315,0.092727624
ZJ018724,0.20781738,0.04835153,0.5196282,0.036488995,0.009933102,0.00741902,0.048212722,0.1221491
ZJ018725,0.25788027,0.11388563,0.12587954,0.0006082262,0.09137323,0.1649675,0.20759226,0.03781332
ZJ018726,0.19933677,0.041554548,0.28885734,0.19152775,0.08885401,0.011957061,0.0059528747,0.17195961
ZJ018727,0.13272817,0.007744635,0.091426186,0.59407115,0.0070301085,0.10892133,0.008750615,0.049327813
ZJ018728,0.080364645,0.004764641,0.19526577,0.54047585,0.044485856,0.050167132,0.009794634,0.07468149
ZJ018729,0.24850333,0.018530207,0.1618221,0.29684332,0.17439146,0.026342634,0.019889249,0.05367775
ZJ018730,0.06837132,0.071094416,0.6003238,0.001768193,0.0018517125,0.058100183,0.1851043,0.013386077
ZJ018731,0.27252334,0.0087761255,0.11394503,0.218726,0.09537908,0.23254436,0.00983082,0.048275217
ZJ018732,0.34757593,0.079205036,0.13903886,0.0012867363,0.014767458,0.022322632,0.3718864,0.02391699
ZJ018733,0.18893208,0.30380094,0.18014115,0.0062776012,0.028299894,0.0445556,0.1757956,0.07219716
ZJ018734,0.38948664,0.066624075,0.08182385,0.07187201,0.13561635,0.028010689,0.17248915,0.054077245
ZJ018735,0.42825234,0.11171389,0.046664745,0.023507291,0.1429634,0.021506893,0.15991431,0.06547715
ZJ018736,0.3630212,0.09421955,0.19675715,0.030535743,0.024024155,0.028049909,0.113659896,0.14973238
ZJ018737,0.11455759,0.05034316,0.41418418,0.013235375,0.050576173,0.24824229,0.10000756,0.008853659
ZJ018738,0.13067494,0.32581988,0.27547538,0.00033205247,0.0022437575,0.077800624,0.16945425,0.01819913
ZJ018739,0.4084188,0.06395597,0.12860899,0.0057280026,0.014032232,0.048886985,0.29524913,0.035119895
ZJ018740,0.10446427,0.18950427,0.24153692,0.00032612187,0.0066753053,0.17807513,0.26892117,0.010496771
ZJ018741,0.30597863,0.20980114,0.21286184,0.018313833,0.07691969,0.029962815,0.0717531,0.0744089
ZJ018742,0.13064148,0.018459953,0.0964383,0.012411752,0.4738946,0.1810535,0.021567445,0.06553298
ZJ018743,0.28115112,0.14145681,0.20527399,0.001955564,0.0019236314,0.027158072,0.3238518,0.017229004
ZJ018744,0.16310106,0.010067631,0.15225367,0.5415789,0.009068978,0.07705395,0.014951,0.031924855
ZJ018745,0.32074997,0.17381243,0.14576012,0.10616301,0.018160438,0.015502399,0.10362237,0.1162292
ZJ018746,0.26413208,0.16208257,0.2748026,0.0016511093,0.011002524,0.07182437,0.19583784,0.018666875
ZJ018747,0.21516185,0.002467543,0.4216298,0.009000242,0.12177824,0.0062033497,0.012149424,0.21160956
ZJ018748,0.09824087,0.0010344693,0.10120689,0.4412854,0.00311057,0.0021905326,0.0029493906,0.34998187
ZJ018749,0.17785758,0.01109069,0.40260872,0.14593157,0.0044198683,0.005465257,0.024749205,0.22787711
ZJ018750,0.45483506,0.10695251,0.085046545,0.019464863,0.11367183,0.025282912,0.16594629,0.02879998
ZJ018751,0.24257451,0.10802221,0.28118205,0.0023783476,0.031980883,0.015938245,0.21124548,0.10667826
ZJ018752,0.16431788,0.20203175,0.21464162,0.0009985713,0.006216375,0.04189221,0.32933655,0.040565085
ZJ018753,0.13186319,0.01511952,0.18486586,0.018077796,0.2477802,0.18201795,0.034499828,0.18577565
ZJ018754,0.15764505,0.27447906,0.19093166,0.029655626,0.0069763414,0.0962089,0.13899504,0.1051084
ZJ018755,0.17669456,0.39728388,0.038192183,0.0077424585,0.017038377,0.0070702857,0.25732228,0.098655924
ZJ018756,0.16200148,0.0034153524,0.3173648,0.22863808,0.0040495396,0.03197908,0.021089742,0.231462
ZJ018757,0.15305318,0.35291335,0.26266575,0.020172857,0.0067990446,0.075895384,0.10017772,0.028322706
ZJ018758,0.087563835,0.0045047966,0.13680163,0.6238425,0.03566828,0.0073423246,0.002019331,0.102257416
ZJ018759,0.028316597,0.17036864,0.12137798,0.0015064818,0.042603604,0.55862033,0.055933286,0.021273127
ZJ018760,0.2719029,0.0032414116,0.093275644,0.06250168,0.47967464,0.026288696,0.0033834137,0.05973163
ZJ018761,0.3969174,0.14950304,0.13162012,0.0012515937,0.013027527,0.024239143,0.21821022,0.06523099
ZJ018762,0.21614067,0.19706507,0.14323191,0.026536526,0.0057169455,0.097687505,0.14851084,0.16511053
ZJ018763,0.056282718,0.0019267566,0.19769499,0.58753145,0.051634673,0.011007923,0.0032744505,0.090647034
ZJ018764,0.26855457,0.18222304,0.23249176,0.0063599637,0.034741994,0.03733529,0.12412282,0.11417055
ZJ018765,0.051482294,0.013693082,0.09944877,0.0068073873,0.032415196,0.72677934,0.05415762,0.0152163
ZJ018766,0.13388377,0.095598884,0.22797559,0.00087243796,0.0011875322,0.13105378,0.38633877,0.023089241
ZJ018767,0.20994426,0.07233577,0.14947766,0.16163938,0.08766613,0.034264922,0.030096976,0.25457495
ZJ018768,0.26291132,0.09459531,0.116660014,0.0016070534,0.024518257,0.01856736,0.45060247,0.030538222
ZJ018769,0.3420026,0.06094385,0.2010926,0.00084679335,0.0018969082,0.032888424,0.3514531,0.0088757835
ZJ018770,0.012078974,0.010452761,0.062279288,0.0016436591,0.0095133465,0.8898868,0.012261701,0.0018835214
ZJ018771,0.0016850632,0.0010549582,0.008544891,0.0026286477,0.0007575543,0.98381865,0.00026978887,0.0012404654
ZJ018772,0.21286441,0.20349857,0.22594708,0.015725972,0.0051155766,0.0066145533,0.08935845,0.2408754
ZJ018773,0.14161582,0.11671702,0.28071567,0.0017990428,0.0073949904,0.033713907,0.4022171,0.015826399
ZJ018774,0.12362148,0.04856075,0.2443543,0.00041717495,0.30936578,0.06778717,0.19509542,0.010797885
ZJ018775,0.11642714,0.047831528,0.07438533,0.0010708432,0.6514097,0.018304937,0.080431,0.010139614
ZJ018776,0.22211668,0.19156905,0.17956232,0.0040706727,0.12305036,0.022900185,0.17096215,0.08576861
ZJ018777,0.36730123,0.025682025,0.11732124,0.006612731,0.02517523,0.016808355,0.33265027,0.10844899
ZJ018778,0.3238249,0.07406519,0.15131979,0.00021632694,0.029428117,0.048852462,0.3611164,0.011176735
ZJ018779,0.07488939,0.100979835,0.09125274,0.044816032,0.014403494,0.52594125,0.05915937,0.088557914
ZJ018780,0.52370024,0.032471046,0.14325556,0.00064596324,0.028077774,0.008614952,0.2563043,0.00693013
ZJ018781,0.14968239,0.11117822,0.40621215,0.0015599983,0.0071999137,0.024940465,0.27151626,0.02771059
ZJ018782,0.350395,0.0077339103,0.11090562,0.37569517,0.07859292,0.022216342,0.019144535,0.035316557
ZJ018783,0.1975171,0.2596304,0.1972326,0.00398937,0.031712465,0.06421449,0.1649491,0.080754496
ZJ018784,0.029947663,0.083463535,0.53223515,0.0026352082,0.052600473,0.247899,0.023125373,0.028093562
ZJ018785,0.1849281,0.10391465,0.19840874,0.0014019778,0.0017366969,0.13588147,0.34209552,0.0316328
ZJ018786,0.22952762,0.1352678,0.22819057,0.00026575828,0.013342883,0.035369877,0.33629885,0.02173666
ZJ018787,0.1574091,0.071793236,0.15921836,0.0073410263,0.012343978,0.17642717,0.37182352,0.043643612
ZJ018788,0.15532896,0.011740729,0.2256548,0.33542126,0.004222744,0.060292047,0.00721713,0.20012233
ZJ018789,0.27469835,0.04574366,0.10432639,0.0007462833,0.02253504,0.0060774535,0.5169084,0.028964467
ZJ018790,0.098113686,0.07368934,0.2764658,0.00559627,0.002164895,0.29352185,0.19797629,0.05247192
ZJ018791,0.17064898,0.02151231,0.15221524,0.4286821,0.0656334,0.06041919,0.015588977,0.085299864
ZJ018792,0.4382684,0.13904996,0.0805748,0.042738438,0.07355376,0.017706085,0.09345993,0.11464865
ZJ018793,0.12920105,0.0041798623,0.22115399,0.5110887,0.003385811,0.022700839,0.006809785,0.10147994
ZJ018794,0.052774433,0.0037550027,0.45935416,0.14873144,0.22272776,0.020461699,0.002131082,0.090064436
ZJ018795,0.3889019,0.10232124,0.12819476,0.09335006,0.032741528,0.022100879,0.033413567,0.19897604
ZJ018796,0.26499048,0.068907954,0.2182704,0.061055843,0.11538652,0.05685763,0.07739778,0.13713337
ZJ018797,0.21093272,0.11618141,0.15656793,0.0013957277,0.0041944524,0.07448225,0.39705336,0.039192125
ZJ018798,0.010138864,0.0031493837,0.024978792,0.0021432475,0.00057149044,0.95332134,0.004063573,0.0016333181
ZJ018799,0.37238204,0.0062078857,0.049761858,0.4809371,0.03226552,0.01640956,0.008498763,0.03353727
ZJ018800,0.05876065,0.00036545077,0.3679392,0.2409067,0.0067037167,0.010902761,0.00086134457,0.31356025
ZJ018801,0.0073046796,0.0036162287,0.024799427,0.0016701585,0.014366085,0.941289,0.0042476454,0.0027067512
ZJ018802,0.121941194,0.1416144,0.11225816,0.039365403,0.10155748,0.4088462,0.04016232,0.034254797
ZJ018803,0.31504828,0.1014574,0.068548635,0.019067604,0.15154268,0.08988504,0.22344007,0.031010296
ZJ018804,0.06154627,0.024387397,0.1140348,0.0044618705,0.012082095,0.65216535,0.114579834,0.01674238
ZJ018805,0.07295109,0.005593368,0.3623898,0.21644707,0.05867605,0.02197004,0.0016029178,0.26036963
ZJ018806,0.066339955,0.46621835,0.29953238,0.0006132731,0.0012876167,0.031795993,0.10631875,0.02789373
ZJ018807,0.15258971,0.10536854,0.51013947,0.00053777004,0.0037002403,0.03987546,0.16662805,0.021160752
ZJ018808,0.2507577,0.003037375,0.40122902,0.038003195,0.10163681,0.018977985,0.0040389267,0.18231896
ZJ018809,0.19876795,0.021403784,0.13989198,0.4820411,0.05648299,0.010013558,0.021146376,0.07025226
ZJ018810,0.17500155,0.05533765,0.24565111,0.0009724877,0.004836188,0.08427245,0.42429936,0.009629189
ZJ018811,0.24114917,0.17296945,0.22457731,0.0021191218,0.02526631,0.057629358,0.22508241,0.051206827
ZJ018812,0.16650216,0.030997848,0.2231153,0.32577926,0.08211093,0.013621717,0.0076412316,0.1502316
ZJ018813,0.11806699,0.0059738867,0.21486181,0.38200676,0.043580517,0.110130474,0.005038583,0.12034099
ZJ018814,0.20898177,0.011230786,0.04346472,0.0034391712,0.014841909,0.120388635,0.5768416,0.02081139
ZJ018815,0.03292884,0.010973063,0.06284928,0.06522339,0.059829798,0.75552124,0.0023275956,0.010346815
ZJ018816,0.397236,0.1244333,0.094157405,0.0028615766,0.010885642,0.078393884,0.23270085,0.059331376
ZJ018817,0.15649222,0.010665331,0.10592141,0.44481352,0.20622131,0.029551899,0.014211572,0.032122724
ZJ018818,0.19988306,0.014943189,0.08438175,0.004455994,0.4850603,0.11414229,0.036098883,0.061034556
ZJ018819,0.15253484,0.15003347,0.13696665,0.01738303,0.021107674,0.317225,0.07392086,0.13082848
ZJ018820,0.36814955,0.21070865,0.12294511,0.0010136577,0.014693826,0.01718473,0.2393726,0.025931906
ZJ018821,0.25295708,0.07823662,0.18754639,0.0009219293,0.0067551103,0.029998807,0.4175423,0.026041772
ZJ018822,0.3390143,0.121453635,0.2093395,0.056210224,0.04110601,0.0170457,0.1275273,0.08830329
ZJ018823,0.28170612,0.12693287,0.2538148,0.0018442329,0.0018560907,0.044918306,0.27127552,0.017652024
ZJ018824,0.115249895,0.07133426,0.41032517,0.0009550492,0.010973984,0.111784235,0.2687049,0.010672586
ZJ018825,0.12128018,0.11296488,0.49261364,0.00017730419,0.013707755,0.09401483,0.16312139,0.0021200425
ZJ018826,0.20712325,0.40188047,0.07827491,0.0036382037,0.006929749,0.029815141,0.2308494,0.041488927
ZJ018827,0.012931715,0.016907105,0.031862594,0.0010099474,0.003676275,0.923295,0.004130678,0.0061866445
ZJ018828,0.06768837,0.0024505523,0.23754562,0.35434952,0.043162074,0.10164447,0.010613868,0.18254548
ZJ018829,0.23323797,0.06717606,0.13321058,0.0018196933,0.007710804,0.012385757,0.51825637,0.02620275
ZJ018830,0.1821128,0.06667205,0.33192244,0.008546134,0.053310815,0.065507025,0.19279808,0.09913064
ZJ018831,0.3753914,0.10154783,0.22607425,0.04460761,0.01208316,0.04692136,0.11596087,0.077413514
ZJ018832,0.47896233,0.115982406,0.060525347,0.00035710016,0.017932085,0.021188134,0.29517338,0.00987922
ZJ018833,0.084159575,0.0022582125,0.5839089,0.06231475,0.09027377,0.028869076,0.0018253224,0.14639038
ZJ018834,0.23940241,0.16640294,0.2320176,0.0018261104,0.00313827,0.022209626,0.30975586,0.025247164
ZJ018835,0.17301016,0.06586566,0.26179892,0.0004312748,0.074734434,0.020001214,0.38638023,0.017778048
ZJ018836,0.21638523,0.18440816,0.18459333,0.0010393203,0.0013148807,0.010946857,0.23834768,0.16296452
ZJ018837,0.13131267,0.1556795,0.12815638,0.058205165,0.08640783,0.35828555,0.055367958,0.02658496
ZJ018838,0.15419915,0.16303103,0.2502448,0.00035506938,0.002850798,0.21311681,0.19582088,0.02038153
ZJ018839,0.32159457,0.07201409,0.19325438,0.005675497,0.026387548,0.01771808,0.30638516,0.05697067
ZJ018840,0.090384424,0.057421975,0.22097144,0.0029175798,0.0043038754,0.06073283,0.54588914,0.0173787
ZJ018841,0.140754,0.064755075,0.3490183,0.00083167624,0.0057318546,0.1477371,0.27310866,0.018063225
ZJ018842,0.21286905,0.36761993,0.13625975,0.0064127864,0.06465746,0.030471822,0.12690358,0.054805674
ZJ018843,0.2024329,0.028850935,0.26861945,0.0009717084,0.23598436,0.023111882,0.22152449,0.018504238
ZJ018844,0.31301147,0.19015813,0.23871452,0.005020886,0.029160872,0.01971462,0.0766222,0.1275973
ZJ018845,0.07647437,0.2207944,0.27786565,0.0034047836,0.004718027,0.23438796,0.1188359,0.06351892
ZJ018846,0.18504226,0.41395304,0.14134742,0.013761236,0.017379189,0.01686092,0.1495391,0.062116873
ZJ018847,0.29570746,0.07190512,0.15819496,0.0015064701,0.10185197,0.023496572,0.26930642,0.078030944
ZJ018848,0.43229553,0.05799242,0.07812653,0.020551717,0.1491134,0.037422717,0.20068686,0.023810815
ZJ018849,0.31303558,0.034926802,0.19369785,0.07170286,0.16005273,0.07792758,0.06446964,0.084186964
ZJ018850,0.18548611,0.17363852,0.19218278,0.0016471257,0.013168892,0.010194397,0.37990463,0.043777578
ZJ018851,0.1636475,0.14908008,0.19019017,0.010198789,0.099200904,0.19356379,0.11156142,0.08255737
ZJ018852,0.27584,0.10370311,0.24788095,0.012343808,0.030689863,0.074472584,0.20824297,0.046826653
ZJ018853,0.19328599,0.12259516,0.14836408,0.004526158,0.010232637,0.072628215,0.40631625,0.042051494
ZJ018854,0.3207533,0.022191966,0.042238142,0.0036926698,0.10103712,0.005315672,0.4831877,0.021583391
ZJ018855,0.25327858,0.17196858,0.26867327,0.038949598,0.04142596,0.040958334,0.0219982,0.16274741
ZJ018856,0.106466845,0.005567174,0.24641888,0.45681235,0.018283894,0.013676822,0.0022137878,0.15056027
ZJ018857,0.08282358,0.007759911,0.12090557,0.41675553,0.0043070214,0.30713654,0.009119476,0.051192414
ZJ018858,0.3702413,0.08221084,0.20650375,0.006180411,0.007216301,0.012936063,0.27925256,0.035458818
ZJ018859,0.3623325,0.12085396,0.068268135,0.0016825489,0.030165061,0.004027671,0.37693056,0.035739556
ZJ018860,0.15302134,0.40094313,0.14576182,0.0038939072,0.0018687793,0.014179191,0.17689286,0.103439
ZJ018861,0.17774323,0.105878055,0.36816004,0.00066516217,0.0049797962,0.11303071,0.21670736,0.01283565
ZJ018862,0.37057036,0.01832391,0.14712054,0.11420298,0.16586518,0.073350266,0.013123768,0.097442985
ZJ018863,0.1536904,0.060317528,0.24473603,0.0008532249,0.0022403742,0.06254551,0.46437913,0.011237802
ZJ018864,0.21031097,0.05609077,0.324003,0.034966458,0.0067691705,0.007877573,0.021750826,0.33823118
ZJ018865,0.03575862,0.063488066,0.61811167,0.0010621203,0.010895125,0.2259486,0.033927895,0.010807905
ZJ018866,0.08760392,0.014128989,0.09823058,0.54473,0.019682566,0.19034646,0.006662938,0.03861456
ZJ018867,0.15854402,0.011904371,0.19822071,0.29016387,0.019332374,0.005300624,0.012807812,0.3037262
ZJ018868,0.04266984,0.0064492566,0.08395246,0.10991713,0.01704064,0.7193294,0.0048963632,0.015744947
ZJ018869,0.2108033,0.06859679,0.2386607,0.0019625002,0.0065594637,0.042803403,0.3769879,0.053625893
ZJ018870,0.5714998,0.04142148,0.0715604,0.044840135,0.10894006,0.033167828,0.06555891,0.06301136
ZJ018871,0.16219497,0.36969846,0.27509254,0.0081340615,0.0062252413,0.062261906,0.101818725,0.01457404
ZJ018872,0.108280666,0.003144941,0.13162026,0.6493343,0.0048810514,0.020086968,0.008372285,0.07427948
ZJ018873,0.0062372624,0.0021141698,0.0022423267,0.014164182,0.0013006983,0.96159214,0.0117812175,0.0005680283
ZJ018874,0.30734822,0.07742949,0.1469763,0.0017665413,0.15242973,0.077698916,0.22443688,0.011913885
ZJ018875,0.09910355,0.41507444,0.23876241,0.00045341233,0.0037422634,0.061656136,0.14789416,0.033313602
ZJ018876,0.4042423,0.0836877,0.2501019,0.062799945,0.028587546,0.017297164,0.055856675,0.09742675
ZJ018877,0.1875581,0.22893584,0.04673555,0.009848808,0.039441027,0.0066003236,0.45814437,0.022735933
ZJ018878,0.24383137,0.074451685,0.3318349,0.0074606314,0.027585106,0.06537858,0.1456601,0.10379762
ZJ018879,0.16440365,0.25533685,0.18684739,0.002538282,0.003916612,0.13687769,0.17130947,0.078770064
ZJ018880,0.2508882,0.3375694,0.07576328,0.0017963881,0.01874266,0.0122697055,0.2573547,0.04561571
ZJ018881,0.28771204,0.07417953,0.2596786,0.0011218189,0.028652176,0.021743368,0.2845242,0.042388286
ZJ018882,0.0067618815,0.005789158,0.012413025,0.004035522,0.005880623,0.95783705,0.0032693003,0.004013435
ZJ018883,0.012080364,0.0055619692,0.02637998,0.0017661905,0.0035757679,0.946408,0.002862065,0.0013656749
ZJ018884,0.37317652,0.16465184,0.06775863,0.017046507,0.014727482,0.0045614378,0.2563535,0.10172413
ZJ018885,0.19959374,0.013791575,0.17677374,0.15550998,0.188415,0.18412484,0.020674799,0.06111628
ZJ018886,0.43722683,0.0013158115,0.019778816,0.024554461,0.4265535,0.0035063617,0.078403704,0.008660517
ZJ018887,0.13646099,0.19805041,0.10307539,0.010251769,0.0027547132,0.023707459,0.3638825,0.16181678
ZJ018888,0.04348317,0.007356292,0.099404976,0.57897544,0.008487856,0.04048297,0.0013245797,0.22048463
ZJ018889,0.2689315,0.27114192,0.100674085,0.0007028737,0.0075080106,0.040574923,0.30018997,0.01027664
ZJ018890,0.0069367425,0.0010938969,0.024900945,0.00071397575,0.0010337166,0.9619369,0.00094701885,0.0024368654
ZJ018891,0.37470785,0.08228699,0.07739345,0.018225139,0.10111897,0.04949271,0.2531812,0.043593723
ZJ018892,0.10059068,0.041774884,0.32095006,0.0004934895,0.0016995165,0.36638755,0.14554055,0.022563245
ZJ018893,0.05176738,0.3809693,0.26823175,0.0017399723,0.0034530866,0.05346035,0.1353028,0.10507548
ZJ018894,0.21399072,0.16347963,0.19723497,0.006935687,0.06322438,0.09641577,0.19918081,0.059537996
ZJ018895,0.12510033,0.00297645,0.14140704,0.57948416,0.018977111,0.030721512,0.0054112817,0.095922135
ZJ018896,0.26678717,0.05482761,0.27404377,0.05721818,0.004767675,0.0051981607,0.026479987,0.3106774
ZJ018897,0.081893966,0.0045809397,0.057468567,0.6488178,0.08240732,0.0019481807,0.0017887726,0.12109442
ZJ018898,0.15747516,0.014913129,0.1340274,0.36948207,0.099946685,0.03160002,0.0049570655,0.18759844
ZJ018899,0.21422292,0.21399106,0.13492414,0.007119391,0.035097558,0.054755166,0.30529463,0.034595106
ZJ018900,0.09554885,0.2682622,0.38042217,0.0011885739,0.09679645,0.007044939,0.13369884,0.017037999
ZJ018901,0.28162187,0.18714112,0.08050524,0.0006848465,0.008761478,0.010465533,0.41222838,0.01859152
ZJ018902,0.50031435,0.08480759,0.12971143,0.051643655,0.041260585,0.027804006,0.07349678,0.090961546
ZJ018903,0.17865162,0.07086974,0.33818167,0.00039609702,0.0456538,0.030184321,0.32309613,0.012966667
ZJ018904,0.050378382,0.04913671,0.76879203,0.0020090449,0.004019064,0.071887404,0.04605857,0.0077187885
ZJ018905,0.108764835,0.08577766,0.16337827,0.00164711,0.018985119,0.46304068,0.093452625,0.064953715
ZJ018906,0.19145139,0.07712879,0.2899892,0.0004625835,0.077085406,0.059753347,0.29669738,0.0074319188
ZJ018907,0.22516596,0.21656226,0.2850956,0.0006746283,0.0046311496,0.04504894,0.19873315,0.024088293
ZJ018908,0.23411535,0.15996754,0.2962197,0.0016495812,0.004640816,0.009300534,0.2695294,0.024577094
ZJ018909,0.22895384,0.21608989,0.16955584,0.028900616,0.05537082,0.06325887,0.11861424,0.11925587
ZJ018910,0.21874098,0.20919289,0.1430675,0.0006935248,0.0673639,0.15844458,0.19177179,0.010724887
ZJ018911,0.15774095,0.0827542,0.29819903,0.0005865965,0.0021579082,0.09568437,0.34721443,0.015662523
ZJ018912,0.24513002,0.17159149,0.0912185,0.00424083,0.010558495,0.08367881,0.14641239,0.24716948
ZJ018913,0.15907037,0.31151274,0.08169857,0.0034633111,0.034079578,0.085050076,0.2725004,0.052624974
ZJ018914,0.15861851,0.062040254,0.28396687,0.0006557232,0.16240929,0.107825905,0.21764266,0.006840779
ZJ018915,0.3281689,0.07788179,0.06463837,0.00025261074,0.0016928369,0.0054237833,0.5165803,0.0053613633
ZJ018916,0.36670238,0.06834274,0.11762363,0.0092509845,0.009655965,0.14812118,0.22804065,0.052262455
ZJ018917,0.30624643,0.11532297,0.21317184,0.03460587,0.026209254,0.06459503,0.11003219,0.12981641
ZJ018918,0.08385342,0.4815445,0.14933383,0.0012341832,0.004008549,0.024546511,0.20135109,0.054127913
ZJ018919,0.26359946,0.087766446,0.12899359,0.00247179,0.19835868,0.045943327,0.23830485,0.0345618
ZJ018920,0.11655943,0.034715317,0.21144055,0.10218615,0.052022073,0.20268169,0.007612959,0.27278185
ZJ018921,0.5324417,0.1160371,0.05067512,0.009671635,0.099425144,0.02148092,0.114291936,0.055976454
ZJ018922,0.36218706,0.120872356,0.079549134,0.013077332,0.0145116225,0.011134691,0.3242404,0.07442742
ZJ018923,0.1784661,0.067981474,0.12951182,0.003818098,0.0048261834,0.026042826,0.53517103,0.054182418
ZJ018924,0.26447785,0.2556857,0.037642624,0.000987389,0.021075293,0.004445776,0.38990125,0.025784101
ZJ018925,0.08688623,0.025563205,0.050676737,0.0047414196,0.07105401,0.692395,0.042744733,0.025938744
ZJ018926,0.24804221,0.18235044,0.17448774,0.00066927844,0.0014551836,0.08477354,0.2952516,0.012969986
ZJ018927,0.1854384,0.12306753,0.3235902,0.002111252,0.013594586,0.12847055,0.21285123,0.010876288
ZJ018928,0.43139207,0.05956787,0.0750542,0.0007183723,0.0015604177,0.010232999,0.4116435,0.009830597
ZJ018929,0.24496846,0.1446185,0.25117645,0.001691659,0.019095946,0.018498624,0.26120433,0.058746006
ZJ018930,0.30788052,0.0703222,0.21298473,0.0033565026,0.017641934,0.025840547,0.33395228,0.02802123
ZJ018931,0.19038197,0.2060851,0.15046799,0.007566727,0.011254049,0.06636409,0.19270974,0.17517032
ZJ018932,0.10927399,0.006343221,0.09897372,0.5368776,0.12721384,0.011783898,0.00464206,0.1048917
ZJ018933,0.29192233,0.14830762,0.17848742,0.0068147723,0.032790575,0.04449793,0.2604312,0.036748126
ZJ018934,0.0016985476,0.00048359635,0.007060773,0.005986866,0.0013232848,0.9825372,0.00016974911,0.0007400725
ZJ018935,0.17131875,0.15850008,0.12388895,0.002390572,0.006597261,0.052028876,0.23498367,0.2502918
ZJ018936,0.20675921,0.17911337,0.3153174,0.00067392207,0.0059169186,0.027541311,0.2406703,0.024007645
ZJ018937,0.18323566,0.0885,0.26963317,0.00017166977,0.025905687,0.03475998,0.39260754,0.0051862793
ZJ018938,0.008080574,0.004319958,0.014467493,0.0014973856,0.003168805,0.9637255,0.0032086216,0.0015316117
ZJ018939,0.18009247,0.24157894,0.22466843,0.003809849,0.002683806,0.045716766,0.20307763,0.09837212
ZJ018940,0.13399307,0.067522824,0.21144335,0.07097115,0.1817023,0.028885148,0.020829018,0.2846532
ZJ018941,0.36703107,0.11144256,0.12000623,0.0031519602,0.017484553,0.14036438,0.20038936,0.040129893
ZJ018942,0.23156062,0.2568104,0.20487718,0.00097136677,0.0029388748,0.036114994,0.22276549,0.043961104
ZJ018943,0.21292883,0.050780058,0.22569643,0.0167804,0.15310721,0.07542,0.103463754,0.1618233
ZJ018944,0.3151365,0.19571684,0.07439866,0.0013259789,0.033198174,0.050881643,0.3007132,0.028628966
ZJ018945,0.0707248,0.005126843,0.556902,0.120274395,0.09880109,0.028227193,0.005417209,0.11452638
ZJ018946,0.09879145,0.0022664173,0.22945096,0.5019681,0.0055350536,0.008700594,0.002735523,0.15055194
ZJ018947,0.20797709,0.35840598,0.16075085,0.00061468245,0.0034154388,0.045923997,0.15811332,0.064798705
ZJ018948,0.19213158,0.39147517,0.14692472,0.021325836,0.006235096,0.011710304,0.15517618,0.07502112
ZJ018949,0.4108708,0.07792412,0.07407085,0.017943483,0.2064163,0.026140697,0.15628551,0.03034818
ZJ018950,0.09826743,0.036387186,0.26204905,0.049787607,0.06990166,0.34652072,0.008157923,0.12892835
ZJ018951,0.18248294,0.23439242,0.19596256,0.026763162,0.019132694,0.08395246,0.1630326,0.09428112
ZJ018952,0.1384278,0.042294927,0.12290334,0.0009540826,0.004605987,0.014875154,0.6196536,0.056285243
ZJ018953,0.1864348,0.20346162,0.21137011,0.0022080755,0.007872646,0.065992735,0.28341383,0.03924617
ZJ018954,0.24934043,0.13854624,0.21567248,0.0011368047,0.0011509367,0.006166122,0.36682972,0.021157201
ZJ018955,0.27081594,0.057251144,0.17794566,0.00296888,0.023948673,0.15505667,0.2849868,0.027026262
ZJ018956,0.077066295,0.017872375,0.13568878,0.012181361,0.008388703,0.66906434,0.063214526,0.016523585
ZJ018957,0.06174315,0.001082678,0.0721791,0.6604161,0.002357522,0.0018564519,0.0011048052,0.19926025
ZJ018958,0.29278862,0.09649959,0.15669377,0.0028713369,0.0017901901,0.043553073,0.38845995,0.017343493
ZJ018959,0.19140846,0.19804794,0.16229135,0.01986817,0.01010949,0.07929129,0.19491275,0.14407055
ZJ018960,0.2598961,0.01473323,0.12330207,0.4188324,0.043993436,0.035334986,0.020030396,0.08387741
ZJ018961,0.14274736,0.14751332,0.26685545,0.0007458362,0.0023562482,0.017307585,0.39877746,0.023696743
ZJ018962,0.26647353,0.13246891,0.20463167,0.0060218093,0.009174178,0.010468221,0.3447304,0.026031274
ZJ018963,0.24966386,0.27455595,0.11995687,0.006113415,0.021905737,0.015459384,0.25951654,0.05282825
ZJ018964,0.10668087,0.004857519,0.21628624,0.15590431,0.06318735,0.10390829,0.003277196,0.3458982
ZJ018965,0.2790371,0.15145633,0.1844558,0.0033343376,0.03067322,0.053559806,0.26069364,0.03678981
ZJ018966,0.019692205,0.0034490877,0.015134452,0.003532742,0.00076109683,0.949876,0.0052446187,0.0023098653
ZJ018967,0.1487724,0.46947137,0.09609071,0.0021218446,0.0043307,0.09266682,0.14599425,0.040551905
ZJ018968,0.093306236,0.062610164,0.116676405,0.0024144321,0.5814659,0.05572556,0.07663051,0.011170803
ZJ018969,0.18554696,0.04370153,0.434562,0.0014620756,0.0059659784,0.07488841,0.21051528,0.043357868
ZJ018970,0.04476084,0.04488914,0.77294487,0.0013540583,0.002868261,0.08156795,0.046420027,0.0051948405
ZJ018971,0.11133414,0.13711402,0.1369029,0.0038464437,0.023012681,0.26930374,0.23571375,0.08277236
ZJ018972,0.36261073,0.08897716,0.18942365,0.0066804825,0.0140172765,0.026661782,0.2603823,0.051246595
ZJ018973,0.09327842,0.11246705,0.0840244,0.0006192376,0.0064577246,0.47294465,0.20990627,0.020302285
ZJ018974,0.14752953,0.066741645,0.39110285,0.00057672046,0.005827936,0.053328577,0.30849212,0.026400594
ZJ018975,0.4379521,0.13983722,0.11920144,0.002961774,0.0036416843,0.010435598,0.20809312,0.07787702
ZJ018976,0.4157512,0.069878906,0.08665691,0.01689034,0.1100245,0.057517618,0.14181286,0.10146769
ZJ018977,0.14564581,0.12862985,0.20542917,0.001234354,0.09090002,0.025670683,0.3349428,0.067547336
ZJ018978,0.21776088,0.201929,0.28323075,0.0010281719,0.0069217077,0.012885614,0.24958812,0.026655728
ZJ018979,0.14973423,0.089124896,0.16900471,0.011542558,0.026538115,0.2473273,0.21419212,0.09253609
ZJ018980,0.10150986,0.0019069741,0.06635583,0.61432964,0.0043377755,0.0012066966,0.007080058,0.20327322
ZJ018981,0.3226088,0.009860877,0.17028369,0.23226273,0.09533202,0.05723537,0.010634085,0.101782456
ZJ018982,0.16464788,0.0039391904,0.19948047,0.49978492,0.019244222,0.07175464,0.002976939,0.03817184
ZJ018983,0.14997815,0.02828851,0.26685676,0.054453753,0.1826636,0.010989672,0.0113439495,0.29542553
ZJ018984,0.16847856,0.09959527,0.12615114,0.2245705,0.12827308,0.0077305515,0.023555335,0.22164558
ZJ018985,0.13459828,0.39462572,0.26145622,0.011559776,0.0042603104,0.09665256,0.07853975,0.018307406
ZJ018986,0.4888735,0.052093927,0.042548977,0.024814552,0.10894891,0.0084306365,0.21098292,0.06330654
ZJ018987,0.25631705,0.16516457,0.21213937,0.0017631318,0.0045677815,0.03783639,0.2865216,0.03569009
ZJ018988,0.14653881,0.14070654,0.15123142,0.004029632,0.015323691,0.0917845,0.3597085,0.09067694
ZJ018989,0.10487421,0.2718651,0.44879898,0.0015556358,0.002658187,0.020437285,0.104586355,0.04522427
ZJ018990,0.061315443,0.09654646,0.29284275,0.0018514355,0.013051359,0.25127292,0.25857246,0.024547178
ZJ018991,0.1435533,0.047230598,0.3724005,0.0008961392,0.008604831,0.10386317,0.3045112,0.01894027
ZJ018992,0.061830495,0.5688724,0.23764531,0.0006628561,0.00272381,0.045788642,0.06331223,0.01916421
ZJ018993,0.15083781,0.0037192975,0.16704357,0.22842725,0.14315699,0.065881714,0.0022546442,0.23867872
ZJ018994,0.15106693,0.051667076,0.23672155,0.0043522697,0.0017011458,0.14415692,0.3963104,0.014023687
ZJ018995,0.30273518,0.03473312,0.119606495,0.0051293997,0.0051924707,0.0022431484,0.45186347,0.07849676
ZJ018996,0.16878116,0.049059324,0.18495362,0.21279258,0.11543544,0.014886471,0.022010727,0.23208068
ZJ018997,0.16326977,0.016232284,0.33420992,0.0065204413,0.18017823,0.15429606,0.028583024,0.11671028
ZJ018998,0.33302173,0.08249828,0.15520927,0.034651186,0.034898717,0.006047275,0.31268623,0.040987317
ZJ018999,0.106996864,0.12509502,0.25278953,0.00025703074,0.0035758873,0.30162907,0.18758403,0.022072561
ZJ019000,0.062046044,0.044151843,0.18864897,0.5686486,0.044731226,0.04102666,0.0037265583,0.047020085
ZJ019001,0.07602822,0.0034739512,0.13923427,0.63508296,0.0033254395,0.07910836,0.007028916,0.056717888
ZJ019002,0.16593097,0.0017299454,0.09838248,0.6060157,0.014734134,0.0239482,0.0020237204,0.087234795
ZJ019003,0.33383635,0.030863658,0.3420284,0.0065526296,0.046276405,0.03913485,0.16629156,0.035016082
ZJ019004,0.4019097,0.07988498,0.13352518,0.14202285,0.02803637,0.03632777,0.041881442,0.13641176
ZJ019005,0.33308583,0.12108084,0.16720685,0.0065241368,0.0017324523,0.0039227535,0.3413639,0.025083203
ZJ019006,0.35138565,0.001999636,0.023900906,0.0019278295,0.59856695,0.0027546606,0.005025279,0.014439156
ZJ019007,0.3477604,0.08521385,0.09686408,0.00042593974,0.2657725,0.02051727,0.15658966,0.026856279
ZJ019008,0.079773,0.0057470887,0.1515786,0.39944336,0.0334381,0.028756592,0.02045525,0.28080797
ZJ019009,0.12731268,0.40234917,0.23950432,0.012670318,0.00256381,0.08916634,0.10405769,0.022375599
ZJ019010,0.08828283,0.006152808,0.06760698,0.6076752,0.07813173,0.0073396023,0.0043847645,0.14042608
ZJ019011,0.060670037,0.025203738,0.073095076,0.003351324,0.00433201,0.78476185,0.030771071,0.017814895
ZJ019012,0.23331851,0.1550894,0.15090565,0.0021438804,0.0016428255,0.013705631,0.42732793,0.01586616
ZJ019013,0.19040304,0.06301692,0.18243708,0.0008286923,0.023614852,0.11142634,0.40983346,0.018439576
ZJ019014,0.25918835,0.21746337,0.12493152,0.013763282,0.040044773,0.022138268,0.23869446,0.08377593
ZJ019015,0.442811,0.08929488,0.14511836,0.08580895,0.027115937,0.020052686,0.029617632,0.1601806
ZJ019016,0.21144189,0.2248786,0.13424674,0.0015876346,0.008142819,0.044391476,0.31181642,0.063494444
ZJ019017,0.16864824,0.13802244,0.22497976,0.0062161246,0.06103001,0.21856646,0.08340942,0.099127546
ZJ019018,0.109040104,0.0012394214,0.27099088,0.2109048,0.029919293,0.036092203,0.0012477859,0.34056553
ZJ019019,0.1636775,0.19914985,0.11190794,0.0068015633,0.048644364,0.063965045,0.3146116,0.09124209
ZJ019020,0.008189094,0.001967269,0.021010488,0.0010404538,0.0014297995,0.9620466,0.0016087092,0.0027075678
ZJ019021,0.26377565,0.017659944,0.14379807,0.29761276,0.16825214,0.03575767,0.016395546,0.05674823
ZJ019022,0.11993168,0.11486671,0.1824014,0.0042163315,0.01464267,0.35606885,0.121604,0.086268365
ZJ019023,0.22421183,0.21272253,0.21454245,0.00097190676,0.0035035748,0.070229426,0.226339,0.04747925
ZJ019024,0.35228825,0.18273541,0.100662805,0.0103716375,0.041679215,0.043336995,0.15166566,0.11726
ZJ019025,0.21708135,0.07836811,0.13608035,0.0005199777,0.012459868,0.21488854,0.23092045,0.10968134
ZJ019026,0.15625782,0.26518846,0.42962804,0.001129452,0.01551409,0.01737446,0.110974096,0.003933609
ZJ019027,0.23564984,0.24910143,0.104694694,0.07247364,0.06578375,0.020606097,0.13715115,0.11453937
ZJ019028,0.26686424,0.03980657,0.41972598,0.044226438,0.011600544,0.030656071,0.07007896,0.11704116
ZJ019029,0.26355866,0.12394905,0.23696256,0.0024650693,0.016767656,0.093322985,0.22875348,0.034220543
ZJ019030,0.17246734,0.13988313,0.2537035,0.002361675,0.013029199,0.02187629,0.29476362,0.1019152
ZJ019031,0.085418046,0.115528725,0.15178232,0.008743814,0.0503839,0.4046582,0.16794339,0.015541596
ZJ019032,0.33252686,0.08646181,0.050871197,0.07177901,0.230585,0.02352482,0.14457892,0.059672397
ZJ019033,0.19036889,0.024004137,0.2956173,0.24265344,0.028531391,0.003767955,0.026352366,0.18870448
ZJ019034,0.22954272,0.17108992,0.17799886,0.0006197549,0.005426203,0.020220071,0.3659181,0.029184425
ZJ019035,0.21411596,0.10428495,0.321011,0.056144554,0.021323204,0.091500655,0.028934916,0.1626847
ZJ019036,0.17331599,0.01856834,0.3007917,0.24015471,0.08168077,0.0187499,0.0036823556,0.16305622
ZJ019037,0.17465244,0.09807874,0.12954785,0.00023483994,0.009069484,0.017498938,0.55330575,0.017611904
ZJ019038,0.30023012,0.17869401,0.12948133,0.023040943,0.01792372,0.017116914,0.21389465,0.11961833
ZJ019039,0.17315945,0.2237795,0.36497208,0.005364843,0.0031353286,0.03586168,0.13877578,0.054951336
ZJ019040,0.1308385,0.023546241,0.1679982,0.00067886506,0.0038101855,0.5366418,0.13452625,0.0019599628
ZJ019041,0.22848181,0.055375855,0.18728718,0.00023585798,0.18689752,0.08640078,0.24461071,0.010710275
ZJ019042,0.21646105,0.41629195,0.07137473,0.0018419718,0.014153821,0.02014309,0.23629892,0.0234345
ZJ019043,0.17417671,0.09591707,0.16608067,0.0011334361,0.005822004,0.081942074,0.40112364,0.07380434
ZJ019044,0.34447286,0.115226366,0.11568938,0.0053719752,0.11572392,0.089063264,0.1487049,0.06574729
ZJ019045,0.027456647,0.055785634,0.6397116,0.0017946715,0.022010177,0.2062668,0.027035989,0.019938428
ZJ019046,0.42940626,0.06013909,0.085218646,0.027292978,0.14353885,0.030036742,0.16251254,0.061854888
ZJ019047,0.10417012,0.09150829,0.23476477,0.0006035244,0.0037174392,0.44393823,0.11866324,0.0026344154
ZJ019048,0.15972035,0.11204028,0.26843688,0.008254479,0.022381991,0.26572567,0.12367595,0.039764337
ZJ019049,0.563493,0.051571924,0.045683924,0.009684111,0.09380506,0.01723098,0.160389,0.058142055
ZJ019050,0.18890107,0.2554543,0.15332055,0.0045310515,0.010686288,0.042898722,0.15793993,0.1862682
ZJ019051,0.20972824,0.28439903,0.16634096,0.0016784229,0.0022014782,0.045256965,0.21713322,0.073261626
ZJ019052,0.20230356,0.10571243,0.17623663,0.0014890488,0.0049059847,0.08887996,0.40972227,0.010750129
ZJ019053,0.090473294,0.0061368267,0.15456708,0.57642967,0.0056214593,0.009792026,0.004590765,0.15238884
ZJ019054,0.32350087,0.14144781,0.13657843,0.011341256,0.032491785,0.029641846,0.26904258,0.05595536
ZJ019055,0.26370186,0.07282906,0.13892902,0.00062800746,0.12556946,0.02445563,0.36381054,0.010076469
ZJ019056,0.2991123,0.0014001755,0.07954433,0.3934485,0.041570567,0.012748607,0.030590175,0.14158529
ZJ019057,0.29099903,0.16797663,0.06122696,0.032776795,0.1461793,0.019164389,0.19141106,0.09026588
ZJ019058,0.21030994,0.17209806,0.23156366,0.0041731317,0.007852887,0.081522636,0.15951651,0.13296321
ZJ019059,0.10936105,0.0031098148,0.13658121,0.5068911,0.019050285,0.07148802,0.019019533,0.13449898
ZJ019060,0.11857475,0.35028473,0.06277563,0.0008772578,0.0025393374,0.015050983,0.4355639,0.014333412
ZJ019061,0.18321909,0.43990058,0.10958131,0.0013367542,0.0038762589,0.04839933,0.17127478,0.042411886
ZJ019062,0.20103008,0.014071685,0.5086556,0.056125905,0.005346209,0.011779326,0.023137847,0.17985335
ZJ019063,0.13605054,0.08160229,0.10593184,0.0004633256,0.13957918,0.03351201,0.47940868,0.023452107
ZJ019064,0.34439462,0.077758834,0.23372403,0.0071739336,0.022366285,0.011400268,0.26023245,0.042949576
ZJ019065,0.2288779,0.19611315,0.29049543,0.0015898708,0.0015136269,0.05713977,0.20381132,0.020458888
ZJ019066,0.36334744,0.045172933,0.082292676,0.0041313306,0.12572986,0.011565236,0.32606268,0.04169783
ZJ019067,0.11523263,0.13673227,0.36731827,0.0026725284,0.10577613,0.08542658,0.14555027,0.04129137
ZJ019068,0.19035302,0.22200996,0.100297615,0.0006624622,0.007226181,0.012089651,0.44586033,0.021500833
ZJ019069,0.063054115,0.002277903,0.14657769,0.49030507,0.0075030266,0.030171694,0.0048671393,0.25524345
ZJ019070,0.17178863,0.07247002,0.16609506,0.0021227023,0.018280478,0.03787313,0.5030053,0.028364688
ZJ019071,0.21256162,0.2089193,0.21847051,0.00067802885,0.002410045,0.0972315,0.21717663,0.042552352
ZJ019072,0.24288517,0.0705565,0.110616885,0.00045695953,0.008638917,0.02796927,0.52850485,0.010371375
ZJ019073,0.01241597,0.021636467,0.023965761,0.00033145992,0.003869498,0.9302211,0.00450768,0.003052133
ZJ019074,0.1586161,0.012564203,0.14370315,0.48971283,0.014159919,0.14317039,0.007678655,0.030394826
ZJ019075,0.012750454,0.02331767,0.04390368,8.709513e-05,0.0057932762,0.8918552,0.015896939,0.0063956827
ZJ019076,0.26710513,0.09617903,0.21428652,0.0006103969,0.0077642202,0.025149886,0.36205798,0.026846832
ZJ019077,0.21424583,0.107973136,0.18526478,0.0012089993,0.002556017,0.08402135,0.39229643,0.012433389
ZJ019078,0.005892677,0.0010067384,0.010347768,0.0001406262,0.0007160581,0.98036313,0.0008890372,0.00064401946
ZJ019079,0.23768431,0.11585507,0.25601336,0.002502689,0.011848442,0.084768444,0.25144953,0.03987818
ZJ019080,0.31892854,0.15175039,0.10457825,0.008186097,0.024176253,0.02177546,0.16747051,0.20313448
ZJ019081,0.16413347,0.29929385,0.088834055,0.0011412911,0.0018786312,0.012481837,0.4150418,0.017195102
ZJ019082,0.0503881,0.0610567,0.026402086,0.001346391,0.003626618,0.77440816,0.070020474,0.0127514005
ZJ019083,0.19710034,0.09545483,0.35369515,0.0023270575,0.015357459,0.017340055,0.25218654,0.066538624
ZJ019084,0.13644737,0.049774952,0.11692494,0.001937231,0.004533751,0.010230731,0.591045,0.08910601
ZJ019085,0.40825042,0.049745332,0.104287714,0.008781739,0.13119881,0.14946729,0.0956378,0.0526309
ZJ019086,0.12550096,0.05227068,0.1858925,0.0016384929,0.2706327,0.14022006,0.19609304,0.027751492
ZJ019087,0.43874633,0.11283372,0.062622406,0.033971958,0.0980209,0.042943005,0.18272996,0.028131766
ZJ019088,0.368432,0.16831824,0.027910363,0.000925949,0.07647263,0.0051975334,0.33373246,0.019010834
ZJ019089,0.18354842,0.33097228,0.3094309,0.002512659,0.0031336874,0.015799103,0.11698079,0.037622165
ZJ019090,0.17142117,0.051130053,0.06877705,0.0023906957,0.009084023,0.028381051,0.6495206,0.019295383
ZJ019091,0.042917166,0.0010621416,0.22869249,0.5696674,0.004816341,0.0072319773,0.000679978,0.1449325
ZJ019092,0.1834592,0.36592987,0.13641757,0.0010750856,0.0017546322,0.043889944,0.16764359,0.09983007
ZJ019093,0.23286854,0.4828645,0.05191616,0.016540486,0.02993046,0.015355469,0.092622295,0.07790214
ZJ019094,0.2006084,0.010842053,0.16125883,0.33103678,0.074042894,0.12653945,0.008166884,0.08750466
ZJ019095,0.436109,0.079611726,0.13897666,0.013398435,0.033790056,0.049244534,0.19961554,0.049254
ZJ019096,0.2564792,0.087290354,0.17549044,0.00032784295,0.0011766538,0.025706425,0.4334935,0.020035606
ZJ019097,0.10503315,0.06108636,0.5215953,0.0030176574,0.010592873,0.048198428,0.16423492,0.08624138
ZJ019098,0.2691106,0.12408265,0.23936047,0.00085060095,0.006576696,0.07165031,0.2782354,0.010133311
ZJ019099,0.1491409,0.11643987,0.14632817,0.0017508714,0.0020485919,0.1449272,0.31387043,0.12549394
ZJ019100,0.046659436,0.07523831,0.7601451,0.0010324527,0.006163433,0.043549456,0.06245626,0.0047554434
ZJ019101,0.43566483,0.066143356,0.19947785,0.00092454295,0.015484567,0.09611699,0.16243182,0.023756083
ZJ019102,0.1838935,0.06484427,0.055689137,0.004424072,0.50736475,0.02184279,0.15546443,0.0064770454
ZJ019103,0.06745533,0.008920905,0.20009689,0.3366326,0.003799631,0.00401127,0.008018277,0.37106514
ZJ019104,0.16605814,0.045308493,0.16973293,0.11613931,0.00821928,0.08847796,0.028851602,0.37721226
ZJ019105,0.19957249,0.084177844,0.2085624,0.03967881,0.025534632,0.016181404,0.037303343,0.38898912
ZJ019106,0.1538133,0.37363365,0.1776732,0.014250332,0.0034287707,0.008884943,0.07602076,0.19229507
ZJ019107,0.146347,0.33878574,0.064898655,0.0037709742,0.06046818,0.08086342,0.25623742,0.048628654
ZJ019108,0.2771671,0.18918625,0.098976865,0.0035707185,0.07598626,0.10090046,0.21858087,0.035631463
ZJ019109,0.2278795,0.11693517,0.20846842,0.008474724,0.02905189,0.071373336,0.2789703,0.05884664
ZJ019110,0.20094427,0.20560616,0.219826,0.0015387855,0.0024588492,0.14704078,0.20213303,0.020452049
ZJ019111,0.27354,0.11903218,0.21264894,0.0006256329,0.0012994113,0.010058442,0.31007722,0.07271819
ZJ019112,0.03364017,0.0069797337,0.21094368,0.5644022,0.07364182,0.026261857,0.005272088,0.07885845
ZJ019113,0.09042276,0.030096494,0.21950123,0.038805753,0.11250014,0.18260951,0.0075820116,0.3184821
ZJ019114,0.3094324,0.04992667,0.13204454,0.00018848953,0.022192458,0.05062256,0.42135763,0.014235287
ZJ019115,0.2111119,0.2970575,0.10853214,0.0055992953,0.005084753,0.016681274,0.3129835,0.04294965
ZJ019116,0.14784151,0.059466977,0.42400917,0.00060109945,0.002091986,0.11092933,0.24492963,0.010130276
ZJ019117,0.14625518,0.16710691,0.39288786,0.0009907166,0.0023887933,0.042906333,0.21179272,0.035671487
ZJ019118,0.09551453,0.060273662,0.20269504,0.06490987,0.025985425,0.09492408,0.08105719,0.37464017
ZJ019119,0.39658892,0.11073721,0.10580716,0.0040176907,0.029571671,0.08347983,0.21640536,0.053392127
ZJ019120,0.3676284,0.10932418,0.23882894,0.0008106373,0.005488762,0.023982577,0.23410524,0.01983131
ZJ019121,0.31145152,0.16528057,0.15402466,0.009120278,0.0072013494,0.08059793,0.21102674,0.06129695
ZJ019122,0.28269452,0.056638524,0.16838908,0.0004179718,0.0015957161,0.019230943,0.42856854,0.042464647
ZJ019123,0.07066889,0.0010006411,0.21444733,0.44812092,0.0075428374,0.038950857,0.002748826,0.21651962
ZJ019124,0.15182133,0.11540004,0.3005816,0.00016127403,0.027730055,0.023497662,0.37199953,0.008808545
ZJ019125,0.30214268,0.21457203,0.13339166,0.00044002177,0.0018294582,0.01417639,0.3155168,0.017930986
ZJ019126,0.25339597,0.1483108,0.13306662,0.001379605,0.030280868,0.004945813,0.3573138,0.07130655
ZJ019127,0.08818352,0.05385163,0.39956507,0.00091644493,0.013275846,0.2985156,0.09479921,0.05089272
ZJ019128,0.3987123,0.1126056,0.07141236,0.018664012,0.052582648,0.032748718,0.2491085,0.06416589
ZJ019129,0.090996034,0.009680442,0.22050394,0.5986597,0.0053594317,0.019700965,0.021935038,0.033164475
ZJ019130,0.15646291,0.26826712,0.11795191,0.0008442471,0.018094203,0.01779328,0.37977052,0.04081583
ZJ019131,0.16617143,0.11464576,0.14269185,0.0019367061,0.004549638,0.023468178,0.48518258,0.061353847
ZJ019132,0.34713116,0.07922684,0.10198711,0.00402006,0.18718298,0.06324802,0.17470467,0.042499192
ZJ019133,0.23419382,0.07366692,0.32120734,0.00063953426,0.010493924,0.03939708,0.26348117,0.05692025
ZJ019134,0.20396252,0.1570781,0.13652627,0.0043253293,0.028894136,0.0811692,0.2617569,0.12628758
ZJ019135,0.49301636,0.0065012113,0.100665815,0.010676346,0.25549883,0.036575776,0.018040063,0.079025544
ZJ019136,0.024014452,0.026495717,0.14117526,0.0010846236,0.012031896,0.77791816,0.015333874,0.0019460521
ZJ019137,0.28367925,0.0027929598,0.0540401,0.4001373,0.18887201,0.030591186,0.0039513945,0.035935804
ZJ019138,0.2978207,0.19120969,0.09955519,0.016415095,0.050867256,0.05313108,0.25193444,0.039066575
ZJ019139,0.11485042,0.004732651,0.12836938,0.5262641,0.005948215,0.0071537793,0.005035336,0.20764619
ZJ019140,0.20832051,0.008492238,0.3269437,0.12524281,0.0055749724,0.02475055,0.02236973,0.27830547
ZJ019141,0.08532863,0.005622814,0.26241305,0.40168855,0.022816455,0.039444666,0.0030044129,0.17968148
ZJ019142,0.09288422,0.36985424,0.22597414,0.00024847174,0.10821936,0.063991316,0.102007344,0.03682088
ZJ019143,0.044335987,0.07017992,0.7194252,0.002187264,0.009852861,0.0873229,0.046958223,0.019737655
ZJ019144,0.10002447,0.13212685,0.08628195,0.001405281,0.002923621,0.3549206,0.2718225,0.05049468
ZJ019145,0.07106247,0.002863687,0.05650649,0.63319516,0.1580289,0.003542432,0.00095946767,0.07384131
ZJ019146,0.087215625,0.09909695,0.3891985,0.0030494228,0.17437178,0.09146409,0.10722226,0.0483814
ZJ019147,0.3543739,0.30405807,0.0917901,0.0013496076,0.013190091,0.035152007,0.16296263,0.037123647
ZJ019148,0.3513173,0.006816479,0.11032271,0.09067392,0.31688824,0.044081815,0.01016086,0.069738716
ZJ019149,0.5105337,0.051879894,0.07520255,0.020863552,0.14538842,0.029909398,0.11771602,0.048506513
ZJ019150,0.052434105,0.0005929084,0.08152828,0.37511387,0.014589263,0.4361506,0.0014287104,0.038162235
ZJ019151,0.16924873,0.106325395,0.39165062,0.00045357988,0.0065159136,0.075317286,0.2345048,0.015983624
ZJ019152,0.21031182,0.07316034,0.29515514,0.0011542441,0.014908156,0.10901465,0.28349668,0.012799012
ZJ019153,0.2990999,0.10515834,0.19311337,0.014305729,0.022797583,0.013016043,0.31279117,0.039717924
ZJ019154,0.20953122,0.25085384,0.17772083,0.0130308885,0.014086107,0.0018852653,0.061296374,0.2715955
ZJ019155,0.2625599,0.17897178,0.17468731,0.004837983,0.03153472,0.042869445,0.27131033,0.033228572
ZJ019156,0.34034878,0.09820776,0.36106408,0.0087838825,0.02047045,0.044833295,0.054938853,0.07135282
ZJ019157,0.0054610195,0.0033388066,0.030895589,0.00016196528,0.0020924953,0.9539333,0.0032525586,0.0008642186
ZJ019158,0.1623951,0.35207918,0.14676134,0.00062505924,0.0032072973,0.1218664,0.19977932,0.013286342
ZJ019159,0.20479035,0.0069739404,0.40629318,0.09957976,0.007118683,0.015359403,0.02053953,0.23934521
ZJ019160,0.29953048,0.049893755,0.12701392,0.0022785908,0.05379536,0.11621673,0.32563305,0.025638098
ZJ019161,0.43836376,0.12083569,0.14447618,0.021174721,0.023732107,0.022809688,0.12780929,0.100798555
ZJ019162,0.19899678,0.009274374,0.14989449,0.47692534,0.006048868,0.004069078,0.013833803,0.14095727
ZJ019163,0.25514156,0.107842885,0.19965021,0.00087846036,0.013692789,0.012935454,0.39341158,0.016447041
ZJ019164,0.15901074,0.042111255,0.2837362,0.00094160886,0.0042586243,0.10709255,0.39638188,0.006467128
ZJ019165,0.33531722,0.1782207,0.19373439,0.006394638,0.031461395,0.02617901,0.16915084,0.05954177
ZJ019166,0.20651048,0.20843118,0.19566952,0.0014208198,0.0026978136,0.08780301,0.24653429,0.050932836
ZJ019167,0.11110815,0.38477558,0.3444754,0.0012257283,0.010583147,0.064841546,0.0608946,0.022095844
ZJ019168,0.0202586,0.09217744,0.33135617,0.00025754754,0.007423188,0.49405092,0.041612886,0.012863235
ZJ019169,0.33061114,0.041385718,0.2226994,0.17255558,0.034551814,0.015840255,0.0139969755,0.1683591
ZJ019170,0.08110863,0.011088279,0.15641434,0.042449526,0.012628495,0.61286676,0.008351847,0.07509204
ZJ019171,0.1188954,0.0015886411,0.13620555,0.5161038,0.05874719,0.09823321,0.0023801832,0.067846075
ZJ019172,0.3065818,0.017298354,0.15294483,0.28261903,0.13838182,0.030104628,0.021892311,0.050177243
ZJ019173,0.387849,0.04773821,0.1377422,0.002335728,0.027847694,0.022679761,0.3172399,0.056567527
ZJ019174,0.24907188,0.17833334,0.15515494,0.0029440175,0.030239379,0.09391954,0.17871468,0.11162227
ZJ019175,0.36132413,0.087715894,0.15445086,0.0029999497,0.018514922,0.008663418,0.35173753,0.014593312
ZJ019176,0.26379496,0.19531003,0.19622791,0.014730162,0.03828731,0.07496646,0.17902459,0.037658606
ZJ019177,0.24799664,0.2220618,0.20532674,0.006295911,0.015871475,0.05135159,0.15130992,0.09978599
ZJ019178,0.19106457,0.30996436,0.21754391,0.015139952,0.0059701707,0.09238663,0.13820231,0.029728131
ZJ019179,0.33087623,0.091482066,0.0664926,0.048308372,0.20686808,0.07115846,0.14827721,0.03653694
ZJ019180,0.06967438,0.004815462,0.117107585,0.30819738,0.3862934,0.018742943,0.003868718,0.09130012
ZJ019181,0.13943997,0.08115931,0.18454607,0.0003956301,0.006883032,0.11123471,0.4471537,0.029187638
ZJ019182,0.028961508,0.0012232894,0.046836168,0.66887057,0.0034386362,0.0102807805,0.0009003863,0.23948866
ZJ019183,0.22401248,0.05043007,0.29127163,0.0022348128,0.018388882,0.040397108,0.31314155,0.060123462
ZJ019184,0.12934256,0.0020532883,0.0994339,0.4928676,0.013985312,0.014434976,0.00092865713,0.24695376
ZJ019185,0.12222868,0.0051173135,0.27655625,0.38274372,0.012311137,0.09008686,0.004310719,0.10664535
ZJ019186,0.16987062,0.00083809113,0.5225377,0.064648956,0.10222362,0.010370517,0.0015031332,0.12800732
ZJ019187,0.13406195,0.100074254,0.4191614,0.00017138323,0.001872333,0.057881724,0.25547764,0.031299304
ZJ019188,0.24578866,0.14167237,0.17461929,0.011283841,0.024079142,0.03597212,0.261608,0.10497658
ZJ019189,0.39472076,0.07800908,0.06521134,0.0021288383,0.08901478,0.020352963,0.33026865,0.0202936
ZJ019190,0.15174176,0.018009758,0.13937752,0.5660394,0.013404508,0.07975426,0.007771529,0.02390125
ZJ019191,0.2074303,0.18134513,0.23996115,0.0031291887,0.0019502594,0.081755094,0.18295135,0.10147751
ZJ019192,0.18937269,0.32353652,0.0825168,0.00842708,0.004299978,0.050816294,0.2737901,0.067240566
ZJ019193,0.20545113,0.068985604,0.23834924,0.026407849,0.03384576,0.014693479,0.068676375,0.34359053
ZJ019194,0.12197646,0.03437061,0.11287171,0.0071859844,0.024597986,0.5109417,0.17036055,0.017695077
ZJ019195,0.2586686,0.06608668,0.37794435,0.00072307757,0.008960762,0.008868187,0.26750416,0.011244139
ZJ019196,0.25618804,0.009005566,0.07887542,0.3699319,0.23194931,0.024581987,0.008056059,0.021411778
ZJ019197,0.0027111927,0.0006595213,0.008972483,0.0015805752,0.00060871727,0.98421246,0.00022710193,0.0010279018
ZJ019198,0.19366379,0.25334755,0.19828635,0.08791273,0.016963951,0.0340765,0.12423801,0.091511115
ZJ019199,0.43740067,0.083674334,0.06622524,0.03334237,0.15095627,0.056810576,0.13178314,0.03980739
ZJ019200,0.32110354,0.009150213,0.08956724,0.343966,0.06186056,0.043920767,0.008451546,0.12198013
ZJ019201,0.3457819,0.11068434,0.07752392,0.011960452,0.14471567,0.027241973,0.2520071,0.03008461
ZJ019202,0.26619378,0.1012887,0.086766884,0.044889607,0.11483937,0.040637203,0.29777303,0.047611456
ZJ019203,0.17693886,0.014283754,0.43132335,0.104410544,0.0105725145,0.021497793,0.024272658,0.21670054
ZJ019204,0.2819211,0.008768761,0.1065277,0.3096753,0.13464345,0.06702063,0.019862127,0.071581
ZJ019205,0.045641128,0.008892855,0.29671046,0.48093015,0.06115098,0.06603792,0.0014888255,0.039147694
ZJ019206,0.20563312,0.38855204,0.12532625,0.006966726,0.05147075,0.041398387,0.15328312,0.027369587
ZJ019207,0.33675167,0.02898457,0.08818485,0.0018411139,0.085872255,0.018158602,0.4193368,0.020870078
ZJ019208,0.10768695,0.0014274026,0.09963119,0.51026994,0.003354746,0.003893101,0.0029650957,0.27077153
ZJ019209,0.20378532,0.011177809,0.07089576,0.09103088,0.42013216,0.017296294,0.016554834,0.169127
ZJ019210,0.2096439,0.23705885,0.31948668,0.0011771935,0.002362033,0.016804263,0.19654925,0.01691784
ZJ019211,0.070125334,0.0017796162,0.12158218,0.5252621,0.0141599495,0.052231215,0.0030673244,0.2117923
ZJ019212,0.3197243,0.029776447,0.2197204,0.04501171,0.12082479,0.07325787,0.05531356,0.1363709
ZJ019213,0.030430043,0.0008726711,0.15098494,0.54475605,0.0029408748,0.019007696,0.0006737811,0.25033394
ZJ019214,0.29060635,0.10085324,0.2565416,0.0026645376,0.024639294,0.015024708,0.28398517,0.025685051
ZJ019215,0.08836015,0.1148891,0.19038819,0.0031422733,0.046989292,0.31229097,0.14276601,0.10117402
ZJ019216,0.18994272,0.030489316,0.2996182,0.2343783,0.07706882,0.0183869,0.008884346,0.1412314
ZJ019217,0.22514276,0.21210387,0.17854622,0.0027768023,0.0061989105,0.07558496,0.22769237,0.071954116
ZJ019218,0.22699194,0.066165954,0.26485685,0.0011516694,0.006445524,0.024857612,0.37655932,0.03297113
ZJ019219,0.061801013,0.029609403,0.042051725,0.033945337,0.05133119,0.7564734,0.007993348,0.016794577
ZJ019220,0.16547473,0.11560812,0.1011164,0.006477819,0.029030146,0.18960907,0.32980105,0.0628827
ZJ019221,0.06697403,0.007814612,0.10284616,0.4524671,0.004395522,0.31321868,0.0052391374,0.047044743
ZJ019222,0.36493754,0.06481826,0.0971994,0.072735175,0.083920754,0.044334024,0.20996185,0.06209297
ZJ019223,0.21280049,0.164593,0.11445204,0.0020619398,0.03068831,0.05074225,0.30929795,0.115364
ZJ019224,0.2944758,0.002851733,0.10293472,0.16895746,0.006981134,0.047909137,0.0050891587,0.37080082
ZJ019225,0.09636186,0.026325246,0.20360899,0.0962439,0.2385579,0.038321674,0.008816645,0.2917637
ZJ019226,0.1356429,0.07996301,0.3094324,0.0023760728,0.010847322,0.016306426,0.3312801,0.11415181
ZJ019227,0.4799435,0.06396366,0.07370695,0.0029149526,0.02227619,0.029738132,0.28726253,0.040194128
ZJ019228,0.23803459,0.020787828,0.21051553,0.32957938,0.014438592,0.0954499,0.01462626,0.076567985
ZJ019229,0.59026533,0.029912245,0.02434666,0.0013324618,0.047089484,0.009408173,0.28496203,0.012683692
ZJ019230,0.20118304,0.13709617,0.17563276,0.0019721293,0.0015245724,0.02750833,0.4352296,0.019853404
ZJ019231,0.1697948,0.071996644,0.2859865,0.00028995902,0.06540697,0.016756296,0.37586448,0.013904366
ZJ019232,0.31234303,0.118929274,0.07179755,0.052976303,0.12320087,0.03830593,0.22185987,0.06058719
ZJ019233,0.20771085,0.12905872,0.19756715,0.008318086,0.057612915,0.05338794,0.14832927,0.19801506
ZJ019234,0.19599925,0.1429595,0.13711902,0.005529204,0.02571759,0.20130862,0.2287079,0.06265892
ZJ019235,0.19078961,0.03725432,0.2988307,0.255609,0.002197972,0.039499767,0.009534263,0.16628443
ZJ019236,0.3092068,0.10449071,0.17895171,0.0014485391,0.022010028,0.02144555,0.3096269,0.052819755
ZJ019237,0.26479715,0.13803485,0.19146682,0.00086728594,0.005211701,0.022673437,0.36295423,0.013994509
ZJ019238,0.053515427,0.46823737,0.23762167,0.0004066807,0.0022193182,0.073024206,0.15143701,0.013538308
ZJ019239,0.16288887,0.19240673,0.28682423,0.0012721894,0.001691168,0.14822643,0.19372624,0.012964216
ZJ019240,0.12668428,0.45129228,0.1750447,0.00028043357,0.0019611532,0.04278428,0.18584563,0.016107187
ZJ019241,0.0047173635,0.0071704853,0.015002443,0.0014706344,0.00034411554,0.967312,0.002343639,0.0016393859
ZJ019242,0.25983816,0.14708568,0.107655026,0.0066662827,0.040089235,0.071435265,0.3332275,0.034002867
ZJ019243,0.08229952,0.009353952,0.27876016,0.20998764,0.08380529,0.056889903,0.0020663799,0.27683717
ZJ019244,0.09665144,0.0017149945,0.18580835,0.46867552,0.015342597,0.01932087,0.0010147025,0.21147151
ZJ019245,0.26923934,0.05317046,0.3548993,0.0007746389,0.00456188,0.03986561,0.25462353,0.022865228
ZJ019246,0.20312999,0.12648673,0.23340034,0.0021536334,0.024246957,0.045327507,0.2727051,0.0925497
ZJ019247,0.33523697,0.115785636,0.19332606,0.0043561696,0.016376052,0.025875898,0.2643723,0.04467091
ZJ019248,0.2989478,0.050124303,0.24951208,0.0006398425,0.054731708,0.018399475,0.31502217,0.012622629
ZJ019249,0.21384256,0.107406124,0.15576369,0.0022840556,0.006919423,0.03676678,0.41700754,0.06000981
ZJ019250,0.30596775,0.03943394,0.21304262,0.26634485,0.013757703,0.033712406,0.007259979,0.12048077
ZJ019251,0.41970104,0.1667596,0.17799489,0.0033600612,0.0074830917,0.008788923,0.11513577,0.10077664
ZJ019252,0.09153335,0.48594636,0.2638055,0.0010626103,0.01144073,0.05623152,0.07568216,0.014297707
ZJ019253,0.08700127,0.0018732051,0.5938482,0.05050011,0.06416651,0.023442067,0.0015705177,0.17759804
ZJ019254,0.20945714,0.08860837,0.2788866,0.00038460566,0.049655326,0.017346006,0.33853498,0.017126996
ZJ019255,0.21720602,0.013752261,0.11858018,0.4683726,0.0837888,0.042156138,0.015673803,0.040470168
ZJ019256,0.22240396,0.26119626,0.1700592,0.002522553,0.0066319895,0.086180314,0.19626196,0.054743707
ZJ019257,0.40605876,0.083736114,0.1491261,0.0031204282,0.027474398,0.018245663,0.26790667,0.044331826
ZJ019258,0.0069364975,0.0032394144,0.034385096,0.00016516533,0.0043116678,0.9419297,0.00718033,0.0018521091
ZJ019259,0.010104468,0.008246389,0.05932026,0.0005546603,0.0046455315,0.9051975,0.010114913,0.0018161909
ZJ019260,0.20436342,0.15207897,0.063603975,0.056614332,0.10222927,0.03661885,0.27763307,0.10685816
ZJ019261,0.1155654,0.011050834,0.28053665,0.2276079,0.019812275,0.00278681,0.014405139,0.328235
ZJ019262,0.3381038,0.14964694,0.13207655,0.08722359,0.04458124,0.051453926,0.13241802,0.064496025
ZJ019263,0.20114303,0.02325238,0.32331944,0.18129674,0.07753147,0.019969357,0.009538369,0.16394922
ZJ019264,0.19721718,0.0097400155,0.097991765,0.39509702,0.20050837,0.033807766,0.0032514513,0.062386442
ZJ019265,0.12602518,0.025172727,0.15388559,0.16245823,0.17258121,0.07360887,0.020209558,0.26605865
ZJ019266,0.3584667,0.07999272,0.082876265,0.03441621,0.083181635,0.040194817,0.26559958,0.055272043
ZJ019267,0.12428282,0.16331854,0.16215861,0.0027696711,0.02975379,0.10715157,0.2634378,0.14712715
ZJ019268,0.4254282,0.11765493,0.07013719,0.02755057,0.0809579,0.0148032205,0.12836407,0.13510391
ZJ019269,0.17681208,0.1617297,0.06457329,0.052726276,0.09757953,0.082368314,0.31202668,0.052184153
ZJ019270,0.11302602,0.11846761,0.2098454,0.16026169,0.029236352,0.0056600897,0.03544079,0.328062
ZJ019271,0.17195316,0.36324188,0.07264763,0.0043103592,0.04392435,0.041981734,0.25695345,0.04498738
ZJ019272,0.08635737,0.04064724,0.050323028,0.0002813561,0.055078246,0.7008371,0.05257143,0.013904294
ZJ019273,0.3933747,0.07635322,0.05339304,0.025765559,0.13259476,0.031999208,0.21927305,0.06724639
ZJ019274,0.3981806,0.021364043,0.11628914,0.16943096,0.13526021,0.05647556,0.01168248,0.09131701
ZJ019275,0.31813946,0.06275692,0.04507124,0.017839799,0.13419321,0.020223103,0.3679798,0.033796467
ZJ019276,0.26731467,0.20877944,0.18915965,0.008134359,0.060734287,0.07701462,0.13069023,0.05817279
ZJ019277,0.31018308,0.04651683,0.35042977,0.004498885,0.008346162,0.040723473,0.22344102,0.015860837
ZJ019278,0.14680205,0.07733721,0.35706016,0.007993485,0.038534872,0.07591427,0.26493534,0.0314226
ZJ019279,0.3481797,0.10592692,0.14816445,0.08022748,0.03428466,0.02582585,0.071464024,0.18592693
ZJ019280,0.21700881,0.12590195,0.24143973,0.0029929557,0.062102422,0.034105025,0.22902101,0.08742808
ZJ019281,0.27912763,0.105279885,0.23984462,0.0049644173,0.014218909,0.010242847,0.2835341,0.062787645
ZJ019282,0.13516453,0.22487739,0.27282965,0.0011890391,0.00076988764,0.18836538,0.16380166,0.0130024515
ZJ019283,0.05003672,0.0058073658,0.23698552,0.6275261,0.0034183436,0.008046374,0.015766405,0.052413173
ZJ019284,0.26712146,0.30172572,0.1396988,0.0119086,0.029653234,0.025357915,0.17891635,0.045617945
ZJ019285,0.12282212,0.0018900889,0.08887625,0.62330836,0.007387496,0.0040968694,0.0036367646,0.14798209
ZJ019286,0.40116927,0.0043489807,0.08428744,0.1435418,0.26476192,0.031570703,0.013056052,0.05726382
ZJ019287,0.10803527,0.14127526,0.19966774,0.0012773694,0.018562706,0.22772893,0.13528018,0.1681726
ZJ019288,0.17428885,0.13161796,0.15952805,0.016642567,0.090008326,0.24665266,0.10335802,0.0779036
ZJ019289,0.18370461,0.15895383,0.4265369,0.00039568153,0.0048397677,0.042922452,0.17287484,0.009771918
ZJ019290,0.055335507,0.071418956,0.09142554,0.06690602,0.030796546,0.64097935,0.01986685,0.023271242
ZJ019291,0.108116515,0.03345751,0.16928451,0.4972011,0.0075199376,0.02197707,0.023781423,0.13866189
ZJ019292,0.18230847,0.023962298,0.06463337,0.49951488,0.08488916,0.04513195,0.04238837,0.05717148
ZJ019293,0.07286435,0.04833408,0.054234214,0.00045904852,0.0061797686,0.6933826,0.114348345,0.010197592
ZJ019294,0.1697223,0.17403151,0.37724307,0.0006184385,0.0064986693,0.032146033,0.21168813,0.028051844
ZJ019295,0.20325421,0.24360643,0.14741363,0.0007378985,0.0040476434,0.016259037,0.27958626,0.10509489
ZJ019296,0.10760853,0.007651376,0.22694758,0.36437687,0.0032808993,0.1576448,0.0044330275,0.12805696
ZJ019297,0.37299973,0.12858656,0.19735879,0.02316552,0.013492991,0.032198675,0.14923432,0.08296347
ZJ019298,0.08335386,0.4743497,0.28248212,0.000679613,0.0046885055,0.07238642,0.06965942,0.01240034
ZJ019299,0.41412163,0.07607088,0.10745149,0.004540245,0.024496367,0.038793832,0.24174736,0.09277819
ZJ019300,0.119517066,0.0014040307,0.09816904,0.554907,0.013139977,0.0057516303,0.0036365774,0.20347461
ZJ019301,0.26060778,0.28196663,0.06403307,0.002082396,0.0048696618,0.012096682,0.36026314,0.014080614
ZJ019302,0.31529868,0.0039438265,0.05827282,0.2455747,0.3098666,0.03998716,0.0036604267,0.023395764
ZJ019303,0.420501,0.04878648,0.1458831,0.006783715,0.015790503,0.01576705,0.27782986,0.06865826
ZJ019304,0.63894933,0.0024941594,0.017796468,0.030062063,0.24537645,0.0033009064,0.052533653,0.009486963
ZJ019305,0.28594208,0.13278513,0.1263436,0.0031905372,0.016346999,0.012448915,0.37401664,0.048926193
ZJ019306,0.37211692,0.0423236,0.11971998,0.0027300369,0.015014231,0.028631078,0.39626202,0.023202183
ZJ019307,0.15327278,0.19752072,0.19526273,0.0009728119,0.0028481113,0.03319798,0.4066365,0.010288306
ZJ019308,0.11552231,0.002968291,0.1492375,0.5052571,0.010780694,0.0069745886,0.0055084336,0.20375103
ZJ019309,0.36927316,0.20542243,0.109606765,0.033680227,0.010143993,0.0069578616,0.16468996,0.100225605
ZJ019310,0.19958922,0.040024154,0.15887363,0.007300321,0.007898272,0.012646008,0.47103298,0.10263536
ZJ019311,0.2737406,0.2397865,0.08935753,0.0052142316,0.020097397,0.022146849,0.30809823,0.041558687
ZJ019312,0.0983076,0.045810934,0.060635224,0.030530231,0.005105599,0.64528066,0.0983378,0.015991986
ZJ019313,0.03708645,0.02562362,0.068850935,0.0010359718,0.019140745,0.7425824,0.08527685,0.02040307
ZJ019314,0.11068242,0.0023397424,0.26441103,0.3347424,0.011718453,0.24363564,0.004750997,0.027719285
ZJ019315,0.13135973,0.3581058,0.25613958,0.0050222995,0.0023456437,0.12479528,0.10594565,0.016285997
ZJ019316,0.13668415,0.36944222,0.21325858,0.013741969,0.0036401222,0.15930648,0.08664164,0.017284835
ZJ019317,0.17594834,0.2882802,0.08423554,0.0020777055,0.05142022,0.054782316,0.3009506,0.04230505
ZJ019318,0.14234869,0.0093652615,0.44249162,0.07197705,0.06512364,0.058443278,0.0036456597,0.2066048
ZJ019319,0.0046731345,0.01774227,0.037998065,5.6283086e-05,0.00014208189,0.9213852,0.008650509,0.009352424
ZJ019320,0.28820765,0.008747496,0.108154126,0.2643217,0.17073947,0.06814259,0.009889903,0.08179701
ZJ019321,0.13958174,0.0054928064,0.08689231,0.25660792,0.26874033,0.18726733,0.014247937,0.041169617
ZJ019322,0.20675002,0.30133975,0.1803291,0.0109615885,0.012227592,0.056155793,0.12647615,0.1057601
ZJ019323,0.27979374,0.009526794,0.08651199,0.2707712,0.2553347,0.046623122,0.008791166,0.042647313
ZJ019324,0.24953434,0.23206334,0.14364257,0.0006524388,0.005365089,0.057339583,0.30355975,0.007842912
ZJ019325,0.26586762,0.26840425,0.08247668,0.00033088322,0.014066194,0.0038079997,0.34295487,0.022091536
ZJ019326,0.12289168,0.009560993,0.2309959,0.461101,0.021346286,0.01475978,0.002428915,0.13691546
ZJ019327,0.17538205,0.043978844,0.26856086,0.0021145833,0.009157511,0.054623168,0.38458467,0.06159833
ZJ019328,0.43603253,0.06931176,0.1481511,0.03675546,0.11412239,0.05032962,0.080437146,0.06485995
ZJ019329,0.296633,0.00058007526,0.3797173,0.08345199,0.015297809,0.035934817,0.0016611365,0.18672378
ZJ019330,0.032242578,0.00829717,0.15472183,0.72022563,0.036608126,0.03281322,0.0023914066,0.012700029
ZJ019331,0.012726623,0.010543874,0.022049936,0.0011570394,0.0027113105,0.9427784,0.0050996672,0.0029331238
ZJ019332,0.255746,0.07858406,0.2968141,0.038706716,0.010167005,0.0072368495,0.025108615,0.28763664
ZJ019333,0.21414918,0.09197857,0.11488627,0.0020075557,0.011664381,0.0098682055,0.51699907,0.03844676
ZJ019334,0.26343983,0.27474126,0.15973578,0.012217927,0.015897812,0.031519115,0.1538263,0.08862195
ZJ019335,0.012222398,0.0037359523,0.03129201,0.0011619471,0.0029743083,0.93828446,0.0038336725,0.0064952807
ZJ019336,0.07550361,0.06225926,0.46360278,0.013063738,0.11187136,0.19646734,0.065165184,0.012066736
ZJ019337,0.2111985,0.07911948,0.2777453,0.0013983739,0.034438703,0.05819598,0.28891388,0.04898981
ZJ019338,0.18586002,0.08309509,0.17300844,0.027357673,0.053216312,0.20791745,0.022893792,0.24665122
ZJ019339,0.27669668,0.052484754,0.16200751,0.0010915711,0.013787953,0.096642435,0.37531832,0.02197072
ZJ019340,0.27900678,0.009843458,0.121297896,0.24624099,0.18172833,0.10322761,0.015180348,0.04347454
ZJ019341,0.05461046,0.058728185,0.73009324,0.0020950271,0.02110664,0.055273544,0.04756973,0.030523084
ZJ019342,0.18046035,0.011607817,0.10512825,0.47554526,0.14089079,0.051366687,0.0055521536,0.029448701
ZJ019343,0.27147856,0.0073457314,0.041349653,0.5483753,0.082529336,0.0057966122,0.017649688,0.025475113
ZJ019344,0.31257948,0.13512525,0.0647931,0.01904604,0.11531069,0.02956558,0.24147487,0.08210498
ZJ019345,0.16388501,0.13087869,0.21358798,0.0051301303,0.03910401,0.1829937,0.12337001,0.14105053
ZJ019346,0.34391332,0.15058859,0.060306918,0.036678344,0.07697473,0.030221445,0.24927756,0.052039105
ZJ019347,0.03518566,0.0014810605,0.08135749,0.74595916,0.0045515606,0.01174933,0.00043575335,0.11928001
ZJ019348,0.11925069,0.1546934,0.20815507,0.0016603696,0.0014418942,0.19242632,0.30281797,0.019554371
ZJ019349,0.25222334,0.12763725,0.090278,0.0021465195,0.020163773,0.028510995,0.4089958,0.07004439
ZJ019350,0.30362225,0.17768231,0.15671457,0.008360611,0.02360102,0.011120298,0.24759321,0.07130577
ZJ019351,0.17867167,0.0020018877,0.059439104,0.5802168,0.026435886,0.020241652,0.0012267077,0.1317663
ZJ019352,0.16500942,0.27236181,0.16430369,0.0065464363,0.0076440093,0.03653755,0.29883707,0.048760034
ZJ019353,0.17878859,0.23543662,0.18260589,0.01979059,0.022662241,0.08560409,0.114537865,0.16057414
ZJ019354,0.23186328,0.1835838,0.12485722,0.0017331403,0.034467414,0.013518709,0.38061282,0.02936357
ZJ019355,0.19431373,0.061447185,0.15521277,0.20851071,0.13539076,0.00874943,0.023881216,0.21249416
ZJ019356,0.2014104,0.077232584,0.21507171,0.0041660583,0.0044548665,0.35415223,0.12706429,0.016447933
ZJ019357,0.2413832,0.20868321,0.20659572,0.0020730686,0.005620084,0.09414345,0.1913985,0.05010276
ZJ019358,0.3559661,0.09272208,0.10509588,0.031729143,0.17237791,0.057066355,0.13683195,0.048210658
ZJ019359,0.3936545,0.0015615645,0.031988434,0.33406863,0.08439208,0.13324445,0.014364821,0.0067255097
ZJ019360,0.15706185,0.10777164,0.12691166,0.002203844,0.04429787,0.1985234,0.32030743,0.04292228
ZJ019361,0.011014635,0.0058530644,0.043199528,0.0010890248,0.0029369593,0.9292788,0.0054038195,0.0012241504
ZJ019362,0.20007223,0.4055223,0.09488572,0.016496977,0.020895751,0.004105575,0.15247382,0.10554757
ZJ019363,0.18867722,0.049888432,0.23347212,0.0065831053,0.0078268945,0.18050218,0.32289702,0.010153047
ZJ019364,0.22698866,0.1085494,0.2197676,0.0011222925,0.009727022,0.07087878,0.34729,0.015676212
ZJ019365,0.08408208,0.007335702,0.03241196,0.59953606,0.078068435,0.1716466,0.011548349,0.01537077
ZJ019366,0.13652034,0.043689575,0.33594766,0.002218694,0.021550788,0.103803776,0.20183986,0.1544293
ZJ019367,0.36125845,0.1307235,0.0941464,0.028166724,0.0060190954,0.010144967,0.27828985,0.09125098
ZJ019368,0.21367152,0.13832323,0.28055322,0.0008088658,0.0036029387,0.024987195,0.2902471,0.047805935
ZJ019369,0.03472805,0.06666634,0.033978622,0.015127676,0.0005333626,0.73530865,0.10819064,0.005466631
ZJ019370,0.25201607,0.13356097,0.060036305,0.0003757633,0.12803404,0.024851903,0.39293554,0.008189382
ZJ019371,0.10353607,0.13655837,0.18457644,0.0010769132,0.004013284,0.014784499,0.52310866,0.03234576
ZJ019372,0.1742023,0.24820845,0.13213174,0.04144514,0.05554731,0.07729866,0.13259184,0.13857451
ZJ019373,0.1794359,0.35187447,0.22657019,0.013603305,0.0069333045,0.091897644,0.11508844,0.014596811
ZJ019374,0.2559285,0.01921526,0.14055546,0.35370827,0.010093598,0.03630753,0.007766084,0.1764253
ZJ019375,0.08466637,0.005581062,0.114708655,0.6200844,0.025478683,0.0068684327,0.006994093,0.13561821
ZJ019376,0.21623778,0.18984252,0.23540486,0.00096558087,0.0012026842,0.1320135,0.19552891,0.028804127
ZJ019377,0.19510779,0.054357193,0.24716584,0.0026186751,0.004431062,0.08646711,0.38548777,0.02436461
ZJ019378,0.24480541,0.016386766,0.15456532,0.3060557,0.10153604,0.08827801,0.022638079,0.06573464
ZJ019379,0.3006949,0.1976237,0.15703844,0.028230188,0.043944154,0.07392315,0.15076889,0.047776528
ZJ019380,0.17819057,0.12577029,0.18326536,0.001122215,0.013638032,0.1698686,0.265951,0.06219392
ZJ019381,0.11664937,0.009401092,0.16379017,0.57165056,0.020650936,0.08471752,0.01182393,0.02131642
ZJ019382,0.24646905,0.2351873,0.17151698,0.02261921,0.01546232,0.14031217,0.13195641,0.036476515
ZJ019383,0.117086954,0.004039274,0.22685495,0.4200277,0.064926915,0.019085249,0.0005401839,0.14743876
ZJ019384,0.08821774,0.0328133,0.06501615,0.045135655,0.080513306,0.63893235,0.024547568,0.024823865
ZJ019385,0.2531209,0.117139444,0.26900688,0.0029592342,0.005535634,0.012010719,0.29168013,0.048547033
ZJ019386,0.081357375,0.014235547,0.29062608,0.4086649,0.0444998,0.066541076,0.002982964,0.09109218
ZJ019387,0.02365639,0.08462723,0.26290676,0.00073000486,0.007939966,0.55509865,0.04519404,0.019846942
ZJ019388,0.40055382,0.115085594,0.16062963,0.0015453632,0.03493607,0.017849844,0.20477772,0.06462198
ZJ019389,0.031389,0.06810157,0.64159894,0.0013428936,0.011105982,0.19136368,0.03501905,0.020078847
ZJ019390,0.18186879,0.3824268,0.23476844,0.019927604,0.0048204297,0.069819175,0.08641565,0.019953098
ZJ019391,0.14432013,0.038127728,0.12873752,0.00046213565,0.3963567,0.14133094,0.14400828,0.006656543
ZJ019392,0.28537872,0.23660618,0.0768268,0.0020758032,0.0042718938,0.0314193,0.3485156,0.014905749
ZJ019393,0.28318793,0.062438853,0.1708648,0.0003898535,0.026691321,0.01460136,0.42498598,0.0168399
ZJ019394,0.20309672,0.16581379,0.21987842,0.001816072,0.008939411,0.10774435,0.1922151,0.100496106
ZJ019395,0.30986488,0.11955659,0.18798971,0.013899356,0.030378807,0.037031177,0.24974291,0.051536586
ZJ019396,0.42601216,0.010675826,0.20103788,0.15935393,0.017118722,0.012517141,0.005526282,0.16775802
ZJ019397,0.093690954,0.12434787,0.14245111,0.0016592322,0.0735795,0.32187197,0.20789586,0.034503542
ZJ019398,0.102238484,0.089595854,0.26494843,0.0070211473,0.11418001,0.21292591,0.16629675,0.042793404
ZJ019399,0.28627992,0.18283267,0.05586807,0.056475352,0.19036376,0.026595725,0.15399815,0.04758642
ZJ019400,0.2920672,0.12268844,0.18173832,0.0042349063,0.033955403,0.058948003,0.25157037,0.054797314
ZJ019401,0.24477987,0.1073051,0.15206306,0.002017998,0.017037254,0.046753336,0.38631308,0.043730248
ZJ019402,0.15220802,0.52067876,0.0700176,0.0023009286,0.0053906054,0.06673831,0.14137053,0.041295256
ZJ019403,0.14808843,0.00067044597,0.08818927,0.31354237,0.028461428,0.059850197,0.0012138672,0.35998398
ZJ019404,0.23494625,0.019341268,0.17195588,0.29466653,0.10455118,0.032656953,0.0055774353,0.13630451
ZJ019405,0.28823045,0.1535304,0.05790585,0.0012261108,0.0061056414,0.01659996,0.45353368,0.022867937
ZJ019406,0.28812978,0.058277912,0.24306956,0.04455347,0.018489702,0.029338019,0.0301264,0.28801516
ZJ019407,0.32342827,0.15213212,0.13654079,0.036356226,0.023360437,0.077938884,0.15834379,0.091899544
ZJ019408,0.3901611,0.10854226,0.05254486,0.033198997,0.16247231,0.024942167,0.17354077,0.054597482
ZJ019409,0.16368864,0.048279125,0.04401856,0.0029786797,0.022361035,0.008144649,0.638778,0.0717513
ZJ019410,0.2582483,0.20640333,0.18532372,0.0018796172,0.0057147667,0.08149787,0.21444501,0.046487343
ZJ019411,0.19592851,0.006850745,0.3346472,0.102144875,0.0058462173,0.018323848,0.025164641,0.31109393
ZJ019412,0.38204452,0.11986496,0.047185514,0.017907687,0.22241531,0.012354995,0.13787426,0.06035276
ZJ019413,0.18084651,0.21109445,0.15605944,0.04565288,0.026627801,0.144533,0.029770441,0.20541546
ZJ019414,0.36537406,0.09317398,0.19709085,0.020861374,0.023642808,0.038810395,0.07907589,0.18197061
ZJ019415,0.069937974,0.019149503,0.08048837,0.034801386,0.05802142,0.71918994,0.003234673,0.015176679
ZJ019416,0.015744682,0.00066779193,0.05294796,0.49728546,0.0033423537,0.33107966,0.0005508977,0.09838127
ZJ019417,0.16828354,0.38969088,0.07915696,0.015335556,0.022121146,0.011586191,0.14776653,0.16605918
ZJ019418,0.07879002,0.004141692,0.22638187,0.4505542,0.01023187,0.043824296,0.0025675027,0.18350856
ZJ019419,0.16793086,0.39605585,0.21413939,0.015903542,0.0031898303,0.113273375,0.07005159,0.019455565
ZJ019420,0.31430644,0.07503233,0.20541212,0.0010731958,0.0053999815,0.062493302,0.3157975,0.020485098
ZJ019421,0.35306084,0.022158638,0.10528694,0.0022060375,0.28647113,0.006854647,0.17048642,0.053475287
ZJ019422,0.40458676,0.036598947,0.027749438,0.01221293,0.13685596,0.104616,0.23443061,0.042949323
ZJ019423,0.015945746,0.026002742,0.19607283,0.001026986,0.00054226397,0.6719792,0.08212436,0.0063058506
ZJ019424,0.32727215,0.16166541,0.16597162,0.0012933643,0.004529777,0.016052471,0.29812655,0.025088642
ZJ019425,0.32065848,0.072137736,0.18742035,0.0049238307,0.01582915,0.026191633,0.33351144,0.039327342
ZJ019426,0.3311221,0.042388406,0.16466586,0.005687253,0.04884512,0.018108543,0.31888753,0.0702952
ZJ019427,0.078442775,0.0011634723,0.15720673,0.63820016,0.024691561,0.018923419,0.0056435633,0.075728334
ZJ019428,0.07007562,0.04521294,0.14527494,0.000110244146,0.02224328,0.6535852,0.05919097,0.004306905
ZJ019429,0.2910937,0.23145844,0.21962614,0.006801993,0.042510886,0.034249086,0.08183364,0.09242612
ZJ019430,0.18925989,0.13948086,0.2499397,0.0012951713,0.0080367075,0.034819182,0.35979313,0.017375361
ZJ019431,0.10963342,0.14893162,0.14530931,0.0036373136,0.0059608775,0.36962658,0.17660567,0.040295202
ZJ019432,0.15123643,0.16944852,0.22050025,0.0013835671,0.008262724,0.015502924,0.2956797,0.13798591
ZJ019433,0.056028374,0.0039025838,0.19989292,0.5099416,0.057791553,0.108848155,0.00046622893,0.063128695
ZJ019434,0.11883873,0.07975609,0.36778536,0.0022306782,0.056347113,0.06561872,0.19079147,0.118631855
ZJ019435,0.11513507,0.108159535,0.2131914,0.0030180537,0.016308196,0.35008314,0.12088926,0.07321539
ZJ019436,0.12004213,0.048292737,0.3979783,0.0010024336,0.047247704,0.07695081,0.29903966,0.009446168
ZJ019437,0.28183955,0.16242698,0.22269897,0.0018332582,0.0031605177,0.009952834,0.11207145,0.20601642
ZJ019438,0.070845954,0.1190095,0.42198116,0.0026585667,0.016682439,0.16406155,0.19482063,0.0099401735
ZJ019439,0.17193873,0.11599563,0.3738477,0.0013156458,0.00344241,0.12105592,0.19677712,0.015626788
ZJ019440,0.31081218,0.093615614,0.23071423,0.019317858,0.017659841,0.042096853,0.0974508,0.18833266
ZJ019441,0.3132075,0.038576014,0.208472,0.041922744,0.1069759,0.06944109,0.16975011,0.05165462
ZJ019442,0.09783945,0.017973907,0.102511,0.0049160975,0.024489012,0.63700205,0.08939816,0.025870264
ZJ019443,0.3057127,0.10232463,0.128256,0.0024191616,0.044267368,0.0651086,0.09539023,0.2565213
ZJ019444,0.066491,0.014041481,0.33554807,0.39640638,0.04143643,0.08199062,0.0040199985,0.060066007
ZJ019445,0.13765723,0.04470176,0.4094167,0.0112531185,0.0142862145,0.08895013,0.1755403,0.118194506
ZJ019446,0.0055775754,0.007783158,0.04057226,0.00016245565,0.00065257435,0.9359484,0.0036022076,0.005701415
ZJ019447,0.24239796,0.1283212,0.12499981,0.0028553584,0.022415336,0.019198459,0.39129773,0.06851419
ZJ019448,0.11942499,0.015701456,0.108500265,0.5380785,0.06649849,0.075898305,0.016896082,0.059001993
ZJ019449,0.2707192,0.21503533,0.1640145,0.018846083,0.019369807,0.09379107,0.15346009,0.0647639
ZJ019450,0.10434637,0.0013221359,0.10868859,0.5355997,0.0025649134,0.006653517,0.0032447428,0.23758003
ZJ019451,0.06949585,0.2773324,0.4527191,0.00013376861,0.0004980621,0.06148653,0.13106152,0.0072727576
ZJ019452,0.08682532,0.0022702275,0.13270314,0.5671505,0.005404199,0.18634135,0.0025080508,0.016797235
ZJ019453,0.0600315,0.069782965,0.048302997,0.0037701423,0.0018565165,0.6955312,0.098584,0.02214072
ZJ019454,0.2385434,0.01554527,0.164126,0.31942904,0.057258002,0.034695994,0.007543424,0.16285889
ZJ019455,0.17492388,0.27524233,0.19678545,0.0151304025,0.06392132,0.051662255,0.18821609,0.03411825
ZJ019456,0.15804617,0.014043687,0.3014908,0.027457684,0.12789497,0.11761332,0.026796307,0.22665702
ZJ019457,0.19169351,0.10808923,0.22535115,0.0038933144,0.062694654,0.026484007,0.23961969,0.1421744
ZJ019458,0.005340633,0.0041430113,0.025595827,0.00013191774,0.0034045186,0.95356214,0.005751097,0.0020709154
ZJ019459,0.09603073,0.004619392,0.20204294,0.37370405,0.048914365,0.07084577,0.0014649323,0.20237789
ZJ019460,0.17076567,0.21350941,0.2912719,0.0004514935,0.0103115495,0.03989036,0.25413483,0.019664763
ZJ019461,0.37846938,0.10349055,0.07948352,0.029900828,0.13208196,0.047613382,0.18697117,0.041989285
ZJ019462,0.10132093,0.0022133864,0.13384709,0.53627574,0.0067908517,0.18586272,0.004955189,0.028734086
ZJ019463,0.3033628,0.25841117,0.12773539,0.0122803785,0.01741934,0.008003195,0.12258828,0.15019943
ZJ019464,0.25858018,0.2690095,0.15497617,0.0005005466,0.001770132,0.028235601,0.23673762,0.05019025
ZJ019465,0.12009487,0.11086194,0.13411412,0.0061385673,0.4349539,0.0886201,0.094019644,0.011196795
ZJ019466,0.22872783,0.18056883,0.16229695,0.0024506862,0.009902871,0.05316702,0.32215106,0.040734768
ZJ019467,0.19174741,0.07225831,0.17320007,0.06433708,0.124069236,0.06506127,0.0078124003,0.30151424
ZJ019468,0.24503624,0.08528949,0.18120663,0.00092063495,0.009621429,0.03690098,0.42553917,0.015485399
ZJ019469,0.28370377,0.10905019,0.16611736,0.0083352905,0.014781892,0.015742473,0.35158414,0.050684933
ZJ019470,0.27487528,0.16146562,0.2006777,0.00808822,0.057244685,0.039527953,0.21019424,0.047926337
ZJ019471,0.075748086,0.29653063,0.37034175,0.0006854637,0.003457556,0.033807676,0.20012952,0.019299343
ZJ019472,0.14098115,0.015085115,0.069679804,0.40544066,0.15821972,0.12206562,0.013277569,0.075250365
ZJ019473,0.007955721,0.00484643,0.014584224,0.0013396314,0.004697481,0.96220714,0.0028047336,0.0015646368
ZJ019474,0.10528425,0.15377751,0.38314638,0.00058155484,0.0006277072,0.1612939,0.18471707,0.0105716
ZJ019475,0.2968717,0.029796572,0.1872973,0.0037272905,0.13959028,0.025377514,0.2010277,0.116311654
ZJ019476,0.4811269,0.060479973,0.06094668,0.0047368538,0.18174492,0.032870222,0.15038377,0.027710699
ZJ019477,0.27517527,0.25259224,0.1487294,0.026316483,0.0377057,0.015339677,0.19428673,0.04985448
ZJ019478,0.2855004,0.17728452,0.13656363,0.0032385297,0.01316074,0.04318244,0.29462752,0.04644224
ZJ019479,0.485709,0.05300955,0.050473258,0.031349298,0.06282071,0.020562444,0.22168839,0.07438732
ZJ019480,0.17387281,0.06335106,0.34506118,0.00093651,0.11756307,0.07962946,0.21291812,0.006667823
ZJ019481,0.30606136,0.097378165,0.16875002,0.00872566,0.011132805,0.03380495,0.28882203,0.085325055
ZJ019482,0.22063942,0.113216504,0.22937061,0.0025534285,0.061723325,0.031043325,0.23538385,0.10606954
ZJ019483,0.1402656,0.14709382,0.13577218,0.0071693435,0.038100805,0.24363123,0.22190548,0.066061534
ZJ019484,0.06264582,0.12437041,0.11816718,0.03836678,0.032081634,0.57905406,0.022474665,0.02283943
ZJ019485,0.1686297,0.26952422,0.12738428,0.0007838629,0.017400665,0.016309181,0.35560653,0.044361584
ZJ019486,0.12567931,0.07226083,0.3483007,0.0006312661,0.09955477,0.01828364,0.320245,0.015044459
ZJ019487,0.3088782,0.06581212,0.14779228,0.00086091185,0.05173351,0.014001079,0.38987043,0.021051498
ZJ019488,0.010266657,0.05102174,0.08153946,0.0007930693,0.016933458,0.80995184,0.017919458,0.011574317
ZJ019489,0.14516509,0.14631638,0.33047837,0.008293797,0.008394174,0.03754345,0.22397712,0.099831656
ZJ019490,0.17001934,0.00067763624,0.52683234,0.030873545,0.008514691,0.021077443,0.001783388,0.24022159
ZJ019491,0.1922617,0.07719707,0.08857153,0.0006186047,0.021544125,0.12777208,0.46691525,0.025119696
ZJ019492,0.21369578,0.24783935,0.21717973,0.002089477,0.0036609443,0.062935255,0.17289446,0.07970504
ZJ019493,0.55971557,0.045468587,0.031351328,0.0024094374,0.10723872,0.0235518,0.21550456,0.014759895
ZJ019494,0.066070944,0.085949175,0.116817206,0.0014031356,0.4553493,0.18417275,0.07736308,0.012874366
ZJ019495,0.14615148,0.08862948,0.4734631,0.0006417464,0.0011863213,0.0718291,0.20244361,0.015655281
ZJ019496,0.08683615,0.0046566604,0.14002226,0.4067417,0.0012479196,0.054892175,0.0041899486,0.30141318
ZJ019497,0.19724686,0.23294294,0.1272623,0.0053282017,0.16894612,0.028949734,0.21988581,0.019437993
ZJ019498,0.13277487,0.2140008,0.22432038,0.024312835,0.05509728,0.22152339,0.09378293,0.034187526
ZJ019499,0.25483483,0.450821,0.06978352,0.003557567,0.051829807,0.053949844,0.058497258,0.0567261
ZJ019500,0.08001002,0.0025391073,0.12908481,0.22146903,0.15565948,0.2174873,0.0032763442,0.19047394
ZJ019501,0.13983586,0.12772018,0.06771962,0.0011785094,0.0057011773,0.12864374,0.4954307,0.03377022
ZJ019502,0.010471003,0.01049932,0.04234342,0.00029557658,0.02353126,0.87439084,0.038204137,0.00026444273
ZJ019503,0.10107278,0.0699063,0.1573362,0.0037217897,0.43486506,0.14662792,0.0757985,0.010671408
ZJ019504,0.24316436,0.049259957,0.28140137,0.00019072673,0.007905081,0.07529632,0.33662355,0.0061586914
ZJ019505,0.22971612,0.070958525,0.20774947,0.01053018,0.015893938,0.11980822,0.2911375,0.054206096
ZJ019506,0.16158916,0.023525875,0.058572475,0.00019414666,0.34372777,0.37837783,0.03136972,0.002643029
ZJ019507,0.4531152,0.052057095,0.061195944,0.017231485,0.1709329,0.02399615,0.1943423,0.027128987
ZJ019508,0.23787436,0.10383705,0.13885494,0.0007237712,0.12310253,0.19650285,0.15456742,0.044537064
ZJ019509,0.11867416,0.006896537,0.20978642,0.48617545,0.0019841825,0.03781375,0.010383423,0.12828612
ZJ019510,0.39230686,0.09088517,0.22586647,0.05415313,0.012083654,0.038337182,0.06182887,0.12453869
ZJ019511,0.41615668,0.007332626,0.12884423,0.1259416,0.14794797,0.08717263,0.010965114,0.07563915
ZJ019512,0.12346303,0.12414862,0.22947869,0.0036923937,0.019508922,0.23750506,0.16056597,0.10163729
ZJ019513,0.1027711,0.0016691724,0.3243488,0.28735846,0.011851571,0.22309782,0.00253099,0.046372093
ZJ019514,0.034248758,0.039717183,0.07040629,0.0016372929,0.040236462,0.7256709,0.0715485,0.016534682
ZJ019515,0.085938565,0.14455634,0.38989326,0.0021103323,0.0007831897,0.15358755,0.16090448,0.062226284
ZJ019516,0.10495127,0.23839162,0.14461754,0.011401444,0.059726235,0.28765097,0.05690093,0.09635998
ZJ019517,0.007278095,0.004077588,0.012459547,0.0013902657,0.009388248,0.96051866,0.0024033452,0.0024841935
ZJ019518,0.2132419,0.3380461,0.15464452,0.01497407,0.047113907,0.038756046,0.16136706,0.03185642
ZJ019519,0.16967823,0.0020202764,0.09296237,0.4899514,0.006264431,0.0066871326,0.010072988,0.22236317
ZJ019520,0.44437748,0.025226207,0.099223204,0.004494764,0.016962271,0.007340358,0.34908238,0.05329326
ZJ019521,0.12521124,0.2665526,0.35661694,0.00018661482,0.002089997,0.030388288,0.1997592,0.019195063
ZJ019522,0.69242144,0.027014334,0.042466246,0.0017073168,0.09148962,0.015556141,0.097309574,0.032035265
ZJ019523,0.117827825,0.11159405,0.10510232,0.0006372864,0.0144898705,0.5156465,0.11315812,0.021543965
ZJ019524,0.42771134,0.068947956,0.082868345,0.015259126,0.18475634,0.039989155,0.13098218,0.049485542
ZJ019525,0.23165366,0.061501287,0.198552,0.001744759,0.0051904162,0.024053426,0.44295707,0.034347408
ZJ019526,0.376752,0.12793067,0.06961542,0.042389423,0.09439481,0.017178643,0.21550253,0.05623653
ZJ019527,0.12383461,0.0067566126,0.21254572,0.4299961,0.02866732,0.1658905,0.0032138692,0.029095244
ZJ019528,0.102669075,0.21882689,0.156534,0.00037286454,0.017475119,0.0245798,0.45266402,0.026878208
ZJ019529,0.20799509,0.09704045,0.20078225,0.02597704,0.02055382,0.07079553,0.037658423,0.3391974
ZJ019530,0.14223194,0.20129642,0.21948342,0.00045487672,0.008704934,0.024253123,0.38120615,0.022369115
ZJ019531,0.016061552,0.0074063363,0.026771622,0.0014840707,0.003297634,0.93774134,0.005613827,0.0016235645
ZJ019532,0.23252484,0.16950946,0.030751552,0.0003820389,0.050795235,0.010698369,0.48855835,0.016780196
ZJ019533,0.21338733,0.14374079,0.0799171,0.0005816412,0.003926679,0.0078064026,0.5066127,0.04402738
ZJ019534,0.22642384,0.20388,0.12647852,0.003732173,0.021930316,0.026573973,0.32792857,0.063052565
ZJ019535,0.32181197,0.14395249,0.07406024,0.11069361,0.07781832,0.044338793,0.16691582,0.060408708
ZJ019536,0.15191521,0.02346697,0.1855151,0.015162911,0.24791206,0.12190874,0.035583097,0.21853592
ZJ019537,0.20532055,0.010134569,0.15711121,0.33181804,0.010522572,0.028363315,0.003750608,0.25297922
ZJ019538,0.2779592,0.13801591,0.17760576,0.0063113756,0.035554383,0.008505044,0.31463635,0.041411933
ZJ019539,0.3558073,0.10778705,0.10085311,0.014648995,0.066237405,0.067692444,0.24211052,0.044863228
ZJ019540,0.16315912,0.06999671,0.22135176,0.0014681618,0.0036563554,0.045996238,0.4137779,0.080593735
ZJ019541,0.07674678,0.08549795,0.34084883,0.0033302354,0.10148541,0.23299292,0.1378429,0.02125498
ZJ019542,0.25304076,0.25699478,0.19929948,0.007961122,0.060958825,0.01543934,0.09198998,0.11431565
ZJ019543,0.21993515,0.14504896,0.23009162,0.0045172106,0.0084281145,0.07699229,0.19668481,0.11830189
ZJ019544,0.21703021,0.08927984,0.18639237,0.040904816,0.016463676,0.037312064,0.029363826,0.38325322
ZJ019545,0.17840993,0.32010242,0.13495874,0.004669223,0.034853797,0.020203926,0.24946694,0.057335053
ZJ019546,0.14974213,0.056690678,0.28088182,0.00094812684,0.0068637016,0.109855466,0.38875788,0.0062601967
ZJ019547,0.38187364,0.103082225,0.17717674,0.002709079,0.01624125,0.024031334,0.251951,0.04293472
ZJ019548,0.07811292,0.119944386,0.46135435,0.0038632485,0.017744044,0.11550107,0.19379677,0.009683246
ZJ019549,0.20437157,0.11410428,0.21056111,0.0024305114,0.007279495,0.021353716,0.39238295,0.04751638
ZJ019550,0.1453236,0.46280742,0.13484511,0.0023868494,0.0026528316,0.03100815,0.15653643,0.06443961
ZJ019551,0.19135118,0.33605546,0.23724347,0.012446304,0.0037364708,0.12230525,0.08258064,0.014281251
ZJ019552,0.090688154,0.066137955,0.23258795,0.32848397,0.023278732,0.060495123,0.018653916,0.17967418
ZJ019553,0.083704256,0.045659132,0.19905607,0.3580198,0.011816107,0.078126095,0.016169375,0.20744914
ZJ019554,0.152637,0.07898567,0.19297367,0.0070710527,0.008282367,0.18194635,0.33274227,0.04536158
ZJ019555,0.10337739,0.05405376,0.1713075,0.001025228,0.0006679044,0.04547919,0.5198661,0.10422286
ZJ019556,0.10693051,0.14313237,0.2268709,0.0060947584,0.003719534,0.044858515,0.43176296,0.036630414
ZJ019557,0.105361395,0.08599448,0.09196987,0.001695962,0.5207854,0.08895335,0.09903259,0.006207006
ZJ019558,0.29201573,0.17184715,0.24291241,0.0005256141,0.013850231,0.05581551,0.21545362,0.007579724
ZJ019559,0.3282576,0.0054437662,0.09330271,0.42555693,0.052815262,0.049304117,0.0066137826,0.0387058
ZJ019560,0.10228933,0.07357778,0.2713219,0.0054404982,0.003105387,0.14397337,0.37910149,0.021190245
ZJ019561,0.21791437,0.40222746,0.061930966,0.004406254,0.009650655,0.0030834358,0.21182965,0.08895722
ZJ019562,0.18902093,0.14423512,0.1788813,0.027800642,0.040249348,0.2993105,0.08100918,0.039492976
ZJ019563,0.13113047,0.1450174,0.13240182,0.0029707178,0.08123034,0.28406337,0.07324667,0.14993925
ZJ019564,0.30165,0.07612464,0.14722678,0.015682077,0.02938184,0.018506968,0.37869325,0.032734472
ZJ019565,0.13852462,0.102460556,0.34553087,0.0013954851,0.027974995,0.00976878,0.28888613,0.08545859
ZJ019566,0.21394473,0.045173384,0.18638061,0.046731107,0.020326195,0.048493847,0.01925237,0.4196978
ZJ019567,0.09042854,0.005193995,0.25571764,0.34839746,0.03461908,0.03089712,0.0028591289,0.23188703
ZJ019568,0.3433324,0.00992295,0.10801826,0.22650142,0.19157831,0.058251187,0.0047679306,0.057627514
ZJ019569,0.3854511,0.08808734,0.051852286,0.033714686,0.12446614,0.01309517,0.23974787,0.063585386
ZJ019570,0.34623614,0.1278298,0.119226895,0.0015235165,0.017512241,0.0053305533,0.36583817,0.016502643
ZJ019571,0.17378321,0.31742752,0.19364548,0.017127078,0.0076005347,0.16725619,0.09321768,0.029942429
ZJ019572,0.06679054,0.0069514723,0.2133898,0.39770064,0.06614932,0.04862448,0.0102205295,0.1901732
ZJ019573,0.18454857,0.12207999,0.16500632,0.0027276326,0.033845525,0.15459351,0.17259379,0.16460465
ZJ019574,0.41358802,0.10753257,0.13283738,0.0051553356,0.009038039,0.04538298,0.19142322,0.09504246
ZJ019575,0.38137046,0.02971135,0.021887962,0.011272559,0.1781482,0.053617895,0.28266487,0.041326694
ZJ019576,0.08385728,0.0013411242,0.09671326,0.6808935,0.0042006695,0.061481208,0.00061043643,0.07090263
ZJ019577,0.15448995,0.3091765,0.12212515,0.012712068,0.03028954,0.030427117,0.26998907,0.0707906
ZJ019578,0.08115586,0.05670011,0.48144928,0.0100868335,0.016407017,0.068170555,0.22297516,0.0630552
ZJ019579,0.2139107,0.011717982,0.24057531,0.31753457,0.0034421775,0.055062644,0.01729251,0.14046413
ZJ019580,0.20144437,0.074821204,0.182368,0.0032209614,0.018405894,0.15581614,0.3494903,0.014433191
ZJ019581,0.14516039,0.02179083,0.2652978,0.3747154,0.01438706,0.03257214,0.013138279,0.13293809
ZJ019582,0.21454342,0.07268296,0.3397025,0.008921151,0.033780012,0.035433996,0.21117906,0.08375693
ZJ019583,0.12660563,0.16493936,0.5035952,0.0011497674,0.0031261435,0.0075183758,0.18133011,0.011735493
ZJ019584,0.24903053,0.15694986,0.11652247,0.020093745,0.13496378,0.037271094,0.17595305,0.10921555
ZJ019585,0.26328182,0.26378277,0.17579043,0.020573363,0.016585566,0.017168634,0.18787122,0.054946207
ZJ019586,0.32955292,0.08114598,0.060877673,0.035961933,0.19157605,0.03709357,0.19360578,0.070186086
ZJ019587,0.40422323,0.08634343,0.04938527,0.03290356,0.24921599,0.016816156,0.0944192,0.06669314
ZJ019588,0.2400867,0.16885844,0.18528925,0.0055780415,0.056832924,0.056261532,0.20214854,0.08494454
ZJ019589,0.105933286,0.0023169133,0.17856474,0.45924026,0.044606682,0.055843905,0.0030826924,0.15041147
ZJ019590,0.3198429,0.0657728,0.19116217,0.00084292074,0.03792041,0.0280554,0.33782658,0.0185768
ZJ019591,0.07363007,0.057111252,0.5700471,0.0030088907,0.03693721,0.08627529,0.11608205,0.05690812
ZJ019592,0.21012448,0.07881927,0.2681078,0.005659497,0.022919314,0.027047597,0.2608129,0.12650916
ZJ019593,0.3537939,0.009286927,0.12323944,0.15210418,0.14421475,0.09035675,0.013219748,0.113784336
ZJ019594,0.18888746,0.010596938,0.12746386,0.41338584,0.11598745,0.09614793,0.0070723067,0.04045818
ZJ019595,0.17191875,0.2044015,0.18685937,0.0149938585,0.017618164,0.15228188,0.059846874,0.19207951
ZJ019596,0.13567038,0.0865378,0.060142756,0.00026885944,0.002502063,0.014848192,0.69055986,0.009470071
ZJ019597,0.18590255,0.07095762,0.28271487,0.0006377531,0.17002532,0.042473488,0.23278636,0.014502027
ZJ019598,0.3327056,0.1524344,0.059952304,0.027498659,0.12893285,0.030056935,0.21847017,0.0499491
ZJ019599,0.17619263,0.03862364,0.30254033,0.000696989,0.19452974,0.06240402,0.2177917,0.007220889
ZJ019600,0.29559124,0.0031363124,0.04370181,0.038595654,0.5718586,0.015781859,0.0057189437,0.025615562
ZJ019601,0.3280148,0.13799924,0.07963775,0.010954415,0.16657868,0.04160901,0.18145818,0.053748004
ZJ019602,0.52173287,0.06389742,0.070613086,0.014231014,0.049254075,0.01569919,0.21981071,0.044761594
ZJ019603,0.07731326,0.01701466,0.1957106,0.27326152,0.013771483,0.004319165,0.0094351955,0.4091741
ZJ019604,0.3923694,0.15086025,0.14003141,0.013898939,0.0056485888,0.031689834,0.17168744,0.09381409
ZJ019605,0.41388997,0.17517981,0.055096123,0.008375615,0.15038364,0.015948214,0.12964582,0.051480744
ZJ019606,0.1178077,0.049697477,0.11343361,0.0016852827,0.54470855,0.046065588,0.089515515,0.03708633
ZJ019607,0.23239352,0.12347486,0.28225452,0.0016514434,0.009096181,0.024675889,0.28788593,0.038567673
ZJ019608,0.15401205,0.3753368,0.06931312,0.006567108,0.035991743,0.04414936,0.2668676,0.047762197
ZJ019609,0.26939443,0.24226372,0.080828995,0.00073242775,0.016505703,0.0027401932,0.364823,0.02271153
ZJ019610,0.07362295,0.09739081,0.11265735,0.030832758,0.06656834,0.55732703,0.014311474,0.047289323
ZJ019611,0.37918583,0.07780182,0.26838917,0.0034649067,0.019547598,0.042102147,0.14714429,0.062364236
ZJ019612,0.2162582,0.16778593,0.23733343,0.00091104425,0.0044155554,0.056129806,0.27410653,0.0430595
ZJ019613,0.10463525,0.004489235,0.31190518,0.31712428,0.06573088,0.0443854,0.023373373,0.12835635
ZJ019614,0.39350697,0.07648089,0.24697953,0.03393116,0.028786179,0.03134206,0.06093454,0.1280387
ZJ019615,0.15750062,0.12511739,0.17483889,0.026165446,0.059440814,0.3603442,0.0607737,0.035818893
ZJ019616,0.22897412,0.041953076,0.09100197,0.0016525558,0.1371402,0.052440856,0.3772326,0.06960465
ZJ019617,0.19021125,0.266483,0.09114201,0.004273106,0.040886387,0.047754038,0.29964867,0.059601523
ZJ019618,0.14760555,0.05638115,0.1999247,0.08404946,0.031835616,0.10775945,0.089060664,0.2833834
ZJ019619,0.0060785203,0.0023099645,0.030023748,0.00061120495,0.0008242897,0.95702803,0.0024732105,0.0006510869
ZJ019620,0.16882746,0.20190935,0.10104765,0.0006255428,0.0026221918,0.009095697,0.45540434,0.060467754
ZJ019621,0.14155446,0.014286645,0.16567741,0.39662817,0.009195955,0.23216808,0.01999439,0.020494867
ZJ019622,0.34608677,0.08317546,0.23248164,0.018415056,0.019630134,0.016955499,0.08214402,0.20111138
ZJ019623,0.009597983,0.0038530037,0.042120073,0.0011877638,0.0013274725,0.93676156,0.0041142395,0.0010379592
ZJ019624,0.15367213,0.050307635,0.18281287,0.005454012,0.035696186,0.15075082,0.3790747,0.042231727
ZJ019625,0.00856438,0.0024070889,0.02544613,0.0010995279,0.0007482001,0.95738894,0.0017682671,0.0025775582
ZJ019626,0.20858042,0.063093096,0.31916466,0.0009017537,0.0029495477,0.15069216,0.225151,0.029467331
ZJ019627,0.40088853,0.15129863,0.075505376,0.025766471,0.06741205,0.036631614,0.1670262,0.075471066
ZJ019628,0.29619458,0.1445031,0.17711426,0.008850072,0.011833087,0.06414227,0.15385512,0.14350756
ZJ019629,0.23430686,0.24080653,0.119760014,0.00028795144,0.0022288254,0.0065183984,0.38951075,0.006580575
ZJ019630,0.18562387,0.13180944,0.20081383,0.0010477098,0.007269864,0.11101848,0.3367143,0.025702575
ZJ019631,0.30502683,0.245542,0.15050903,0.022364119,0.028710274,0.042870447,0.13702239,0.06795496
ZJ019632,0.23789006,0.1876857,0.15248051,0.0030759885,0.011567902,0.0751273,0.21647167,0.115700945
ZJ019633,0.33175576,0.101180986,0.24489845,0.015291391,0.025633793,0.05664757,0.12488393,0.09970813
ZJ019634,0.11224617,0.0837647,0.16683981,0.0026889346,0.034708537,0.24515335,0.2494308,0.10516764
ZJ019635,0.09625349,0.029136447,0.114831,0.01803349,0.052960027,0.58229506,0.07107595,0.035414547
ZJ019636,0.09091492,0.01510139,0.26318446,0.34992635,0.09836899,0.084788956,0.0034388758,0.09427602
ZJ019637,0.21365283,0.0969454,0.21226202,0.004569154,0.072607994,0.042504102,0.2609843,0.09647415
ZJ019638,0.22232175,0.14948632,0.16325165,0.0047980114,0.017283943,0.042772483,0.31742582,0.08266002
ZJ019639,0.38318634,0.13369705,0.05461443,0.020086097,0.1315245,0.03222956,0.17425826,0.070403755
ZJ019640,0.16772631,0.16059257,0.17237723,0.009965223,0.015078264,0.0472427,0.30603677,0.12098094
ZJ019641,0.06301912,0.11473482,0.48545617,0.0050351257,0.013928165,0.14326198,0.16266347,0.011901126
ZJ019642,0.09575274,0.058943607,0.20531312,0.0025038014,0.36782613,0.08529545,0.12099379,0.063371345
ZJ019643,0.28094813,0.15831327,0.18663327,0.00428561,0.0045826146,0.022038387,0.3081359,0.035062816
ZJ019644,0.28023317,0.2936623,0.14779213,0.011929144,0.015571655,0.006455629,0.095857315,0.14849873
ZJ019645,0.030615535,0.002863708,0.08013366,0.67465156,0.0036458278,0.026202423,0.00071883306,0.18116848
ZJ019646,0.00814181,0.0017846178,0.03533663,0.0005625654,0.0012151998,0.94946694,0.0015361168,0.0019561008
ZJ019647,0.12901774,0.13352287,0.13981555,0.0006155999,0.17793122,0.03770207,0.35136673,0.030028252
ZJ019648,0.19841515,0.10848541,0.47702742,0.00046247864,0.0024946546,0.02379072,0.18307675,0.006247414
ZJ019649,0.20182991,0.11232051,0.2758058,0.003911303,0.07339626,0.022857552,0.2640452,0.045833424
ZJ019650,0.33180454,0.05810809,0.26299107,0.043891985,0.074400716,0.04991279,0.086659245,0.092231594
ZJ019651,0.25513887,0.010084617,0.121859945,0.12149882,0.27174583,0.10235131,0.0063202633,0.11100031
ZJ019652,0.3629974,0.12692493,0.1901616,0.048869397,0.030721786,0.015807463,0.18027844,0.044239007
ZJ019653,0.29280812,0.19596668,0.1508749,0.04314802,0.063576005,0.019291623,0.19238792,0.04194669
ZJ019654,0.26965606,0.12798004,0.16997147,0.011019137,0.060879026,0.09842907,0.092837855,0.16922735
ZJ019655,0.08597726,0.20895442,0.18187404,0.0002606721,0.38857752,0.042562883,0.07800414,0.01378906
ZJ019656,0.29515532,0.1285672,0.1703685,0.0019449762,0.015740579,0.027525611,0.3353048,0.025393095
ZJ019657,0.21135965,0.004120624,0.19095165,0.35102037,0.083675765,0.0073065637,0.007329226,0.14423615
ZJ019658,0.659834,0.021534072,0.046704672,0.002440607,0.040982205,0.027207654,0.19590218,0.005394617
ZJ019659,0.24039498,0.26093474,0.16682242,0.023288585,0.012378496,0.02073116,0.23688658,0.038562983
ZJ019660,0.07754336,0.0009070051,0.6647277,0.13645667,0.009669573,0.043073606,0.0012384406,0.0663837
ZJ019661,0.046569433,0.0010778805,0.012932413,0.72697324,0.027934968,0.17285234,0.0059032594,0.0057564606
ZJ019662,0.102587596,0.26870075,0.13670972,0.010031723,0.031438325,0.012569823,0.05994311,0.37801892
ZJ019663,0.18964049,0.27469853,0.21382579,0.0017891205,0.0023627945,0.046314277,0.19154623,0.07982278
ZJ019664,0.26853594,0.002654095,0.14321749,0.3826557,0.112235196,0.0122847445,0.0016291108,0.076787636
ZJ019665,0.19157812,0.00045877066,0.3544519,0.093627885,0.017899593,0.07598661,0.00287456,0.2631226
ZJ019666,0.33050412,0.046586085,0.23366877,0.020080464,0.05105039,0.00715682,0.16375217,0.14720117
ZJ019667,0.2937491,0.0874103,0.18326065,0.0014262075,0.21873863,0.024454447,0.17066933,0.020291248
ZJ019668,0.39819783,0.08594338,0.1637352,0.1546209,0.015542936,0.03499793,0.023055192,0.12390656
ZJ019669,0.11909142,0.09842451,0.3995103,0.0007432078,0.021474792,0.061206542,0.2779583,0.021590983
ZJ019670,0.19516924,0.015281193,0.1137175,0.46318263,0.08101278,0.074451484,0.006749566,0.050435632
ZJ019671,0.25391054,0.0068879034,0.123644516,0.3846914,0.14875013,0.032129228,0.011478119,0.038508162
ZJ019672,0.15627664,0.15224405,0.16088763,0.015579302,0.1847108,0.22498235,0.034453187,0.07086602
ZJ019673,0.3352996,0.11235825,0.078379735,0.020090591,0.118704826,0.03598555,0.22867726,0.07050416
ZJ019674,0.28409737,0.18470451,0.24469759,0.0014518396,0.0019243658,0.13985872,0.13282995,0.010435568
ZJ019675,0.24664126,0.11815765,0.17389317,0.0035169877,0.04360068,0.04524806,0.17590673,0.19303545
ZJ019676,0.060556836,0.0034883085,0.51426715,0.13980697,0.15788339,0.016553277,0.0031560555,0.10428798
ZJ019677,0.4438394,0.07125677,0.08647053,0.0350621,0.088804126,0.016616488,0.1766677,0.081282936
ZJ019678,0.17590499,0.25269148,0.16001125,0.03899757,0.08580226,0.2270923,0.023909433,0.035590667
ZJ019679,0.17956422,0.09969757,0.14354825,0.19789258,0.05887558,0.015873196,0.040446937,0.26410165
ZJ019680,0.121205606,0.031225199,0.24052183,0.07712561,0.23623906,0.031711683,0.02002413,0.24194682
ZJ019681,0.13531286,0.11865937,0.25143927,0.0012348844,0.029056821,0.06914322,0.29863185,0.096521735
ZJ019682,0.06915164,0.0026784367,0.15277185,0.6542711,0.014457218,0.020627454,0.0014296286,0.0846126
ZJ019683,0.0048513697,0.0025299352,0.009560408,0.023793496,0.001614081,0.9543749,0.0020985117,0.0011772447
ZJ019684,0.30626345,0.095749654,0.13538013,0.0022172104,0.015834538,0.018835232,0.38423428,0.04148545
ZJ019685,0.21893373,0.055324014,0.17038245,0.00050742686,0.39562997,0.03217896,0.107425444,0.019617984
ZJ019686,0.13752687,0.13940234,0.22285524,0.0017171401,0.0065510636,0.08304097,0.3725546,0.036351837
ZJ019687,0.16289516,0.13325156,0.1712199,0.0014490033,0.06370719,0.13145933,0.16828708,0.16773075
ZJ019688,0.36171123,0.0020962425,0.038623046,0.16425498,0.37889662,0.007918777,0.03114796,0.015351143
ZJ019689,0.2646564,0.16349854,0.17169312,0.0027096707,0.006077998,0.027117094,0.3422371,0.022010082
ZJ019690,0.24081849,0.10649418,0.38507208,0.0035729215,0.0028397895,0.019695798,0.20002702,0.041479666
ZJ019691,0.2780964,0.19789875,0.19237961,0.0105999345,0.023601826,0.06034357,0.1546543,0.08242561
ZJ019692,0.23798828,0.06766561,0.15668543,0.0003679297,0.011461382,0.023073092,0.4903613,0.012396925
ZJ019693,0.14596204,0.0019504495,0.4810285,0.029561948,0.10279521,0.01128745,0.0058269408,0.22158745
ZJ019694,0.21530963,0.07233108,0.12204995,0.26865664,0.08745942,0.008782986,0.02351265,0.20189776
ZJ019695,0.25495666,0.13748348,0.030420717,0.0018465348,0.065617494,0.0032331694,0.49301228,0.013429635
ZJ019696,0.16064534,0.33992237,0.17806378,0.0010088928,0.0051976303,0.07769251,0.19467731,0.042792164
ZJ019697,0.32575634,0.19189698,0.16758183,0.0021627783,0.04138396,0.051411908,0.16146208,0.058344163
ZJ019698,0.20646484,0.0075909817,0.16219243,0.14041504,0.12685071,0.14913207,0.0032467055,0.20410717
ZJ019699,0.07892377,0.0029822257,0.57845604,0.087281086,0.06359993,0.035301168,0.0013513545,0.15210447
ZJ019700,0.32684627,0.08538022,0.2134273,0.028388388,0.066307746,0.030933732,0.12373796,0.124978416
ZJ019701,0.25207418,0.21773984,0.17368682,0.0017962363,0.0037257979,0.088714406,0.18616785,0.0760949
ZJ019702,0.02120548,0.115280226,0.16329095,0.00062322005,0.022635782,0.5978826,0.05831326,0.020768441
ZJ019703,0.23357274,0.007600401,0.18091911,0.13823257,0.10478416,0.086897045,0.026430395,0.22156356
ZJ019704,0.06688871,0.0028883682,0.1548955,0.5786268,0.018379549,0.030016284,0.0017778869,0.14652689
ZJ019705,0.20462656,0.21605246,0.21299517,0.0010673045,0.0018154598,0.06683028,0.23546736,0.061145388
ZJ019706,0.25999147,0.1875946,0.1437171,0.0010419906,0.016577864,0.023293838,0.34802988,0.01975334
ZJ019707,0.058766443,0.021587176,0.108847015,0.0057243747,0.018926749,0.7174593,0.05893881,0.009750155
ZJ019708,0.2435295,0.10493277,0.21049255,0.0016263009,0.010651414,0.044235695,0.3659869,0.018544814
ZJ019709,0.33394703,0.010124906,0.090276755,0.27239215,0.18207766,0.016587744,0.01527358,0.07932013
ZJ019710,0.4737836,0.05796784,0.070428826,0.016617408,0.18725774,0.027136298,0.11762336,0.04918493
ZJ019711,0.17915891,0.03596012,0.10196669,0.001274281,0.040101483,0.02542137,0.57486105,0.04125605
ZJ019712,0.4085658,0.084368676,0.18360816,0.0030463394,0.0075510256,0.023275945,0.26076686,0.028817208
ZJ019713,0.101436,0.01558685,0.17249843,0.05489577,0.1740456,0.22021087,0.042164523,0.21916199
ZJ019714,0.1315062,0.47220418,0.12953202,0.0012330797,0.0022814453,0.049451962,0.16928832,0.044502825
ZJ019715,0.14438158,0.1264541,0.1788632,0.006000841,0.06146851,0.30314726,0.08598691,0.09369763
ZJ019716,0.115775675,0.007494455,0.16040683,0.34302324,0.0019304348,0.0717189,0.008060205,0.2915902
ZJ019717,0.101611145,0.06590406,0.47575846,0.000102473474,0.00052033947,0.07980443,0.2720254,0.0042737066
ZJ019718,0.20521574,0.085157454,0.2304074,0.0019768565,0.0048825997,0.040973227,0.39850435,0.032882467
ZJ019719,0.12808917,0.1062094,0.36351404,0.00064100174,0.0009329909,0.19544476,0.18995903,0.015209544
ZJ019720,0.11345047,0.4322112,0.17697881,0.0096872775,0.0025258942,0.13057517,0.102312356,0.032258846
ZJ019721,0.1450713,0.1294592,0.04111726,0.00049398415,0.00635776,0.023892153,0.64520144,0.008406898
ZJ019722,0.18080091,0.031323597,0.09799672,0.0017098926,0.005068327,0.13041346,0.5288151,0.02387195
ZJ019723,0.10940413,0.002154438,0.2040798,0.44244847,0.01889504,0.13311534,0.00048190818,0.08942086
ZJ019724,0.17863937,0.15498385,0.19124438,0.0099943485,0.0030298438,0.2169061,0.12907031,0.11613182
ZJ019725,0.22518343,0.2164018,0.11631983,0.0051224185,0.007813966,0.023325777,0.35528216,0.050550643
ZJ019726,0.21950817,0.00097142893,0.06455382,0.4994964,0.18091659,0.014288345,0.0058498555,0.014415386
ZJ019727,0.43514845,0.0048777345,0.06411486,0.17476018,0.2680615,0.019801475,0.007851785,0.02538395
ZJ019728,0.20645425,0.03142788,0.20185074,0.00042225415,0.0019766807,0.16981786,0.37950164,0.008548671
ZJ019729,0.34149924,0.1490125,0.12600449,0.0027059726,0.027071662,0.0392483,0.28336623,0.031091616
ZJ019730,0.11826529,0.00056592835,0.49996853,0.026911633,0.0057007885,0.08032388,0.00721916,0.26104486
ZJ019731,0.28536907,0.16100557,0.20561859,0.004094273,0.023542788,0.05109272,0.2198287,0.049448356
ZJ019732,0.12734087,0.011348572,0.18544912,0.38920203,0.028934194,0.024197575,0.0032931715,0.23023444
ZJ019733,0.16606675,0.094581686,0.51359063,0.00068689924,0.017585445,0.061572175,0.13429275,0.011623622
ZJ019734,0.085442886,0.038139004,0.543994,0.0153212175,0.052073188,0.19982037,0.053824764,0.011384568
ZJ019735,0.20803486,0.45324114,0.052271605,0.0012240761,0.018765803,0.017724236,0.19549376,0.053244527
ZJ019736,0.30225313,0.09937021,0.3392152,0.023681967,0.015590312,0.057574533,0.09126122,0.07105339
ZJ019737,0.05987376,0.0043030623,0.14372595,0.535936,0.006577941,0.01919491,0.001033099,0.22935529
ZJ019738,0.21480107,0.19492382,0.315933,0.0007261344,0.007402445,0.0313484,0.21175009,0.023115065
ZJ019739,0.107332066,0.00023095818,0.46188146,0.07658469,0.13325213,0.006021422,0.0012443219,0.2134529
ZJ019740,0.19703513,0.03369496,0.21066664,0.0008876457,0.20496832,0.16837761,0.15969239,0.024677305
ZJ019741,0.34806347,0.070280336,0.058521844,0.037080005,0.2997644,0.020760486,0.14085788,0.024671555
ZJ019742,0.15380245,0.35311007,0.15515788,0.0070928857,0.003473308,0.03648949,0.16224676,0.12862717
ZJ019743,0.24994214,0.26465714,0.17627461,0.004663403,0.0037268084,0.008440661,0.23626143,0.05603378
ZJ019744,0.05599754,0.43148127,0.28559706,0.00023096272,0.040390506,0.10088706,0.05977528,0.025640331
ZJ019745,0.17712808,0.00915537,0.20830356,0.29455566,0.11786145,0.05727003,0.0012413114,0.13448453
ZJ019746,0.13479201,0.05873064,0.4469715,0.002727296,0.031765286,0.03275275,0.26127076,0.030989714
ZJ019747,0.25588897,0.15397754,0.18806253,0.0026416976,0.022930143,0.01889977,0.26137656,0.09622279
ZJ019748,0.17107983,0.21827924,0.14565162,0.024878021,0.07479369,0.08102495,0.14568521,0.13860744
ZJ019749,0.20484222,0.21791561,0.28632164,0.0028627035,0.0026005392,0.021816986,0.23839484,0.025245419
ZJ019750,0.55632967,0.07051132,0.046648655,0.009624847,0.08551025,0.0042267838,0.13275604,0.09439242
ZJ019751,0.24100575,0.17438261,0.22408432,0.005781028,0.005055917,0.0210636,0.2189974,0.10962943
ZJ019752,0.19831257,0.0933665,0.15322627,0.25792775,0.057585247,0.00962771,0.028430337,0.20152359
ZJ019753,0.1463591,0.04906042,0.26945406,0.0017217918,0.005557727,0.056108244,0.38020626,0.09153239
ZJ019754,0.49693087,0.12130013,0.07453778,0.0377269,0.044278473,0.015106209,0.13121945,0.078900225
ZJ019755,0.33704895,0.011560709,0.12653783,0.20199192,0.1929966,0.05543281,0.010299701,0.06413142
ZJ019756,0.19101906,0.22897005,0.2508863,0.0014803933,0.0016278978,0.107123226,0.17532308,0.043569963
ZJ019757,0.19072421,0.2722275,0.17622952,0.033785485,0.027324414,0.025177695,0.19907095,0.07546026
ZJ019758,0.15830623,0.3254258,0.14240742,0.0018855481,0.005888677,0.032156263,0.30791953,0.026010491
ZJ019759,0.28929397,0.19074601,0.15172318,0.0013767495,0.015171311,0.054019094,0.26652437,0.03114526
ZJ019760,0.33475047,0.12184777,0.20161174,0.04118304,0.066251084,0.025389256,0.018896876,0.19006974
ZJ019761,0.04754376,0.0771682,0.11074064,0.0006257582,0.017678373,0.5086746,0.18673958,0.05082908
ZJ019762,0.15736598,0.29311916,0.08797692,0.005155251,0.07034195,0.077201106,0.24839434,0.06044529
ZJ019763,0.33190724,0.00090979115,0.052354943,0.46126914,0.018106893,0.0013560363,0.004025624,0.13007031
ZJ019764,0.4353792,0.17001408,0.17220946,0.0017816193,0.021192526,0.009176795,0.12421508,0.06603119
ZJ019765,0.31390086,0.12769702,0.09369765,0.013397105,0.14173044,0.027549047,0.1724664,0.10956144
ZJ019766,0.40552434,0.21464264,0.1732449,0.0022237776,0.008974651,0.014178567,0.11031705,0.07089398
ZJ019767,0.31168994,0.13986826,0.21321994,0.002620805,0.04009063,0.06569788,0.10640129,0.12041129
ZJ019768,0.008254567,0.0033913439,0.0128752,0.0004992299,0.002279035,0.96837264,0.0031337894,0.001194282
ZJ019769,0.41711468,0.06455949,0.2275748,0.066706344,0.063786894,0.010419601,0.041033454,0.10880481
ZJ019770,0.16804862,0.24266657,0.3244457,0.0003820905,0.011333699,0.0369129,0.2039383,0.012272156
ZJ019771,0.14978129,0.095936306,0.5103878,0.0005150517,0.006677407,0.059424736,0.16921917,0.008058264
ZJ019772,0.27681562,0.08652353,0.08169742,0.0016991773,0.013653983,0.025636887,0.48949605,0.024477333
ZJ019773,0.3018695,0.21256714,0.16963519,0.019221427,0.08342912,0.0909787,0.08862825,0.03367068
ZJ019774,0.3140814,0.06612025,0.28572315,0.009103262,0.022062866,0.017902512,0.18787897,0.09712761
ZJ019775,0.13371122,0.28027025,0.1020735,0.03185967,0.0061887316,0.055120137,0.19172317,0.19905335
ZJ019776,0.11198621,0.20025244,0.42859852,0.0006042002,0.0048792786,0.057697527,0.1909327,0.005049124
ZJ019777,0.36016405,0.081420444,0.16798677,0.0034779226,0.006301021,0.008094169,0.33811858,0.034437075
ZJ019778,0.23386559,0.01841644,0.03652689,0.00023977461,0.24565352,0.019331587,0.42278904,0.023177138
ZJ019779,0.12932128,0.0012883757,0.1400153,0.47813478,0.121342964,0.026152536,0.0077386657,0.0960061
ZJ019780,0.20054999,0.18968114,0.13406268,0.0038104053,0.036249943,0.114672005,0.25999516,0.060978666
ZJ019781,0.23519894,0.054674592,0.31095174,0.0012859603,0.00071035273,0.053324662,0.33798257,0.005871126
ZJ019782,0.5529317,0.016288597,0.017022483,0.0027371743,0.32044905,0.008441187,0.075978875,0.0061509726
ZJ019783,0.17155358,0.3467176,0.21808925,0.0010104781,0.0056529697,0.11521016,0.12188128,0.01988466
ZJ019784,0.20906545,0.009123364,0.30228588,0.15118374,0.004864902,0.035341732,0.023255624,0.2648793
ZJ019785,0.23662314,0.15569897,0.22127432,0.00212428,0.04851061,0.023162933,0.21914385,0.09346184
ZJ019786,0.20382392,0.22253661,0.27039984,0.0011356877,0.0038642436,0.017915111,0.24087703,0.0394476
ZJ019787,0.1439162,0.3761823,0.17639482,0.0031257994,0.001275917,0.075531855,0.15997215,0.06360102
ZJ019788,0.2274106,0.1269871,0.0402773,0.0008576655,0.0036601918,0.0077351774,0.5799439,0.0131280385
ZJ019789,0.25316373,0.1522071,0.1727098,0.0022297946,0.014786435,0.10463113,0.16417266,0.13609932
ZJ019790,0.15377288,0.012205292,0.28178835,0.22294411,0.093247704,0.03254455,0.0040314374,0.19946563
ZJ019791,0.3492118,0.108747944,0.13153118,0.0018224636,0.027204568,0.01718853,0.33397633,0.03031714
ZJ019792,0.24823736,0.24326317,0.0940289,0.025336178,0.08854235,0.07328702,0.14558299,0.08172213
ZJ019793,0.17619044,0.22256581,0.15718274,0.00073594286,0.00087631197,0.1694307,0.25654072,0.016477326
ZJ019794,0.062250417,0.0014283207,0.08491337,0.5969909,0.0047776233,0.0058327923,0.0012620325,0.24254456
ZJ019795,0.095798746,0.43830934,0.29332042,0.0016023753,0.00956329,0.058393437,0.0893146,0.013697759
ZJ019796,0.14559944,0.07609133,0.18752858,0.0116348155,0.22005042,0.10830199,0.11058782,0.14020558
ZJ019797,0.06421528,0.02900796,0.2681949,0.5266472,0.044509925,0.021823045,0.004263189,0.041338462
ZJ019798,0.46545306,0.052199606,0.048022203,0.03258284,0.0555756,0.017203597,0.25626978,0.07269327
ZJ019799,0.054415114,0.09067478,0.08515556,0.0008754428,0.0027956557,0.65879583,0.097064465,0.010223261
ZJ019800,0.02089974,0.16796784,0.4242041,0.0010692532,0.026387416,0.3039741,0.026919039,0.028578587
ZJ019801,0.098176055,0.0022011714,0.08639049,0.6459987,0.0055354023,0.0040969867,0.0023267355,0.1552745
ZJ019802,0.42059076,0.12090582,0.17725658,0.038630493,0.011059492,0.012661731,0.0990254,0.11986966
ZJ019803,0.24802783,0.13899687,0.21734396,0.047167607,0.022671381,0.018625163,0.07235111,0.23481618
ZJ019804,0.19094096,0.11110137,0.037027795,0.0010194416,0.020246156,0.011147296,0.6198483,0.008668665
ZJ019805,0.20372999,0.12999325,0.14260086,0.0011426066,0.009747234,0.06426153,0.4223773,0.026147258
ZJ019806,0.14093861,0.031524226,0.18313669,0.0004984822,0.0024230387,0.13078299,0.49839088,0.012305105
ZJ019807,0.36917207,0.0924413,0.17807865,0.004250336,0.021815497,0.029111926,0.2403823,0.06474797
ZJ019808,0.21512668,0.10999997,0.101421684,0.0017842446,0.020222101,0.0387942,0.4940526,0.018598605
ZJ019809,0.24945517,0.07270348,0.19316408,0.002623129,0.009898444,0.018403571,0.43744278,0.016309382
ZJ019810,0.23863222,0.2610149,0.1486212,0.00041660253,0.004843248,0.03933845,0.29091924,0.01621409
ZJ019811,0.1144143,0.04085358,0.21911156,0.00013717591,0.00044413493,0.39520022,0.21627471,0.013564244
ZJ019812,0.4663754,0.063004516,0.21132536,0.0058699735,0.016300628,0.020101676,0.15203896,0.06498347
ZJ019813,0.15365236,0.0187377,0.16985376,0.35481188,0.047628835,0.018255578,0.014618087,0.22244187
ZJ019814,0.3835848,0.054879796,0.08015141,0.0029125458,0.011310351,0.0184753,0.4221108,0.026575042
ZJ019815,0.19231853,0.08087835,0.124757715,0.00085206394,0.03391224,0.21539477,0.33873025,0.013156049
ZJ019816,0.1941686,0.17299835,0.23531966,0.005144693,0.0036739414,0.032850448,0.3350657,0.020778619
ZJ019817,0.24338767,0.20173003,0.17277673,0.011381078,0.020132167,0.044211216,0.22556813,0.08081302
ZJ019818,0.28820795,0.10370298,0.23642966,0.0021895336,0.039626524,0.02882696,0.23524994,0.06576653
ZJ019819,0.19376147,0.2432568,0.12313864,0.0040364275,0.0055085034,0.037676528,0.30269226,0.089929305
ZJ019820,0.17082997,0.016594712,0.0635824,0.108252324,0.44523096,0.09254481,0.018927146,0.084037684
ZJ019821,0.12488937,0.010260128,0.25306433,0.3403495,0.024775853,0.05611182,0.002613799,0.18793519
ZJ019822,0.0025115162,0.0008069915,0.007930437,0.001658565,0.0009213096,0.9850503,0.0004996697,0.0006212721
ZJ019823,0.36700353,0.0942948,0.24203028,0.06445283,0.037024092,0.008259789,0.056532435,0.13040225
ZJ019824,0.20796287,0.15563321,0.2755907,0.0023518088,0.0074668494,0.0756195,0.23554592,0.039829236
ZJ019825,0.16280514,0.012094702,0.20986976,0.052312363,0.20955785,0.13326119,0.018160857,0.2019381
ZJ019826,0.40357324,0.083416596,0.080193564,0.021684155,0.12266508,0.02961376,0.19933097,0.059522595
ZJ019827,0.03274357,0.001315884,0.16386841,0.5168242,0.00789168,0.16937593,0.0011675276,0.10681281
ZJ019828,0.13349223,0.012806042,0.07922304,0.0022782786,0.41229233,0.27328706,0.0675729,0.0190481
ZJ019829,0.26296034,0.11298513,0.14780863,0.0026846589,0.015101436,0.024444966,0.40242362,0.031591225
ZJ019830,0.25455576,0.064591244,0.19785315,0.002396681,0.043915622,0.013456166,0.39760742,0.02562398
ZJ019831,0.20637907,0.0014460004,0.093895935,0.5831617,0.0014640385,0.012216491,0.004368638,0.097068086
ZJ019832,0.23528866,0.30045527,0.18919294,0.013055568,0.03177591,0.0385973,0.103299305,0.08833504
ZJ019833,0.12773146,0.20317462,0.15502748,0.0020197383,0.062360406,0.19617668,0.19880249,0.05470715
ZJ019834,0.06595008,0.039615367,0.18271555,0.28479883,0.011725863,0.13742828,0.033115096,0.24465095
ZJ019835,0.004310198,0.002095496,0.009117044,0.0040746443,0.0004219735,0.9771961,0.0017014456,0.0010831797
ZJ019836,0.3193526,0.07497832,0.24397326,0.00053755706,0.0025650854,0.049057346,0.2876022,0.021933664
ZJ019837,0.0024654956,0.0016791743,0.013263573,0.0026063747,0.00048352254,0.9770469,0.000722405,0.0017326254
ZJ019838,0.21837886,0.13761574,0.13886635,0.0035657373,0.013886304,0.009023077,0.281914,0.19674993
ZJ019839,0.06604244,0.086435735,0.62394714,0.0010728249,0.017334513,0.09059317,0.10783523,0.006739048
ZJ019840,0.13701916,0.1369109,0.17461425,0.07738492,0.041892055,0.34780315,0.05024308,0.034132455
ZJ019841,0.03509668,0.005072489,0.024737429,0.010861492,0.118794516,0.79173845,0.009300781,0.004398177
ZJ019842,0.22061896,0.01044043,0.1192731,0.36767042,0.10020613,0.08946684,0.01892248,0.07340162
ZJ019843,0.15510406,0.21982907,0.24007125,0.014300129,0.014554708,0.06982143,0.20821925,0.078100085
ZJ019844,0.17778556,0.050307978,0.33211985,0.0031285433,0.0048860246,0.12923318,0.2828282,0.019710679
ZJ019845,0.15743479,0.10948958,0.2525928,0.000734077,0.0081890095,0.07047642,0.3886814,0.012401936
ZJ019846,0.13654359,0.012944968,0.19649065,0.37194717,0.041580737,0.041326612,0.0049638827,0.19420235
ZJ019847,0.16826235,0.06733704,0.28024393,0.00047563118,0.13050538,0.011007242,0.33235824,0.009810152
ZJ019848,0.1435391,0.006229187,0.1123023,0.6135661,0.009976086,0.0018404559,0.0079466365,0.10460016
ZJ019849,0.11920796,0.026404815,0.13708907,0.009232242,0.049404748,0.52425283,0.10213436,0.032274015
ZJ019850,0.1914895,0.15605839,0.15635356,0.010288327,0.03909605,0.065615416,0.3263487,0.054750085
ZJ019851,0.29960456,0.09614346,0.15291554,0.011816749,0.029627042,0.012144816,0.37225524,0.02549258
ZJ019852,0.18280117,0.08763232,0.39483216,0.0025733244,0.0006079736,0.045989648,0.26407078,0.021492645
ZJ019853,0.20920028,0.038029257,0.26500684,0.006096655,0.0076727998,0.035806254,0.418586,0.019602042
ZJ019854,0.29554465,0.11236904,0.18372992,0.004313439,0.023713306,0.09002215,0.2525947,0.037712794
ZJ019855,0.12749936,0.36379626,0.14564689,0.0072792126,0.01761665,0.03887644,0.20324506,0.09604016
ZJ019856,0.31394202,0.060362194,0.0913272,0.0038731794,0.3408888,0.026895188,0.11723508,0.04547631
ZJ019857,0.12010022,0.14454249,0.14880079,0.072825335,0.05856862,0.3553604,0.054144707,0.045657452
ZJ019858,0.3316775,0.08916583,0.15833266,0.00427153,0.011231764,0.021749778,0.34800586,0.03556501
ZJ019859,0.40793195,0.08709108,0.07884113,0.029893251,0.15362316,0.09530302,0.110754415,0.03656196
ZJ019860,0.07532631,0.032214575,0.19631888,0.167993,0.06686605,0.35864067,0.006480537,0.09615992
ZJ019861,0.35019252,0.07730579,0.099225074,0.0019115485,0.041538212,0.12256097,0.27969852,0.02756731
ZJ019862,0.41287175,0.14707182,0.056109753,0.0030175997,0.043773077,0.081649974,0.21668255,0.038823493
ZJ019863,0.07264609,0.18169749,0.042443648,0.0036405113,0.0031832475,0.21760917,0.44711402,0.03166585
ZJ019864,0.13738082,0.09180119,0.24515131,0.003524292,0.0033217205,0.095393464,0.40808967,0.015337464
ZJ019865,0.1848976,0.21085532,0.14870341,0.011635939,0.22689746,0.12685229,0.025015447,0.06514255
ZJ019866,0.097982705,0.0017900445,0.22250833,0.46855357,0.0053443336,0.17495464,0.0023838764,0.026482524
ZJ019867,0.22207198,0.0036508462,0.110463046,0.07631198,0.13273713,0.4156282,0.0040556956,0.035081122
ZJ019868,0.33360738,0.19769712,0.100603275,0.0012019041,0.004936205,0.005566044,0.3455124,0.01087561
ZJ019869,0.41747448,0.10248849,0.1454923,0.0034398013,0.06252177,0.013868332,0.18858524,0.06612956
ZJ019870,0.37068602,0.10957247,0.1633181,0.06376768,0.06911972,0.045732625,0.02105158,0.15675172
ZJ019871,0.4705633,0.061198447,0.16186816,0.0056136907,0.052596305,0.041463964,0.18300824,0.02368798
ZJ019872,0.14539982,0.05820044,0.34644458,0.0048821424,0.0071228878,0.074786834,0.34130657,0.021856729
ZJ019873,0.17570855,0.0114343045,0.43209448,0.09036213,0.0079547055,0.031263668,0.06395263,0.18722945
ZJ019874,0.014775011,0.03911661,0.085216194,0.0004913077,0.0075272964,0.8038806,0.026032425,0.022960613
ZJ019875,0.17295925,0.10710221,0.30566218,0.0028837435,0.0018116939,0.010085681,0.37980518,0.019690035
ZJ019876,0.15905721,0.012962759,0.054145172,0.005604162,0.59531385,0.11940959,0.027220787,0.026286567
ZJ019877,0.10816386,0.002596535,0.08867408,0.61179924,0.004993549,0.00332392,0.005019102,0.17542963
ZJ019878,0.17294668,0.26665086,0.12202505,0.0019265974,0.007973821,0.1251248,0.1889296,0.11442258
ZJ019879,0.23545612,0.009357962,0.07509783,0.48999575,0.1050694,0.019144224,0.016411489,0.049467206
ZJ019880,0.16311198,0.069451444,0.23422512,0.0015858039,0.005446733,0.032014344,0.4116457,0.08251886
ZJ019881,0.08573466,0.011728815,0.13550438,0.49822393,0.012230497,0.2243891,0.018847115,0.013341578
ZJ019882,0.26516137,0.06461566,0.14420517,0.00076456694,0.009280618,0.067447126,0.41529703,0.0332285
ZJ019883,0.23643622,0.19702715,0.26392925,0.016934907,0.020511055,0.10163103,0.03344109,0.13008927
ZJ019884,0.0036430126,0.004771606,0.025316436,0.0035897458,0.0003932877,0.95519596,0.0017360074,0.005353988
ZJ019885,0.38983074,0.06585,0.0628896,0.007888814,0.14906785,0.06654394,0.23447295,0.023456048
ZJ019886,0.20017287,0.17157674,0.09269967,0.003759995,0.0070792246,0.18444668,0.30806476,0.032200072
ZJ019887,0.20071961,0.20822799,0.23537141,0.0012753727,0.0040496113,0.124363855,0.17956349,0.046428684
ZJ019888,0.29752356,0.15025224,0.11400482,0.0019061058,0.023465533,0.06200703,0.33329928,0.0175414
ZJ019889,0.016170396,0.00853479,0.059907038,0.0003366949,0.0010894772,0.89683867,0.016415674,0.0007072464
ZJ019890,0.14976242,0.4028864,0.25820482,0.009997058,0.003584516,0.050101392,0.10298739,0.022476008
ZJ019891,0.31143364,0.13688417,0.20185241,0.006826461,0.014749671,0.093061045,0.17577323,0.05941934
ZJ019892,0.1126341,0.11715584,0.21552682,0.11562368,0.026401946,0.0045286096,0.057465047,0.35066393
ZJ019893,0.26195514,0.24898988,0.059966486,0.005284649,0.01315635,0.015029169,0.33432868,0.061289605
ZJ019894,0.29627278,0.17095578,0.2425818,0.0097452765,0.049622193,0.054510474,0.08899623,0.08731554
ZJ019895,0.39686593,0.11479607,0.051217988,0.021275029,0.13301417,0.01396098,0.19250679,0.07636311
ZJ019896,0.13910034,0.0358167,0.21065944,0.09277539,0.18778986,0.06704955,0.0122482125,0.25456053
ZJ019897,0.28953832,0.1797462,0.13846408,0.0004861579,0.007112075,0.044076793,0.33422548,0.006350921
ZJ019898,0.13805398,0.07441176,0.21529435,0.004350141,0.001321814,0.004592445,0.49077708,0.071198426
ZJ019899,0.25115097,0.16137205,0.20934694,0.0022051155,0.021245232,0.015923979,0.25345165,0.085304074
ZJ019900,0.28809318,0.17335261,0.12629108,0.088294156,0.09527621,0.02082934,0.095438555,0.11242485
ZJ019901,0.2081144,0.18739906,0.12983862,0.005687658,0.031607192,0.017190905,0.35642165,0.063740514
ZJ019902,0.21026306,0.13783284,0.16335368,0.0028659888,0.004859718,0.012708091,0.3849562,0.08316044
ZJ019903,0.2784575,0.04554845,0.016843041,0.009217107,0.12733325,0.10864737,0.3917789,0.02217445
ZJ019904,0.3111848,0.050913516,0.043812174,0.00045442715,0.012673561,0.010426595,0.55599016,0.014544701
ZJ019905,0.211736,0.27944818,0.16332966,0.00668661,0.03419742,0.03765708,0.23367341,0.03327165
ZJ019906,0.22116327,0.2723534,0.14105517,0.013838345,0.013101377,0.0408039,0.24378462,0.05389993
ZJ019907,0.058989607,0.104723975,0.45934382,0.004899385,0.0061650216,0.16917571,0.18052825,0.01617421
ZJ019908,0.1591427,0.10739288,0.26684383,0.0038262794,0.021227397,0.14533722,0.18779361,0.10843609
ZJ019909,0.10491893,0.0021406251,0.08283022,0.5690086,0.0040559922,0.0031467306,0.0033756364,0.23052324
ZJ019910,0.23724754,0.051108453,0.13995674,0.20595026,0.090705514,0.012450516,0.027446775,0.23513421
ZJ019911,0.014440189,0.0044220663,0.06863556,0.0026173792,0.0015313823,0.9013771,0.0026034538,0.0043728165
ZJ019912,0.26759738,0.07939916,0.23593517,0.00635065,0.05614162,0.012158199,0.2369047,0.105513126
ZJ019913,0.009404128,0.003925722,0.024498023,0.0009955671,0.0021899545,0.954876,0.002306576,0.0018040297
ZJ019914,0.080725856,0.09892404,0.3619372,0.0020176917,0.067684144,0.23973633,0.12534833,0.023626367
ZJ019915,0.17473313,0.1578898,0.24615751,0.0014172364,0.15522575,0.026230948,0.21818064,0.020164967
ZJ019916,0.19884445,0.004146861,0.22674443,0.44794106,0.0046261684,0.025692249,0.011306264,0.080698475
ZJ019917,0.098732986,0.07066004,0.38754168,0.00812917,0.086196266,0.2422132,0.09560183,0.01092483
ZJ019918,0.10994932,0.0009275189,0.2285029,0.30952126,0.033552006,0.014087301,0.0012586239,0.30220106
ZJ019919,0.14069536,0.28428942,0.31920606,0.0007682445,0.004569937,0.029252576,0.20016868,0.021049667
ZJ019920,0.30686858,0.19217153,0.20818453,0.007037322,0.018353928,0.021720368,0.14785166,0.097812094
ZJ019921,0.10395935,0.10054874,0.47150588,0.00075596524,0.00099793,0.01598249,0.2756374,0.03061231
ZJ019922,0.11084621,0.031108573,0.19075446,0.0073267696,0.013392088,0.3041961,0.30197367,0.040402114
ZJ019923,0.2963258,0.13804401,0.23082182,0.0007894595,0.03191207,0.006646887,0.26887867,0.026581204
ZJ019924,0.31709722,0.031449597,0.2504761,0.0020550832,0.0115041295,0.025827637,0.33373615,0.027854104
ZJ019925,0.2541009,0.03082362,0.09428886,0.012238754,0.016440488,0.012882297,0.52226174,0.056963377
ZJ019926,0.11178598,0.0688799,0.27284116,0.0015405873,0.012104079,0.040013637,0.45605636,0.0367783
ZJ019927,0.124055274,0.17392614,0.40131766,0.0046245195,0.005248747,0.056061838,0.20428173,0.030484077
ZJ019928,0.29817107,0.12166819,0.13326018,0.0007507623,0.021392422,0.07350607,0.33628133,0.014969964
ZJ019929,0.30957344,0.15457839,0.2101895,0.065238215,0.06492468,0.028426632,0.063040435,0.10402867
ZJ019930,0.1529906,0.09346885,0.19636999,0.041302815,0.010061457,0.11101801,0.08818773,0.30660057
ZJ019931,0.17122364,0.14023525,0.1175065,0.0037520311,0.0369287,0.20022324,0.27107942,0.059051253
ZJ019932,0.31075886,0.22067001,0.117387384,0.003653236,0.019455798,0.016785374,0.2770498,0.03423948
ZJ019933,0.093610376,0.33820593,0.22097771,0.002081418,0.00590932,0.022413868,0.23220338,0.08459801
ZJ019934,0.2708804,0.13396445,0.09956675,0.00039830347,0.0021358752,0.0037384063,0.47192708,0.017388724
ZJ019935,0.005667906,0.0075430297,0.045181353,0.00067172793,0.0071217907,0.9269879,0.002499263,0.0043270616
ZJ019936,0.18670289,0.1605207,0.19957238,0.1292479,0.039040137,0.021999417,0.03591529,0.22700131
ZJ019937,0.23799606,0.007980332,0.07997531,0.3950973,0.16056603,0.05330894,0.0100837145,0.054992277
ZJ019938,0.0923295,0.18443325,0.20975773,0.0011573451,0.0019278615,0.07598109,0.35388577,0.08052747
ZJ019939,0.10289189,0.14603074,0.20247513,0.0017682256,0.00595005,0.41381806,0.0816211,0.04544477
ZJ019940,0.11795826,0.09501443,0.23440461,0.008889382,0.0047336747,0.20766896,0.2823445,0.048986245
ZJ019941,0.23493573,0.40856254,0.08426283,0.001337311,0.0044069597,0.032836415,0.17238997,0.061268225
ZJ019942,0.011909375,0.0047596423,0.07932377,0.00050183275,0.004265865,0.88298035,0.011897273,0.0043618553
ZJ019943,0.13410486,0.18901396,0.17533505,0.0011124533,0.0033125314,0.030692542,0.39123797,0.07519064
ZJ019944,0.11890879,0.0031641356,0.17210567,0.5146908,0.0055081407,0.027688267,0.006349011,0.15158516
ZJ019945,0.26708326,0.38767847,0.065739565,0.0025890758,0.033038877,0.010435922,0.157784,0.07565087
ZJ019946,0.3746364,0.099930204,0.20061594,0.047877993,0.048554424,0.038266115,0.03143572,0.15868324
ZJ019947,0.14290826,0.07365733,0.3634573,0.0046986057,0.003799612,0.028208662,0.30246297,0.0808073
ZJ019948,0.061393876,0.00018069943,0.26727226,0.47203285,0.005888384,0.0046731406,0.00040315752,0.1881556
ZJ019949,0.17529161,0.38807553,0.086854935,0.0019497315,0.0037574559,0.021607619,0.30253634,0.01992673
ZJ019950,0.28869742,0.10732944,0.1720015,0.0023295816,0.0028394768,0.014261058,0.38659325,0.025948282
ZJ019951,0.18704003,0.060463052,0.3876271,0.0029640256,0.08819947,0.050166976,0.20104426,0.022495026
ZJ019952,0.31293103,0.0054331645,0.23180464,0.08658731,0.091587596,0.16227311,0.0017992696,0.10758384
ZJ019953,0.26685303,0.21684508,0.20371918,0.009885127,0.01879696,0.03300072,0.17218837,0.07871152
ZJ019954,0.32434058,0.17002127,0.14064352,0.0033479605,0.011382404,0.023562526,0.3006303,0.026071396
ZJ019955,0.04372576,0.075554326,0.6234127,0.000570643,0.0012932596,0.06906657,0.14688972,0.03948705
ZJ019956,0.0911805,0.0779643,0.19341862,0.29558843,0.018356364,0.041471265,0.09423388,0.18778664
ZJ019957,0.09605977,0.038638666,0.26383772,0.05757713,0.22618376,0.06327901,0.027471097,0.22695287
ZJ019958,0.4546341,0.06425446,0.06470342,0.041466612,0.07124054,0.019794142,0.17059979,0.11330694
ZJ019959,0.10670446,0.00065456046,0.0808806,0.36693436,0.0724329,0.019956429,0.0012671815,0.35116944
ZJ019960,0.3378676,0.11335664,0.20314474,0.05472417,0.04877113,0.030057913,0.05301043,0.15906735
ZJ019961,0.044281453,0.064180814,0.05474317,0.023088012,0.011987824,0.73914576,0.024091756,0.03848117
ZJ019962,0.34432888,0.1313727,0.17535754,0.0013944834,0.0079925,0.016462872,0.2942489,0.028842175
ZJ019963,0.08980953,0.0013051368,0.5386536,0.08144348,0.08232958,0.01606078,0.0016610179,0.18873696
ZJ019964,0.217164,0.16530825,0.09835746,0.0007118716,0.007270713,0.010058844,0.46865723,0.032471683
ZJ019965,0.15101649,0.007985895,0.1084524,0.53795165,0.002552878,0.14462417,0.010450143,0.036966298
ZJ019966,0.092732504,0.0035224056,0.079501495,0.49315864,0.009047656,0.29832727,0.0049031302,0.018806934
ZJ019967,0.080329105,0.3574726,0.31591848,0.0006588716,0.0014753112,0.14866638,0.080944695,0.014534577
ZJ019968,0.24690545,0.19371262,0.25710636,0.020035438,0.007925811,0.008470913,0.0641538,0.20168963
ZJ019969,0.07682408,0.0022577608,0.22517408,0.2782258,0.0031301482,0.0033907567,0.011439378,0.39955804
ZJ019970,0.2155532,0.0021742443,0.05693979,0.3828063,0.26395065,0.043803576,0.0030699153,0.03170237
ZJ019971,0.13398649,0.00260534,0.12581877,0.61823076,0.010861351,0.03174283,0.0011997329,0.075554736
ZJ019972,0.17109147,0.06623836,0.17711063,0.00019667268,0.18018125,0.17955458,0.22159506,0.00403189
ZJ019973,0.24857652,0.045279246,0.28750068,0.001131044,0.005323659,0.0859287,0.31437817,0.011881932
ZJ019974,0.19649243,0.14326927,0.3418216,0.0002564005,0.004423102,0.13591781,0.17291532,0.004904021
ZJ019975,0.15818912,0.02285958,0.25530276,0.047002595,0.1857185,0.13375522,0.033138912,0.16403325
ZJ019976,0.20606054,0.026758814,0.21910748,0.24547194,0.005687484,0.1373144,0.015157153,0.14444222
ZJ019977,0.24767596,0.28294957,0.19465391,0.0016789393,0.004286281,0.071998104,0.15022798,0.046529215
ZJ019978,0.41524833,0.06745306,0.0589843,0.051723555,0.19185361,0.011170537,0.15871483,0.044851772
ZJ019979,0.3965114,0.1292087,0.12865211,0.0031660616,0.0074138422,0.021842899,0.22062896,0.092575975
ZJ019980,0.14921485,0.15911111,0.2415718,0.00034428274,0.0026542922,0.20045874,0.22591664,0.020728245
ZJ019981,0.001111839,0.0004823363,0.0060662003,7.904021e-05,0.00018370412,0.9910894,0.0007109262,0.00027653933
ZJ019982,0.32164916,0.113635756,0.07277224,0.025095394,0.14928642,0.019771807,0.25502333,0.042765845
ZJ019983,0.15542363,0.37076455,0.17751336,0.020876128,0.0077931685,0.14477398,0.1102976,0.012557597
ZJ019984,0.15787381,0.10216784,0.123655334,0.0031146267,0.008943876,0.067314394,0.47935325,0.057576817
ZJ019985,0.22611305,0.12113046,0.29713067,0.002811698,0.037185874,0.01724694,0.21337754,0.08500375
ZJ019986,0.17427215,0.07472385,0.20880707,0.080522135,0.011915426,0.11232803,0.037453465,0.29997787
ZJ019987,0.34215003,0.08406645,0.19866759,0.027729124,0.015104999,0.034970757,0.09946049,0.19785066
ZJ019988,0.07884993,0.00045028338,0.5007895,0.15252848,0.0075286785,0.03606756,0.0011864797,0.22259909
ZJ019989,0.21661143,0.069832124,0.16801879,0.17815517,0.092713684,0.0054935305,0.0364152,0.23276009
ZJ019990,0.15800223,0.051843625,0.12414426,0.0048191934,0.028865447,0.008152203,0.6069137,0.017259361
ZJ019991,0.10763341,0.0736645,0.16097891,0.04688363,0.026157834,0.16104627,0.08722694,0.33640856
ZJ019992,0.3311766,0.020589782,0.013493857,0.0010382903,0.16869599,0.030435057,0.43295473,0.0016157416
ZJ019993,0.2207139,0.011627486,0.075609244,0.51197225,0.05454301,0.03782178,0.020594437,0.06711787
ZJ019994,0.3626079,0.15364724,0.104259565,0.0031628623,0.023869164,0.037034165,0.28128126,0.034137815
ZJ019995,0.1335565,0.004760005,0.13401973,0.53174716,0.002370696,0.004792022,0.0067736316,0.18198021
ZJ019996,0.06707755,0.0007119348,0.14469789,0.48373184,0.033260472,0.034153786,0.0015865779,0.23478004
ZJ019997,0.34101406,0.046074748,0.15972546,0.0006588092,0.034606803,0.025892688,0.37843266,0.013594738
ZJ019998,0.2805681,0.1721903,0.25336373,0.023772575,0.03221135,0.044392884,0.09419709,0.099303916
ZJ019999,0.31264937,0.12849557,0.112896025,0.0011556755,0.031271286,0.023771212,0.37275824,0.01700259
ZJ020000,0.060699724,0.033503823,0.08962894,0.0054117995,0.002913402,0.74305046,0.040730983,0.024060825
ZJ020001,0.27857003,0.11970006,0.24396674,0.026227053,0.034844648,0.041442316,0.10299073,0.15225843
ZJ020002,0.27993312,0.25032777,0.122185305,0.0008802629,0.015758174,0.007966217,0.25083548,0.072113656
ZJ020003,0.067203075,0.023131792,0.20093417,0.0014352872,0.0014171789,0.5629321,0.140495,0.0024514906
ZJ020004,0.41573536,0.048111517,0.098407276,0.030151984,0.1406043,0.101655476,0.058245447,0.10708866
ZJ020005,0.12671664,0.05983751,0.26924315,0.0099494755,0.00231508,0.2125724,0.266554,0.05281168
ZJ020006,0.16092214,0.19064204,0.3457298,0.000759566,0.0053481925,0.030481827,0.2451916,0.020924836
ZJ020007,0.20423427,0.20335244,0.24662942,0.030449005,0.02161115,0.042754926,0.13212898,0.118839785
ZJ020008,0.15816176,0.2906814,0.22865497,0.00038869694,0.0042097494,0.04988081,0.25788555,0.010137049
ZJ020009,0.16270834,0.12567805,0.08123174,0.00035777863,0.087754466,0.02985484,0.48694026,0.025474565
ZJ020010,0.22146517,0.13797396,0.12045085,0.0017776728,0.033753548,0.016327487,0.3246021,0.14364927
ZJ020011,0.11953537,0.0485337,0.21289277,0.0014177184,0.002663152,0.21438877,0.3831775,0.017391022
ZJ020012,0.34991917,0.12051949,0.11760612,0.010622625,0.021201309,0.013069831,0.30532998,0.06173151
ZJ020013,0.20383953,0.008077085,0.21981573,0.34545127,0.009684885,0.023215812,0.005661177,0.1842545
ZJ020014,0.26859272,0.034641575,0.044924956,0.0022789475,0.121997446,0.043624364,0.45689878,0.02704114
ZJ020015,0.29736978,0.21726872,0.15890986,0.05728884,0.043000385,0.005360501,0.054262515,0.16653936
ZJ020016,0.3181279,0.10004386,0.25395113,0.031220201,0.0557408,0.037437625,0.05512073,0.1483577
ZJ020017,0.2024693,0.24086984,0.20355953,0.006635564,0.024827657,0.07811237,0.16788581,0.075639844
ZJ020018,0.17148075,0.31443405,0.27964956,0.0103790425,0.0052488116,0.07532459,0.11225782,0.031225398
ZJ020019,0.047280483,0.045217376,0.77392,0.0011835218,0.0029884984,0.07781638,0.04660689,0.004986833
ZJ020020,0.1622267,0.0035932995,0.34842756,0.14784549,0.011798539,0.011086109,0.014695702,0.30032662
ZJ020021,0.19539829,0.03797964,0.1465775,0.00035375706,0.22098038,0.23779307,0.1513227,0.009594659
ZJ020022,0.18306306,0.044849955,0.25338164,0.0020264583,0.011379063,0.08127588,0.17651297,0.247511
ZJ020023,0.29015613,0.061603907,0.17959476,0.000990533,0.011495718,0.03005432,0.40197414,0.024130486
ZJ020024,0.056324683,0.02025508,0.06222745,0.0074950033,0.04590308,0.72344255,0.06865875,0.015693486
ZJ020025,0.1384913,0.003782768,0.26093334,0.30387583,0.169815,0.012491111,0.0019368283,0.10867381
ZJ020026,0.23671277,0.21331832,0.1875941,0.009062017,0.061967634,0.09382418,0.13528721,0.062233754
ZJ020027,0.30714953,0.006553896,0.06546354,0.19001243,0.27759394,0.11060456,0.0035295354,0.039092556
ZJ020028,0.17089939,0.11452189,0.22933525,0.00014096663,0.03292486,0.033064954,0.4150812,0.0040314905
ZJ020029,0.30914286,0.09041357,0.22772321,0.018286347,0.02599771,0.107735865,0.10404247,0.11665803
ZJ020030,0.32994887,0.07639366,0.16353524,0.00012332745,0.02491947,0.091349766,0.3063437,0.0073859757
ZJ020031,0.088168584,0.0015942361,0.14939661,0.49629867,0.008705391,0.031477593,0.003005905,0.22135301
ZJ020032,0.04508976,0.0073334044,0.18754193,0.38774028,0.025263207,0.1652046,0.001013199,0.1808136
ZJ020033,0.20941992,0.092709795,0.364851,0.0033636198,0.0069298088,0.044874474,0.20256466,0.07528668
ZJ020034,0.12075866,0.010516684,0.026277715,0.55177355,0.11803476,0.14422014,0.016828574,0.011589915
ZJ020035,0.112273104,0.09547814,0.18432602,0.06109572,0.033645105,0.083474055,0.13154966,0.2981582
ZJ020036,0.39041346,0.13307548,0.046944857,0.012108893,0.1787704,0.023148619,0.16624081,0.04929758
ZJ020037,0.22323243,0.094260894,0.1259328,0.00076380046,0.0039207237,0.027040057,0.33072633,0.19412294
ZJ020038,0.33426642,0.16882561,0.18431878,0.004954964,0.03645167,0.053027943,0.17360432,0.044550262
ZJ020039,0.193986,0.16893464,0.230354,0.00053307076,0.005266805,0.031209378,0.32203153,0.04768457
ZJ020040,0.16652285,0.3877819,0.17666921,0.0009850654,0.00347046,0.05488931,0.16136679,0.048314445
ZJ020041,0.021484543,0.0042700376,0.05211281,0.013489614,0.003962485,0.8954289,0.0011697945,0.008081838
ZJ020042,0.28447285,0.16060698,0.17744361,0.0024702717,0.015643392,0.042774186,0.2229204,0.093668304
ZJ020043,0.1327928,0.1269243,0.4421489,0.00034078618,0.010675421,0.10029861,0.16722241,0.019596737
ZJ020044,0.21458906,0.061664034,0.22446707,0.34788528,0.025683431,0.010352335,0.025671955,0.08968674
ZJ020045,0.18292575,0.030869009,0.056041412,0.030019214,0.5596442,0.035573594,0.031361945,0.07356492
ZJ020046,0.10046215,0.013813791,0.08944492,0.57606953,0.028583579,0.13653472,0.008997138,0.04609424
ZJ020047,0.27177328,0.1637321,0.30052626,0.0011128755,0.00053377356,0.07127004,0.18347195,0.0075797155
ZJ020048,0.050565623,0.19014694,0.12512514,0.00026101535,0.44220012,0.1446394,0.025289949,0.021771824
ZJ020049,0.16798823,0.07889808,0.17057723,0.0010740776,0.03124285,0.26999477,0.26876876,0.0114560295
ZJ020050,0.05345273,0.08367433,0.13332476,0.0012004692,0.00093864114,0.5415301,0.16735846,0.018520514
ZJ020051,0.16164184,0.060690094,0.22406662,0.0051077553,0.0028476852,0.077009045,0.44556373,0.02307321
ZJ020052,0.24276757,0.09246591,0.15925467,0.0020503746,0.01929467,0.062209714,0.41068247,0.0112746535
ZJ020053,0.23357208,0.012878847,0.07997851,0.08700069,0.38698623,0.031221397,0.009807662,0.15855461
ZJ020054,0.11758994,0.069521606,0.30277655,0.00074486824,0.0014295306,0.29097512,0.18174279,0.035219565
ZJ020055,0.27239212,0.13781999,0.1982524,0.016075037,0.034036912,0.07331298,0.18784818,0.080262356
ZJ020056,0.13248305,0.48641488,0.10648433,0.0007583077,0.0023976406,0.042938318,0.18769778,0.0408257
ZJ020057,0.20564306,0.19803622,0.2826066,0.0007875095,0.025523417,0.029913804,0.2440803,0.0134090185
ZJ020058,0.06996489,0.030620212,0.17257807,0.031099832,0.015487003,0.60581714,0.009913351,0.064519465
ZJ020059,0.1397818,0.005342317,0.4414032,0.07764912,0.10575761,0.01164357,0.0018417877,0.2165805
ZJ020060,0.454103,0.1337738,0.11922657,0.0075224303,0.0056541576,0.02021797,0.18315648,0.076345615
ZJ020061,0.2781757,0.12252513,0.27605498,0.0030771801,0.002602197,0.02083164,0.21501844,0.081714764
ZJ020062,0.40401578,0.09644151,0.06563437,0.021638403,0.17701885,0.05941781,0.14026022,0.0355731
ZJ020063,0.09194743,0.17885534,0.12944226,0.0013908715,0.0018947336,0.35732153,0.20600256,0.033145335
ZJ020064,0.21369645,0.10304637,0.36346465,0.0018278119,0.013151573,0.048662733,0.21738225,0.03876825
ZJ020065,0.27823034,0.0035487257,0.15575115,0.33046347,0.13603008,0.01566432,0.00093889557,0.079373024
ZJ020066,0.18131334,0.0035021526,0.3102835,0.14742705,0.0034096634,0.023189498,0.01746811,0.31340668
ZJ020067,0.0282461,0.08750252,0.14150633,0.0010108408,0.03115964,0.659587,0.0335253,0.017462226
ZJ020068,0.1633678,0.14350681,0.3293585,0.001232851,0.004253773,0.020613542,0.30922705,0.028439704
ZJ020069,0.22179577,0.07936472,0.16208959,0.0016956797,0.032465562,0.09683862,0.38712716,0.018622896
ZJ020070,0.17102554,0.07410831,0.19394375,0.00037781056,0.25756863,0.18426017,0.10571855,0.012997295
ZJ020071,0.12318099,0.011775978,0.20064805,0.42602772,0.043048225,0.016644277,0.004573574,0.17410125
ZJ020072,0.05773788,0.05222618,0.17880791,0.00041812853,0.00088159204,0.5031114,0.16766477,0.03915213
ZJ020073,0.09555375,0.13532658,0.20070225,0.002286066,0.0017429698,0.019130953,0.5123375,0.03291989
ZJ020074,0.35311696,0.11537297,0.056788854,0.022978013,0.06650075,0.01338524,0.3173917,0.054465547
ZJ020075,0.20480603,0.27792293,0.1315085,0.0032030903,0.0043902043,0.035899285,0.26757222,0.074697785
ZJ020076,0.27449962,0.013382623,0.095902264,0.14405912,0.3870373,0.033731077,0.00940966,0.041978307
ZJ020077,0.3276679,0.13375069,0.18615386,0.061290007,0.018490214,0.035892583,0.014619098,0.22213563
ZJ020078,0.182904,0.3225158,0.15766814,0.028825045,0.018135507,0.029018056,0.16882423,0.092109255
ZJ020079,0.19446252,0.23903514,0.20910063,0.002226572,0.013204156,0.07254194,0.19351228,0.075916745
ZJ020080,0.1423096,0.4184587,0.15756948,0.0011577801,0.0014411302,0.028784662,0.24121475,0.0090638595
ZJ020081,0.20698039,0.12474175,0.2340312,0.0024562222,0.07048098,0.027709952,0.21619841,0.117401086
ZJ020082,0.13408346,0.1754572,0.16218588,0.0036927916,0.031104973,0.1956782,0.19655527,0.10124226
ZJ020083,0.17098852,0.035920948,0.049628854,0.002313994,0.007769178,0.18605337,0.51647824,0.030846952
ZJ020084,0.26903313,0.102567375,0.17097303,0.0010495615,0.0053434633,0.06923513,0.36004084,0.021757532
ZJ020085,0.08237695,0.01062864,0.10289198,0.6067573,0.005108299,0.15978053,0.00670493,0.025751319
ZJ020086,0.1197885,0.0048680133,0.017555567,8.233999e-05,0.0065231076,0.06693423,0.77933395,0.004914248
ZJ020087,0.24698262,0.21119279,0.227468,0.0181217,0.0682538,0.06348346,0.07210343,0.09239422
ZJ020088,0.49483293,0.16430429,0.11820257,0.0034026701,0.011750372,0.017729124,0.18006313,0.009714908
ZJ020089,0.24461535,0.02703147,0.17467773,0.001722473,0.03601894,0.015538865,0.4575604,0.042834807
ZJ020090,0.41087222,0.059997402,0.14848328,0.0022735286,0.029112425,0.057252917,0.25641653,0.035591666
ZJ020091,0.1952902,0.0020577589,0.45829147,0.039849192,0.004648011,0.06920698,0.010252069,0.2204043
ZJ020092,0.10047774,0.19992147,0.43647215,0.00055485754,0.004406422,0.057664927,0.18218483,0.018317567
ZJ020093,0.19542362,0.059359528,0.264595,0.00028567278,0.16402766,0.02478381,0.28138816,0.010136473
ZJ020094,0.1893909,0.022241917,0.23175913,0.29061252,0.12480631,0.041643653,0.0042417645,0.0953038
ZJ020095,0.24525638,0.19125177,0.17352693,0.0065853093,0.02291402,0.041801237,0.27139524,0.047269125
ZJ020096,0.09565602,0.362183,0.3559186,0.0010754159,0.0041713296,0.07272902,0.09176675,0.01649985
ZJ020097,0.22024281,0.35231197,0.1372701,0.0046653254,0.008006656,0.01837588,0.18931574,0.06981148
ZJ020098,0.047906563,0.0135901105,0.112764955,0.008880854,0.029567419,0.7313886,0.03472354,0.02117791
ZJ020099,0.10032934,0.0047585093,0.18677382,0.48556626,0.010083931,0.023312738,0.006715739,0.18245962
ZJ020100,0.27986836,0.008548239,0.12288245,0.18557464,0.2616151,0.06990025,0.0055375854,0.06607338
ZJ020101,0.054924127,0.3636982,0.036389943,0.003194433,0.21339495,0.18950707,0.11493828,0.023952981
ZJ020102,0.052655254,0.06628631,0.07847678,0.021482931,0.008635493,0.69372016,0.029340409,0.0494026
ZJ020103,0.1880475,0.4453013,0.11697813,0.0011697445,0.0030681768,0.03740611,0.16253836,0.04549069
ZJ020104,0.20907405,0.09341993,0.16040967,0.00059180474,0.081919044,0.10758996,0.32824498,0.018750595
ZJ020105,0.32696325,0.14379959,0.077977374,0.069663085,0.08793501,0.043566037,0.14497328,0.105122335
ZJ020106,0.18722126,0.3686673,0.14686593,0.0018629059,0.0035510345,0.039306723,0.18526016,0.06726468
ZJ020107,0.2662795,0.19080666,0.19411252,0.012471829,0.029067734,0.058167726,0.19638497,0.052709047
ZJ020108,0.22769508,0.21193059,0.20611297,0.00076748617,0.003070065,0.04712366,0.25756553,0.045734644
ZJ020109,0.26731598,0.16336085,0.1910151,0.0030130562,0.086015075,0.037902493,0.16100207,0.090375364
ZJ020110,0.28509295,0.04783246,0.20937745,0.0006469236,0.015354414,0.030474287,0.40350208,0.00771942
ZJ020111,0.29401654,0.15346925,0.18033473,0.021616308,0.13420174,0.036505938,0.07090074,0.10895479
ZJ020112,0.3465583,0.113537304,0.101645574,0.0010411054,0.03176151,0.10484841,0.24752337,0.053084392
ZJ020113,0.31003886,0.08641596,0.1494356,0.0017219397,0.01729559,0.024012715,0.37762567,0.033453643
ZJ020114,0.33433118,0.0067518004,0.09153113,0.42074764,0.101559274,0.010086724,0.017591499,0.017400764
ZJ020115,0.06228838,0.075703196,0.060145482,0.0023517997,0.00583646,0.70792586,0.024783162,0.060965613
ZJ020116,0.12651235,0.028156154,0.04680736,0.035367817,0.5648825,0.05414542,0.018038519,0.12608983
ZJ020117,0.09253626,0.001118549,0.09458565,0.72642773,0.00661558,0.045696963,0.002066417,0.030952895
ZJ020118,0.14394398,0.04713632,0.24836908,0.0019874827,0.0038125813,0.14860432,0.39320603,0.012940204
ZJ020119,0.019812929,0.099051595,0.11968309,0.0009888703,0.025790213,0.6756028,0.04066898,0.018401569
ZJ020120,0.12253702,0.0019378634,0.06662383,0.5549069,0.0028278024,0.0024842562,0.0042785914,0.24440381
ZJ020121,0.29073328,0.17526367,0.18817706,0.00040266177,0.00078954606,0.025514627,0.30907542,0.010043709
ZJ020122,0.28475487,0.12358676,0.07872584,0.0028642064,0.004655193,0.029962692,0.4510415,0.024408955
ZJ020123,0.26200143,0.11678687,0.09485487,0.0059524463,0.017308883,0.055022668,0.32989615,0.118176654
ZJ020124,0.3305484,0.22181705,0.11557849,0.0023713568,0.021441793,0.090489425,0.17684501,0.040908415
ZJ020125,0.081483245,0.0018339028,0.53581035,0.18181352,0.062336113,0.013949,0.0021023906,0.12067151
ZJ020126,0.08187543,0.0028735618,0.09924521,0.58268046,0.0038890908,0.003358831,0.0008590393,0.22521831
ZJ020127,0.054669157,0.08071128,0.08649486,0.03725662,0.0142489085,0.67695403,0.023493318,0.026171789
ZJ020128,0.68054,0.04630874,0.046245273,0.00046388514,0.031091716,0.030087,0.13802242,0.027240966
ZJ020129,0.14052577,0.041252926,0.081226006,0.0003845153,0.007531462,0.050127856,0.6447063,0.03424508
ZJ020130,0.25158992,0.20955744,0.14448959,0.009894536,0.011949491,0.009734536,0.2715115,0.09127295
ZJ020131,0.33952716,0.11398401,0.21326506,0.034698993,0.054387443,0.05272054,0.021188172,0.17022856
ZJ020132,0.26796025,0.08358423,0.21548961,0.0015021684,0.09431479,0.055389136,0.22002172,0.061738037
ZJ020133,0.44922268,0.0471331,0.0628388,0.011972086,0.14418064,0.06012738,0.20798199,0.01654335
ZJ020134,0.102120705,0.1192799,0.3518242,0.0020552098,0.08013296,0.1733627,0.14440402,0.026820334
ZJ020135,0.29198727,0.041153062,0.0502895,0.0060578636,0.0625892,0.014707985,0.5048942,0.028320953
ZJ020136,0.36374515,0.14605437,0.13219254,0.0069653215,0.00803128,0.017124832,0.24509536,0.08079117
ZJ020137,0.31011242,0.010216376,0.076521374,0.3561961,0.109245785,0.012923018,0.0787201,0.04606487
ZJ020138,0.38023585,0.101470955,0.15485026,0.00313076,0.026519556,0.016788254,0.26811343,0.0488909
ZJ020139,0.31208506,0.11393804,0.09454604,0.0643747,0.15198587,0.07015055,0.100076236,0.09284351
ZJ020140,0.19193316,0.13399296,0.3099804,0.0008591592,0.014068648,0.06713068,0.24929588,0.032739107
ZJ020141,0.0050297333,0.001860571,0.013259833,0.005364889,0.0015402391,0.9680286,0.0021668025,0.0027492703
ZJ020142,0.17847785,0.047790803,0.44198698,0.0017452147,0.011856326,0.043326475,0.23708928,0.0377271
ZJ020143,0.16723213,0.084547594,0.23738338,0.0013869688,0.0020861612,0.06829291,0.4290883,0.0099825375
ZJ020144,0.17197312,0.060699165,0.14916976,0.0009496395,0.0076564467,0.088797465,0.46836513,0.05238929
ZJ020145,0.22837497,0.2598417,0.15008473,0.031211177,0.02313844,0.019465704,0.2333506,0.054532647
ZJ020146,0.14441413,0.026724864,0.05613817,0.02605706,0.5680003,0.11093356,0.016327295,0.05140458
ZJ020147,0.078292124,0.004353095,0.2553929,0.4500098,0.027550334,0.114063494,0.009671056,0.060667228
ZJ020148,0.0014185581,0.0005159461,0.006337905,0.009420626,0.000541391,0.98017985,0.00018846925,0.0013972674
ZJ020149,0.041862514,0.04627626,0.07754462,0.051073503,0.017949501,0.7416077,0.009183604,0.014502301
ZJ020150,0.38185373,0.14125451,0.08025996,0.023390897,0.07267811,0.031701546,0.17237698,0.096484184
ZJ020151,0.2536883,0.3121572,0.21960479,0.017795296,0.01020077,0.026446696,0.09308734,0.067019574
ZJ020152,0.24584487,0.11548188,0.1267251,0.001995735,0.021431109,0.016404605,0.4340897,0.03802695
ZJ020153,0.11476278,0.004629204,0.19490048,0.51579314,0.0029240656,0.028803136,0.0071898554,0.13099732
ZJ020154,0.29417375,0.07901968,0.14555874,0.00086438126,0.008638281,0.038723502,0.40299734,0.030024309
ZJ020155,0.050184384,0.0017596112,0.27951917,0.53710103,0.01694302,0.0062542106,0.00058072445,0.107657805
ZJ020156,0.13443379,0.113063864,0.48137873,0.0023865085,0.0035378868,0.055578012,0.17600237,0.03361887
ZJ020157,0.34311178,0.0849328,0.08808865,0.0027257614,0.017639212,0.010770244,0.41319767,0.03953387
ZJ020158,0.2210965,0.23706439,0.13933271,0.009379951,0.0045013768,0.032878343,0.33240664,0.023340104
ZJ020159,0.16558376,0.06874522,0.22502932,0.001739858,0.0074936147,0.13123879,0.39086393,0.009305493
ZJ020160,0.18432257,0.31400025,0.14703244,0.00043601356,0.003056492,0.06790584,0.25018892,0.03305745
ZJ020161,0.30677778,0.25423262,0.1272713,0.0045408425,0.01493791,0.014223426,0.24201721,0.035998985
ZJ020162,0.214954,0.19953713,0.09820305,0.004441371,0.05973962,0.010440747,0.3833386,0.029345494
ZJ020163,0.1174958,0.0843356,0.43916497,0.0010653398,0.008579424,0.103850126,0.23181216,0.013696541
ZJ020164,0.17643054,0.13958733,0.1990688,0.0021689087,0.0053979857,0.013804786,0.42606667,0.037474945
ZJ020165,0.11778778,0.028268669,0.16259107,0.33125836,0.048710965,0.026243586,0.0087345755,0.27640498
ZJ020166,0.17416075,0.05761666,0.261447,0.00034923994,0.038610693,0.019071544,0.43743998,0.011304087
ZJ020167,0.29227915,0.13142066,0.20908676,0.0037398378,0.048460424,0.029145468,0.17420946,0.11165822
ZJ020168,0.1077754,0.0155621385,0.09896848,0.01836775,0.5114726,0.17429703,0.017494615,0.056062005
ZJ020169,0.21982145,0.10311123,0.21649411,0.0049716774,0.042088777,0.012520817,0.3222254,0.078766555
ZJ020170,0.18413681,0.08953861,0.286984,0.009606467,0.011962132,0.06851357,0.2700931,0.07916537
ZJ020171,0.035707697,0.04629527,0.7203703,0.0006928621,0.005444309,0.09406776,0.09371711,0.003704703
ZJ020172,0.058362234,0.014436501,0.25905526,0.49912435,0.050020643,0.053709004,0.003385684,0.06190623
ZJ020173,0.31169155,0.0966556,0.12827952,0.00040576782,0.0025625702,0.0062643574,0.44627333,0.007867403
ZJ020174,0.28411815,0.014832313,0.12220398,0.22458616,0.21544932,0.065576054,0.0076752272,0.06555877
ZJ020175,0.29408914,0.14342406,0.12374262,0.0005383635,0.005263424,0.012670189,0.38825512,0.032017075
ZJ020176,0.14543994,0.35253078,0.25689164,0.017545598,0.0033328908,0.09464587,0.11257306,0.017040243
ZJ020177,0.09370128,0.30797556,0.25644076,0.0018956771,0.005626665,0.042869188,0.19010569,0.10138519
ZJ020178,0.27517262,0.0030230775,0.032945592,0.43590048,0.22054921,0.007414377,0.0026864572,0.022308126
ZJ020179,0.116276376,0.04069724,0.243591,0.017429821,0.15341713,0.17680795,0.024280256,0.22750024
ZJ020180,0.113467954,0.010249951,0.12314082,0.55124545,0.027182637,0.019811228,0.005046103,0.14985585
ZJ020181,0.31661764,0.1564439,0.08736201,0.002975155,0.0250324,0.009880562,0.37575766,0.02593068
ZJ020182,0.19103758,0.2791843,0.2022551,0.0108762495,0.016222088,0.06115479,0.16574714,0.07352266
ZJ020183,0.23042096,0.11037089,0.20098366,0.0014787581,0.004770735,0.023938706,0.3859807,0.04205559
ZJ020184,0.22725835,0.250705,0.0701661,0.005281772,0.009136903,0.014216395,0.40381664,0.019418783
ZJ020185,0.15205464,0.00039507262,0.4521609,0.07472402,0.00895111,0.017726457,0.0013375563,0.29265028
ZJ020186,0.19711477,0.012787886,0.12635015,0.00096492044,0.015291098,0.012168831,0.6140625,0.021259826
ZJ020187,0.14111681,0.0060225236,0.13293502,0.45346558,0.05955969,0.14944012,0.0049225255,0.05253773
ZJ020188,0.19692148,0.036143664,0.21773066,0.35170168,0.055890497,0.014797321,0.007863797,0.11895092
ZJ020189,0.13845015,0.021587117,0.16857137,0.028043587,0.2977972,0.08556206,0.03616602,0.22382252
ZJ020190,0.26522544,0.32310614,0.17792487,0.016895354,0.019799376,0.020745467,0.082370736,0.09393269
ZJ020191,0.1144573,0.030700268,0.28149655,0.002085975,0.0033551166,0.20499104,0.35468546,0.008228266
ZJ020192,0.3727434,0.13247296,0.23319227,0.0016850015,0.017929835,0.029883813,0.17296067,0.039132126
ZJ020193,0.07673182,0.037188552,0.038641457,0.0003248546,0.01723483,0.7374937,0.08507693,0.007307932
ZJ020194,0.07012,0.19875509,0.026218524,0.0056364886,0.04206005,0.29400265,0.33786595,0.025341278
ZJ020195,0.36802924,0.10148291,0.16107891,0.020222943,0.021058608,0.024304522,0.07785509,0.22596778
ZJ020196,0.2391492,0.2599196,0.1183297,0.055458028,0.012696693,0.015179059,0.2132473,0.08602035
ZJ020197,0.21657462,0.050091155,0.20270406,0.0004164316,0.0011190376,0.022543155,0.49074447,0.01580703
ZJ020198,0.2562187,0.010393227,0.13490121,0.40405974,0.0776184,0.044702984,0.011346338,0.060759395
ZJ020199,0.15886132,0.006716638,0.14178874,0.55873525,0.018239135,0.08679604,0.004198138,0.024664747
ZJ020200,0.14394806,0.013496525,0.08689299,0.053283386,0.53352267,0.06798381,0.011771862,0.089100786
ZJ020201,0.20059343,0.14067833,0.1292884,0.0014711849,0.010004616,0.03829657,0.44841644,0.03125104
ZJ020202,0.036200456,0.06376942,0.07517551,0.08036932,0.010449008,0.6942409,0.012165848,0.027629621
ZJ020203,0.15797266,0.110284634,0.21418747,0.00087797723,0.0011540387,0.11531199,0.37778687,0.022424322
ZJ020204,0.13206547,0.19790292,0.17615567,0.0039354376,0.0065853004,0.10848378,0.28073972,0.09413166
ZJ020205,0.2536147,0.014061074,0.05253431,0.48955604,0.1076888,0.01828338,0.015379842,0.048881937
ZJ020206,0.18377607,0.011040142,0.117810875,0.5320115,0.007931287,0.004984867,0.0077042063,0.13474105
ZJ020207,0.346507,0.10650298,0.14961644,0.025413057,0.03926776,0.032622714,0.14383848,0.15623148
ZJ020208,0.2193458,0.033075362,0.073096715,0.0024154785,0.012418245,0.009309045,0.6328494,0.017489962
ZJ020209,0.17176346,0.10021247,0.46438253,0.00040500815,0.0026461722,0.027207155,0.2258418,0.007541382
ZJ020210,0.14165206,0.038727205,0.23564774,0.23105817,0.0643143,0.20486167,0.010890397,0.07284847
ZJ020211,0.113945745,0.0009365379,0.26985392,0.2023781,0.0030230735,0.027536897,0.0014695973,0.38085613
ZJ020212,0.29401296,0.0021242895,0.1495434,0.31787547,0.111194424,0.00912261,0.0022851506,0.113841765
ZJ020213,0.3116823,0.012117795,0.09367317,0.33524942,0.15733176,0.023071837,0.018971266,0.04790252
ZJ020214,0.133824,0.12701441,0.21406546,0.0017619716,0.033567034,0.1480381,0.1424267,0.19930229
ZJ020215,0.118583,0.041646738,0.23481885,0.0011122683,0.0052704685,0.11881465,0.46248564,0.017268391
ZJ020216,0.45730066,0.0866143,0.058164127,0.035497822,0.06648575,0.00809953,0.22088718,0.06695065
ZJ020217,0.18906304,0.19240376,0.056148447,0.046523586,0.22921164,0.018586354,0.13514085,0.1329223
ZJ020218,0.04999524,0.067538574,0.05474821,0.01857099,0.014691019,0.75820273,0.018873971,0.017379226
ZJ020219,0.0766846,0.53312206,0.18260287,0.0019970897,0.012728488,0.09114536,0.07572952,0.025990063
ZJ020220,0.1045462,0.0015170611,0.16419272,0.46249998,0.009454877,0.08757867,0.002401956,0.16780858
ZJ020221,0.17038953,0.3391479,0.22503562,0.020115022,0.004800143,0.08384709,0.1366967,0.019967997
ZJ020222,0.25429597,0.20874354,0.17887308,0.018568035,0.02466442,0.042198196,0.22319418,0.049462564
ZJ020223,0.31844446,0.061948746,0.1205723,0.0021546043,0.19589277,0.064060785,0.19162352,0.045302846
ZJ020224,0.07819027,0.0015350158,0.15813516,0.6001205,0.010342841,0.015879031,0.00087056623,0.13492668
ZJ020225,0.26592016,0.06256686,0.23076612,0.00074865203,0.13958944,0.114581026,0.18118894,0.0046388158
ZJ020226,0.16335137,0.38031378,0.21776596,0.009395136,0.0030489601,0.08811359,0.119939946,0.018071225
ZJ020227,0.3226461,0.0036401115,0.10346444,0.2545885,0.1822196,0.031134814,0.0073727896,0.09493364
ZJ020228,0.07167724,0.0038824314,0.17266345,0.500834,0.0427744,0.023379013,0.0044232206,0.1803662
ZJ020229,0.3388053,0.10575982,0.14307182,0.005179723,0.22288673,0.019985069,0.11889346,0.045418184
ZJ020230,0.21934284,0.1709975,0.31321955,0.0016987462,0.03858312,0.02671896,0.21551558,0.0139237
ZJ020231,0.32334524,0.0623677,0.08224392,0.0033215345,0.03320501,0.038208134,0.42460707,0.032701347
ZJ020232,0.0911624,0.0038908445,0.29664826,0.14291853,0.012297808,0.3100953,0.0011681803,0.14181861
ZJ020233,0.27793762,0.11720278,0.20704189,0.0024344833,0.0033792094,0.016352512,0.35463384,0.021017687
ZJ020234,0.15776883,0.064645074,0.4311371,0.00040264867,0.0053329463,0.20327698,0.13351618,0.003920261
ZJ020235,0.20072044,0.37212327,0.1422517,0.0038266624,0.002612434,0.03693543,0.1807807,0.060749453
ZJ020236,0.41432542,0.048931196,0.15243602,0.004277247,0.014192667,0.035261642,0.3032201,0.027355732
ZJ020237,0.083967686,0.00089626975,0.18087204,0.5648612,0.001969115,0.011694503,0.0046120575,0.15112716
ZJ020238,0.109855585,0.13989784,0.42988405,0.00058549846,0.09788349,0.06864491,0.1480416,0.005206958
ZJ020239,0.26156464,0.19288337,0.28660065,0.00055228465,0.010201107,0.027847374,0.21148947,0.008861071
ZJ020240,0.38923824,0.07090351,0.19009665,0.0050111017,0.013879546,0.02031951,0.2595472,0.051004175
ZJ020241,0.15433675,0.15378599,0.12972663,0.0022108187,0.048782915,0.06942012,0.36583915,0.07589759
ZJ020242,0.17128062,0.43899336,0.10959336,0.0121423295,0.020703908,0.057298858,0.15745084,0.032536723
ZJ020243,0.17901944,0.010501764,0.16523731,0.44865334,0.032035105,0.06761461,0.017073775,0.07986461
ZJ020244,0.26840377,0.026575005,0.40460947,0.009171144,0.0044535464,0.020450518,0.10286194,0.16347465
ZJ020245,0.23731802,0.1503193,0.08543189,0.0022656692,0.04832524,0.11080141,0.23967993,0.12585853
ZJ020246,0.0016193981,0.0008616413,0.00969871,0.0016186058,0.00018350189,0.984858,0.00035119886,0.00080892304
ZJ020247,0.087698855,0.46855846,0.2762353,0.00063644734,0.002824722,0.04648557,0.102797456,0.014763217
ZJ020248,0.45852283,0.06916828,0.11053901,0.00066546706,0.011391506,0.015012565,0.32834733,0.0063529857
ZJ020249,0.1435235,0.19285484,0.15501377,0.0068790796,0.032830924,0.1957706,0.14289598,0.13023129
ZJ020250,0.43687025,0.046129562,0.11614922,0.0042991163,0.04152969,0.025569491,0.2842259,0.0452268
ZJ020251,0.0969751,0.06391691,0.07516932,0.02853854,0.06279263,0.5914016,0.033204723,0.04800125
ZJ020252,0.18417256,0.08902402,0.23137738,0.00025542194,0.13502428,0.049620543,0.3050213,0.005504496
ZJ020253,0.4348686,0.09373138,0.1625478,0.04433354,0.063489035,0.054497767,0.10103734,0.04549454
ZJ020254,0.17012711,0.09625148,0.32587144,0.003797417,0.043704964,0.024120817,0.24967203,0.086454734
ZJ020255,0.16089533,0.011443431,0.27299362,0.023897212,0.30124465,0.15542856,0.005405847,0.068691365
ZJ020256,0.5543828,0.071995914,0.091715805,0.020689039,0.06362228,0.039894983,0.11975571,0.037943467
ZJ020257,0.32906607,0.09290344,0.1752772,0.0003848515,0.023189444,0.045980737,0.3165967,0.01660156
ZJ020258,0.31670085,0.103408165,0.07249201,0.08161552,0.0634925,0.03590712,0.2922453,0.03413858
ZJ020259,0.23325841,0.16300902,0.21065617,0.0031555593,0.034929123,0.06985357,0.20035142,0.08478671
ZJ020260,0.07958267,0.08405294,0.11139781,0.056772538,0.03904826,0.5813468,0.027168471,0.02063055
ZJ020261,0.29216403,0.17457657,0.10726398,0.01379659,0.055661913,0.042156722,0.18444863,0.12993155
ZJ020262,0.54477155,0.06547829,0.04477801,0.004774294,0.20133384,0.02228945,0.092773065,0.023801424
ZJ020263,0.11617384,0.11046579,0.38011855,0.0058934325,0.004035315,0.06968888,0.14144291,0.17218128
ZJ020264,0.24806233,0.3270579,0.13884045,0.006590162,0.030372743,0.030744702,0.19755267,0.020779064
ZJ020265,0.22627965,0.34191364,0.141166,0.000877072,0.004058946,0.050498143,0.18819842,0.047008183
ZJ020266,0.13703556,0.2493785,0.15364245,0.0008228848,0.028213242,0.014362165,0.37137076,0.045174483
ZJ020267,0.20047279,0.010273985,0.39259794,0.087077476,0.0016242604,0.034746595,0.043379385,0.22982755
ZJ020268,0.24469502,0.35653344,0.06750983,0.00077015825,0.025610445,0.0051303236,0.2577808,0.04196993
ZJ020269,0.06349302,0.0009399806,0.14148362,0.5507645,0.0045932624,0.02821483,0.0015812564,0.20892948
ZJ020270,0.3146857,0.12679799,0.10268558,0.056361236,0.10545425,0.042630453,0.1458043,0.10558052
ZJ020271,0.015396571,0.008423823,0.026100429,0.0039142957,0.005105886,0.93201274,0.006559262,0.0024869875
ZJ020272,0.10647824,0.05199329,0.029431866,0.00033106213,0.016791774,0.03154485,0.7581668,0.005262165
ZJ020273,0.13861412,0.18579605,0.313978,0.0004574448,0.0030632527,0.17953317,0.15583739,0.022720648
ZJ020274,0.14099108,0.1230875,0.17300615,0.0072442936,0.08244797,0.20424932,0.1133061,0.15566751
ZJ020275,0.10889988,0.0039259875,0.112480186,0.59544677,0.016598722,0.13805802,0.0047157533,0.019874765
ZJ020276,0.073912024,0.023469469,0.11909327,0.0071661216,0.025538791,0.67323613,0.059418984,0.01816521
ZJ020277,0.28511414,0.23308101,0.2048236,0.0051049106,0.046388812,0.013301213,0.09804391,0.11414237
ZJ020278,0.18452641,0.3811312,0.13750067,0.0015841763,0.004166709,0.046099465,0.18583873,0.059152566
ZJ020279,0.21315812,0.14071706,0.11326312,0.0010953371,0.004172998,0.008054456,0.49234146,0.027197532
ZJ020280,0.4629317,0.1377605,0.18233384,0.0040059634,0.009239583,0.015075814,0.11343357,0.07521894
ZJ020281,0.1743885,0.12819593,0.11816254,0.017940722,0.021449413,0.15325215,0.31262752,0.07398318
ZJ020282,0.21230891,0.019034,0.27496448,0.13776541,0.10635516,0.0661085,0.004489573,0.17897396
ZJ020283,0.049323604,0.07361329,0.71342355,0.0027627635,0.012662374,0.06419247,0.048027884,0.035994075
ZJ020284,0.13963613,0.03741474,0.19336922,0.0005884137,0.086322434,0.4221033,0.11670004,0.0038658006
ZJ020285,0.1554374,0.0066650496,0.09726249,0.4642987,0.111466125,0.08806917,0.007521267,0.06927983
ZJ020286,0.16521342,0.11008503,0.356879,0.0006857515,0.0051835673,0.052098744,0.2737094,0.036145065
ZJ020287,0.37281042,0.10655305,0.117022626,0.005000217,0.011702204,0.012725603,0.35311177,0.021074096
ZJ020288,0.24556129,0.00065404875,0.021908253,0.5156114,0.13448638,0.001723342,0.007072991,0.07298228
ZJ020289,0.20608161,0.16280958,0.14149411,0.0067683775,0.045292344,0.035605308,0.25899878,0.14294986
ZJ020290,0.33952436,0.0014707777,0.0394024,0.44433296,0.07639803,0.0017812493,0.0030822367,0.09400801
ZJ020291,0.113292165,0.24363165,0.34402815,0.0003111848,0.002481479,0.017555494,0.26235545,0.016344406
ZJ020292,0.37824464,0.18502507,0.029062603,0.0008022767,0.19687507,0.010372546,0.18825959,0.011358214
ZJ020293,0.30770406,0.010407073,0.33357817,0.021432497,0.12947312,0.010426284,0.009093568,0.17788523
ZJ020294,0.1088394,0.0033217608,0.065992616,0.60008425,0.050848074,0.02298682,0.012127207,0.13579991
ZJ020295,0.057519138,0.61080235,0.16540621,0.0012103457,0.0065189223,0.030698858,0.10459661,0.023247587
ZJ020296,0.04482125,0.0033425193,0.28215066,0.5652935,0.031120015,0.023502018,0.00151162,0.048258428
ZJ020297,0.25936624,0.1545086,0.091237396,0.005056446,0.029752452,0.03847188,0.16846542,0.25314152
ZJ020298,0.1508549,0.22968549,0.23826087,0.036157124,0.0075180638,0.04607633,0.17487366,0.11657359
ZJ020299,0.13945012,0.032703325,0.25042823,0.03235108,0.1361091,0.18946825,0.024647435,0.19484249
ZJ020300,0.34546173,0.11401292,0.050993167,0.0015928801,0.0040852153,0.03238885,0.4390655,0.012399704
ZJ020301,0.102790676,0.002983461,0.15730713,0.596705,0.0141514195,0.027372641,0.0012009352,0.09748878
ZJ020302,0.16448273,0.36929005,0.071204044,0.00169258,0.0038928473,0.010344191,0.3535959,0.025497673
ZJ020303,0.024968522,0.049167432,0.6761104,0.00013122571,0.0012603657,0.15563291,0.0887203,0.004008824
ZJ020304,0.15843982,0.0158539,0.23380016,0.045882132,0.1421006,0.08948544,0.029100707,0.2853372
ZJ020305,0.35632062,0.092024185,0.14813457,0.0018960417,0.023912266,0.005445786,0.33907467,0.033191796
ZJ020306,0.11434692,0.18693943,0.43746573,0.00097585836,0.0036789551,0.12224234,0.11832043,0.016030317
ZJ020307,0.17155597,0.17370546,0.30664024,0.0004268559,0.0026567446,0.076014996,0.25076872,0.01823103
ZJ020308,0.19489266,0.14974803,0.13594967,0.0011517259,0.05789862,0.15326795,0.19460854,0.11248277
ZJ020309,0.28740314,0.15286475,0.1874296,0.006424153,0.03506351,0.037323326,0.24279678,0.05069475
ZJ020310,0.3307212,0.121585116,0.18970235,0.006860046,0.012003797,0.048065346,0.17969702,0.11136509
ZJ020311,0.022595419,0.013999065,0.05311289,0.0008148949,0.00076680596,0.8899677,0.017181104,0.0015621488
ZJ020312,0.16154279,0.26565006,0.31511787,0.001326649,0.0020898182,0.1012008,0.14258918,0.01048288
ZJ020313,0.008432091,0.0037200903,0.013222037,0.0019272108,0.004319547,0.9639037,0.002471194,0.0020041359
ZJ020314,0.19327474,0.1589551,0.1897895,0.00045563362,0.14745328,0.025809811,0.27139965,0.012862321
ZJ020315,0.0012382979,0.00028933896,0.0070541003,0.006112124,0.000630774,0.98301375,0.00014628796,0.0015153742
ZJ020316,0.21018817,0.18828456,0.23763934,0.0016354193,0.0071158106,0.062006634,0.24028984,0.05284021
ZJ020317,0.53261226,0.058421258,0.10749018,0.024934778,0.021968896,0.033098593,0.12717059,0.09430346
ZJ020318,0.2089059,0.20762368,0.24497184,0.0006714216,0.0076838247,0.10225337,0.22101533,0.0068746633
ZJ020319,0.07975784,0.33472064,0.3987407,0.0009818276,0.0018449995,0.056920636,0.08857361,0.038459722
ZJ020320,0.14026774,0.21309736,0.17700018,0.02636606,0.01044737,0.092698716,0.26881638,0.07130619
ZJ020321,0.15736635,0.35088453,0.24467628,0.015079763,0.0035866112,0.12756136,0.087372884,0.013472149
ZJ020322,0.15571333,0.18265553,0.32574454,0.0038209024,0.0031763068,0.016419083,0.23710342,0.07536688
ZJ020323,0.20204026,0.040088497,0.18979068,0.016537195,0.24244878,0.042186823,0.075233854,0.19167393
ZJ020324,0.049225852,0.50209343,0.2084249,0.0018810619,0.010210756,0.024849728,0.11402835,0.08928592
ZJ020325,0.0012814591,0.0050211037,0.002274331,0.014124059,0.00015799864,0.97504056,0.0014671797,0.00063329027
ZJ020326,0.15845582,0.075548984,0.36430642,0.0008418923,0.0020101506,0.2133797,0.17308646,0.012370526
ZJ020327,0.5309609,0.011994955,0.055763364,0.030979289,0.28412953,0.0035298108,0.032647293,0.04999481
ZJ020328,0.22176388,0.23901135,0.26369548,0.0015812255,0.03539941,0.0128920805,0.19694115,0.02871548
ZJ020329,0.04054478,0.022663431,0.08897897,0.008244612,0.014119078,0.75631624,0.05004496,0.019087944
ZJ020330,0.16068602,0.011427488,0.19146511,0.36491755,0.0054070256,0.06152027,0.0071800873,0.19739647
ZJ020331,0.08531383,0.0021823137,0.09062504,0.4580183,0.010068265,0.00262516,0.0034854123,0.3476817
ZJ020332,0.07077762,0.0018280201,0.5691253,0.13635191,0.007648049,0.04787723,0.0030630196,0.16332887
ZJ020333,0.20215534,0.042697277,0.26097074,0.1813789,0.0146338595,0.11314936,0.0485605,0.136454
ZJ020334,0.21540576,0.21471454,0.2522385,0.0007649015,0.005015225,0.02130662,0.269796,0.020758448
ZJ020335,0.295537,0.045421746,0.18412338,0.003922037,0.013021787,0.02072495,0.2800257,0.15722336
ZJ020336,0.12285007,0.0050187614,0.18600921,0.054094356,0.31806755,0.04593642,0.006034078,0.26198962
ZJ020337,0.25269294,0.097510375,0.30546206,0.005161571,0.025963355,0.06293691,0.18479061,0.06548222
ZJ020338,0.3911134,0.06148077,0.08140495,0.0022244274,0.3225054,0.0068787336,0.086496994,0.0478953
ZJ020339,0.17980386,0.019442156,0.14778727,0.050814345,0.23640431,0.0120699275,0.0022774057,0.3514007
ZJ020340,0.20519502,0.22481743,0.19235748,0.00047097538,0.0042517576,0.01969395,0.26594415,0.08726925
ZJ020341,0.20929833,0.1180241,0.30001378,0.0034246666,0.054796696,0.025012411,0.25153974,0.03789026
ZJ020342,0.2831694,0.09066131,0.19520237,0.015731575,0.016737416,0.0066378675,0.3469043,0.044955794
ZJ020343,0.22695117,0.26150623,0.19360715,0.0050404486,0.031836577,0.03334913,0.12655035,0.12115895
ZJ020344,0.23898464,0.1067456,0.22174408,0.002906103,0.005463579,0.08874651,0.3049518,0.030457743
ZJ020345,0.36213034,0.111674204,0.15785143,0.002741051,0.027083756,0.015135756,0.28146654,0.04191687
ZJ020346,0.20398194,0.2652559,0.12345762,0.002349832,0.017188206,0.05809489,0.26131022,0.068361364
ZJ020347,0.14058322,0.11125658,0.1195781,0.0015737682,0.006454606,0.025881065,0.5464032,0.048269317
ZJ020348,0.08202497,0.012460374,0.08127015,0.5932876,0.022895258,0.16770314,0.005733642,0.034624893
ZJ020349,0.35006982,0.11785073,0.20203517,0.0037520542,0.00312764,0.016696211,0.2773731,0.029095361
ZJ020350,0.22117786,0.12899381,0.1656601,0.006417038,0.011512056,0.03518563,0.25286087,0.17819262
ZJ020351,0.22689524,0.11365299,0.15161975,0.0035846392,0.19374655,0.012084127,0.24611336,0.052303392
ZJ020352,0.09027289,0.106881216,0.06583262,0.0013852022,0.5079005,0.16223343,0.05496119,0.010532997
ZJ020353,0.13124354,0.021232814,0.1691171,0.03786408,0.2502965,0.14251414,0.022956664,0.22477514
ZJ020354,0.2745812,0.09631992,0.2337067,0.0003007856,0.0019640422,0.011798757,0.32532534,0.056003224
ZJ020355,0.08732857,0.42747077,0.29716185,0.00080013945,0.006866526,0.091329575,0.061592482,0.027450124
ZJ020356,0.10501555,0.0036726359,0.19006242,0.5138736,0.04485063,0.03985156,0.008017773,0.094655864
ZJ020357,0.20634921,0.085294016,0.119110264,0.009143998,0.0073760618,0.18487525,0.3261532,0.061698012
ZJ020358,0.07898843,0.0016674,0.1945594,0.38784826,0.081631444,0.03043821,0.004001635,0.22086522
ZJ020359,0.10738131,0.12503165,0.3567518,0.0038292005,0.0049380637,0.052214693,0.29709256,0.05276069
ZJ020360,0.18784998,0.081660084,0.15557747,0.006077852,0.08287807,0.23959632,0.22749275,0.01886748
ZJ020361,0.3642697,0.16714278,0.101694606,0.0029807547,0.030743033,0.025321268,0.26065233,0.047195476
ZJ020362,0.07750493,0.0028387283,0.18795541,0.42120054,0.048001412,0.14669763,0.0048792716,0.11092209
ZJ020363,0.2937359,0.14536393,0.11809118,0.018970834,0.052330073,0.007939219,0.28784102,0.075727865
ZJ020364,0.15431182,0.010278688,0.15060768,0.3922087,0.11199164,0.088116355,0.0060079005,0.08647725
ZJ020365,0.028400403,0.0040996764,0.027009241,0.0075106146,0.03943601,0.87279147,0.0066637765,0.014088782
ZJ020366,0.22373864,0.025205271,0.23112532,0.249333,0.040958572,0.096925326,0.008362501,0.12435136
ZJ020367,0.15176827,0.039563403,0.3516306,0.0036110163,0.007434312,0.06266833,0.35890082,0.024423275
ZJ020368,0.12725702,0.06650141,0.42988625,0.00047022986,0.0021996559,0.03761152,0.28593874,0.050135184
ZJ020369,0.27651545,0.31966728,0.15280941,0.013538334,0.04176978,0.04720593,0.10612423,0.042369604
ZJ020370,0.047754426,0.10883372,0.118124835,0.00064569537,0.038259897,0.5836193,0.043181658,0.059580404
ZJ020371,0.175745,0.20232888,0.13835742,0.022064883,0.011949098,0.038199708,0.27388266,0.13747238
ZJ020372,0.3064527,0.122843504,0.19123074,0.0006836617,0.007895107,0.019466074,0.33598077,0.015447434
ZJ020373,0.2597569,0.12752233,0.14251588,0.004304533,0.0056416662,0.04091362,0.3688469,0.050498206
ZJ020374,0.22616218,0.17628513,0.21254475,0.0028768706,0.019717231,0.018546386,0.25717053,0.086696886
ZJ020375,0.3563998,0.11285567,0.09511937,0.01879333,0.049806274,0.026895914,0.22791068,0.112218976
ZJ020376,0.16898708,0.22690327,0.15979698,0.008469432,0.0069705397,0.08189162,0.29007787,0.05690324
ZJ020377,0.28564987,0.031098517,0.14740346,0.09217467,0.14848816,0.019587759,0.002575847,0.27302176
ZJ020378,0.25941393,0.09807057,0.22461906,0.0027643687,0.0040483708,0.019373858,0.350405,0.041304827
ZJ020379,0.27547768,0.07495247,0.1536483,0.0052254363,0.057685282,0.013213458,0.35510018,0.06469725
ZJ020380,0.28038904,0.08902036,0.20517936,0.0004953341,0.0041231057,0.0038900385,0.40031478,0.01658804
ZJ020381,0.038122043,0.0124581745,0.08342122,0.022858115,0.013009189,0.811458,0.0025229116,0.01615041
ZJ020382,0.33291894,0.008977137,0.07085904,0.32486027,0.11007777,0.10460476,0.014029075,0.03367304
ZJ020383,0.2909475,0.0075111273,0.05346711,0.0042082923,0.5521243,0.029380979,0.030562345,0.031798393
ZJ020384,0.119034685,0.051759712,0.31311744,0.00013087815,0.06105284,0.22146766,0.2295777,0.0038590934
ZJ020385,0.18407688,0.44092822,0.11912939,0.0018495013,0.0031107508,0.07936517,0.11666729,0.054872736
ZJ020386,0.09082006,0.0026273832,0.217548,0.5044315,0.029277459,0.028743887,0.0011002992,0.12545145
ZJ020387,0.20342895,0.13594155,0.28885385,0.00052066473,0.0033200965,0.034114845,0.30216566,0.031654388
ZJ020388,0.18945594,0.057469305,0.2449587,0.00070475315,0.21645986,0.1985245,0.086780414,0.005646476
ZJ020389,0.1130308,0.105322815,0.5519997,0.00034712648,0.004240623,0.033986475,0.18527941,0.0057930476
ZJ020390,0.3136957,0.15078455,0.21664117,0.027356677,0.07572603,0.020368444,0.022230355,0.17319709
ZJ020391,0.2240662,0.16024435,0.20112991,0.0034619286,0.013070436,0.03867154,0.19334827,0.16600737
ZJ020392,0.28761035,0.119026266,0.124565706,0.0054088305,0.06328782,0.029806782,0.2415551,0.12873909
ZJ020393,0.2503735,0.06482821,0.3164178,0.06295281,0.0044289012,0.010749429,0.024748739,0.26550055
ZJ020394,0.25625864,0.27213952,0.17603749,0.0134285325,0.021701988,0.0154034,0.17779048,0.06723993
ZJ020395,0.18933757,0.052984238,0.44977337,0.019656429,0.008036661,0.021765621,0.13255599,0.12589014
ZJ020396,0.19223683,0.07313186,0.17688082,0.0058875605,0.030525532,0.09211785,0.34821862,0.08100092
ZJ020397,0.088716455,0.11197408,0.52292824,0.00025599755,0.0016502943,0.09171398,0.17568031,0.0070806514
ZJ020398,0.3255583,0.07130706,0.13959949,0.0018495566,0.001662346,0.022503704,0.41673037,0.020789135
ZJ020399,0.077685766,0.0008496474,0.33904496,0.18260846,0.032016084,0.01808079,0.0025378724,0.34717643
ZJ020400,0.20947939,0.006779658,0.11890636,0.36692905,0.13331491,0.057669673,0.0123789,0.094542086
ZJ020401,0.0782214,0.042210177,0.10569566,0.0036571485,0.60007155,0.100836456,0.06230175,0.007005883
ZJ020402,0.30091035,0.20746195,0.1630392,0.008613748,0.029738544,0.053467143,0.18735123,0.049417872
ZJ020403,0.20453843,0.21356684,0.2757268,0.00042983258,0.0024677615,0.016955594,0.27358314,0.012731537
ZJ020404,0.36422133,0.04432646,0.07560814,0.006777357,0.019341629,0.030303719,0.40649322,0.052928183
ZJ020405,0.23197907,0.25194928,0.071257755,0.00067042955,0.0036463572,0.0035597726,0.39021873,0.046718575
ZJ020406,0.21323788,0.2079039,0.21411003,0.0012030074,0.0030010298,0.081480905,0.18571167,0.09335159
ZJ020407,0.21799292,0.19995974,0.24110854,0.008311448,0.04924858,0.08427242,0.1385279,0.060578413
ZJ020408,0.054588277,0.005076283,0.25662735,0.617747,0.0018612888,0.014709082,0.013191718,0.036198962
ZJ020409,0.19160502,0.08729665,0.19683725,0.0008911632,0.007342635,0.105795115,0.36434922,0.045882914
ZJ020410,0.15537511,0.021345092,0.026175193,0.00019296652,0.40229356,0.124504924,0.2678857,0.0022274863
ZJ020411,0.2432407,0.03124616,0.24760887,0.00080050685,0.0012375358,0.010804231,0.45567498,0.00938702
ZJ020412,0.20876783,0.33513138,0.07935206,0.037138697,0.090912625,0.014458002,0.11589601,0.11834342
ZJ020413,0.42495427,0.090159565,0.19329858,0.034820095,0.09837095,0.0046352167,0.02010489,0.13365643
ZJ020414,0.25881797,0.06482326,0.12396128,0.0019368408,0.012598532,0.06262692,0.44497314,0.03026202
ZJ020415,0.22464553,0.04173959,0.05391534,0.00040426714,0.047407117,0.026042607,0.5880702,0.017775355
ZJ020416,0.14615485,0.00028623818,0.22197399,0.14201945,0.06560316,0.02421203,0.00047591305,0.39927432
ZJ020417,0.07070417,0.1378898,0.5933676,0.0014786054,0.03603825,0.08013199,0.034118235,0.04627142
ZJ020418,0.32977176,0.18072224,0.06187614,0.03814991,0.08181225,0.033868,0.19863798,0.07516175
ZJ020419,0.21534897,0.032126307,0.26319683,0.17693967,0.050204813,0.06202298,0.008399452,0.19176097
ZJ020420,0.11116736,0.026490739,0.2655744,0.007631832,0.2020267,0.08897453,0.068190806,0.22994363
ZJ020421,0.25820407,0.038526792,0.20765685,0.22823572,0.029788204,0.04519759,0.006483413,0.18590736
ZJ020422,0.14499871,0.08046015,0.25556535,0.00055284076,0.0013873597,0.04258523,0.46767175,0.0067785387
ZJ020423,0.24603318,0.20189273,0.2167532,0.0067555043,0.043593165,0.061670035,0.17379035,0.049511835
ZJ020424,0.36046284,0.105605826,0.2057193,0.040303003,0.029769057,0.070215374,0.06509363,0.12283098
ZJ020425,0.04525685,0.04274322,0.65156996,0.0005555529,0.0017787733,0.14515336,0.10754244,0.005399739
ZJ020426,0.24303858,0.023604037,0.08630862,0.0019217263,0.51739645,0.092108786,0.014690643,0.02093114
ZJ020427,0.049450092,0.042383865,0.45457545,0.00023488708,0.0012422965,0.3448587,0.10075083,0.0065038498
ZJ020428,0.1304949,0.010045549,0.25401428,0.37294456,0.056289855,0.010991686,0.0019072894,0.16331194
ZJ020429,0.09247482,0.060918294,0.08818927,0.0029127419,0.026262295,0.6724627,0.04321844,0.013561488
ZJ020430,0.23628019,0.06292671,0.36253655,0.0005744841,0.011827961,0.09781389,0.22143549,0.0066047297
ZJ020431,0.27920607,0.055149265,0.21415575,0.094155036,0.022317491,0.1194301,0.03834099,0.17724533
ZJ020432,0.20360994,0.13975109,0.23176575,0.0027843965,0.1095856,0.05217335,0.22730422,0.033025663
ZJ020433,0.2855893,0.0019054714,0.16314356,0.28528887,0.17051269,0.018020282,0.0015285797,0.074011266
ZJ020434,0.1743858,0.22978583,0.14543073,0.006315818,0.0032578618,0.05628489,0.34594065,0.038598392
ZJ020435,0.097110584,0.0356996,0.18836723,0.011910299,0.005856165,0.21485668,0.42410725,0.022092141
ZJ020436,0.184118,0.14045933,0.17809317,0.0014407584,0.004756135,0.067922026,0.37005296,0.05315761
ZJ020437,0.19788183,0.16128781,0.22645336,0.002526224,0.027916763,0.039920468,0.23160355,0.11240998
ZJ020438,0.22204159,0.24085125,0.19388966,0.00492459,0.12476902,0.04611691,0.08996957,0.07743742
ZJ020439,0.21259367,0.09447297,0.12519695,0.0016584196,0.009869616,0.036534123,0.47020245,0.049471747
ZJ020440,0.23847906,0.007762529,0.09677451,0.41023192,0.09902297,0.08119372,0.008134763,0.058400486
ZJ020441,0.26141515,0.039191253,0.04582132,0.00047120856,0.08715119,0.009913155,0.50916934,0.0468674
ZJ020442,0.23962921,0.12756181,0.1887708,0.040245645,0.02676348,0.12637888,0.051863845,0.19878629
ZJ020443,0.2967205,0.18602213,0.15590566,0.0022735754,0.052745078,0.01091479,0.25565282,0.03976551
ZJ020444,0.36085436,0.07230207,0.18098627,0.021290813,0.023285193,0.027938852,0.0632289,0.25011355
ZJ020445,0.1047505,0.004036626,0.10567483,0.6378866,0.0055712857,0.009571127,0.0051027415,0.12740624
ZJ020446,0.3211462,0.19630197,0.13096038,0.011411362,0.018402064,0.008984535,0.21268423,0.100109264
ZJ020447,0.30707034,0.07623095,0.19719964,0.0111363325,0.027712174,0.047327477,0.24758421,0.08573891
ZJ020448,0.11404528,0.001981661,0.55429584,0.11082716,0.059587948,0.031324584,0.0024958015,0.12544176
ZJ020449,0.08901723,0.5534129,0.10359748,0.0014422219,0.0008551502,0.011554025,0.21906926,0.021051753
ZJ020450,0.22660166,0.12776732,0.26993695,0.0031650611,0.025291994,0.035553202,0.19134596,0.12033792
ZJ020451,0.13671102,0.27782175,0.20018663,0.005057517,0.011078762,0.032174006,0.2797404,0.05722992
ZJ020452,0.5053617,0.05370881,0.06164634,0.028303701,0.13815857,0.024390474,0.14270903,0.045721408
ZJ020453,0.24842359,0.27330807,0.21325032,0.002058423,0.004782765,0.051551055,0.14960384,0.057021927
ZJ020454,0.53184766,0.109688014,0.077801116,0.015886612,0.025925795,0.044332694,0.16403745,0.030480606
ZJ020455,0.0013256001,0.0003760857,0.0052328,0.009166726,0.00032382592,0.98238814,0.00018105023,0.0010058404
ZJ020456,0.19120291,0.15706809,0.2002149,0.0037516586,0.008995424,0.17422582,0.16142249,0.10311867
ZJ020457,0.18504971,0.3266351,0.09525722,0.005660198,0.006477734,0.05416399,0.28852192,0.038234077
ZJ020458,0.080982275,0.0024423918,0.29593292,0.17125867,0.008312804,0.0050022365,0.0028165062,0.4332522
ZJ020459,0.15183046,0.05933468,0.30140945,0.0026076625,0.006999783,0.06661745,0.15369008,0.25751045
ZJ020460,0.14291649,0.17620492,0.2631666,0.00055883935,0.00042158234,0.24905537,0.15286112,0.014815025
ZJ020461,0.1557921,0.29998058,0.1283123,0.00390399,0.00667987,0.03362366,0.32698783,0.04471965
ZJ020462,0.22298077,0.027470393,0.13978797,0.33867323,0.042188134,0.014574705,0.032055635,0.18226919
ZJ020463,0.027075352,0.038814716,0.035540257,0.0073054694,0.019232854,0.8470736,0.0078124865,0.01714531
ZJ020464,0.38988838,0.13541335,0.072242774,0.0386803,0.015493614,0.009964134,0.21822491,0.12009251
ZJ020465,0.078739695,0.20062736,0.5270442,0.0010799244,0.07197713,0.0703667,0.04674928,0.0034156889
ZJ020466,0.11067242,0.011748446,0.25347492,0.28408328,0.07209411,0.03335496,0.0075319465,0.22703995
ZJ020467,0.1931429,0.27928808,0.104382,0.020243876,0.073544,0.053817786,0.14846538,0.12711598
ZJ020468,0.12717363,0.11172237,0.3413958,0.0003704669,0.0023524903,0.20442954,0.20515965,0.007396035
ZJ020469,0.19658984,0.11899852,0.36869624,0.00037490373,0.006053654,0.031501483,0.26600486,0.011780549
ZJ020470,0.28670147,0.010437255,0.13014252,0.41549674,0.056168202,0.051680822,0.01628142,0.03309155
ZJ020471,0.30809847,0.12745193,0.163709,0.0033795608,0.019257363,0.030840676,0.28363207,0.06363093
ZJ020472,0.050874747,0.0032160596,0.23651908,0.50222665,0.0049921274,0.02386754,0.002347166,0.17595659
ZJ020473,0.13905554,0.0886492,0.382866,0.0009233668,0.034518264,0.02951507,0.31179675,0.01267578
ZJ020474,0.27978557,0.11762603,0.1773515,0.044687632,0.14766978,0.037480555,0.06504446,0.13035446
ZJ020475,0.10512113,0.150278,0.4174032,0.00069408223,0.0028216557,0.07159094,0.24349171,0.008599323
ZJ020476,0.027695617,0.00050530484,0.076337434,0.67734665,0.0012764771,0.008031896,0.0001487007,0.20865802
ZJ020477,0.06780794,0.0017105134,0.24093719,0.46639004,0.007455386,0.013589537,0.0024530026,0.19965637
ZJ020478,0.09201913,0.03046498,0.1525697,0.004947473,0.016045334,0.5942692,0.092674285,0.017009832
ZJ020479,0.0017063866,0.00050149276,0.0071010934,0.004137697,0.0003038874,0.9852246,0.00023212227,0.0007926976
ZJ020480,0.2672809,0.026663095,0.44321966,0.0051580803,0.0050001307,0.031347156,0.11890342,0.1024275
ZJ020481,0.09067424,0.049666137,0.25678635,0.00045825227,0.0017658076,0.22259153,0.36988848,0.008169219
ZJ020482,0.2898583,0.12981093,0.20542482,0.003171594,0.012680577,0.005563771,0.29385996,0.059629995
ZJ020483,0.17278968,0.006792882,0.20031956,0.3685556,0.0016943408,0.084002145,0.013019007,0.15282683
ZJ020484,0.09996669,0.04692392,0.10392673,0.0029446932,0.005181972,0.61584073,0.083882086,0.04133313
ZJ020485,0.20192194,0.3001523,0.1475613,0.015000156,0.040915072,0.02039444,0.23165697,0.04239778
ZJ020486,0.12419434,0.07886875,0.39911994,0.0009604572,0.19188842,0.032811288,0.15149419,0.020662587
ZJ020487,0.22837943,0.010938516,0.1228387,0.39317003,0.1113148,0.06581014,0.020283315,0.04726501
ZJ020488,0.0627159,0.0017508871,0.23268406,0.25174433,0.0075544147,0.03294322,0.0012466453,0.40936056
ZJ020489,0.12345368,0.006771588,0.20848882,0.39797595,0.027896672,0.13855413,0.009402706,0.087456405
ZJ020490,0.122753724,0.05400392,0.5119061,0.0008467427,0.001321532,0.07547527,0.21503574,0.018657014
ZJ020491,0.0028100524,0.0026109742,0.015544275,4.6530455e-05,0.0015361368,0.97475225,0.0021926186,0.00050715404
ZJ020492,0.21495835,0.06307117,0.09367847,0.00023329679,0.001698432,0.022780618,0.5879655,0.015614101
ZJ020493,0.15181789,0.31772527,0.17259109,0.002145506,0.0024125474,0.07739666,0.19408768,0.08182339
ZJ020494,0.2149031,0.18221225,0.22032301,0.0031095257,0.020203667,0.030194692,0.22536238,0.10369137
ZJ020495,0.17799957,0.32282174,0.21268073,0.0066712135,0.004967481,0.12388024,0.13355474,0.017424256
ZJ020496,0.22302793,0.08536944,0.14692527,0.14628021,0.06898031,0.012101639,0.029947607,0.28736767
ZJ020497,0.1320822,0.0032278842,0.21327645,0.34430856,0.009800674,0.24306744,0.007564189,0.046672624
ZJ020498,0.17082067,0.14130753,0.1949697,0.00035373124,0.0563834,0.015180318,0.41036478,0.010619921
ZJ020499,0.26149398,0.034343187,0.03887219,0.00054971204,0.29059353,0.09307362,0.2649985,0.016075358
ZJ020500,0.0783361,0.11427097,0.38726696,0.0016649858,0.0022081998,0.30795184,0.090991594,0.0173094
ZJ020501,0.23185088,0.0039567426,0.18036541,0.23659357,0.25079837,0.013896414,0.0012160763,0.08132249
ZJ020502,0.13636191,0.43017408,0.20763317,0.013865359,0.0031217649,0.11368388,0.07647496,0.018684853
ZJ020503,0.16856667,0.09730674,0.33051428,0.00015764855,0.032029193,0.17104946,0.19434929,0.0060266955
ZJ020504,0.13505271,0.026596265,0.19513404,0.015508259,0.3037886,0.1405892,0.015576884,0.167754
ZJ020505,0.4236786,0.08494225,0.22786132,0.003459979,0.026461368,0.06876791,0.14693931,0.017889313
ZJ020506,0.029275306,0.018528927,0.048640795,0.0004566039,0.079897694,0.76478916,0.05203157,0.006380005
ZJ020507,0.17706992,0.1516156,0.32844076,0.0032306544,0.06237456,0.08589628,0.16092102,0.030451182
ZJ020508,0.1958276,0.014731731,0.13461846,0.46303776,0.041732002,0.09014215,0.01972771,0.040182576
ZJ020509,0.36523956,0.088695526,0.17349683,0.024974337,0.018108413,0.013760677,0.07735049,0.23837408
ZJ020510,0.07110113,0.0014238813,0.22863045,0.47068912,0.031129492,0.032683726,0.0032916847,0.16105047
ZJ020511,0.1987596,0.1609349,0.3081999,0.0012323014,0.0020044202,0.11764658,0.1958971,0.015325193
ZJ020512,0.10675358,0.12142678,0.15606828,0.035918854,0.045994718,0.4736831,0.031560622,0.028594082
ZJ020513,0.21424581,0.05059083,0.32252562,0.05127902,0.006903463,0.010961264,0.028368287,0.3151257
ZJ020514,0.2408323,0.1462351,0.31834257,0.001682635,0.002786729,0.009568517,0.24414669,0.036405437
ZJ020515,0.27762607,0.13812865,0.19560967,0.00054497673,0.0035658202,0.0052129687,0.35897723,0.02033458
ZJ020516,0.3232195,0.0827063,0.21367486,0.04597634,0.05664652,0.079153895,0.06702559,0.13159698
ZJ020517,0.18036242,0.06881051,0.13396847,0.0027538242,0.025168464,0.28991213,0.2864606,0.012563513
ZJ020518,0.110459335,0.16433486,0.21087475,0.0019298992,0.009432843,0.06690426,0.30541298,0.13065098
ZJ020519,0.38246888,0.09740294,0.028472576,0.00095062895,0.04208036,0.0009255379,0.41826034,0.029438803
ZJ020520,0.39242223,0.22615874,0.08396819,0.0019089989,0.0057519968,0.01894808,0.25730103,0.01354066
ZJ020521,0.27377313,0.07370569,0.18731758,0.004514229,0.008029674,0.024222502,0.37389857,0.05453859
ZJ020522,0.33114293,0.13178061,0.08608777,0.030848378,0.10757967,0.036626864,0.21981147,0.056122236
ZJ020523,0.15313828,0.12747486,0.2297282,0.0023197432,0.023560382,0.11493257,0.30885792,0.039988082
ZJ020524,0.049711075,0.05152108,0.060495503,0.004851273,0.008326665,0.7773453,0.015423672,0.03232541
ZJ020525,0.2854862,0.05608518,0.16884759,0.002296063,0.26756293,0.04102541,0.0819205,0.096776165
ZJ020526,0.16484328,0.028012432,0.20818633,0.019897541,0.17774563,0.19855022,0.03169486,0.17106973
ZJ020527,0.2429986,0.30797493,0.19336954,0.003656346,0.0040054624,0.0062096687,0.10389513,0.13789035
ZJ020528,0.01788549,0.008585488,0.09595313,0.0035592278,0.0017019062,0.8593181,0.0049593127,0.008037306
ZJ020529,0.0073271254,0.004276905,0.037654635,0.00083058013,0.0011930265,0.9437842,0.004341863,0.00059169816
ZJ020530,0.26622525,0.15299521,0.14016578,0.0017022429,0.0010143715,0.008580539,0.41692603,0.012390577
ZJ020531,0.16165002,0.19401531,0.3649045,0.00071818643,0.010159725,0.042989753,0.20768681,0.01787569
ZJ020532,0.14739268,0.33642137,0.1181777,0.010433755,0.009077966,0.0757876,0.22305861,0.07965029
ZJ020533,0.04857576,0.0015563366,0.18009771,0.51865554,0.009697964,0.0077938237,0.00077032973,0.23285252
ZJ020534,0.20796585,0.011461962,0.098185934,0.49648196,0.12023772,0.026773538,0.011205396,0.027687658
ZJ020535,0.14340103,0.01670863,0.07725359,0.03951822,0.46763635,0.050958663,0.017170334,0.18735312
ZJ020536,0.09479516,0.0026490204,0.16353317,0.42425993,0.008729888,0.2718957,0.006550821,0.02758636
ZJ020537,0.30002248,0.0642955,0.1800073,0.0060749124,0.023994002,0.016321227,0.34076652,0.068518125
ZJ020538,0.200776,0.20114177,0.1544354,0.001354537,0.005880242,0.032594398,0.36334807,0.040469587
ZJ020539,0.14267668,0.085583284,0.12590933,0.014879933,0.034818664,0.46573383,0.12191132,0.008487031
ZJ020540,0.14926417,0.0050973655,0.43302757,0.22229084,0.009749882,0.013436935,0.008063677,0.1590696
ZJ020541,0.27927285,0.06517438,0.19913514,0.0025364063,0.0021592628,0.03290917,0.40368977,0.015122926
ZJ020542,0.15522292,0.012123776,0.11582233,0.1334617,0.25973397,0.012396911,0.0011315235,0.31010684
ZJ020543,0.33076015,0.006402988,0.084870726,0.37978473,0.053370256,0.048890065,0.014944158,0.080976956
ZJ020544,0.16613865,0.12013394,0.08956332,0.005394066,0.0065847514,0.0984368,0.30416504,0.20958349
ZJ020545,0.18479502,0.090091236,0.14112045,0.0016719432,0.014026592,0.27744883,0.27920088,0.01164502
ZJ020546,0.29037136,0.017318167,0.11496477,0.29912463,0.119682424,0.052281257,0.014788991,0.091468364
ZJ020547,0.4294954,0.03300665,0.058414828,0.0066777715,0.003666197,0.11525256,0.34219417,0.011292459
ZJ020548,0.13425326,0.012817289,0.27144969,0.34896657,0.08515604,0.013300178,0.0026481363,0.13140887
ZJ020549,0.2585668,0.100221716,0.16578968,0.0024056518,0.0048204963,0.015057881,0.4183433,0.034794446
ZJ020550,0.08786648,0.050021946,0.26804942,0.0012467246,0.0013817335,0.17422731,0.40474162,0.012464769
ZJ020551,0.4196612,0.046519652,0.26845524,0.008734911,0.018139249,0.019205198,0.17262287,0.046661675
ZJ020552,0.24047142,0.0012796511,0.27598584,0.16068947,0.0176255,0.0244911,0.02462472,0.25483233
ZJ020553,0.32920787,0.18295743,0.19209278,0.0037069146,0.04780778,0.031731974,0.17779568,0.03469955
ZJ020554,0.18246989,0.3763776,0.20763443,0.00087193924,0.0030046634,0.008912891,0.19801572,0.022712864
ZJ020555,0.29679963,0.10294225,0.16716789,0.00069669384,0.0018502497,0.017928846,0.39715225,0.015462204
ZJ020556,0.27977434,0.112808526,0.18749833,0.011950422,0.03905594,0.044455808,0.23887987,0.085576795
ZJ020557,0.12111295,0.039289717,0.07169436,0.0061562946,0.0104856985,0.6513537,0.078880064,0.021027302
ZJ020558,0.046370562,0.0028711765,0.10494652,0.71017647,0.004118996,0.0193935,0.0009060487,0.11121667
ZJ020559,0.30382642,0.11293771,0.1792156,0.0039912504,0.018577306,0.03125532,0.31849265,0.031703755
ZJ020560,0.39020216,0.10963263,0.15735851,0.016734304,0.07277708,0.070580415,0.09991069,0.08280419
ZJ020561,0.24297924,0.13152044,0.22869554,0.004000951,0.0025045753,0.012410843,0.3608664,0.017021962
ZJ020562,0.09324875,0.014732263,0.30667996,0.38355505,0.04396196,0.102567546,0.0036634358,0.05159101
ZJ020563,0.30680746,0.104187645,0.17894378,0.019190853,0.015228555,0.014058595,0.099019185,0.26256385
ZJ020564,0.33885095,0.023750296,0.10987447,0.10998084,0.24526168,0.07503059,0.011637822,0.08561331
ZJ020565,0.1987947,0.016297368,0.1369777,0.058890756,0.3636921,0.01652782,0.0012865176,0.20753312
ZJ020566,0.22872609,0.002587349,0.113745905,0.2904366,0.19712238,0.11565217,0.0028176152,0.04891198
ZJ020567,0.27520964,0.122415036,0.15190049,0.0041598384,0.0117395315,0.023486013,0.38024378,0.030845685
ZJ020568,0.28542906,0.1902974,0.2354569,0.052990343,0.05440982,0.021740763,0.059742928,0.09993284
ZJ020569,0.3989952,0.15588528,0.1357961,0.007282888,0.0045637637,0.034553394,0.18605459,0.07686879
ZJ020570,0.2696399,0.0072360756,0.082116574,0.26170027,0.23110946,0.08834069,0.005606718,0.054250285
ZJ020571,0.18503374,0.020154746,0.16656877,0.32739013,0.15036778,0.068213,0.01130119,0.07097063
ZJ020572,0.11963828,0.00061767275,0.12013966,0.60668284,0.029749166,0.011871744,0.004769929,0.106530786
ZJ020573,0.081494816,0.050728135,0.23436457,0.0012114197,0.0012562572,0.44455907,0.18320318,0.0031825567
ZJ020574,0.19879663,0.041315358,0.093705095,0.28493497,0.09940967,0.0038360546,0.02507817,0.25292405
ZJ020575,0.13426012,0.08559182,0.36799064,0.001557623,0.0042423774,0.0276156,0.35661328,0.02212855
ZJ020576,0.27355587,0.12771179,0.08123626,0.019135036,0.117488705,0.0036997222,0.30664667,0.07052592
ZJ020577,0.17399327,0.18156962,0.2240088,0.0017812126,0.0043276697,0.21950784,0.14737403,0.047437616
ZJ020578,0.1814698,0.27470976,0.12857261,0.0017797333,0.010001042,0.020286629,0.2641468,0.11903363
ZJ020579,0.22024088,0.28361174,0.15394415,0.004132876,0.007275237,0.021518564,0.22809044,0.08118611
ZJ020580,0.22950326,0.14624186,0.24123143,0.04179103,0.025877038,0.037502073,0.1200824,0.15777087
ZJ020581,0.45404845,0.12232463,0.21216026,0.0012326009,0.011250316,0.043112878,0.1004014,0.055469427
ZJ020582,0.18106104,0.09564799,0.22658235,0.015339519,0.013437799,0.097660944,0.31887597,0.051394396
ZJ020583,0.3722686,0.07307707,0.106291704,0.0020781094,0.29667196,0.0071949996,0.120730594,0.021686986
ZJ020584,0.33099335,0.078017406,0.11476589,0.19634046,0.02121864,0.013135124,0.031089218,0.21443987
ZJ020585,0.065736465,0.19232312,0.5912651,0.002628941,0.026081342,0.023780137,0.09067136,0.0075135883
ZJ020586,0.055457037,0.03966382,0.073698916,0.006061157,0.05234553,0.5974783,0.16098322,0.014312048
ZJ020587,0.008142795,0.0019152742,0.04120528,0.00062379276,0.0010164576,0.94326895,0.0032004754,0.00062692433
ZJ020588,0.07251528,0.08709855,0.33777636,0.00035843084,0.0028170685,0.38492966,0.09199842,0.022506261
ZJ020589,0.2698949,0.111577496,0.23595516,0.0017393613,0.040842235,0.016209995,0.22201034,0.10177052
ZJ020590,0.042118747,0.009582051,0.055592254,0.0044305283,0.032945644,0.8391789,0.012619809,0.0035320846
ZJ020591,0.24593526,0.16695,0.21700934,0.002341998,0.024643926,0.04046856,0.24863464,0.05401626
ZJ020592,0.39163664,0.18310484,0.158701,0.0012010689,0.0050411313,0.010705464,0.16091846,0.08869139
ZJ020593,0.044448275,0.06865197,0.06620816,0.03203814,0.014523389,0.7418012,0.013162521,0.019166252
ZJ020594,0.12976663,0.20797561,0.44756228,0.00023179493,0.007812854,0.066852294,0.13574834,0.0040501924
ZJ020595,0.009396078,0.003309437,0.01583254,0.0021632612,0.005379879,0.9570133,0.004605923,0.0022995528
ZJ020596,0.3069752,0.15616274,0.09347606,0.00059577526,0.05961465,0.020259457,0.33590353,0.027012626
ZJ020597,0.051418077,0.04908761,0.21715233,0.0055853,0.07859149,0.46047932,0.13011079,0.0075751333
ZJ020598,0.123134665,0.0026987744,0.2765877,0.30635044,0.0076649217,0.007057237,0.0053185,0.27118772
ZJ020599,0.31547156,0.08215173,0.10668288,0.013915801,0.008525798,0.027703205,0.35163203,0.09391699
ZJ020600,0.46740207,0.0033839429,0.052479915,0.25488275,0.16584182,0.014696347,0.013768372,0.027544754
ZJ020601,0.114272855,0.03284945,0.23579797,0.2569408,0.05063744,0.04182747,0.048786163,0.21888779
ZJ020602,0.21200585,0.1906877,0.12984659,0.00080795796,0.004324199,0.019756595,0.3985542,0.044016868
ZJ020603,0.1577603,0.39522082,0.27923876,0.000789927,0.0027381373,0.026329312,0.13042872,0.0074940245
ZJ020604,0.00866416,0.005132537,0.057872742,0.00042889794,0.0039396556,0.909545,0.0102712,0.0041457345
ZJ020605,0.40238595,0.055980667,0.15830094,0.00195886,0.014385606,0.015071295,0.2915012,0.06041553
ZJ020606,0.4743631,0.069691814,0.068524696,0.015883084,0.16957697,0.024181698,0.13342127,0.0443574
ZJ020607,0.08602088,0.12103645,0.4488819,0.005476884,0.01964078,0.099821076,0.20502648,0.014095607
ZJ020608,0.11012252,0.11120676,0.1695869,0.00054962724,0.0018568669,0.26716977,0.31567857,0.023828976
ZJ020609,0.0012427006,0.0005065924,0.005892451,0.00401192,0.0006638142,0.9865445,0.00011732335,0.0010206843
ZJ020610,0.24522607,0.11334311,0.17214438,0.0012388404,0.0037898405,0.015258618,0.42179355,0.0272056
ZJ020611,0.037255343,0.05930052,0.03884641,0.005791948,0.0012904757,0.8014869,0.05059104,0.0054373196
ZJ020612,0.17311247,0.12656793,0.27606156,0.0026323362,0.016222976,0.09345813,0.21586505,0.0960796
ZJ020613,0.28951848,0.06985109,0.26552153,0.0066276547,0.08850857,0.03320321,0.14276916,0.10400028
ZJ020614,0.11354658,0.032390494,0.112055674,0.015783418,0.018697135,0.5596441,0.11833164,0.029550971
ZJ020615,0.16117229,0.042900812,0.28089276,0.14651565,0.09161486,0.06641709,0.011509574,0.19897695
ZJ020616,0.15219523,0.011851738,0.2415534,0.16009644,0.024428727,0.0039843507,0.022786403,0.38310376
ZJ020617,0.4003925,0.24409868,0.071332596,0.0012910813,0.03390467,0.00532199,0.21585241,0.027806064
ZJ020618,0.033005424,0.014468296,0.14637926,0.0018749256,0.007743103,0.77393734,0.020346027,0.002245672
ZJ020619,0.24929646,0.085395254,0.27754644,0.0022314135,0.11197515,0.029189812,0.18936327,0.055002205
ZJ020620,0.17923333,0.051525895,0.110598825,0.0019198983,0.012448159,0.011308884,0.60290074,0.030064221
ZJ020621,0.23322955,0.21631737,0.0826315,0.019358953,0.12977372,0.036078203,0.18314682,0.09946394
ZJ020622,0.15158512,0.10710593,0.3043821,0.00045767214,0.0029136438,0.033133917,0.3529238,0.047497787
ZJ020623,0.250664,0.08279304,0.26371968,0.04116376,0.008017847,0.0068282094,0.016708637,0.33010483
ZJ020624,0.009123165,0.053772222,0.067480445,0.0008450395,0.017003208,0.8198681,0.019018725,0.012889105
ZJ020625,0.06510339,0.013257384,0.31318834,0.43523785,0.034916185,0.07071396,0.0024956889,0.065087155
ZJ020626,0.05597332,0.45640323,0.19531442,0.0018742296,0.0046354276,0.03293976,0.16534977,0.087509796
ZJ020627,0.23575044,0.33087632,0.1628273,0.02870743,0.042179592,0.029212998,0.0988524,0.0715935
ZJ020628,0.15954466,0.101091996,0.12892759,0.004857453,0.030576942,0.13294405,0.36101428,0.08104303
ZJ020629,0.30275878,0.14289838,0.26605088,0.0039935256,0.014361271,0.036450934,0.21308094,0.020405313
ZJ020630,0.24962528,0.2050413,0.14927895,0.0078072394,0.00815226,0.025567267,0.3081554,0.046372253
ZJ020631,0.1795046,0.08617127,0.31850407,0.00024423833,0.049810193,0.020678004,0.3329626,0.012124998
ZJ020632,0.14570777,0.044963874,0.16287956,0.004659911,0.04323768,0.42071393,0.15066716,0.027170137
ZJ020633,0.034078524,0.026054977,0.023766236,0.0017732307,0.0030334916,0.8765518,0.027763246,0.006978491
ZJ020634,0.14090765,0.018641317,0.16192383,0.046732694,0.2816779,0.005899168,0.0021135225,0.34210396
ZJ020635,0.2994045,0.04779269,0.4300064,0.0059208497,0.012398556,0.031126939,0.07808463,0.09526544
ZJ020636,0.13112177,0.08754072,0.15208687,0.00039202717,0.0012886837,0.07546042,0.5455528,0.006556774
ZJ020637,0.13831398,0.010669599,0.20950891,0.0640462,0.22257148,0.00928575,0.008781238,0.33682284
ZJ020638,0.27892396,0.13352077,0.15356082,0.023580836,0.042725764,0.013156465,0.3335403,0.020991102
ZJ020639,0.34366134,0.09497059,0.18491757,0.023201134,0.03185395,0.058628757,0.13088262,0.13188401
ZJ020640,0.17664105,0.03759523,0.20444728,0.3889844,0.02191682,0.014008916,0.03112215,0.12528417
ZJ020641,0.15942965,0.09259819,0.39489388,0.0015651345,0.009655332,0.039064124,0.2480884,0.054705217
ZJ020642,0.41327205,0.12558553,0.11677573,0.0064102896,0.0055899126,0.01762467,0.24102442,0.07371737
ZJ020643,0.09282191,0.037659366,0.2746942,0.0028521076,0.0014594104,0.13332412,0.43452808,0.022660851
ZJ020644,0.38969302,0.10644512,0.1775715,0.017962694,0.07329393,0.071142614,0.09156156,0.072329596
ZJ020645,0.29116526,0.18143,0.15857087,0.0003557648,0.006900081,0.034022227,0.31615487,0.0114009455
ZJ020646,0.16160977,0.013796879,0.07137879,0.3964196,0.15198384,0.1290742,0.007983527,0.06775341
ZJ020647,0.14218165,0.0023407065,0.17810935,0.447564,0.012215862,0.03960375,0.0012068173,0.17677778
ZJ020648,0.080232196,0.1762883,0.48996794,0.0020744891,0.0015322585,0.012810254,0.15187687,0.08521768
ZJ020649,0.14120474,0.18124215,0.20836402,0.002732809,0.0036522045,0.2135442,0.19556178,0.053698063
ZJ020650,0.43267012,0.058527213,0.031022152,0.00073717925,0.07782074,0.001839014,0.3753443,0.022039311
ZJ020651,0.1727676,0.14724153,0.17840673,0.020204725,0.012026458,0.24387653,0.08679658,0.13867988
ZJ020652,0.10001107,0.1914053,0.3186133,0.0021074081,0.0068053724,0.08521963,0.23315623,0.06268168
ZJ020653,0.13439889,0.011499223,0.31204048,0.29008317,0.023613552,0.008191163,0.011056997,0.20911656
ZJ020654,0.22177038,0.2695334,0.16337986,0.0015387378,0.0026972273,0.06273282,0.21751772,0.06082983
ZJ020655,0.20437478,0.05064239,0.09466585,0.0027831001,0.2576347,0.088488095,0.25631317,0.045097888
ZJ020656,0.121092275,0.15229258,0.08293601,0.008518391,0.12778986,0.12314046,0.32028282,0.06394762
ZJ020657,0.2021355,0.16948307,0.20441735,0.0023721948,0.008737047,0.0817058,0.17371653,0.15743251
ZJ020658,0.36223802,0.060866036,0.20126766,0.014600059,0.040143367,0.1104283,0.17254211,0.037914403
ZJ020659,0.4069589,0.12029503,0.101948224,0.0040588966,0.020713286,0.036909103,0.23285836,0.07625818
ZJ020660,0.23199219,0.24074231,0.16515447,0.010079807,0.016316524,0.028655767,0.23939821,0.06766076
ZJ020661,0.19554591,0.35185155,0.08181342,0.005074786,0.026538225,0.017749581,0.2757123,0.04571416
ZJ020662,0.18761735,0.023058718,0.043324668,0.00024209099,0.10078389,0.52724975,0.10907138,0.008652189
ZJ020663,0.20254052,0.051705536,0.27735195,0.00045023355,0.20971762,0.0377865,0.21243778,0.008009852
ZJ020664,0.18697533,0.00079695386,0.49863046,0.07251602,0.009740138,0.021941483,0.0010000597,0.20839955
ZJ020665,0.3370408,0.19604817,0.06260243,0.016311223,0.08044698,0.025511235,0.24475908,0.037280064
ZJ020666,0.19357316,0.045742687,0.11219987,0.0016264666,0.005449763,0.055451244,0.56743217,0.018524632
ZJ020667,0.12607896,0.1523527,0.40865552,0.0014457011,0.0034125564,0.018020872,0.23548414,0.054549515
ZJ020668,0.22551364,0.13763237,0.19186701,0.004457708,0.008408155,0.19024836,0.21917056,0.022702197
ZJ020669,0.07595049,0.05930477,0.17830612,0.28656644,0.05920223,0.00844583,0.022036804,0.31018725
ZJ020670,0.08528906,0.100052655,0.11058419,0.04263023,0.042140912,0.5905853,0.0103804935,0.018337116
ZJ020671,0.28661993,0.102495424,0.2338371,0.010365842,0.02077274,0.0484045,0.24938077,0.048123725
ZJ020672,0.03948815,0.12674062,0.04966764,0.054914568,0.14451374,0.53164876,0.028105734,0.024920776
ZJ020673,0.23506288,0.0045029316,0.17795166,0.18986493,0.23754273,0.06703377,0.0029688545,0.08507225
ZJ020674,0.2284306,0.11697866,0.28178552,0.0025856409,0.066546895,0.040455922,0.19246845,0.070748344
ZJ020675,0.2298316,0.14178117,0.36903623,0.00040537666,0.047366083,0.060875002,0.14309935,0.0076051885
ZJ020676,0.11581928,0.002416707,0.2652066,0.30805713,0.026619744,0.008965251,0.0030326697,0.2698826
ZJ020677,0.1865912,0.056932718,0.17055005,0.19292279,0.05714251,0.0170847,0.036553994,0.2822221
ZJ020678,0.20722151,0.14138101,0.18562922,0.0035866175,0.01246639,0.15864664,0.17073041,0.120338164
ZJ020679,0.31802693,0.014906734,0.11819267,0.3164165,0.075767614,0.06383817,0.025695719,0.06715564
ZJ020680,0.40520683,0.00280211,0.061578907,0.2100855,0.22712733,0.02864352,0.01771573,0.046840154
ZJ020681,0.17938304,0.27672273,0.17089103,0.0015067958,0.003654927,0.07200303,0.22473092,0.071107574
ZJ020682,0.15910402,0.093075335,0.15530153,0.007023224,0.012869466,0.24759707,0.27179307,0.053236198
ZJ020683,0.06641477,0.009792131,0.055875286,0.63766783,0.09740091,0.0025557277,0.0022857294,0.12800768
ZJ020684,0.10441266,0.0033623688,0.15567072,0.30534738,0.0037778507,0.09257344,0.0019948732,0.3328607
ZJ020685,0.13930948,0.23059055,0.30218363,0.00034825582,0.0022191284,0.101467766,0.20803228,0.015848966
ZJ020686,0.23017795,0.22778398,0.16506462,0.017086145,0.010186793,0.040180806,0.26509094,0.04442878
ZJ020687,0.028072681,0.02038829,0.05910685,0.00056395127,0.02652569,0.7804524,0.07754432,0.007345827
ZJ020688,0.071316704,0.075369544,0.34366378,0.0010018675,0.022822022,0.38603914,0.09738481,0.0024021831
ZJ020689,0.2166319,0.0085656475,0.123122565,0.43105695,0.08798401,0.04666889,0.017353268,0.06861677
ZJ020690,0.10684676,0.13096517,0.11827567,0.0046028956,0.010530591,0.4392318,0.16644207,0.023105104
ZJ020691,0.2210774,0.16277584,0.12184,0.0011688848,0.015271971,0.03781132,0.37322623,0.06682836
ZJ020692,0.21774863,0.004818245,0.21649565,0.32998937,0.015587027,0.018884901,0.0030551825,0.19342107
ZJ020693,0.28044406,0.16008696,0.11573587,0.0010664297,0.15887718,0.0066030496,0.24390581,0.03328068
ZJ020694,0.48045948,0.05750109,0.04972061,0.024558872,0.155942,0.011351321,0.15794684,0.062519774
ZJ020695,0.12023136,0.13196763,0.18043621,0.0034055759,0.013697317,0.3319957,0.19245064,0.025815602
ZJ020696,0.52071327,0.053055245,0.064013325,0.009936186,0.13617335,0.057234533,0.13320847,0.025665592
ZJ020697,0.1714233,0.004806938,0.42783186,0.09942406,0.0057823653,0.021153573,0.023167105,0.24641083
ZJ020698,0.3410141,0.09993969,0.13469653,0.0066292416,0.010926375,0.010190888,0.3490758,0.04752731
ZJ020699,0.15704286,0.0749843,0.24600627,0.0010310895,0.0039001775,0.2926238,0.21385056,0.010560933
ZJ020700,0.19166759,0.28506243,0.16982648,0.0078042774,0.02915211,0.06797331,0.15891963,0.08959417
ZJ020701,0.0109464275,0.0024155932,0.03869784,0.000517372,0.0010229482,0.94173765,0.004301101,0.00036101523
ZJ020702,0.27898473,0.17437302,0.06365811,0.027780777,0.09937089,0.038867936,0.27645823,0.040506277
ZJ020703,0.33570904,0.023258124,0.06693609,0.3428386,0.13930647,0.03421894,0.028443415,0.029289337
ZJ020704,0.38151032,0.112504095,0.11249322,0.087534554,0.062247727,0.070071004,0.11885421,0.05478493
ZJ020705,0.3451276,0.18382598,0.1178529,0.0012853494,0.012996203,0.02873523,0.27363938,0.03653734
ZJ020706,0.14372323,0.030658325,0.22691669,0.10840468,0.18843205,0.05316837,0.01236488,0.23633178
ZJ020707,0.2066332,0.017090382,0.13041338,0.398461,0.10108386,0.07628199,0.016697906,0.053338315
ZJ020708,0.48703107,0.029649716,0.047362745,0.0023921174,0.13071223,0.008179811,0.27880037,0.0158719
ZJ020709,0.092666335,0.1370636,0.089705,0.000954911,0.046644513,0.18025826,0.4057907,0.046916634
ZJ020710,0.09320264,0.00057951605,0.19735113,0.27905858,0.06644317,0.024422135,0.00068778556,0.3382551
ZJ020711,0.3843192,0.06518478,0.05950217,0.05036103,0.21392918,0.030176286,0.16801633,0.028511006
ZJ020712,0.15002322,0.031206388,0.18512702,0.30047813,0.07086872,0.016481945,0.010738297,0.23507628
ZJ020713,0.11764143,0.0012498698,0.518867,0.083200805,0.10660216,0.01046277,0.0018370348,0.16013892
ZJ020714,0.36887398,0.09439421,0.16046785,0.010238707,0.023583595,0.021950968,0.09788174,0.22260897
ZJ020715,0.3477054,0.113054685,0.12072852,0.0030240142,0.022649746,0.011573386,0.3541792,0.02708505
ZJ020716,0.30954096,0.16188434,0.23589592,0.0014217027,0.004127237,0.020193331,0.24725355,0.019682942
ZJ020717,0.27694434,0.07769163,0.12102531,0.0142889,0.011451293,0.02882685,0.33046722,0.13930447
ZJ020718,0.19442335,0.012090193,0.1432703,0.25968993,0.14474706,0.14875907,0.010520417,0.08649968
ZJ020719,0.38852292,0.1166076,0.15062849,0.0065534953,0.006854399,0.037254583,0.23484722,0.058731336
ZJ020720,0.16008736,0.063679315,0.45520374,0.0030548673,0.013435711,0.05091621,0.21842803,0.035194766
ZJ020721,0.26316974,0.1264439,0.080183625,0.052130368,0.10373516,0.05624067,0.27442175,0.043674767
ZJ020722,0.056713603,0.0192187,0.06459271,0.014497913,0.063441776,0.7298602,0.043800537,0.007874569
ZJ020723,0.35133228,0.10604325,0.13714369,0.091527686,0.04926762,0.035080925,0.1888616,0.04074299
ZJ020724,0.09755959,0.021228887,0.22473903,0.3039897,0.19045724,0.05740895,0.0066052666,0.09801134
ZJ020725,0.27415824,0.3041817,0.18157133,0.009840625,0.005425313,0.01229787,0.088714465,0.12381054
ZJ020726,0.19628716,0.27638018,0.31432825,0.00026461814,0.0058925003,0.014586427,0.18784858,0.004412316
ZJ020727,0.10424721,0.106402405,0.13737983,0.032992773,0.052025717,0.49951246,0.046940144,0.020499459
ZJ020728,0.14297487,0.031168113,0.3557239,0.022945587,0.04896958,0.14383066,0.05958099,0.19480631
ZJ020729,0.2586831,0.09260887,0.25787112,0.001117951,0.012324617,0.07176836,0.29037008,0.01525592
ZJ020730,0.27608714,0.033874676,0.109281525,0.017182818,0.017562928,0.009198099,0.4630384,0.07377433
ZJ020731,0.21918127,0.025816564,0.18888529,0.32670638,0.016729742,0.09881275,0.015227894,0.10864015
ZJ020732,0.14381367,0.10308413,0.29950273,0.0009468707,0.0029870449,0.31655028,0.103508145,0.02960704
ZJ020733,0.29374066,0.0060193674,0.14429118,0.22918591,0.110346936,0.1045839,0.014504506,0.09732749
ZJ020734,0.14872868,0.019268392,0.20291424,0.306928,0.05335915,0.03831419,0.00677059,0.22371665
ZJ020735,0.025457606,0.0062184245,0.035465788,0.0063461014,0.00522992,0.89754575,0.015941715,0.007794622
ZJ020736,0.34187087,0.32854024,0.084505275,0.009240452,0.050919432,0.015922882,0.090206936,0.078793876
ZJ020737,0.19052573,0.008642002,0.1387897,0.3967503,0.18155517,0.034975212,0.009642514,0.039119326
ZJ020738,0.5182915,0.10738855,0.07256961,0.020025933,0.04768889,0.06226323,0.13864973,0.033122662
ZJ020739,0.21805406,0.25332758,0.18361196,0.016948877,0.030122869,0.04143718,0.17346573,0.08303179
ZJ020740,0.285555,0.09778557,0.17794737,0.005818336,0.010442296,0.016747706,0.35632864,0.049375057
ZJ020741,0.25178778,0.017237987,0.12901628,0.1198743,0.22368422,0.16360326,0.008727514,0.0860686
ZJ020742,0.20157422,0.1297019,0.21096063,0.00071891834,0.010040756,0.12745248,0.29749605,0.022055047
ZJ020743,0.16118911,0.038924884,0.41795394,0.044753198,0.090862565,0.023234308,0.01955183,0.20353015
ZJ020744,0.22896372,0.22472432,0.04078596,0.002657124,0.20882408,0.037733987,0.19548048,0.060830303
ZJ020745,0.20690499,0.18357402,0.1787199,0.0059914608,0.063189045,0.13673022,0.1699877,0.05490267
ZJ020746,0.22830756,0.3161616,0.093867704,0.02556194,0.055381116,0.053024292,0.13387337,0.09382238
ZJ020747,0.13786772,0.026261764,0.18539776,0.31891885,0.05807086,0.031060657,0.006958793,0.23546363
ZJ020748,0.23603421,0.34923697,0.11404321,0.012634898,0.024242394,0.03739837,0.169108,0.057301957
ZJ020749,0.18349837,0.07637457,0.21540655,0.006374606,0.06571214,0.13155596,0.1670632,0.15401462
ZJ020750,0.13885014,0.16466291,0.18606804,0.0021819042,0.0080625275,0.09253171,0.33875808,0.06888468
ZJ020751,0.2798033,0.20510393,0.20808351,0.022852022,0.095542796,0.04292357,0.037364844,0.108326
ZJ020752,0.11456897,0.00373272,0.22791824,0.45158434,0.0351389,0.015318622,0.0016166944,0.15012154
ZJ020753,0.4365179,0.13316597,0.113931976,0.009265292,0.009376239,0.00823619,0.17793103,0.11157538
ZJ020754,0.097701125,0.047779404,0.08943685,0.009405204,0.0019394694,0.48464197,0.1791011,0.08999485
ZJ020755,0.22085916,0.119069785,0.24226877,0.0029484713,0.031872377,0.032496806,0.24192242,0.10856222
ZJ020756,0.3325144,0.05296919,0.18606584,0.019107677,0.07514332,0.09912111,0.13746822,0.09761023
ZJ020757,0.097554035,0.023932958,0.027481591,0.0016785662,0.01205537,0.2579002,0.5576163,0.02178103
ZJ020758,0.1289969,0.08984434,0.2096125,0.019370621,0.03864481,0.02650235,0.14269984,0.34432867
ZJ020759,0.23269038,0.1290251,0.122497596,0.0010541875,0.074977346,0.22715962,0.17329393,0.03930179
ZJ020760,0.059478268,0.017394133,0.08711689,0.0052933893,0.029240945,0.7549044,0.034634344,0.01193762
ZJ020761,0.36960694,0.14142846,0.13926576,0.032677438,0.036777195,0.0154170375,0.21570462,0.049122505
ZJ020762,0.10724061,0.38264477,0.14562842,0.00025066212,0.051159192,0.14090796,0.143935,0.028233435
ZJ020763,0.113361545,0.38871905,0.2025204,0.0007758116,0.0010585892,0.035778638,0.25263315,0.0051528662
ZJ020764,0.13418351,0.080235615,0.28104234,0.0012350524,0.002266581,0.02203841,0.46788555,0.011112897
ZJ020765,0.22968206,0.044125862,0.19653547,0.0022263934,0.19144052,0.08440037,0.18248788,0.06910145
ZJ020766,0.22061788,0.009914084,0.11873407,0.46405172,0.054945506,0.079612404,0.015301452,0.036822833
ZJ020767,0.12940343,0.17924556,0.3916712,0.0009848383,0.0017637714,0.025277197,0.23251456,0.039139513
ZJ020768,0.17771418,0.17724906,0.13621505,0.029205503,0.041017346,0.1285789,0.082077235,0.22794273
ZJ020769,0.091329105,0.0014666226,0.1600852,0.50337845,0.003507119,0.0050215716,0.0043858457,0.2308261
ZJ020770,0.35424078,0.10497502,0.22201088,0.024595693,0.03435277,0.04548732,0.10058516,0.11375232
ZJ020771,0.13078392,0.011692998,0.1856889,0.34769547,0.035626743,0.017905153,0.010226095,0.26038066
ZJ020772,0.24507119,0.07193345,0.15872961,0.0038811597,0.016145583,0.34301665,0.12822874,0.032993603
ZJ020773,0.23703057,0.16297564,0.16033192,0.0012128189,0.037241995,0.056764446,0.20701434,0.13742825
ZJ020774,0.35607457,0.06359404,0.13930331,0.006119943,0.058426544,0.03290301,0.31885523,0.024723357
ZJ020775,0.105310604,0.00238471,0.12480409,0.54120094,0.009578316,0.006846371,0.004049936,0.20582497
ZJ020776,0.14826328,0.0031675515,0.11015479,0.56728363,0.012998968,0.0031795597,0.0051824916,0.1497697
ZJ020777,0.24710172,0.23510835,0.24231066,0.0023726576,0.045245744,0.020354565,0.17750207,0.03000429
ZJ020778,0.09935155,0.003512235,0.23566751,0.4006204,0.022920713,0.07754189,0.009960312,0.15042531
ZJ020779,0.31584558,0.10849744,0.14882016,0.0077286987,0.0136718415,0.042632107,0.3042798,0.058524366
ZJ020780,0.31394422,0.1557813,0.2139222,0.011740706,0.01054025,0.0055168364,0.24329981,0.04525468
ZJ020781,0.1289995,0.0055826507,0.10757901,0.46866113,0.026151791,0.02029121,0.0075988467,0.23513587
ZJ020782,0.15657206,0.054551415,0.3320731,0.0025592453,0.0026519846,0.09081367,0.35306552,0.007713038
ZJ020783,0.24649994,0.22130187,0.17853811,0.010699442,0.05557533,0.020396443,0.20322764,0.063761145
ZJ020784,0.28213352,0.103414886,0.19334128,0.0005264804,0.0012342467,0.069860116,0.33992556,0.009563917
ZJ020785,0.25473985,0.23164088,0.20454411,0.020404603,0.016447997,0.060029045,0.11474968,0.09744384
ZJ020786,0.28128523,0.23637757,0.14982079,0.046233617,0.0100253485,0.030973986,0.18518879,0.06009466
ZJ020787,0.09338331,0.13180062,0.13165683,0.023657085,0.013622086,0.5003148,0.03796245,0.06760284
ZJ020788,0.18826835,0.02456135,0.27091244,0.22396076,0.085254215,0.030567342,0.008031778,0.16844381
ZJ020789,0.19243574,0.2986855,0.12371841,0.013986679,0.007715665,0.034668658,0.2614984,0.067291
ZJ020790,0.14126681,0.3559468,0.08176229,0.009615567,0.053154748,0.08005765,0.19201031,0.0861858
ZJ020791,0.1741894,0.0705915,0.31074375,0.0002795711,0.055822596,0.02384363,0.3489685,0.015561124
ZJ020792,0.12664638,0.35270858,0.12665895,0.0032257782,0.0047815326,0.13670737,0.14297238,0.10629902
ZJ020793,0.42682007,0.08516752,0.165536,0.018906595,0.03577084,0.07473619,0.16579191,0.027270827
ZJ020794,0.1308561,0.06411557,0.4493499,0.004148314,0.08181482,0.028622461,0.21656393,0.024528878
ZJ020795,0.3455002,0.100369915,0.17899007,0.0044342726,0.017293978,0.026901834,0.27395803,0.05255172
ZJ020796,0.41898617,0.06247424,0.23446573,0.0013631511,0.021864856,0.07019186,0.16224846,0.028405543
ZJ020797,0.07820276,0.0014940508,0.59283775,0.11101627,0.041777883,0.019707693,0.0017748879,0.15318878
ZJ020798,0.39467317,0.09893209,0.097209275,0.002594179,0.014790308,0.09418962,0.24646354,0.05114783
ZJ020799,0.09401176,0.0066342806,0.1723178,0.2621235,0.2199369,0.088964924,0.009765595,0.14624518
ZJ020800,0.2074836,0.0033744914,0.049593147,0.05822595,0.6188848,0.007040366,0.0035903829,0.051807366
ZJ020801,0.11854911,0.05197971,0.22428587,0.08953854,0.17298205,0.038005743,0.019458758,0.28520024
ZJ020802,0.0060015027,0.002670433,0.03321713,0.0005398649,0.0010178217,0.95348555,0.002510022,0.0005576433
ZJ020803,0.17569588,0.014685032,0.24836275,0.35343447,0.012073312,0.04654877,0.008506056,0.14069368
ZJ020804,0.031730454,0.0043383064,0.07308472,0.67458206,0.0044932296,0.068806686,0.0006643363,0.1423002
ZJ020805,0.21141581,0.01555785,0.13145176,0.44035387,0.034674264,0.09983735,0.020310549,0.046398565
ZJ020806,0.010312946,0.002914063,0.042349953,0.0007572152,0.0037403116,0.9339473,0.004887956,0.0010902393
ZJ020807,0.07796132,0.0048660343,0.20781161,0.50375044,0.0066522355,0.051796544,0.0018278151,0.14533398
ZJ020808,0.15674959,0.09984224,0.21315698,0.00026459686,0.25021455,0.03790029,0.22829373,0.013578021
ZJ020809,0.31224152,0.13293646,0.24175844,0.009544233,0.020619188,0.048278723,0.16887611,0.06574527
ZJ020810,0.12711158,0.018800393,0.14972968,0.006867702,0.035340223,0.5230292,0.111589625,0.027531583
ZJ020811,0.17609973,0.12490531,0.31399524,0.0027534163,0.07386698,0.051349994,0.19175977,0.065269575
ZJ020812,0.18464784,0.0024308376,0.3713441,0.17189826,0.007381706,0.010211099,0.015358776,0.23672737
ZJ020813,0.24574263,0.089926556,0.2440166,0.007579795,0.1019742,0.046957806,0.17236952,0.0914329
ZJ020814,0.12554857,0.10915956,0.4947817,0.0003192452,0.0053911284,0.06509742,0.19186053,0.007841863
ZJ020815,0.040501244,0.024500716,0.11555757,0.00018621585,0.46179378,0.31799257,0.021344554,0.018123282
ZJ020816,0.20688184,0.1656066,0.15217654,0.001739843,0.06744243,0.12474568,0.16574009,0.115666956
ZJ020817,0.221501,0.18913066,0.17018387,0.0035689473,0.027269231,0.00795281,0.2884913,0.09190215
ZJ020818,0.08966649,0.0008967112,0.097810365,0.6175395,0.0039775805,0.0038375016,0.0031607067,0.18311119
ZJ020819,0.422968,0.080117725,0.10516284,0.017451765,0.12495572,0.048257805,0.16314983,0.0379363
ZJ020820,0.29231837,0.113167495,0.10470625,0.005718639,0.018198172,0.077133805,0.33422598,0.054531258
ZJ020821,0.35817298,0.07652034,0.10583568,0.002988097,0.015949875,0.037063204,0.36303335,0.040436488
ZJ020822,0.26379022,0.21309608,0.16210066,0.011430595,0.0650555,0.013343822,0.22068588,0.05049728
ZJ020823,0.28719243,0.0053249747,0.07135574,0.23068042,0.29860386,0.029954841,0.004827663,0.072060056
ZJ020824,0.27241203,0.17424788,0.18008645,0.04634467,0.112359345,0.038966134,0.07665195,0.098931514
ZJ020825,0.22388548,0.2185389,0.20763347,0.028132215,0.060980618,0.02769211,0.018426567,0.21471065
ZJ020826,0.10749065,0.036449905,0.1395322,0.090037845,0.28152424,0.054642167,0.043435905,0.24688709
ZJ020827,0.16034216,0.10276115,0.33155236,0.003511833,0.11329402,0.034855716,0.13525212,0.11843066
ZJ020828,0.038870804,0.12564428,0.17622337,0.0012355569,0.073247604,0.514088,0.051184226,0.019506125
ZJ020829,0.058449876,0.15470703,0.2866247,0.0012124764,0.086711176,0.17233293,0.053136867,0.18682493
ZJ020830,0.2865518,0.23736444,0.1192346,0.0016175541,0.0017734136,0.06636563,0.26415873,0.022933781
ZJ020831,0.017601069,0.004455225,0.020783052,0.002133073,0.004234764,0.93926316,0.0062173866,0.0053122924
ZJ020832,0.14612608,0.03446289,0.17573977,0.4125746,0.06891781,0.04502614,0.004943663,0.1122091
ZJ020833,0.17022893,0.058221057,0.3515481,0.0036995995,0.00783856,0.067553125,0.29242346,0.048487112
ZJ020834,0.23272032,0.083567634,0.3281495,0.0011747848,0.0049898583,0.06672315,0.27375382,0.008920921
ZJ020835,0.31951162,0.0605205,0.22588271,0.0022043602,0.010127782,0.03352773,0.3338738,0.014351471
ZJ020836,0.24918939,0.096503705,0.15285401,0.0038173585,0.014952067,0.037599817,0.3848031,0.060280554
ZJ020837,0.15885186,0.14398007,0.25552037,0.005588523,0.0091346195,0.03598578,0.2338659,0.15707286
ZJ020838,0.05815671,0.003792516,0.12345764,0.61291564,0.021395823,0.030620066,0.0011923247,0.14846928
ZJ020839,0.1926967,0.23004471,0.24485393,0.0005841782,0.008485417,0.024432978,0.28205833,0.016843831
ZJ020840,0.1814326,0.1337475,0.15947339,0.006272872,0.05889555,0.22916631,0.10891243,0.122099385
ZJ020841,0.27393752,0.0025939932,0.10012249,0.49748382,0.085697316,0.011446077,0.010188488,0.018530214
ZJ020842,0.2324642,0.19576356,0.15323895,0.0026854672,0.01564127,0.05783035,0.16986789,0.17250827
ZJ020843,0.07852893,0.005017653,0.22079521,0.3708579,0.03989965,0.015745929,0.0034388027,0.26571596
ZJ020844,0.20524003,0.119651824,0.22078909,0.00055499,0.005714039,0.20323668,0.23540293,0.009410435
ZJ020845,0.12417303,0.27262923,0.24040312,0.00023407646,0.06895499,0.16063686,0.0859976,0.046971124
ZJ020846,0.2460107,0.051827803,0.08200629,0.002902269,0.04151508,0.09908107,0.44248384,0.034172975
ZJ020847,0.110055745,0.21918479,0.33588123,0.00083384954,0.008039423,0.13879795,0.1748965,0.012310494
ZJ020848,0.25686854,0.09835486,0.10257301,0.0014104402,0.034409296,0.046118498,0.44384483,0.01642047
ZJ020849,0.18366255,0.30935034,0.15976064,0.0011310658,0.0042892927,0.084368125,0.22139469,0.036043357
ZJ020850,0.1339322,0.17840895,0.14093402,0.0011562491,0.027515406,0.24230272,0.21057154,0.06517899
ZJ020851,0.23096944,0.1920196,0.2307067,0.0022359402,0.0049383203,0.118140556,0.17558923,0.045400273
ZJ020852,0.19400553,0.0209903,0.53064,0.037701566,0.015205878,0.019569727,0.039825495,0.14206153
ZJ020853,0.13751724,0.23247632,0.35072708,0.0012214289,0.0011992439,0.048454754,0.18453096,0.043872997
ZJ020854,0.0102127595,0.0057529057,0.044797298,0.0007279314,0.0009921863,0.93117803,0.0053863153,0.00095251924
ZJ020855,0.04718826,0.000386461,0.521219,0.18373866,0.0035704412,0.04305424,0.00044906585,0.20039381
ZJ020856,0.21312599,0.007813843,0.1225485,0.41736868,0.11020332,0.05573026,0.02176814,0.051441237
ZJ020857,0.17167301,0.4253542,0.025795849,0.007303904,0.015725505,0.0040428294,0.32258016,0.02752454
ZJ020858,0.22180234,0.0031908653,0.113243714,0.30363715,0.20451285,0.07245461,0.0049124244,0.07624608
ZJ020859,0.4977786,0.057734974,0.10921286,0.06965024,0.03814651,0.029434437,0.017278608,0.1807638
ZJ020860,0.08203898,0.00068666314,0.542326,0.095251806,0.0034270014,0.041778598,0.00095616863,0.23353475
ZJ020861,0.050477494,0.0032848576,0.16985764,0.6140527,0.029651327,0.044712376,0.0043524397,0.08361117
ZJ020862,0.050374754,0.021965336,0.032142296,0.013998495,0.0637654,0.71581995,0.09526463,0.006669132
ZJ020863,0.1581525,0.010979756,0.10301583,0.49080434,0.0074862577,0.006997534,0.013911854,0.20865194
ZJ020864,0.19518234,0.0930104,0.3268208,0.00044869157,0.02293827,0.049826387,0.30047357,0.01129953
ZJ020865,0.404408,0.124693684,0.063312896,0.010508555,0.16416882,0.021311559,0.16918613,0.042410392
ZJ020866,0.1068262,0.10353068,0.23308718,0.003233514,0.031903293,0.24544968,0.18563777,0.09033171
ZJ020867,0.010151806,0.01088861,0.037580818,0.00056281465,0.011606299,0.9172239,0.009948221,0.0020375226
ZJ020868,0.15653709,0.20308389,0.3289578,0.0013837675,0.0018783294,0.0871756,0.21174507,0.009238439
ZJ020869,0.21974768,0.054395016,0.14211598,0.15166797,0.0943222,0.007048891,0.0238229,0.30687937
ZJ020870,0.4887051,0.13944952,0.063971,0.010273034,0.13298823,0.008814449,0.09999563,0.05580304
ZJ020871,0.3287573,0.16144983,0.1094346,0.0016389678,0.12676358,0.06176921,0.14947616,0.060710333
ZJ020872,0.19647045,0.08832084,0.06468206,0.0013623883,0.020101696,0.05073958,0.56353074,0.014792304
ZJ020873,0.08977647,0.09428295,0.13524562,0.055957466,0.050620947,0.53947634,0.023589747,0.011050445
ZJ020874,0.40440172,0.10676989,0.14616157,0.023017649,0.05647538,0.040052082,0.17459282,0.048528932
ZJ020875,0.43516967,0.023990864,0.078741774,0.0040539466,0.01510633,0.0037506046,0.3955196,0.04366729
ZJ020876,0.23443472,0.09176983,0.30161324,0.0022945108,0.038294416,0.012014923,0.21712863,0.102449775
ZJ020877,0.24501105,0.13072455,0.21505232,0.016271755,0.062234376,0.05204279,0.1768124,0.1018508
ZJ020878,0.365543,0.19200638,0.1773136,0.04392789,0.017612126,0.011566675,0.12775664,0.0642737
ZJ020879,0.18696524,0.014604543,0.20647393,0.3454276,0.004584293,0.08311115,0.012284684,0.14654858
ZJ020880,0.35709003,0.086764924,0.13342498,0.012235599,0.018600289,0.06048598,0.2567172,0.07468101
ZJ020881,0.31245297,0.19737403,0.1656466,0.028439809,0.029680418,0.059175417,0.16886865,0.03836206
ZJ020882,0.09572159,0.00046712824,0.08190605,0.60795885,0.005071106,0.0018392679,0.0046576685,0.2023783
ZJ020883,0.27853516,0.091465764,0.23434377,0.039342202,0.018158088,0.056632575,0.12069599,0.1608264
ZJ020884,0.37213844,0.1180688,0.06707842,0.016502375,0.11378802,0.024270838,0.23058909,0.05756401
ZJ020885,0.27082354,0.008514026,0.11107606,0.31835476,0.120760076,0.06952812,0.016990634,0.083952814
ZJ020886,0.21298048,0.053289417,0.22083142,0.010247979,0.08309862,0.26490164,0.04470118,0.10994928
ZJ020887,0.08421324,0.16135432,0.39359263,0.00023669041,0.0021423681,0.07004459,0.25721338,0.03120275
ZJ020888,0.149675,0.0250793,0.1167936,0.002831525,0.3602434,0.25619876,0.052151293,0.03702704
ZJ020889,0.11029687,0.02740205,0.0691382,0.08457661,0.46344718,0.017421728,0.008477157,0.21924017
ZJ020890,0.20280556,0.1586778,0.2598923,0.0064911717,0.0075639696,0.022165198,0.2786611,0.063742846
ZJ020891,0.19569664,0.20770815,0.23550269,0.0017657633,0.0025421453,0.05328215,0.23356183,0.06994062
ZJ020892,0.029004969,0.09119179,0.5697537,0.0009559276,0.02771595,0.22034724,0.03737827,0.023652185
ZJ020893,0.3375837,0.038134992,0.030900655,0.019386401,0.22837941,0.08467035,0.20171852,0.05922592
ZJ020894,0.18498659,0.003842481,0.24606636,0.22529419,0.00752132,0.044226028,0.01005922,0.27800378
ZJ020895,0.047665894,0.004035408,0.07414255,0.7239322,0.014103896,0.037761822,0.0011883738,0.09716978
ZJ020896,0.25482774,0.18107677,0.09533059,0.003556337,0.09173377,0.038513962,0.18773633,0.14722453
ZJ020897,0.2610946,0.16301763,0.1575862,0.0969881,0.011534247,0.03304326,0.11072076,0.16601527
ZJ020898,0.0077757104,0.0060237898,0.018104466,0.0010369385,0.0010637841,0.9624624,0.002463334,0.00106959
ZJ020899,0.13341573,0.00047313745,0.48751324,0.09728263,0.047043655,0.021573009,0.0017759872,0.21092266
ZJ020900,0.24013545,0.16597863,0.19164164,0.00038617817,0.010733837,0.031624135,0.30551618,0.05398389
ZJ020901,0.19502783,0.21724597,0.10164403,0.0006683306,0.005121872,0.0045771776,0.4378807,0.037834093
ZJ020902,0.10729927,0.0020740784,0.0884573,0.56747645,0.00724449,0.02559025,0.0030804214,0.19877772
ZJ020903,0.22221875,0.06953242,0.24808094,0.00025608137,0.14490479,0.033032376,0.2753716,0.006603141
ZJ020904,0.19435899,0.09033535,0.12654108,0.25837168,0.056769755,0.011675777,0.039889198,0.22205819
ZJ020905,0.20005493,0.30204326,0.10102022,0.0022717754,0.016703453,0.030152531,0.31269076,0.035063133
ZJ020906,0.15271302,0.0011789858,0.504498,0.08002662,0.08299921,0.011661197,0.0022339171,0.16468903
ZJ020907,0.2648371,0.1714897,0.2324771,0.000542034,0.0051461696,0.07060199,0.24371392,0.011192012
ZJ020908,0.17714608,0.08095168,0.18572623,0.12375018,0.060377724,0.0075351084,0.03202149,0.3324915
ZJ020909,0.10104567,0.0012715209,0.3066893,0.33038703,0.035065763,0.015185193,0.0006283045,0.20972729
ZJ020910,0.25432718,0.16989708,0.07896772,0.041101135,0.07747439,0.03605662,0.23412384,0.10805196
ZJ020911,0.15467514,0.16580343,0.2239471,0.00021583874,0.09501547,0.013139758,0.34243372,0.0047695893
ZJ020912,0.2748378,0.07237204,0.25326502,0.007012516,0.007755061,0.09726,0.27862942,0.008868103
ZJ020913,0.004262061,0.00806522,0.04803928,0.00027902526,0.0019007965,0.929192,0.0040595066,0.0042020623
ZJ020914,0.33383593,0.062075272,0.14556468,0.00032889654,0.0132655585,0.030395264,0.37828442,0.036249947
ZJ020915,0.27585736,0.04349164,0.2534846,0.00037495757,0.013850798,0.044077314,0.35894617,0.009917145
ZJ020916,0.292833,0.053269684,0.3184616,0.0017890875,0.03563872,0.06509636,0.21480756,0.018104082
ZJ020917,0.29466254,0.12356229,0.1543331,0.008425933,0.0111425305,0.10396538,0.26828855,0.03561969
ZJ020918,0.17805427,0.5874687,0.03788908,0.006873939,0.01462878,0.003076023,0.07472989,0.0972793
ZJ020919,0.39413503,0.09017737,0.12552786,0.0016351572,0.011041027,0.041545596,0.32156366,0.014374292
ZJ020920,0.05682406,0.009034789,0.29493067,0.46533427,0.026948478,0.07319344,0.0057917037,0.06794264
ZJ020921,0.05321556,0.4861956,0.25344604,0.00014181374,0.0058936067,0.055020865,0.117087126,0.028999342
ZJ020922,0.25478578,0.15219209,0.18606952,0.018373584,0.042032454,0.081700146,0.21802369,0.046822775
ZJ020923,0.011375147,0.0016834021,0.045709036,0.0008016186,0.006312081,0.92787236,0.0018203397,0.0044260384
ZJ020924,0.0820287,0.111794524,0.42596364,0.0022466364,0.016678862,0.13919106,0.21021998,0.011876654
ZJ020925,0.19279633,0.11629013,0.17271385,0.0016059912,0.044386476,0.0074290195,0.43082345,0.033954743
ZJ020926,0.32982323,0.040697288,0.24055004,0.0034537048,0.14645846,0.039652918,0.18483452,0.014529869
ZJ020927,0.4022596,0.050560612,0.20241863,0.09566891,0.0609297,0.025782583,0.04228022,0.120099805
ZJ020928,0.027414158,0.023310335,0.03349136,0.012461882,0.02269965,0.8627752,0.009411701,0.0084356805
ZJ020929,0.102860235,0.032266956,0.19879691,0.03987423,0.013750594,0.46550727,0.014856334,0.13208751
ZJ020930,0.11634391,0.18335126,0.46306452,0.0009729962,0.0022801696,0.033444405,0.18340738,0.017135361
ZJ020931,0.2109703,0.2586214,0.20234138,0.001964636,0.0023175066,0.047301423,0.21802881,0.05845452
ZJ020932,0.2611826,0.06974225,0.26942736,0.008455197,0.052563313,0.08073446,0.17463234,0.08326247
ZJ020933,0.1549295,0.003136571,0.14065248,0.5788566,0.0016760465,0.08088132,0.005849301,0.034018215
ZJ020934,0.5698872,0.02948875,0.018139087,0.0039928183,0.23018639,0.011242927,0.12512311,0.011939692
ZJ020935,0.088724375,0.019387405,0.20457281,0.17280576,0.06435059,0.18818969,0.0022472867,0.2597221
ZJ020936,0.18375918,0.06945133,0.3201872,0.0022939027,0.008478996,0.03176812,0.33217257,0.051888652
ZJ020937,0.08954085,0.09370074,0.14789547,0.1663328,0.020919818,0.009804052,0.031476952,0.4403293
ZJ020938,0.15252027,0.17536119,0.11569621,0.003314256,0.0031769737,0.056181256,0.3210688,0.17268102
ZJ020939,0.15285443,0.0019117076,0.08532481,0.55224603,0.004520986,0.0048612403,0.003720243,0.19456063
ZJ020940,0.3314355,0.06371851,0.23806883,0.0019796416,0.043059364,0.09801915,0.21170805,0.012010904
ZJ020941,0.14880799,0.33859247,0.20372473,0.0035340933,0.0029682368,0.06145182,0.21350522,0.027415488
ZJ020942,0.12220852,0.13517399,0.23808695,0.00028100342,0.00037701428,0.2705008,0.22167979,0.011691929
ZJ020943,0.49011025,0.01666334,0.028881507,0.0027104928,0.07025939,0.006507997,0.3810697,0.003797343
ZJ020944,0.33627564,0.017856292,0.12679277,0.11413158,0.27014416,0.040666033,0.014375558,0.07975799
ZJ020945,0.34557006,0.0781626,0.09794225,0.023130322,0.012358707,0.019708313,0.32692865,0.09619911
ZJ020946,0.47067907,0.07771269,0.17983404,0.01874787,0.030895712,0.032421004,0.14161481,0.048094776
ZJ020947,0.14752029,0.059777085,0.35752943,0.0012245316,0.121443555,0.08021558,0.221916,0.010373488
ZJ020948,0.3673967,0.04851907,0.13553835,0.008407478,0.012811496,0.10253375,0.29176256,0.0330306
ZJ020949,0.17493618,0.0052446937,0.06860817,0.6600516,0.006590366,0.016175032,0.0006685691,0.0677254
ZJ020950,0.1625254,0.117033,0.16672936,0.007412493,0.010926889,0.08261297,0.40981087,0.042949006
ZJ020951,0.011501458,0.0059704026,0.032090615,0.00034635386,0.0008098205,0.9426168,0.0048000356,0.0018644888
