id,antelope_duiker,bird,blank,civet_genet,hog,leopard,monkey_prosimian,rodent
ZJ016488,0.1228047,0.008105143,0.2703724,0.17653997,0.004256177,0.39418614,0.010312772,0.013422704
ZJ016489,0.38630503,0.11443655,0.09673491,0.034700446,0.0769618,0.050151177,0.19912484,0.04158521
ZJ016490,0.30990034,0.047281593,0.091487594,0.19597349,0.21858409,0.08075231,0.046994828,0.00902579
ZJ016491,0.010451084,0.005988713,0.020618934,0.02114533,0.016266298,0.90726495,0.005761512,0.012503188
ZJ016492,0.30889896,0.21203369,0.034322444,0.06570748,0.052795973,0.02999137,0.241086,0.055164102
ZJ016493,0.32634157,0.29201856,0.10828332,0.010208248,0.056508385,0.039800975,0.12035914,0.04647983
ZJ016494,0.18101552,0.088686176,0.32092077,0.013329565,0.023381874,0.04378013,0.2878762,0.041009773
ZJ016495,0.08006723,0.10049011,0.0789656,0.019794233,0.03627745,0.06948171,0.5518757,0.06304796
ZJ016496,0.29647276,0.10215324,0.0971771,0.063927695,0.045814224,0.05687275,0.3052133,0.032368965
ZJ016497,0.08427893,0.2402983,0.18687336,0.011020436,0.017429134,0.05675746,0.31522906,0.088113286
ZJ016498,0.23647527,0.047408275,0.12695538,0.025176922,0.026848808,0.39603516,0.13240872,0.00869149
ZJ016499,0.17733702,0.5694159,0.07801941,0.0045803487,0.025463032,0.07180052,0.06653883,0.00684492
ZJ016500,0.37709683,0.11228144,0.11431951,0.0332783,0.027057547,0.07366044,0.21923865,0.043067228
ZJ016501,0.10260902,0.102804214,0.2225944,0.2879955,0.18068148,0.039645016,0.012224302,0.051446036
ZJ016502,0.070205815,0.06824818,0.24662234,0.2922701,0.23270412,0.026842166,0.016396184,0.04671113
ZJ016503,0.25888172,0.022836648,0.27631173,0.01928234,0.006550794,0.011623629,0.32600558,0.0785076
ZJ016504,0.28916153,0.09352808,0.111011334,0.022545168,0.2688825,0.06045182,0.098126136,0.056293424
ZJ016505,0.3209987,0.10264613,0.14664795,0.088405035,0.05603358,0.13104011,0.06652148,0.08770702
ZJ016506,0.19069783,0.26627183,0.13500233,0.013099658,0.02600814,0.04595499,0.30441394,0.018551208
ZJ016507,0.1567945,0.039002147,0.42147386,0.011380088,0.14521919,0.052302312,0.15532881,0.018499076
ZJ016508,0.14147912,0.018884424,0.30871966,0.24285194,0.020884495,0.04587898,0.06132809,0.15997328
ZJ016509,0.05405578,0.78266525,0.025659842,0.048577916,0.0059037125,0.0057289945,0.009781112,0.06762737
ZJ016510,0.13390812,0.043328695,0.15506025,0.22804135,0.042010725,0.06816508,0.04058239,0.28890336
ZJ016511,0.3445064,0.0067670327,0.5476581,0.009280321,0.0043773884,0.00990145,0.01578757,0.061721746
ZJ016512,0.09667137,0.24556132,0.19336647,0.009024475,0.0031137234,0.04922153,0.39610633,0.0069347527
ZJ016513,0.20493521,0.14881314,0.15008703,0.011389173,0.094763905,0.012053466,0.29421046,0.08374757
ZJ016514,0.3806531,0.06414664,0.09566087,0.10617872,0.2585518,0.05178007,0.034400236,0.008628597
ZJ016515,0.03767927,0.15576684,0.16192098,0.008418861,0.10692318,0.4432251,0.05548763,0.030578168
ZJ016516,0.31366494,0.004135542,0.20190221,0.20054962,0.012236183,0.036433127,0.0089536235,0.22212477
ZJ016517,0.1893172,0.3166247,0.17761524,0.019295786,0.054901678,0.07294411,0.10994695,0.05935426
ZJ016518,0.9383377,0.001211391,0.0169556,0.018848984,0.0050369324,0.011286628,0.0011746233,0.0071481667
ZJ016519,0.14967789,0.0077452143,0.45686084,0.07173965,0.15012167,0.090115525,0.016345836,0.057393346
ZJ016520,0.38099718,0.01805351,0.07167377,0.30168062,0.01729118,0.112549365,0.01603745,0.08171689
ZJ016521,0.13620791,0.038021993,0.23112822,0.0075097894,0.009767567,0.015364428,0.49984118,0.062158927
ZJ016522,0.8844714,0.009930159,0.033404887,0.0012505652,0.027930913,0.023375474,0.0086020725,0.011034491
ZJ016523,0.07927494,0.82233256,0.023536028,0.018977096,0.015298717,0.010317716,0.018045565,0.012217328
ZJ016524,0.101393685,0.0067428523,0.37447378,0.05402251,0.00089571375,0.006884666,0.0026884798,0.45289835
ZJ016525,0.10717102,0.0121707795,0.1482886,0.027148323,0.42207655,0.20359436,0.0225484,0.05700196
ZJ016526,0.29420167,0.15846744,0.10316233,0.024996039,0.09997167,0.057449307,0.16133139,0.10042013
ZJ016527,0.044400048,0.003156361,0.11109772,0.7263325,0.0011156518,0.014923376,0.00523017,0.09374414
ZJ016528,0.17393748,0.016343517,0.5747976,0.0035808522,0.0018106314,0.058410775,0.15432782,0.016791344
ZJ016529,0.06269558,0.057265274,0.10072466,0.022133315,0.014711236,0.14194812,0.5282198,0.072302006
ZJ016530,0.10214195,0.08816232,0.3483874,0.0022091735,0.08397605,0.30680892,0.04137868,0.026935522
ZJ016531,0.084488444,0.0076818224,0.3014408,0.3083597,0.037155215,0.116609536,0.014486397,0.12977801
ZJ016532,0.018321935,0.007832234,0.012731448,0.0031357748,0.015341058,0.92370594,0.016118182,0.002813513
ZJ016533,0.21635166,0.10837611,0.14836289,0.020275226,0.21546979,0.03771384,0.19268909,0.060761396
ZJ016534,0.18893662,0.028150858,0.19539268,0.16558234,0.006688876,0.018510612,0.027561558,0.36917645
ZJ016535,0.03966888,0.017186591,0.0524906,0.046056047,0.056629132,0.00949943,0.7672963,0.01117305
ZJ016536,0.2649607,0.045923803,0.16894612,0.0037709207,0.0065622875,0.063196585,0.41094467,0.035694886
ZJ016537,0.18851544,0.03795664,0.10245427,0.014137392,0.025645947,0.038250457,0.56461495,0.028424967
ZJ016538,0.15490292,0.42256147,0.09701068,0.013612072,0.012018161,0.05910179,0.20430715,0.036485724
ZJ016539,0.24804449,0.09058548,0.31257293,0.00897419,0.0021965234,0.012422272,0.20836501,0.11683913
ZJ016540,0.2084841,0.35541478,0.105940275,0.009329412,0.0039331047,0.020176757,0.10619498,0.1905265
ZJ016541,0.061164122,0.043177098,0.4551619,0.0017429278,0.14692804,0.07665848,0.2055261,0.009641327
ZJ016542,0.085848704,0.032462783,0.14389619,0.33687615,0.049968358,0.04927485,0.039578225,0.26209468
ZJ016543,0.28169355,0.04261123,0.0679591,0.23374629,0.30769688,0.02159117,0.03915492,0.005546958
ZJ016544,0.94592583,0.0027636483,0.013496787,0.0004325842,0.0009884828,0.017760713,0.00779684,0.010835065
ZJ016545,0.19754946,0.03470248,0.44007006,0.0039623873,0.060506746,0.049542822,0.20111065,0.012555365
ZJ016546,0.06395294,0.007227717,0.3382805,0.15083438,0.10733001,0.14078829,0.021872764,0.16971345
ZJ016547,0.13247405,0.0026934715,0.46857086,0.082834095,0.043166306,0.21683957,0.0063088187,0.047112864
ZJ016548,0.5167824,0.020070206,0.19554363,0.04330033,0.05071046,0.016785039,0.06861328,0.08819466
ZJ016549,0.10880747,0.056053195,0.21330105,0.0034382448,0.002430337,0.023689246,0.5871594,0.005121037
ZJ016550,0.35717443,0.13699386,0.067585304,0.036329333,0.048455987,0.07522967,0.15312353,0.12510787
ZJ016551,0.41024396,0.1102594,0.246548,0.0035323855,0.0150298625,0.0046789316,0.12892002,0.0807874
ZJ016552,0.13190793,0.01603202,0.41785902,0.0061398614,0.013090079,0.029366279,0.3750927,0.010512095
ZJ016553,0.21183948,0.070389636,0.45465732,0.06406447,0.013503317,0.0632872,0.09840113,0.02385749
ZJ016554,0.24910653,0.3687557,0.1827859,0.0031645996,0.01360165,0.039049953,0.13228913,0.011246575
ZJ016555,0.30053076,0.086701296,0.123222575,0.1310819,0.03042146,0.00888052,0.13809316,0.18106832
ZJ016556,0.07960054,0.83777213,0.019374948,0.0036709446,0.009451285,0.013793852,0.028060842,0.008275466
ZJ016557,0.2803907,0.16144559,0.14547123,0.0179506,0.04864251,0.04097606,0.1756929,0.12943041
ZJ016558,0.009888457,0.00578436,0.0133183785,0.012480899,0.0071151857,0.93852466,0.0057699373,0.007118097
ZJ016559,0.43505827,0.07968057,0.15445599,0.01579817,0.051045608,0.059974097,0.1414585,0.062528804
ZJ016560,0.18234408,0.037210703,0.4524509,0.0030280568,0.12646398,0.051792562,0.14231734,0.0043924055
ZJ016561,0.3509163,0.012567484,0.31126603,0.011298746,0.01584362,0.0068989554,0.23876536,0.052443475
ZJ016562,0.0811002,0.38852614,0.060508575,0.0115332855,0.01033125,0.024260158,0.40710738,0.016633032
ZJ016563,0.35749385,0.034226075,0.2700943,0.022365712,0.0037086615,0.052814007,0.18286435,0.07643303
ZJ016564,0.052622616,0.76257867,0.015494798,0.007428648,0.008788087,0.012598264,0.122106485,0.018382408
ZJ016565,0.053388704,0.0098079275,0.01466839,0.01280178,0.026493283,0.8355331,0.027418071,0.019888757
ZJ016566,0.10101139,0.027164144,0.2905804,0.03590429,0.011307804,0.021887584,0.44699934,0.06514503
ZJ016567,0.27601913,0.02373756,0.23037925,0.087950096,0.021737393,0.020662183,0.04311215,0.29640228
ZJ016568,0.017091533,0.005102964,0.060214814,0.0057585603,0.00315403,0.87295896,0.016052471,0.019666629
ZJ016569,0.08767707,0.043039422,0.5798626,0.010832063,0.016833588,0.026346369,0.18744092,0.047968026
ZJ016570,0.15008324,0.52878165,0.058584277,0.011010488,0.09796015,0.034663312,0.08893984,0.029977068
ZJ016571,0.095497094,0.0019403931,0.34021434,0.1447661,0.08794297,0.2742939,0.0075961533,0.04774902
ZJ016572,0.05156837,0.6071882,0.082623914,0.0129727805,0.0054167854,0.014787995,0.19323789,0.03220408
ZJ016573,0.18247041,0.011354539,0.63330203,0.0060811904,0.0014837051,0.041314375,0.02792997,0.09606378
ZJ016574,0.037225075,0.0026936403,0.18669489,0.21433276,0.00031140647,0.04042636,0.0012808742,0.51703495
ZJ016575,0.04925646,0.0012749342,0.2779242,0.0432832,0.23520486,0.17260942,0.0021855887,0.21826127
ZJ016576,0.31531113,0.36163962,0.03284036,0.14072186,0.010109096,0.009849762,0.018290108,0.11123806
ZJ016577,0.21924876,0.12684543,0.18599173,0.0057769814,0.0039552855,0.010151076,0.3190209,0.12900977
ZJ016578,0.37992558,0.060645804,0.20765096,0.012690417,0.024646495,0.008856419,0.22785093,0.077733405
ZJ016579,0.5032338,0.092480265,0.23735651,0.0052394,0.017624667,0.008851134,0.08718616,0.048028026
ZJ016580,0.10290538,0.19115357,0.113556415,0.04802592,0.0042392868,0.012054446,0.44869682,0.079368204
ZJ016581,0.17466001,0.5866528,0.04447144,0.013684989,0.013660474,0.015417856,0.04526274,0.10618965
ZJ016582,0.016706139,0.009794211,0.011822445,0.001935759,0.01437725,0.9251958,0.016765665,0.0034026778
ZJ016583,0.3955313,0.034911837,0.23282251,0.017388698,0.017950127,0.010464501,0.18545677,0.105474286
ZJ016584,0.10131468,0.010551626,0.09128683,0.44183058,0.006233984,0.31513494,0.016103182,0.017544214
ZJ016585,0.017772125,0.010616656,0.021101587,0.0047064605,0.010639854,0.9102151,0.015719093,0.009229106
ZJ016586,0.25168654,0.06578299,0.25812954,0.008696714,0.0028935645,0.01285696,0.27043808,0.12951562
ZJ016587,0.069906965,0.006595778,0.85338783,0.0004108758,0.0141259935,0.01407431,0.032841783,0.008656445
ZJ016588,0.52212644,0.025996426,0.04548338,0.15952049,0.15895034,0.03415193,0.046640098,0.0071308687
ZJ016589,0.06604114,0.115164876,0.19075498,0.006408181,0.00812426,0.30614045,0.2968837,0.010482425
ZJ016590,0.26435742,0.100287914,0.19303001,0.018984757,0.101090245,0.08555282,0.142086,0.094610855
ZJ016591,0.3793099,0.012048679,0.037498944,0.009584983,0.008403506,0.0110499775,0.5302673,0.011836702
ZJ016592,0.35538673,0.083584994,0.10163522,0.052116636,0.075558,0.08779016,0.13458748,0.109340765
ZJ016593,0.3519883,0.14029679,0.14781432,0.026244618,0.080007285,0.06934905,0.09458804,0.08971161
ZJ016594,0.37919152,0.11604429,0.08592021,0.03592482,0.056938097,0.08671143,0.15376507,0.085504554
ZJ016595,0.07628211,0.023906717,0.4236625,0.009621351,0.013446004,0.043980066,0.39449143,0.0146098025
ZJ016596,0.7889779,0.004363313,0.084634416,0.0054674293,0.057400722,0.025088731,0.027508607,0.0065588662
ZJ016597,0.14852855,0.20964962,0.19121112,0.0220506,0.0056465482,0.005294952,0.39014935,0.027469248
ZJ016598,0.017775998,0.01005651,0.012322343,0.0040823226,0.015724152,0.9150249,0.019783804,0.0052299276
ZJ016599,0.18186776,0.13298836,0.122367024,0.008279468,0.22025767,0.057183933,0.20346737,0.07358845
ZJ016600,0.07175845,0.79553556,0.011492593,0.011191431,0.05338084,0.014862821,0.039182074,0.0025962486
ZJ016601,0.2480948,0.15684605,0.10895745,0.0144012505,0.2423128,0.03943997,0.14771107,0.04223663
ZJ016602,0.40538907,0.11338259,0.12698379,0.037429817,0.036865015,0.04247864,0.16338857,0.07408252
ZJ016603,0.019286644,0.028606232,0.015273797,0.025114069,0.0108845355,0.01209869,0.8594313,0.029304774
ZJ016604,0.09435715,0.05002084,0.20056002,0.42609543,0.039708517,0.0076117795,0.014695622,0.1669507
ZJ016605,0.07206882,0.035829138,0.2349857,0.004708836,0.02007062,0.40447712,0.20782416,0.020035693
ZJ016606,0.3908702,0.0720062,0.21638587,0.018336486,0.056760546,0.030759355,0.16026321,0.054618098
ZJ016607,0.018406576,0.006325675,0.018443981,0.11375075,0.0014869706,0.8162116,0.0071264687,0.018248012
ZJ016608,0.083124414,0.018937515,0.14264911,0.39839703,0.04958077,0.042217012,0.028337674,0.23675643
ZJ016609,0.19290489,0.041878555,0.27304795,0.011983452,0.074747525,0.0716393,0.17386587,0.15993243
ZJ016610,0.3044238,0.13519277,0.22225665,0.036122084,0.081585,0.042455103,0.11430472,0.06365987
ZJ016611,0.09466779,0.062275965,0.2424139,0.008712598,0.12080233,0.23796482,0.20085554,0.03230708
ZJ016612,0.11486901,0.0048296396,0.44843253,0.16145062,0.013583039,0.029870804,0.011259288,0.21570504
ZJ016613,0.00985912,0.0064447094,0.00472654,0.0068807793,0.005728165,0.94940305,0.011680278,0.0052772937
ZJ016614,0.23056555,0.054899275,0.10564983,0.18107627,0.23296267,0.14096704,0.038600918,0.01527841
ZJ016615,0.2167647,0.115988694,0.32284355,0.027059706,0.010388578,0.01358558,0.16574939,0.12761986
ZJ016616,0.30423954,0.007501081,0.40740055,0.020280138,0.014861278,0.049191985,0.17813003,0.018395351
ZJ016617,0.111615755,0.16929218,0.13010038,0.027080612,0.003531608,0.010385154,0.46129373,0.08670057
ZJ016618,0.38766578,0.12527758,0.11640743,0.054314636,0.036359463,0.093033634,0.10529924,0.08164219
ZJ016619,0.2936392,0.025582189,0.06475084,0.2735524,0.21416004,0.09179507,0.031249007,0.0052712685
ZJ016620,0.16200016,0.04854482,0.11444391,0.17760585,0.30817553,0.054079138,0.053393915,0.08175668
ZJ016621,0.2886195,0.0253908,0.05752816,0.3206952,0.24479385,0.03457054,0.024488484,0.003913486
ZJ016622,0.13763413,0.025646495,0.49055457,0.007112067,0.07514549,0.09360679,0.1609456,0.009354823
ZJ016623,0.09875239,0.029505577,0.18051328,0.32425824,0.04824507,0.06779791,0.04928623,0.20164135
ZJ016624,0.28833374,0.07668113,0.28357625,0.0036472029,0.09961554,0.025355391,0.18326904,0.039521746
ZJ016625,0.68269545,0.0016635422,0.02829989,0.16813767,0.002885279,0.016550219,0.0076857824,0.09208213
ZJ016626,0.24442752,0.036279876,0.12990732,0.14278114,0.16046976,0.13305154,0.113410465,0.039672304
ZJ016627,0.015602348,0.003009653,0.023607882,0.004063881,0.00062578404,0.0066797966,0.91917646,0.027234195
ZJ016628,0.5755544,0.021981373,0.040173106,0.008155399,0.12375145,0.08708417,0.110925615,0.032374483
ZJ016629,0.23115015,0.046621244,0.0577922,0.26778677,0.20275778,0.16080448,0.026242323,0.006844989
ZJ016630,0.13634305,0.014995807,0.3248226,0.005724942,0.22796355,0.06471339,0.1793868,0.04604985
ZJ016631,0.2894515,0.011672257,0.17675485,0.33463678,0.005435029,0.02019411,0.007862303,0.15399317
ZJ016632,0.3175321,0.08496547,0.091302246,0.33356217,0.08648054,0.029303476,0.03999712,0.016856898
ZJ016633,0.154663,0.081653826,0.55666214,0.00785908,0.004103778,0.06169474,0.12893721,0.0044262735
ZJ016634,0.25691834,0.20098461,0.120415784,0.024465935,0.12956007,0.063021235,0.12032217,0.0843119
ZJ016635,0.20796134,0.2332999,0.16993108,0.012458506,0.090595804,0.050237536,0.17583965,0.059676178
ZJ016636,0.27135414,0.021885613,0.13317923,0.18647003,0.038723286,0.014384619,0.024148136,0.30985484
ZJ016637,0.24531597,0.04968797,0.28401223,0.016151914,0.038048487,0.0600202,0.18907106,0.11769221
ZJ016638,0.3695835,0.122736655,0.122121744,0.0250879,0.06703905,0.055869155,0.11263193,0.124930084
ZJ016639,0.32069033,0.005162962,0.060489632,0.46063125,0.026340712,0.008332791,0.011035147,0.10731715
ZJ016640,0.19575986,0.22410928,0.112068266,0.0716329,0.0070332764,0.012090153,0.04976534,0.32754087
ZJ016641,0.2775549,0.046176843,0.093234695,0.23607509,0.24811374,0.025993997,0.052489977,0.020360777
ZJ016642,0.35809982,0.027334848,0.050419286,0.27841595,0.18800543,0.06922664,0.024934173,0.0035638064
ZJ016643,0.19615325,0.42949978,0.116271235,0.008771551,0.08822131,0.020166988,0.081395134,0.059520707
ZJ016644,0.19693121,0.06661262,0.27834842,0.011195671,0.062254786,0.07898394,0.2331479,0.07252544
ZJ016645,0.4755712,0.046319243,0.049274486,0.004551366,0.15312757,0.12484676,0.12205828,0.024251131
ZJ016646,0.053487815,0.03947244,0.016263936,0.03458739,0.04492063,0.023306282,0.7424312,0.045530308
ZJ016647,0.12110837,0.00939348,0.18944667,0.39151928,0.0111782905,0.0126895765,0.011834525,0.25282982
ZJ016648,0.2252893,0.034264024,0.46891278,0.0064865733,0.0047357953,0.019263187,0.19538178,0.04566657
ZJ016649,0.09376191,0.0078148935,0.2924402,0.37896523,0.023846546,0.074230455,0.010985654,0.11795514
ZJ016650,0.18548086,0.08285536,0.30063844,0.07727496,0.02927683,0.10331431,0.07747047,0.14368878
ZJ016651,0.3286243,0.1545673,0.19298221,0.01992642,0.10209419,0.014661764,0.12948862,0.057655174
ZJ016652,0.19525084,0.045418818,0.36422083,0.014955133,0.02031793,0.12779692,0.21769746,0.014342079
ZJ016653,0.2834832,0.008514725,0.06837393,0.0017973548,0.60646784,0.011100945,0.016727146,0.0035347936
ZJ016654,0.2419954,0.14138356,0.12655188,0.020548502,0.02303037,0.011568204,0.37878984,0.056132264
ZJ016655,0.7504503,0.08236749,0.035740975,0.005557336,0.009175484,0.021551922,0.047076713,0.048079737
ZJ016656,0.022212474,0.92650306,0.010262189,0.009585467,0.009935561,0.0024131585,0.0116308145,0.007457267
ZJ016657,0.25130516,0.29547453,0.12632723,0.022137994,0.004191082,0.010555526,0.20569201,0.08431645
ZJ016658,0.13704565,0.04286685,0.45429006,0.05195954,0.006715094,0.009108477,0.053243216,0.24477114
ZJ016659,0.019557154,0.05912478,0.39133826,0.0018009128,0.0557583,0.42297745,0.02470475,0.02473836
ZJ016660,0.35519445,0.08118022,0.22625594,0.002783056,0.030023294,0.014678642,0.24738137,0.04250303
ZJ016661,0.29817548,0.01648595,0.44017735,0.05103361,0.008352401,0.07409883,0.031635284,0.08004108
ZJ016662,0.07617518,0.008756097,0.03596636,0.02262111,0.0141816735,0.7650962,0.03913999,0.0380634
ZJ016663,0.027834445,0.025632657,0.058085013,0.0036961993,0.0071851206,0.8437122,0.019872116,0.013982274
ZJ016664,0.077371776,0.011346096,0.36311394,0.10163979,0.1461848,0.088592276,0.043168616,0.16858266
ZJ016665,0.09377495,0.031263728,0.57235104,0.014015205,0.013030414,0.024024727,0.22242728,0.029112678
ZJ016666,0.34720212,0.120575786,0.06443173,0.04729467,0.06657001,0.062201966,0.2269758,0.064747944
ZJ016667,0.46727708,0.09555512,0.120677866,0.030919628,0.043124974,0.043445416,0.12770888,0.07129106
ZJ016668,0.3951691,0.04352185,0.22819477,0.14862783,0.047066256,0.0132218255,0.042505473,0.08169286
ZJ016669,0.08280149,0.03854578,0.3606954,0.003672095,0.26056686,0.07833122,0.15930626,0.016080886
ZJ016670,0.18534857,0.0122997435,0.16889329,0.24903572,0.009999096,0.012194389,0.009775473,0.35245374
ZJ016671,0.09018778,0.006589228,0.5870662,0.054976743,0.0015437856,0.024648407,0.0070768255,0.22791103
ZJ016672,0.19484848,0.012730542,0.07047235,0.011564388,0.58996856,0.09255161,0.009491717,0.01837239
ZJ016673,0.03740726,0.012341138,0.6478288,0.00040059796,0.15942039,0.011277955,0.106061354,0.02526247
ZJ016674,0.010692145,0.0021572255,0.010611849,0.00333766,0.0009249447,0.0055688024,0.95541525,0.011292069
ZJ016675,0.04739626,0.0391489,0.020228233,0.010910729,0.004122198,0.0042884275,0.8349125,0.03899274
ZJ016676,0.2212039,0.067350075,0.23622073,0.010556834,0.020927092,0.046705592,0.38167685,0.01535898
ZJ016677,0.24418332,0.07607562,0.098711655,0.17650995,0.19844109,0.14454623,0.044198953,0.017333202
ZJ016678,0.010131665,0.042802468,0.016245058,0.0058751972,0.0069106487,0.012982488,0.8817348,0.023317691
ZJ016679,0.38822186,0.04871589,0.13161539,0.00478222,0.022319147,0.0947433,0.26967785,0.03992434
ZJ016680,0.3004938,0.12325103,0.11970928,0.039146747,0.04687353,0.06884424,0.19707696,0.1046044
ZJ016681,0.21799949,0.13195339,0.1147298,0.0030733272,0.025781166,0.0052332366,0.46376377,0.03746577
ZJ016682,0.06303455,0.035549894,0.05074207,0.010970223,0.0030280182,0.037088238,0.78484064,0.014746403
ZJ016683,0.15614685,0.06242468,0.33121955,0.037630707,0.02484333,0.1997606,0.1493825,0.038591735
ZJ016684,0.24198619,0.030291583,0.06663703,0.24925335,0.3433294,0.0358517,0.029318538,0.0033322286
ZJ016685,0.112022966,0.037236076,0.21638855,0.014954828,0.01819526,0.018031042,0.49817923,0.08499208
ZJ016686,0.09739148,0.0651106,0.27135918,0.002440451,0.035158627,0.027308088,0.48493114,0.016300436
ZJ016687,0.46305817,0.028583258,0.34496278,0.007189634,0.025663095,0.04612978,0.038794123,0.04561918
ZJ016688,0.24888346,0.06089295,0.34868887,0.009008033,0.051298495,0.11210604,0.14247689,0.026645245
ZJ016689,0.39914098,0.18303145,0.11466302,0.09833727,0.028344572,0.008036731,0.071903884,0.09654209
ZJ016690,0.044065345,0.0058280434,0.34735677,0.13044003,0.05766895,0.16783527,0.006213784,0.24059182
ZJ016691,0.037963238,0.00995204,0.028788393,0.004487671,0.036227133,0.025846276,0.85150594,0.0052292855
ZJ016692,0.07136206,0.0064569167,0.84973544,0.0004805867,0.01725976,0.015106566,0.03128777,0.008310874
ZJ016693,0.06710763,0.025276462,0.24877633,0.010677713,0.029387996,0.5703705,0.024628075,0.023775304
ZJ016694,0.32111707,0.12632832,0.10594397,0.06089398,0.060908835,0.051217455,0.1667399,0.10685047
ZJ016695,0.064631924,0.06434532,0.06081128,0.0049764775,0.05950277,0.031455223,0.6640565,0.050220482
ZJ016696,0.17747907,0.0077982964,0.5229703,0.0033134192,0.003597874,0.12978114,0.14005588,0.015003944
ZJ016697,0.08606408,0.78875333,0.037508238,0.011210214,0.018740566,0.011219918,0.029724954,0.016778724
ZJ016698,0.2682425,0.013667661,0.041891012,0.0054705315,0.54174674,0.09449728,0.019352954,0.015131226
ZJ016699,0.33122337,0.2001834,0.081377715,0.03768592,0.0886903,0.12755367,0.113850355,0.019435234
ZJ016700,0.01483535,0.0070983777,0.018229114,0.005709101,0.006443354,0.91144913,0.019354861,0.016880624
ZJ016701,0.24980232,0.36320886,0.117511585,0.012002182,0.014225613,0.02072569,0.11628569,0.10623805
ZJ016702,0.20837034,0.048056465,0.24700268,0.0051234043,0.006301148,0.1268117,0.3431347,0.015199559
ZJ016703,0.057508633,0.729238,0.14818628,0.008658189,0.0014784596,0.010408072,0.037384663,0.0071376883
ZJ016704,0.055724796,0.0074927825,0.01765966,0.020866176,0.009447304,0.84375226,0.020361086,0.02469596
ZJ016705,0.30928102,0.17145398,0.0460335,0.036206663,0.027466457,0.04046839,0.30732605,0.06176393
ZJ016706,0.30172879,0.0072289235,0.4268882,0.0147956805,0.05785622,0.08644698,0.031549435,0.073505744
ZJ016707,0.09194002,0.1326235,0.29840952,0.0070420876,0.0050434084,0.019418322,0.3918636,0.05365953
ZJ016708,0.2707632,0.03875676,0.11451956,0.2104684,0.03547823,0.010899871,0.028116468,0.29099745
ZJ016709,0.36182034,0.15457767,0.10017789,0.05078958,0.059854448,0.034824993,0.1830398,0.054915268
ZJ016710,0.20459804,0.06901333,0.15583481,0.109260425,0.04588865,0.017181689,0.09709458,0.3011285
ZJ016711,0.11768671,0.07132606,0.37179956,0.00798004,0.005824872,0.18690994,0.16660571,0.0718671
ZJ016712,0.39477453,0.10527932,0.20904393,0.009025338,0.1048084,0.0442922,0.08390708,0.048869204
ZJ016713,0.11137392,0.038086843,0.56141436,0.00052939303,0.096293405,0.016038824,0.12600282,0.050260443
ZJ016714,0.1389809,0.004821863,0.51485837,0.11214264,0.0023890107,0.1020222,0.007184841,0.1176002
ZJ016715,0.32039025,0.014622677,0.26975206,0.011697781,0.19794369,0.05155623,0.036848247,0.09718907
ZJ016716,0.09654171,0.028927274,0.38456875,0.085318275,0.017486075,0.025967196,0.2928672,0.06832351
ZJ016717,0.0862535,0.009704881,0.030995304,0.011527326,0.0017892797,0.0034740837,0.818278,0.03797762
ZJ016718,0.06443222,0.013440325,0.4514525,0.009307424,0.00485608,0.3795173,0.045566753,0.031427443
ZJ016719,0.23449443,0.120152086,0.21955214,0.0027302029,0.015206906,0.14448945,0.1775444,0.08583038
ZJ016720,0.37134385,0.17289378,0.07622417,0.042053625,0.07569753,0.055973098,0.11117394,0.094640076
ZJ016721,0.07752001,0.018796822,0.5100199,0.011559377,0.016969915,0.17641091,0.10591236,0.082810715
ZJ016722,0.019105034,0.039211314,0.029491764,0.009983199,0.017181532,0.8501902,0.013867586,0.020969344
ZJ016723,0.20372175,0.05831154,0.16286388,0.1638702,0.16056089,0.1058678,0.09486115,0.049942765
ZJ016724,0.12747075,0.03922119,0.15777992,0.004926826,0.0042042355,0.03517373,0.6238914,0.0073319487
ZJ016725,0.06547283,0.029681666,0.07903747,0.013738655,0.0083023105,0.72804976,0.03716536,0.03855199
ZJ016726,0.2072284,0.15353759,0.16028394,0.008357457,0.015838873,0.028880136,0.41220847,0.013665142
ZJ016727,0.026134763,0.13482672,0.048046634,0.0029840912,0.025459107,0.731853,0.016074438,0.014621285
ZJ016728,0.36088476,0.033074178,0.06710014,0.20055357,0.21310723,0.039957874,0.07601857,0.009303721
ZJ016729,0.1839687,0.055937923,0.19881026,0.015107617,0.017587239,0.019155143,0.4914048,0.018028315
ZJ016730,0.09887169,0.02878469,0.15338296,0.3441578,0.11379498,0.055852182,0.031848826,0.17330691
ZJ016731,0.36776197,0.028015068,0.05950477,0.15986575,0.28695086,0.063262425,0.028761059,0.0058780718
ZJ016732,0.13314515,0.096327126,0.4804243,0.0039000981,0.060049787,0.0693563,0.14311522,0.013681982
ZJ016733,0.2710552,0.46061718,0.042430706,0.014744468,0.032767244,0.017539557,0.12539668,0.035448976
ZJ016734,0.5021285,0.04714059,0.062070295,0.019530142,0.033859253,0.033176165,0.23392466,0.06817041
ZJ016735,0.03179511,0.01151672,0.030713497,0.010580488,0.04567064,0.020093875,0.8427983,0.006831402
ZJ016736,0.16501877,0.5001993,0.0600821,0.006595906,0.0060019093,0.023957726,0.21960199,0.018542325
ZJ016737,0.37517515,0.07423865,0.12630244,0.018550547,0.08200982,0.06574039,0.18221055,0.075772494
ZJ016738,0.09195562,0.04212139,0.4043296,0.005027301,0.0030294275,0.16372763,0.2234819,0.06632711
ZJ016739,0.079543084,0.16687311,0.028577307,0.015725225,0.0035577316,0.002868061,0.6890435,0.013812007
ZJ016740,0.42109907,0.046276644,0.08116849,0.10498703,0.26865917,0.041868165,0.028855348,0.007086088
ZJ016741,0.34212872,0.11539779,0.11791919,0.06867853,0.032684766,0.08926659,0.15555914,0.07836527
ZJ016742,0.37912512,0.11212297,0.102409184,0.023118379,0.07544255,0.046777625,0.16314635,0.09785782
ZJ016743,0.3529778,0.23593488,0.06940923,0.02868681,0.09085857,0.038423337,0.12827414,0.05543524
ZJ016744,0.7551044,0.0023060662,0.06305965,0.109668404,0.0051962696,0.030154226,0.006140473,0.028370515
ZJ016745,0.160187,0.26578173,0.0894697,0.099312514,0.003981627,0.013708615,0.031336226,0.33622262
ZJ016746,0.6928831,0.030265983,0.047457483,0.009022421,0.09845745,0.017397095,0.04156455,0.062951975
ZJ016747,0.32631886,0.029423308,0.05135763,0.00682455,0.009061729,0.0067273066,0.5650825,0.0052041295
ZJ016748,0.09638738,0.6997883,0.04388786,0.0106407525,0.005707134,0.0131245665,0.051965,0.07849901
ZJ016749,0.07306222,0.033780318,0.25598052,0.009652485,0.0074628918,0.009641219,0.4033439,0.20707639
ZJ016750,0.28800318,0.20850536,0.17360337,0.013200128,0.017376099,0.036231566,0.1572625,0.105817795
ZJ016751,0.08262865,0.30371475,0.33346403,0.029706534,0.0066409786,0.007147797,0.1717542,0.06494307
ZJ016752,0.09336716,0.6365272,0.046586666,0.011931926,0.086708404,0.037512105,0.06238376,0.024982823
ZJ016753,0.06737635,0.6794449,0.043555923,0.0076110386,0.077525795,0.0053579835,0.093487106,0.025640918
ZJ016754,0.22041093,0.014562347,0.42648426,0.022693448,0.07722851,0.10338088,0.026378436,0.10886121
ZJ016755,0.11430116,0.01646385,0.20156032,0.015826523,0.027901484,0.08188416,0.5200043,0.022058276
ZJ016756,0.068872005,0.015118518,0.67267275,0.008410172,0.008568341,0.042235494,0.10210929,0.08201351
ZJ016757,0.07308855,0.7576852,0.034297653,0.01099556,0.05199215,0.01501424,0.04509755,0.011829191
ZJ016758,0.020533247,0.026481317,0.04462684,0.005124532,0.04097931,0.017557165,0.83157444,0.013123052
ZJ016759,0.34674677,0.03999151,0.06689406,0.11991005,0.33524114,0.038664952,0.04771333,0.004838149
ZJ016760,0.1826339,0.08178429,0.39287296,0.008034391,0.0041154674,0.015894976,0.29076523,0.023898821
ZJ016761,0.49582654,0.050133158,0.14857724,0.03987183,0.03336073,0.03878317,0.115287505,0.0781598
ZJ016762,0.1176458,0.05361336,0.11787123,0.32377994,0.027432933,0.021876037,0.020651903,0.31712878
ZJ016763,0.020849291,0.23782198,0.03388467,0.003630499,0.015020012,0.6650503,0.014064593,0.009678684
ZJ016764,0.106364764,0.045465954,0.5162463,0.0048436285,0.07080483,0.09198064,0.15050317,0.013790687
ZJ016765,0.30222586,0.02908057,0.12173297,0.016504642,0.019557245,0.056434914,0.42544392,0.029019885
ZJ016766,0.12794594,0.063281775,0.32733545,0.028112367,0.027296048,0.05401269,0.32907295,0.04294272
ZJ016767,0.30858994,0.18638113,0.10157919,0.018527266,0.24247149,0.025112282,0.08466398,0.03267472
ZJ016768,0.16261789,0.122596785,0.16258451,0.047185477,0.035794016,0.08498989,0.16241086,0.22182053
ZJ016769,0.3671829,0.07100663,0.2362245,0.020893617,0.013968941,0.060287166,0.15189303,0.07854316
ZJ016770,0.3176749,0.17897378,0.10609298,0.038605876,0.054017,0.06846902,0.15208963,0.08407683
ZJ016771,0.13720034,0.02898285,0.15874389,0.33953068,0.044248864,0.037896287,0.031994432,0.22140269
ZJ016772,0.00824474,0.0031983268,0.021965647,0.005915321,0.0031060958,0.9390713,0.0054738503,0.013024731
ZJ016773,0.41922715,0.0426088,0.23284557,0.027345553,0.04581722,0.10844958,0.09535202,0.028354129
ZJ016774,0.14161013,0.08131406,0.28078875,0.00871003,0.019774437,0.114713766,0.3404844,0.01260446
ZJ016775,0.15669684,0.050197743,0.53841716,0.005987175,0.005463313,0.059503637,0.1649462,0.018787917
ZJ016776,0.08495058,0.06842392,0.09364814,0.2771508,0.011812039,0.01386634,0.024962371,0.42518577
ZJ016777,0.008726278,0.0031101392,0.01193091,0.0030542647,0.0050647906,0.009068549,0.9527339,0.00631117
ZJ016778,0.054457285,0.0034529616,0.18272817,0.29045492,0.021144481,0.0036510946,0.004387253,0.43972388
ZJ016779,0.09666949,0.7151918,0.05704241,0.008333538,0.007077567,0.02232428,0.054542564,0.03881841
ZJ016780,0.09948864,0.028673165,0.24223098,0.027268296,0.012624809,0.057112418,0.51822627,0.014375393
ZJ016781,0.10586119,0.48374534,0.22597812,0.0047944826,0.017073894,0.023057574,0.08962282,0.049866665
ZJ016782,0.17678845,0.020547673,0.20739488,0.02498128,0.054421585,0.121649444,0.02523351,0.36898318
ZJ016783,0.08392078,0.25198114,0.109351814,0.02187101,0.0028483407,0.015431735,0.4209501,0.09364511
ZJ016784,0.35413396,0.06940266,0.10300469,0.030915499,0.06240632,0.06362703,0.2624145,0.054095343
ZJ016785,0.036683887,0.01158051,0.023278294,0.009384352,0.0017230839,0.047565266,0.85799557,0.011789001
ZJ016786,0.12466577,0.011405033,0.36443365,0.22149965,0.01732699,0.07505207,0.056714904,0.12890193
ZJ016787,0.12289068,0.013495926,0.5673335,0.005431623,0.0031595954,0.15247919,0.11972306,0.015486334
ZJ016788,0.58477265,0.023107225,0.18533124,0.018505543,0.048452344,0.028685654,0.09174195,0.019403366
ZJ016789,0.08510718,0.767896,0.057210736,0.008972942,0.0050037564,0.015457595,0.0441317,0.01622006
ZJ016790,0.25044551,0.1725502,0.19521761,0.016289704,0.0768315,0.038801968,0.12438497,0.12547858
ZJ016791,0.29139757,0.15412608,0.32179144,0.0053424276,0.021990389,0.07955718,0.11059939,0.015195473
ZJ016792,0.12287507,0.047957752,0.39780635,0.008477523,0.019586436,0.01936199,0.33639616,0.047538694
ZJ016793,0.3148236,0.103604704,0.09815312,0.03275768,0.060057394,0.07931522,0.26988423,0.04140402
ZJ016794,0.06229975,0.002435922,0.14482334,0.24172938,0.0015930936,0.1083049,0.019185275,0.4196283
ZJ016795,0.09632166,0.03865762,0.11031233,0.1266039,0.016344555,0.015390002,0.027807988,0.568562
ZJ016796,0.023228355,0.02845506,0.028545775,0.006437563,0.04529243,0.015098532,0.84595335,0.006988969
ZJ016797,0.31301168,0.030601237,0.04426406,0.019015169,0.01638282,0.012947978,0.5458834,0.017893676
ZJ016798,0.0780071,0.47326398,0.029250827,0.008103897,0.05387014,0.28999326,0.038324405,0.029186431
ZJ016799,0.24149688,0.24587807,0.0777752,0.028049871,0.1553042,0.012137581,0.2009993,0.03835889
ZJ016800,0.13974406,0.24267215,0.123801604,0.034280095,0.013526983,0.024329886,0.07158946,0.35005578
ZJ016801,0.18008985,0.029774036,0.3734384,0.011874518,0.17068137,0.107522644,0.06625953,0.060359698
ZJ016802,0.06805164,0.031598456,0.05696762,0.0249482,0.009918594,0.6969825,0.06076588,0.050767053
ZJ016803,0.20945841,0.21055487,0.2011354,0.01036223,0.080827266,0.02202227,0.12523048,0.1404091
ZJ016804,0.21907139,0.065809004,0.103633136,0.19379249,0.2667579,0.117973305,0.024191456,0.008771265
ZJ016805,0.13799694,0.007341943,0.092095494,0.4112794,0.18695416,0.045291476,0.009233223,0.10980732
ZJ016806,0.80031997,0.002564677,0.030669514,0.04282854,0.0278114,0.005447928,0.0086133825,0.081744574
ZJ016807,0.30028957,0.06539505,0.124235414,0.025020925,0.030032644,0.018125854,0.38971004,0.047190513
ZJ016808,0.31753358,0.023254659,0.23314765,0.00096029474,0.037919275,0.32376096,0.043681074,0.019742522
ZJ016809,0.13441719,0.0069871973,0.14593685,0.5294185,0.014800918,0.0063972273,0.009773929,0.15226813
ZJ016810,0.05537606,0.016869806,0.31730556,0.004287426,0.49280167,0.05992135,0.03295616,0.020482017
ZJ016811,0.18743373,0.444528,0.06844984,0.0075903325,0.026099507,0.00827545,0.23388204,0.02374105
ZJ016812,0.10267545,0.01714889,0.0672975,0.015038442,0.009990421,0.72944707,0.030343568,0.028058622
ZJ016813,0.1028093,0.07152405,0.15860675,0.027971128,0.0042395988,0.023881733,0.517242,0.09372547
ZJ016814,0.17547329,0.012511579,0.092478655,0.36252034,0.0048710173,0.006128662,0.025617462,0.32039893
ZJ016815,0.15925032,0.09409604,0.201657,0.011416846,0.013514234,0.060617395,0.43699974,0.02244846
ZJ016816,0.39376798,0.028426008,0.2223934,0.0132187465,0.17457844,0.054969646,0.046168394,0.066477306
ZJ016817,0.25683224,0.021299953,0.018074427,0.054731857,0.051031284,0.027235022,0.53600127,0.03479402
ZJ016818,0.21675919,0.06919889,0.20637809,0.14176182,0.054537706,0.106078394,0.15806097,0.047224928
ZJ016819,0.26185313,0.07557738,0.1162442,0.020676518,0.05887043,0.07883937,0.33194238,0.055996567
ZJ016820,0.072851576,0.03208584,0.57899046,0.01762048,0.0051419395,0.08317714,0.03699222,0.17314045
ZJ016821,0.7110923,0.0033827482,0.052869778,0.0026215373,0.18016277,0.023511738,0.014074846,0.012284321
ZJ016822,0.5375323,0.02633891,0.13678868,0.04667623,0.02013773,0.05348524,0.037125524,0.1419153
ZJ016823,0.13824777,0.18972746,0.041848186,0.018786533,0.0038764472,0.0036020004,0.5805698,0.023341818
ZJ016824,0.13496536,0.003156323,0.6359285,0.032655273,0.0032964565,0.027501885,0.00557422,0.156922
ZJ016825,0.039182827,0.0078511825,0.22075461,0.46359742,0.038064133,0.013549456,0.012509156,0.20449127
ZJ016826,0.8053924,0.009401427,0.027722394,0.0049336413,0.046170253,0.013250144,0.07927748,0.01385227
ZJ016827,0.20837516,0.09033596,0.34033507,0.004348774,0.03577929,0.10569873,0.20145246,0.013674481
ZJ016828,0.1914215,0.008288143,0.14952733,0.27975324,0.011617768,0.014572029,0.011972196,0.33284783
ZJ016829,0.53871214,0.003740575,0.054338094,0.2639299,0.0044228174,0.013277708,0.0132829435,0.10829587
ZJ016830,0.08670567,0.016115574,0.5219206,0.19407474,0.017750392,0.081024565,0.012790977,0.069617495
ZJ016831,0.020161465,0.010621607,0.030872291,0.008398422,0.0120193325,0.8812177,0.02029868,0.016410492
ZJ016832,0.2593088,0.009267911,0.037692875,0.007475243,0.61809236,0.050238647,0.0071696034,0.010754548
ZJ016833,0.66490525,0.016615253,0.070769146,0.03694484,0.014529076,0.062472023,0.030273877,0.10349048
ZJ016834,0.32504487,0.17485902,0.038682166,0.038565245,0.032667346,0.030321524,0.30801383,0.051846035
ZJ016835,0.3662138,0.04745592,0.14423317,0.004080928,0.016401341,0.13404462,0.25132033,0.036249906
ZJ016836,0.95099485,0.002348062,0.015482702,0.016252236,0.00067003636,0.007389828,0.0014683265,0.0053939386
ZJ016837,0.20655222,0.05131665,0.173501,0.010003372,0.033919454,0.07931329,0.2044227,0.24097134
ZJ016838,0.0976619,0.6471596,0.041997112,0.011453864,0.13126303,0.013455221,0.03963942,0.017369954
ZJ016839,0.088909075,0.025308432,0.37901077,0.05276085,0.009824481,0.017766427,0.35876575,0.067654185
ZJ016840,0.1340339,0.02154466,0.2644418,0.014819682,0.020773398,0.05089787,0.45041832,0.043070342
ZJ016841,0.7090037,0.02118333,0.018614149,0.011097315,0.06275883,0.05702275,0.0799518,0.040368173
ZJ016842,0.36575505,0.12731135,0.15153933,0.02794179,0.16571333,0.028652295,0.104513384,0.028573453
ZJ016843,0.083508305,0.010389046,0.1351511,0.17440066,0.028009748,0.5224673,0.0191622,0.02691163
ZJ016844,0.25557968,0.034252103,0.21564817,0.003475201,0.002126721,0.37634006,0.10346421,0.009113874
ZJ016845,0.15433687,0.003128017,0.44720197,0.0634087,0.008153625,0.25264445,0.010137632,0.0609887
ZJ016846,0.064953215,0.013457067,0.85359746,0.00039687357,0.012955325,0.009065068,0.032079298,0.013495673
ZJ016847,0.33549404,0.01628261,0.42712343,0.024497021,0.009069266,0.07343595,0.05043852,0.063659124
ZJ016848,0.49529383,0.07665292,0.19388093,0.047575053,0.030364512,0.025309237,0.069897115,0.061026353
ZJ016849,0.081493445,0.007998117,0.0146849165,0.6848318,0.15423846,0.04614525,0.009346216,0.0012618029
ZJ016850,0.21451119,0.04689635,0.043318197,0.25789812,0.26755938,0.08201819,0.075014435,0.012784123
ZJ016851,0.10618281,0.023347288,0.48710895,0.089461,0.07743251,0.08486212,0.029316545,0.1022888
ZJ016852,0.07686902,0.016742293,0.5774833,0.1185768,0.02965045,0.043598324,0.06658815,0.0704916
ZJ016853,0.022296965,0.009835042,0.017556272,0.002755276,0.0155988345,0.9110004,0.017873887,0.0030832812
ZJ016854,0.3586595,0.0743955,0.08348898,0.009489307,0.31533444,0.023734057,0.10500331,0.02989495
ZJ016855,0.00041998678,0.00016332477,0.00070125697,0.00016493659,0.9957958,4.069212e-05,0.0025669988,0.00014693849
ZJ016856,0.34397155,0.051981177,0.19379006,0.017317055,0.09058854,0.07715955,0.062191017,0.16300106
ZJ016857,0.049868252,0.033636536,0.11301787,0.3421604,0.021131545,0.006413798,0.01628033,0.4174913
ZJ016858,0.24028616,0.046157,0.48424393,0.011218985,0.007643634,0.034648903,0.1439581,0.031843264
ZJ016859,0.40304017,0.0045425533,0.092097774,0.27585778,0.008622857,0.0072677946,0.007666195,0.20090495
ZJ016860,0.009994219,0.0035299573,0.03020724,0.0036875275,0.015148141,0.9089438,0.01259795,0.015891202
ZJ016861,0.13814144,0.03929342,0.16283095,0.2899979,0.0034384097,0.06297215,0.032502934,0.2708228
ZJ016862,0.21183193,0.4446256,0.084735386,0.015374087,0.004266856,0.007954459,0.15117663,0.080035135
ZJ016863,0.17210254,0.37360638,0.111666165,0.041709654,0.010530162,0.021163398,0.04985327,0.2193685
ZJ016864,0.18237923,0.101804614,0.54144704,0.01211176,0.0025656142,0.006673439,0.1389368,0.014081573
ZJ016865,0.008528612,0.06315333,0.01790114,0.005929959,0.014117689,0.012481266,0.8584555,0.019432565
ZJ016866,0.28112277,0.069642946,0.08291458,0.1884253,0.067068346,0.02604841,0.065825164,0.21895243
ZJ016867,0.41593638,0.047034677,0.16330074,0.0061556855,0.0199029,0.0027522424,0.32011807,0.024799291
ZJ016868,0.325231,0.05055133,0.23304966,0.03278335,0.008998408,0.049932785,0.2539288,0.045524657
ZJ016869,0.13430662,0.0833624,0.21046752,0.012940182,0.048305675,0.052507464,0.4195397,0.038570452
ZJ016870,0.18771598,0.21098465,0.36174643,0.02854934,0.0056782924,0.047745194,0.13630684,0.021273319
ZJ016871,0.26108697,0.34283832,0.15271403,0.012771567,0.058760248,0.035623167,0.11499765,0.021208089
ZJ016872,0.051207263,0.0048588477,0.040753473,0.003933105,0.8695061,0.007386933,0.020468516,0.0018856849
ZJ016873,0.44741794,0.07628222,0.116609626,0.02058743,0.067686886,0.039490227,0.13668834,0.09523734
ZJ016874,0.16697443,0.012468748,0.63348013,0.0029939287,0.0021087087,0.056152355,0.11575856,0.0100630885
ZJ016875,0.09520001,0.028357333,0.3794656,0.095148474,0.014967793,0.036639336,0.30882642,0.041395012
ZJ016876,0.18801902,0.28815216,0.2121244,0.0018165857,0.015814947,0.008949769,0.25290206,0.03222106
ZJ016877,0.67218286,0.0059391535,0.11377021,0.03550332,0.08092069,0.028259888,0.010127069,0.053296823
ZJ016878,0.095185556,0.00989453,0.42044696,0.047657747,0.059827354,0.0311641,0.022794764,0.31302896
ZJ016879,0.22139767,0.26971477,0.10106302,0.14165618,0.053799804,0.01888791,0.07206386,0.121416815
ZJ016880,0.3236994,0.13807076,0.16470206,0.01849826,0.0867007,0.060644113,0.09647292,0.11121175
ZJ016881,0.026993172,0.8812764,0.015334722,0.0057755276,0.030565511,0.008179979,0.028332358,0.0035422835
ZJ016882,0.034429453,0.032703787,0.55948585,0.0023541618,0.039560445,0.08116114,0.23947087,0.010834226
ZJ016883,0.12689133,0.06765103,0.39841267,0.0070889774,0.0034783673,0.015165243,0.32778654,0.053525828
ZJ016884,0.63835305,0.0076615936,0.017077027,0.006950815,0.12173693,0.020404013,0.1702094,0.017607147
ZJ016885,0.43361524,0.089250185,0.08322141,0.054895543,0.06831588,0.04781479,0.16347052,0.05941641
ZJ016886,0.54868037,0.03909032,0.042390533,0.0027308704,0.018423587,0.0032588993,0.32072854,0.024696901
ZJ016887,0.23728111,0.12080033,0.06885141,0.06045196,0.06325756,0.24287103,0.1490477,0.057438925
ZJ016888,0.12054951,0.012062709,0.26768115,0.19849984,0.0334218,0.14633274,0.025551803,0.19590048
ZJ016889,0.27427393,0.1968368,0.21726634,0.010828733,0.07588541,0.017808037,0.1572939,0.049806815
ZJ016890,0.087555826,0.012337252,0.43184468,0.042769883,0.03461012,0.027517581,0.014614716,0.34874997
ZJ016891,0.22341537,0.08393257,0.18172199,0.015872335,0.24942979,0.03965152,0.11146822,0.09450813
ZJ016892,0.41069305,0.06029391,0.21002957,0.03700321,0.08552736,0.061275627,0.080068775,0.055108484
ZJ016893,0.51001525,0.048447832,0.19789316,0.056072596,0.025523119,0.03141438,0.050320342,0.080313295
ZJ016894,0.070686,0.18940063,0.13475974,0.011021274,0.22778064,0.3287064,0.010491485,0.027153825
ZJ016895,0.08967862,0.36086923,0.033454627,0.007193488,0.031351104,0.39353207,0.051286362,0.032634445
ZJ016896,0.06952527,0.059967455,0.13310322,0.013569612,0.07800974,0.054835934,0.5794978,0.0114909625
ZJ016897,0.13093206,0.03206804,0.083050236,0.005194581,0.011295644,0.014303851,0.71310925,0.010046387
ZJ016898,0.1694116,0.0057513076,0.2945403,0.09419405,0.0060568196,0.3909683,0.016131906,0.022945758
ZJ016899,0.5185233,0.030354599,0.17649683,0.010854567,0.007457091,0.04787113,0.18702956,0.021412889
ZJ016900,0.10195831,0.0035182277,0.68675095,0.028731491,0.0017557037,0.04454503,0.002839554,0.12990066
ZJ016901,0.01299694,0.003840279,0.019150143,0.004114459,0.0019289498,0.9263011,0.020038204,0.011629953
ZJ016902,0.92608976,0.0016315154,0.023822237,0.0012637444,0.007682069,0.002363451,0.010726625,0.02642056
ZJ016903,0.13137025,0.02970417,0.402156,0.009716067,0.02257035,0.026229989,0.34227008,0.035983093
ZJ016904,0.3925662,0.017307065,0.27831498,0.042975865,0.027381828,0.0356089,0.047738485,0.15810665
ZJ016905,0.18636647,0.058400713,0.17443182,0.24510778,0.025673011,0.079470366,0.039665543,0.19088435
ZJ016906,0.30127427,0.07066351,0.26995438,0.005497888,0.04581933,0.071727745,0.18085463,0.054208234
ZJ016907,0.79221016,0.005093102,0.036007248,0.017953657,0.09657157,0.01552182,0.024797684,0.011844716
ZJ016908,0.003842366,0.0073208287,0.007730398,0.0017218017,0.010195449,0.010944374,0.94943494,0.008809901
ZJ016909,0.0065545896,0.0021106494,0.037629154,0.002978545,0.0042270543,0.90387803,0.01580726,0.026814608
ZJ016910,0.4421687,0.003255905,0.1900011,0.27167955,0.0016910329,0.059335563,0.0029076927,0.028960446
ZJ016911,0.03034931,0.9048557,0.012863518,0.011331743,0.014176242,0.004205799,0.013602815,0.008614881
ZJ016912,0.25394633,0.053273704,0.42966554,0.024757626,0.0050058523,0.041295405,0.16102892,0.031026589
ZJ016913,0.1640303,0.14142495,0.14769103,0.005979182,0.030471751,0.03687724,0.46729803,0.006227491
ZJ016914,0.0948838,0.10304181,0.14405718,0.15835853,0.01563244,0.002599173,0.043847445,0.4375796
ZJ016915,0.47045082,0.12332518,0.13514318,0.0093171075,0.047817204,0.04473793,0.106126234,0.06308239
ZJ016916,0.16232176,0.039134208,0.2109525,0.12054855,0.055963434,0.09737035,0.037959892,0.27574933
ZJ016917,0.2803352,0.19657256,0.12231027,0.031001464,0.07349899,0.046712354,0.15834515,0.0912241
ZJ016918,0.2835731,0.05720437,0.07027293,0.29549563,0.024582919,0.01645611,0.08641543,0.16599953
ZJ016919,0.7844287,0.0055460134,0.015091906,0.017230697,0.12640886,0.005106218,0.013334875,0.032852728
ZJ016920,0.04471537,0.03335855,0.17051724,0.013950956,0.024311733,0.6355264,0.046809606,0.03081013
ZJ016921,0.26901862,0.21425767,0.15816562,0.051770445,0.1416777,0.033006918,0.054009438,0.07809357
ZJ016922,0.3912778,0.035806246,0.1951155,0.0069517964,0.049140085,0.19688015,0.074979,0.04984943
ZJ016923,0.22295864,0.018065868,0.38221782,0.01812681,0.16446295,0.07247322,0.040304042,0.081390604
ZJ016924,0.14676271,0.13796543,0.13658161,0.049222384,0.010987575,0.011673993,0.340737,0.16606931
ZJ016925,0.018698327,0.009144811,0.016890898,0.0026659966,0.017549084,0.9147386,0.01757489,0.002737428
ZJ016926,0.2936592,0.016605299,0.33228707,0.024882708,0.12474979,0.10699252,0.047413073,0.053410254
ZJ016927,0.10160159,0.03434828,0.25518823,0.0073972307,0.023537677,0.053413916,0.5021297,0.022383409
ZJ016928,0.47995877,0.02605242,0.0831399,0.007347685,0.020144846,0.015533654,0.32813826,0.03968445
ZJ016929,0.21461911,0.15541674,0.06564074,0.023565091,0.03187533,0.039722037,0.37398884,0.09517206
ZJ016930,0.09544507,0.58668804,0.035474658,0.027047524,0.04436399,0.011482422,0.15102495,0.04847333
ZJ016931,0.045398116,0.008285791,0.23916592,0.20363162,0.0055829617,0.0082644,0.0055578426,0.48411343
ZJ016932,0.31860295,0.020564692,0.1507487,0.13953412,0.1938152,0.080900535,0.06475999,0.0310738
ZJ016933,0.059905455,0.12537426,0.05371767,0.03851559,0.003447408,0.03269485,0.6619978,0.02434701
ZJ016934,0.15813994,0.009243283,0.7019434,0.0075532948,0.0010924854,0.020705156,0.022930486,0.07839188
ZJ016935,0.13996002,0.70889795,0.028822843,0.0089431135,0.011756529,0.032548457,0.062735945,0.006335236
ZJ016936,0.3074533,0.07015877,0.13964339,0.021822385,0.06510278,0.04820128,0.20546846,0.14214964
ZJ016937,0.1036644,0.79311764,0.034003615,0.0070058834,0.005508265,0.011291554,0.019777961,0.02563067
ZJ016938,0.023968024,0.030549213,0.08212733,0.021774206,0.0070258966,0.81584334,0.014848466,0.0038635496
ZJ016939,0.35902286,0.03439952,0.32291988,0.021948647,0.02493835,0.029700644,0.18853705,0.018533029
ZJ016940,0.89571476,0.0032348589,0.019745598,0.020523816,0.0119953975,0.0043848455,0.004573117,0.039827578
ZJ016941,0.15114869,0.0058477507,0.20268394,0.3961561,0.0075942567,0.014601853,0.007430101,0.21453732
ZJ016942,0.115418494,0.1612842,0.22949839,0.007380317,0.0018072525,0.05425375,0.3353471,0.09501053
ZJ016943,0.41293475,0.04840109,0.19139665,0.019254612,0.036971092,0.04337086,0.059029892,0.18864103
ZJ016944,0.12763093,0.14749847,0.2091897,0.0330446,0.031214178,0.0716916,0.116215006,0.26351553
ZJ016945,0.13650353,0.1497566,0.30089107,0.0070716282,0.015207839,0.044861052,0.3284392,0.017269066
ZJ016946,0.03455604,0.035786975,0.5367803,0.0016963619,0.040709805,0.08267717,0.2598451,0.007948248
ZJ016947,0.079728395,0.014192239,0.30661634,0.029237334,0.008294762,0.014920537,0.47796714,0.06904324
ZJ016948,0.21189,0.079508014,0.35221913,0.029670922,0.0057436577,0.021623734,0.20419922,0.0951454
ZJ016949,0.055851728,0.020217976,0.52568215,0.015322767,0.12309493,0.07775075,0.05407804,0.12800163
ZJ016950,0.5687563,0.044567168,0.16320786,0.0072671715,0.045705028,0.08645109,0.07428027,0.009765083
ZJ016951,0.107427545,0.0046588765,0.22952768,0.47608852,0.0056474735,0.011683689,0.008642227,0.15632395
ZJ016952,0.32917857,0.06957427,0.22733897,0.026783217,0.11402982,0.07459506,0.080319524,0.07818056
ZJ016953,0.297746,0.11538376,0.31390205,0.0026174288,0.039304197,0.051937126,0.17269202,0.0064174044
ZJ016954,0.18592931,0.1957128,0.25436518,0.029414937,0.015844569,0.040060442,0.23473567,0.043937095
ZJ016955,0.7654882,0.009793383,0.05372504,0.0017785016,0.080192715,0.020805607,0.06180038,0.006416182
ZJ016956,0.17703055,0.14801678,0.20036133,0.0056933244,0.00678997,0.055402268,0.34938788,0.057317894
ZJ016957,0.017239235,0.03727795,0.020167371,0.0028041874,0.8853986,0.008842299,0.026310856,0.001959406
ZJ016958,0.024431894,0.0059175696,0.019044917,0.015255129,0.00694729,0.90086925,0.019183611,0.008350273
ZJ016959,0.09729073,0.005081091,0.3057031,0.031229585,0.05176053,0.46319193,0.012279042,0.033464
ZJ016960,0.37562904,0.04117876,0.10250542,0.018830411,0.014137573,0.015751468,0.38146764,0.050499644
ZJ016961,0.011947428,0.87807035,0.0819336,0.008695425,4.384594e-05,0.0014462849,0.015350656,0.002512418
ZJ016962,0.069840916,0.0044704406,0.037432894,0.6988697,0.023292629,0.079613,0.0035483856,0.08293204
ZJ016963,0.11066383,0.34227446,0.20159787,0.011299141,0.0030327572,0.010667497,0.3119744,0.008490035
ZJ016964,0.14569975,0.6335317,0.0815413,0.013917879,0.024622727,0.018107228,0.05653843,0.02604101
ZJ016965,0.3665979,0.073075764,0.14178066,0.024219988,0.01412086,0.030953182,0.2586373,0.09061436
ZJ016966,0.24490753,0.035690986,0.07390454,0.16332941,0.39623535,0.033388115,0.036399987,0.01614408
ZJ016967,0.062927134,0.18271895,0.070462845,0.00503741,0.014034131,0.31250936,0.29941636,0.052893806
ZJ016968,0.04993293,0.23127314,0.02970471,0.004163579,0.057413824,0.009140818,0.6149394,0.003431594
ZJ016969,0.3871968,0.0638495,0.1945414,0.00576661,0.051723294,0.014140797,0.2599383,0.022843262
ZJ016970,0.102961645,0.21323985,0.51421607,0.0068792985,0.0048054773,0.029138615,0.12486757,0.003891446
ZJ016971,0.31057745,0.03386118,0.16684298,0.0033351139,0.030947678,0.16141011,0.2563307,0.036694795
ZJ016972,0.22002651,0.045388155,0.20575032,0.26220587,0.0052304543,0.028786577,0.037911914,0.19470029
ZJ016973,0.07518517,0.20126571,0.059920117,0.0037880745,0.0107667195,0.045274403,0.57822406,0.02557571
ZJ016974,0.08734599,0.012260306,0.6764699,0.0065139574,0.0031279349,0.013597888,0.12895095,0.07173312
ZJ016975,0.08853195,0.17333451,0.24005155,0.007877403,0.0010318464,0.048597567,0.39451662,0.0460586
ZJ016976,0.3287754,0.42111483,0.029487576,0.01769514,0.07604983,0.010920077,0.086221546,0.029735573
ZJ016977,0.069124386,0.025585605,0.071762875,0.1829847,0.016588867,0.5824897,0.0234631,0.028000738
ZJ016978,0.20684017,0.04061144,0.17541055,0.001796931,0.048809156,0.45778537,0.04092821,0.027818182
ZJ016979,0.23974966,0.14719452,0.16847473,0.01363025,0.15996376,0.120076135,0.108381696,0.042529307
ZJ016980,0.05749826,0.8284072,0.012316131,0.006114984,0.057046592,0.010972278,0.02300109,0.00464344
ZJ016981,0.2864994,0.038851332,0.091026455,0.1695159,0.052131142,0.0120493565,0.02391893,0.32600746
ZJ016982,0.3569914,0.1287151,0.13494286,0.0255,0.09142948,0.116043895,0.07636188,0.07001533
ZJ016983,0.049803577,0.046268098,0.09657371,0.48233035,0.0044324566,0.005839226,0.028974546,0.285778
ZJ016984,0.3912444,0.02284476,0.05055219,0.2595283,0.20152555,0.05026172,0.019317165,0.0047258823
ZJ016985,0.3539886,0.049515907,0.15862693,0.0073670666,0.021167817,0.114091605,0.26786664,0.027375465
ZJ016986,0.21111551,0.052586097,0.024578104,0.42632943,0.19773713,0.052064583,0.031250454,0.0043387106
ZJ016987,0.35083616,0.08739219,0.10951919,0.017822685,0.026274182,0.04312843,0.30909017,0.055936977
ZJ016988,0.3613651,0.06369031,0.08882298,0.15115683,0.19812456,0.06819445,0.05847382,0.010171925
ZJ016989,0.12287294,0.010877968,0.049197786,0.012923749,0.008743942,0.71601325,0.05234166,0.027028749
ZJ016990,0.35509953,0.13597448,0.070672356,0.048531555,0.04742051,0.065687776,0.16698493,0.10962882
ZJ016991,0.013828773,0.0046025957,0.042335432,0.0056091906,0.0025500522,0.8941171,0.014871416,0.022085303
ZJ016992,0.027137691,0.0032637771,0.03334469,0.006974393,0.001652439,0.012613304,0.89461476,0.020398913
ZJ016993,0.36858106,0.03923992,0.11745443,0.012782107,0.026345724,0.040666416,0.33377504,0.061155275
ZJ016994,0.18187004,0.032829758,0.49971312,0.011340871,0.0066662105,0.023064747,0.23548204,0.009033211
ZJ016995,0.05504718,0.06338041,0.19990009,0.021071183,0.32050622,0.16542146,0.14322367,0.031449825
ZJ016996,0.23513943,0.10284909,0.19098532,0.011308112,0.010071394,0.0518484,0.3241214,0.07367691
ZJ016997,0.13121046,0.17386822,0.30474615,0.0069292476,0.068821475,0.033444222,0.2680264,0.012953764
ZJ016998,0.34494147,0.07227025,0.21294442,0.013851434,0.12693377,0.0550562,0.11331962,0.060682822
ZJ016999,0.046938702,0.010852703,0.13171348,0.008130222,0.007036905,0.71384776,0.040334273,0.041145947
ZJ017000,0.1133427,0.46647438,0.23998335,0.005986298,0.0046788296,0.13217324,0.030400133,0.0069611035
ZJ017001,0.14930367,0.03332887,0.20867579,0.20143586,0.01090731,0.01720005,0.028313542,0.35083494
ZJ017002,0.53641003,0.0038537318,0.051463947,0.005673519,0.36287382,0.01796048,0.012356496,0.009407986
ZJ017003,0.13221048,0.007667775,0.5207483,0.014044794,0.14575736,0.112802796,0.017680176,0.04908831
ZJ017004,0.55383116,0.12908287,0.06547827,0.009650436,0.03394569,0.033285256,0.11726411,0.057462156
ZJ017005,0.2823759,0.123789325,0.28529558,0.010848912,0.01113444,0.02797924,0.04196422,0.21661241
ZJ017006,0.346146,0.10030163,0.120056555,0.029653098,0.03266535,0.06276237,0.2435133,0.06490173
ZJ017007,0.2924532,0.012384985,0.46144032,0.021571336,0.039928854,0.080509,0.032015406,0.05969694
ZJ017008,0.19952697,0.059872113,0.21989635,0.017838936,0.020429138,0.12509227,0.24176635,0.11557787
ZJ017009,0.1695029,0.10441213,0.10028335,0.026685962,0.03243361,0.042390123,0.48718247,0.037109457
ZJ017010,0.24890175,0.0038817849,0.13504046,0.46812508,0.03844817,0.03399331,0.009445097,0.062164374
ZJ017011,0.4847391,0.023312157,0.048683118,0.019127622,0.004549979,0.026746372,0.37949038,0.013351244
ZJ017012,0.13071717,0.08339834,0.23544261,0.0042647175,0.063394636,0.24012177,0.22307613,0.019584639
ZJ017013,0.12047055,0.008721633,0.17822523,0.4133137,0.016488573,0.02560091,0.012327018,0.22485238
ZJ017014,0.3048597,0.08900728,0.21617757,0.016805192,0.020162653,0.056597278,0.19265161,0.10373872
ZJ017015,0.1359788,0.060899943,0.39084336,0.028550971,0.008273617,0.0372138,0.29793423,0.040305216
ZJ017016,0.05699748,0.82631624,0.033460032,0.0017250727,0.015187968,0.007450963,0.04871436,0.010147922
ZJ017017,0.19778307,0.026585283,0.042936716,0.16894768,0.35407943,0.042123415,0.15580373,0.011740713
ZJ017018,0.2159366,0.03165998,0.31920776,0.0058460534,0.11323624,0.10557227,0.17605466,0.03248644
ZJ017019,0.3580125,0.1332963,0.14387636,0.013191507,0.014704825,0.0032575943,0.26818255,0.065478384
ZJ017020,0.9213619,0.0073722266,0.02121322,0.0031430796,0.021510027,0.008820076,0.0055272197,0.011052222
ZJ017021,0.17379382,0.14511517,0.06795783,0.01639651,0.014634948,0.006177183,0.54847246,0.027452134
ZJ017022,0.23132446,0.054700416,0.2587012,0.04399323,0.015728889,0.06444922,0.06792096,0.26318163
ZJ017023,0.09146329,0.010943195,0.38360876,0.04037614,0.0102077015,0.019943407,0.38613728,0.05732024
ZJ017024,0.04845149,0.05873445,0.79491585,0.004774341,0.0040434003,0.025079347,0.05989353,0.004107641
ZJ017025,0.3256476,0.09745626,0.21218497,0.003371072,0.015635898,0.0029523708,0.29215217,0.05059961
ZJ017026,0.041772123,0.4995557,0.10941766,0.011752458,0.0029456967,0.008825871,0.3193031,0.006427422
ZJ017027,0.29776055,0.008220149,0.4475907,0.083325975,0.0054099075,0.043202773,0.028373532,0.08611642
ZJ017028,0.1423672,0.1261413,0.36538044,0.00993159,0.011493473,0.098462045,0.21596034,0.030263597
ZJ017029,0.16385008,0.028485125,0.26323527,0.27476928,0.047432292,0.07026795,0.031769082,0.12019092
ZJ017030,0.47681522,0.03127693,0.15110366,0.017558672,0.012522627,0.019954506,0.1638087,0.12695971
ZJ017031,0.15661898,0.09423876,0.29986167,0.19486153,0.099540435,0.016689211,0.0834748,0.05471469
ZJ017032,0.46448454,0.0037394073,0.13712858,0.24674328,0.0025814339,0.048802707,0.005648525,0.09087152
ZJ017033,0.23897259,0.23529771,0.17889358,0.016512226,0.10588638,0.021859368,0.07455508,0.12802307
ZJ017034,0.14305243,0.0039832667,0.22267053,0.38910642,0.049952395,0.06493996,0.023429995,0.10286497
ZJ017035,0.30114695,0.14001091,0.16087896,0.034118824,0.01589453,0.025480077,0.29901847,0.023451285
ZJ017036,0.13137476,0.06292288,0.32877392,0.042820554,0.014659457,0.14814745,0.24783207,0.02346888
ZJ017037,0.0003687425,9.993023e-06,0.004726083,3.0168392e-06,0.9936937,0.00023837248,0.00093922106,2.0918498e-05
ZJ017038,0.33957696,0.31989998,0.047318794,0.09535539,0.020194361,0.019435503,0.02820925,0.13000977
ZJ017039,0.04392962,0.009940227,0.108380824,0.0057473984,0.005839612,0.021595586,0.7883952,0.01617155
ZJ017040,0.1822843,0.19879061,0.1823388,0.035781525,0.028962463,0.054911412,0.07860437,0.23832656
ZJ017041,0.37994653,0.050544247,0.06905323,0.008286069,0.010478653,0.007932468,0.45825717,0.015501626
ZJ017042,0.11015486,0.0042154132,0.39021432,0.020276655,0.008135153,0.019635703,0.0032327848,0.4441351
ZJ017043,0.035610396,0.011935107,0.80747443,0.00050708203,0.026939051,0.0797316,0.023116717,0.014685604
ZJ017044,0.2468829,0.17213011,0.15531975,0.07740815,0.034330502,0.05307659,0.07906322,0.1817888
ZJ017045,0.24391007,0.3680052,0.13896678,0.017438892,0.006746766,0.02424245,0.06419858,0.13649124
ZJ017046,0.079390004,0.18935564,0.1531246,0.03380657,0.18066922,0.3350969,0.007931168,0.020625893
ZJ017047,0.0069451565,0.005658272,0.009069,0.002974133,0.0021480066,0.96895623,0.0029875948,0.0012615987
ZJ017048,0.053570114,0.021888927,0.03170446,0.0072351242,0.001667903,0.0017229463,0.8685014,0.013709128
ZJ017049,0.43866166,0.11428413,0.08165645,0.023014294,0.06876807,0.057178397,0.15842193,0.058015037
ZJ017050,0.2008421,0.03276087,0.15520836,0.4725141,0.050502107,0.0155553,0.038246665,0.034370515
ZJ017051,0.21378268,0.06358124,0.06268795,0.16656601,0.39501873,0.043220866,0.045163993,0.009978523
ZJ017052,0.30314574,0.041862123,0.3167741,0.015974186,0.045215834,0.04579355,0.11241808,0.118816376
ZJ017053,0.28659466,0.012549332,0.37524745,0.065216154,0.0211053,0.03196942,0.03003414,0.17728348
ZJ017054,0.20852146,0.02943097,0.20156837,0.24252293,0.014685717,0.018546812,0.038718875,0.24600486
ZJ017055,0.06259485,0.012896086,0.19071327,0.022098757,0.02187316,0.6007003,0.04408761,0.04503589
ZJ017056,0.07263042,0.36474696,0.16080737,0.011477571,0.0031254408,0.016000101,0.36334035,0.007871792
ZJ017057,0.228414,0.10290652,0.06422934,0.031197121,0.053771883,0.041336108,0.40618482,0.07196023
ZJ017058,0.11244937,0.09842846,0.39569688,0.0032832578,0.045319073,0.12914248,0.17837816,0.037302326
ZJ017059,0.10746512,0.012267824,0.4580065,0.087371014,0.0876706,0.13413031,0.022729868,0.09035875
ZJ017060,0.0008197117,0.00034215808,0.0021519095,2.9815666e-05,0.99392927,0.00035412292,0.002328929,4.412716e-05
ZJ017061,0.22468522,0.055546287,0.074455746,0.1292905,0.332404,0.1361811,0.03884524,0.008591873
ZJ017062,0.018155735,0.009861555,0.072984554,0.007284186,0.011900212,0.8441953,0.020970613,0.01464786
ZJ017063,0.33620965,0.069496706,0.06945395,0.012472725,0.04776752,0.027650185,0.33626696,0.100682355
ZJ017064,0.3606901,0.03745401,0.08322425,0.2550205,0.18368517,0.037607197,0.035392623,0.006926205
ZJ017065,0.12935543,0.016066246,0.0834165,0.429222,0.012451906,0.02636181,0.013772543,0.28935355
ZJ017066,0.12912542,0.04315453,0.21083786,0.26301673,0.0036072603,0.021133997,0.024719533,0.3044047
ZJ017067,0.021173878,0.0012679225,0.090125196,0.39258528,0.19274533,0.07997134,0.0038171473,0.21831392
ZJ017068,0.078326255,0.035830438,0.42469183,0.0070817336,0.027672788,0.022953795,0.36727968,0.03616346
ZJ017069,0.2082511,0.009391681,0.2046058,0.3662922,0.009149741,0.057730794,0.0143384235,0.13024028
ZJ017070,0.5284874,0.050823003,0.10658476,0.021551544,0.036691565,0.04964286,0.14843857,0.057780255
ZJ017071,0.46473813,0.030511126,0.12171116,0.011407411,0.011353103,0.05754432,0.28028128,0.022453504
ZJ017072,0.30330974,0.16411592,0.22755237,0.013048639,0.029226847,0.04336217,0.20286635,0.01651795
ZJ017073,0.13333413,0.081553206,0.051062267,0.018117085,0.012245834,0.023093054,0.6626048,0.017989561
ZJ017074,0.19042103,0.02430662,0.51513463,0.009348713,0.008097602,0.10753775,0.12340391,0.021749714
ZJ017075,0.07702782,0.031958554,0.33919147,0.00992917,0.01735145,0.14218028,0.36116782,0.021193432
ZJ017076,0.05569708,0.016200587,0.35180655,0.0070816446,0.020280818,0.15700735,0.37925476,0.012671221
ZJ017077,0.07944754,0.036343597,0.45569748,0.014294589,0.008711496,0.2676744,0.09229306,0.045537803
ZJ017078,0.057436686,0.0099885035,0.20747223,0.0089799715,0.009851407,0.6257915,0.055377025,0.025102714
ZJ017079,0.06509002,0.083758116,0.0775216,0.13376936,0.012388979,0.017721945,0.036812592,0.57293737
ZJ017080,0.07194231,0.032897774,0.24182841,0.017583946,0.045295756,0.53006446,0.04030976,0.020077586
ZJ017081,0.029344102,0.008334598,0.1570317,0.008221753,0.010223856,0.7296522,0.011252042,0.045939695
ZJ017082,0.1899943,0.06637764,0.37016138,0.012419319,0.018726526,0.057002295,0.25394857,0.031369977
ZJ017083,0.08525987,0.7589701,0.03957498,0.007611112,0.006215649,0.017811518,0.03705383,0.047502995
ZJ017084,0.12484702,0.54826015,0.06815454,0.009134664,0.051484607,0.028409505,0.1412367,0.02847284
ZJ017085,0.15479657,0.46105242,0.08255315,0.017599355,0.009230051,0.008940435,0.13997886,0.12584917
ZJ017086,0.08220998,0.44452897,0.122528434,0.0061534373,0.0029193105,0.04978929,0.28652146,0.0053491034
ZJ017087,0.5407092,0.032923937,0.03328127,0.0029144592,0.0032335597,0.09107052,0.28150067,0.014366507
ZJ017088,0.017462859,0.036499992,0.014646034,0.0050595715,0.002120579,0.834851,0.066285506,0.023074387
ZJ017089,0.36941674,0.038907465,0.33179656,0.009130967,0.014537362,0.02692697,0.13532062,0.073963344
ZJ017090,0.0941955,0.01015051,0.13322367,0.029745946,0.55272293,0.10299445,0.020866662,0.056100335
ZJ017091,0.07341053,0.78253466,0.04472239,0.0114064105,0.0037466541,0.014511421,0.03723164,0.032436263
ZJ017092,0.053821933,0.011131629,0.6065484,0.043384336,0.14240135,0.08811619,0.020638177,0.033957988
ZJ017093,0.0723504,0.010613742,0.11665115,0.7001187,0.0031038679,0.024169618,0.009255955,0.06373655
ZJ017094,0.21880296,0.0045960965,0.1690819,0.07011276,0.016202822,0.48228136,0.017076772,0.021845385
ZJ017095,0.45265463,0.029336127,0.29311875,0.0028562162,0.02039349,0.029274285,0.15279515,0.019571338
ZJ017096,0.16352004,0.0941143,0.080338135,0.39791268,0.11595641,0.0832854,0.04209804,0.022774998
ZJ017097,0.3208466,0.04925094,0.060505223,0.116223305,0.39146113,0.027818333,0.023464007,0.010430409
ZJ017098,0.04757525,0.0030224752,0.30322793,0.1138436,0.00038556772,0.037405886,0.0014044545,0.49313477
ZJ017099,0.17819951,0.033267844,0.66236526,0.0060116826,0.0012857623,0.024139507,0.07487812,0.019852329
ZJ017100,0.07812813,0.016689057,0.11751753,0.014602288,0.008650634,0.700084,0.038912933,0.025415504
ZJ017101,0.42274752,0.044476286,0.19167921,0.016500516,0.026699373,0.089625604,0.18572146,0.022550026
ZJ017102,0.15450948,0.010064545,0.14845742,0.3038547,0.02184571,0.014678812,0.01913573,0.32745364
ZJ017103,0.057861023,0.07042075,0.11201131,0.0052106027,0.0010346672,0.051446833,0.6095757,0.09243916
ZJ017104,0.12341288,0.0043219714,0.22371385,0.5258756,0.022112282,0.058431204,0.011571202,0.030560996
ZJ017105,0.17123303,0.21279763,0.18394952,0.01155061,0.023421142,0.009506944,0.36309642,0.02444474
ZJ017106,0.1213698,0.06126787,0.23184755,0.009514828,0.018458465,0.42074043,0.1177002,0.019100867
ZJ017107,0.94993764,0.005367685,0.01700936,0.0016492241,0.0057005715,0.00748847,0.0061962768,0.006650724
ZJ017108,0.062237494,0.042802896,0.041975405,0.0021925103,0.014876712,0.7866792,0.03643524,0.012800558
ZJ017109,0.055394195,0.008677788,0.8064553,0.00052237196,0.016965425,0.0758256,0.027568202,0.008591051
ZJ017110,0.23649238,0.057010986,0.23071413,0.0041446844,0.07381427,0.040473133,0.2815315,0.075818956
ZJ017111,0.14031549,0.2696935,0.29009283,0.01525067,0.0033759365,0.011115553,0.25716227,0.012993766
ZJ017112,0.1161071,0.17631604,0.0708901,0.010697709,0.017304685,0.011272954,0.58047044,0.016940972
ZJ017113,0.028361613,0.8088227,0.017432315,0.0053554405,0.080906644,0.01161992,0.043941967,0.0035593724
ZJ017114,0.025302999,0.81857646,0.03773826,0.007192551,0.01906055,0.024576427,0.065449476,0.0021032
ZJ017115,0.056870524,0.016727649,0.05542522,0.020761956,0.017026538,0.7396581,0.048122272,0.045407765
ZJ017116,0.32455936,0.13108364,0.21476406,0.01695114,0.012491044,0.030424638,0.14876135,0.12096476
ZJ017117,0.27484688,0.066386834,0.077309854,0.40523145,0.07213528,0.042061556,0.042865604,0.019162577
ZJ017118,0.11106238,0.0330425,0.26919216,0.033979014,0.01158083,0.027945038,0.45024937,0.06294863
ZJ017119,0.20875031,0.004211915,0.20407216,0.49656808,0.020532524,0.020076258,0.010026965,0.0357618
ZJ017120,0.12291884,0.20203468,0.10231241,0.20870313,0.015047059,0.046125397,0.047906563,0.25495192
ZJ017121,0.34710854,0.059693493,0.098933645,0.1819044,0.13858788,0.122174166,0.04179714,0.009800783
ZJ017122,0.068618156,0.0035623643,0.5024519,0.02613985,0.00069428206,0.006866278,0.0049581057,0.3867091
ZJ017123,0.09193537,0.045181345,0.6074648,0.010432591,0.004051243,0.02877833,0.15911193,0.05304442
ZJ017124,0.2731754,0.14993533,0.1309221,0.027935114,0.12339426,0.05994441,0.13545012,0.099243246
ZJ017125,0.05734662,0.0031016713,0.53881544,0.2181713,0.015327981,0.12760486,0.007802345,0.031829823
ZJ017126,0.20932415,0.008771909,0.37067035,0.007015336,0.29506537,0.051304836,0.026959559,0.030888502
ZJ017127,0.08084808,0.0308608,0.27365202,0.00944271,0.008668174,0.09069616,0.48895714,0.016874975
ZJ017128,0.20440128,0.040838394,0.43070242,0.0024095043,0.047234412,0.07962221,0.1872375,0.0075542955
ZJ017129,0.019079434,0.00267062,0.020334683,0.006299682,0.0021484662,0.9367842,0.008052474,0.004630473
ZJ017130,0.13196108,0.019039752,0.10235032,0.012254471,0.013944699,0.64380425,0.050052736,0.026592657
ZJ017131,0.28773665,0.11376659,0.23359159,0.012215112,0.0137506295,0.04242275,0.22055042,0.07596626
ZJ017132,0.14134079,0.08889378,0.29236385,0.006678332,0.002783142,0.023497539,0.4277828,0.016659802
ZJ017133,0.4187067,0.02541963,0.11029252,0.03523515,0.025312947,0.03161284,0.29245728,0.060962927
ZJ017134,0.019816473,0.0064969906,0.087353826,0.0049035246,0.0043262905,0.84691626,0.0137507,0.016435986
ZJ017135,0.09050046,0.0036203777,0.107792445,0.4479679,0.018497052,0.019594993,0.0049214466,0.3071054
ZJ017136,0.052189097,0.0058297813,0.024374364,0.0031908795,0.0030857164,0.645505,0.23979989,0.026025174
ZJ017137,0.010929038,0.013774805,0.030165216,0.007652036,0.005557724,0.91649514,0.007129859,0.008296215
ZJ017138,0.31114832,0.10924184,0.19554774,0.035582714,0.041315213,0.048353624,0.06266604,0.19614449
ZJ017139,0.407919,0.064723186,0.1896105,0.020827688,0.088704966,0.0555917,0.09984925,0.07277375
ZJ017140,0.040684134,0.021876503,0.6056954,0.00746329,0.003963018,0.19364856,0.025648322,0.10102072
ZJ017141,0.22417559,0.50526273,0.11021498,0.0022634838,0.029828914,0.049959466,0.068484664,0.009810187
ZJ017142,0.16506132,0.0058569317,0.18592702,0.50557166,0.00914211,0.0058091464,0.009659358,0.112972446
ZJ017143,0.0856398,0.015279226,0.34487367,0.12599881,0.09901959,0.08504994,0.07691149,0.16722745
ZJ017144,0.06811834,0.1654461,0.27313957,0.006157535,0.020796714,0.31258968,0.082730696,0.07102135
ZJ017145,0.12768246,0.7513082,0.024790397,0.01472833,0.008960423,0.008855782,0.030400945,0.03327344
ZJ017146,0.17430417,0.26370534,0.03902575,0.007122046,0.29481566,0.07232331,0.11342812,0.035275586
ZJ017147,0.26700622,0.039589986,0.1897699,0.015544222,0.019300157,0.03526848,0.41250676,0.021014288
ZJ017148,0.22437336,0.032703098,0.14817236,0.0016658029,0.035526235,0.48302943,0.059996296,0.014533435
ZJ017149,0.20151189,0.19060649,0.28053284,0.0024645235,0.017272046,0.0076765534,0.2735967,0.026339006
ZJ017150,0.3699343,0.029286176,0.0588552,0.26140317,0.2005369,0.04061395,0.035757106,0.0036131577
ZJ017151,0.0307132,0.0104296785,0.67387456,0.00048575952,0.18665119,0.010484321,0.059258826,0.028102491
ZJ017152,0.00012421185,2.372138e-05,0.00091685494,1.8794265e-06,0.9960638,0.0018102307,0.0010528844,6.4252654e-06
ZJ017153,0.34883666,0.0073486157,0.14629598,0.378439,0.01599084,0.045560896,0.010979287,0.04654867
ZJ017154,0.22177044,0.03033861,0.38686898,0.0081290845,0.0041907937,0.05059064,0.25762287,0.04048849
ZJ017155,0.11486005,0.03558532,0.57652086,0.0016190949,0.031471696,0.05277793,0.112660736,0.07450433
ZJ017156,0.01102807,0.0017758447,0.0064981594,0.002980298,0.00075879984,0.0034807662,0.96218866,0.011289386
ZJ017157,0.89968175,0.012689833,0.034826133,0.0052462276,0.0068544396,0.017098265,0.014372203,0.009231136
ZJ017158,0.0668675,0.7927971,0.05299652,0.005777094,0.005315646,0.029434277,0.038379792,0.008432061
ZJ017159,0.1868644,0.4937562,0.0887131,0.017191913,0.011235259,0.025662586,0.060543083,0.11603346
ZJ017160,0.060855385,0.020189486,0.06346225,0.0036801025,0.01713539,0.022860171,0.79980993,0.012007278
ZJ017161,0.15471879,0.022965843,0.5328528,0.014607907,0.0024122263,0.004903622,0.1631481,0.10439067
ZJ017162,0.11308415,0.0037837091,0.27829397,0.160916,0.004862468,0.40133765,0.005980151,0.031741936
ZJ017163,0.26595843,0.007548079,0.10780807,0.40266022,0.032611497,0.008935387,0.011509775,0.16296852
ZJ017164,0.36273018,0.030292658,0.080231756,0.19021793,0.23740923,0.039884605,0.047262624,0.011971063
ZJ017165,0.36796388,0.045310292,0.14801113,0.006232948,0.03842793,0.1353794,0.22156458,0.03710985
ZJ017166,0.3020883,0.05882188,0.35138467,0.01643865,0.0021163772,0.008153949,0.2421437,0.01885247
ZJ017167,0.26684862,0.035279658,0.060334988,0.18233435,0.3886174,0.026400134,0.030072568,0.010112359
ZJ017168,0.2549565,0.043011967,0.08011336,0.24969469,0.20026551,0.12076637,0.037193507,0.013998065
ZJ017169,0.10309415,0.021756275,0.34616697,0.019127626,0.011275452,0.3227515,0.093635924,0.08219209
ZJ017170,0.4551843,0.13432528,0.094032906,0.02220437,0.0492974,0.08762284,0.11163743,0.045695424
ZJ017171,0.05213661,0.25671875,0.10176313,0.032483615,0.38868514,0.05496746,0.09005212,0.023193115
ZJ017172,0.2392076,0.05149702,0.12008784,0.1355311,0.0057881405,0.01025701,0.026361248,0.41127008
ZJ017173,0.107565805,0.012251644,0.19939743,0.44303936,0.011430787,0.059488203,0.016567113,0.15025958
ZJ017174,0.14150481,0.013208546,0.14307381,0.045325983,0.42341843,0.08943774,0.032585938,0.11144474
ZJ017175,0.09683287,0.018166652,0.12590304,0.27169123,0.02408668,0.40982783,0.02133421,0.032157514
ZJ017176,0.3702008,0.017642258,0.39298314,0.031176183,0.021058748,0.04054778,0.036068473,0.090322584
ZJ017177,0.016843615,0.014429569,0.0774831,0.0074655097,0.0077095674,0.8411632,0.009944091,0.024961324
ZJ017178,0.09512692,0.037845116,0.56898725,0.011991064,0.022760348,0.017524939,0.1936892,0.052075222
ZJ017179,0.122739024,0.25899902,0.088190086,0.01516549,0.0024327764,0.011535401,0.42741194,0.07352626
ZJ017180,0.049543075,0.49512288,0.09714721,0.008472331,0.0023948322,0.015460699,0.3244482,0.0074108196
ZJ017181,0.24936926,0.09293616,0.20261103,0.0024369538,0.05424336,0.045659933,0.27671424,0.07602905
ZJ017182,0.08017373,0.024143165,0.65820223,0.020565951,0.011179614,0.074641176,0.046178516,0.084915675
ZJ017183,0.18901698,0.24412432,0.12727971,0.0030824288,0.036674727,0.013898418,0.32512394,0.06079948
ZJ017184,0.33698675,0.07422726,0.13254584,0.026621796,0.13381328,0.08658762,0.14950673,0.059710756
ZJ017185,0.18315303,0.028596437,0.5118688,0.0035712295,0.03745419,0.045889743,0.18113333,0.008333282
ZJ017186,0.1797033,0.012081298,0.14846434,0.32998863,0.015846532,0.012051877,0.013065713,0.28879836
ZJ017187,0.08789674,0.019772153,0.2984297,0.036603846,0.0077049593,0.0214549,0.496026,0.032111667
ZJ017188,0.15316875,0.051889863,0.2970082,0.011316687,0.070801474,0.13121195,0.1815078,0.10309534
ZJ017189,0.16000308,0.6499158,0.05189138,0.008583892,0.026770983,0.004357327,0.081686534,0.016790954
ZJ017190,0.5261967,0.09405682,0.096886925,0.003399238,0.009293573,0.0087287575,0.24743585,0.01400213
ZJ017191,0.6692642,0.002215411,0.015421722,0.0037210602,0.28052765,0.0073239673,0.016728498,0.0047975057
ZJ017192,0.18947724,0.04786161,0.19019984,0.024128469,0.015778083,0.04460055,0.43366525,0.05428896
ZJ017193,0.5454603,0.024544101,0.055963855,0.07712651,0.014815306,0.021933436,0.033556607,0.22659993
ZJ017194,0.011133412,0.029961213,0.045331877,0.0066610267,0.010832088,0.8040583,0.029066289,0.062955774
ZJ017195,0.25429073,0.04558366,0.06599767,0.16529156,0.37762636,0.0496328,0.031326085,0.010251191
ZJ017196,0.056912996,0.0342987,0.11825669,0.39269307,0.0060922625,0.007453158,0.022935245,0.36135784
ZJ017197,0.20551226,0.09183018,0.2393874,0.0012754877,0.016168427,0.028448775,0.40933824,0.00803919
ZJ017198,0.21996638,0.20248334,0.19061427,0.020326149,0.012252465,0.051705144,0.2580955,0.0445568
ZJ017199,0.06410444,0.0065621515,0.3307319,0.20766401,0.022573741,0.15169823,0.019752925,0.19691256
ZJ017200,0.16638197,0.018861454,0.22337164,0.2725122,0.04173806,0.023045659,0.018651305,0.23543769
ZJ017201,0.6972417,0.003758299,0.03941807,0.12724523,0.010409707,0.026539901,0.023095055,0.07229188
ZJ017202,0.31248528,0.13755174,0.12238222,0.03696059,0.048667673,0.06141586,0.18887438,0.09166222
ZJ017203,0.12103531,0.50399965,0.021306988,0.008921223,0.038021505,0.05142403,0.19618712,0.05910421
ZJ017204,0.15777953,0.04855976,0.5752223,0.010755216,0.00424034,0.043854583,0.15292396,0.006664314
ZJ017205,0.22936925,0.051717788,0.26492718,0.027604582,0.008045778,0.040141903,0.3511259,0.027067669
ZJ017206,0.19176504,0.088628285,0.18405409,0.02019852,0.022900177,0.03264903,0.4379698,0.02183507
ZJ017207,0.26293617,0.22687976,0.2307072,0.019634627,0.035219137,0.0126113845,0.043457113,0.1685546
ZJ017208,0.315244,0.06838445,0.095478594,0.20648216,0.035933934,0.014598151,0.027861787,0.23601694
ZJ017209,0.009693396,0.0036580835,0.041233804,0.0027407517,0.0093282955,0.9147114,0.010239108,0.00839509
ZJ017210,0.30119306,0.017879548,0.3275159,0.018535627,0.008033365,0.018837769,0.21635954,0.09164523
ZJ017211,0.077991016,0.016462186,0.14620437,0.3678325,0.06579975,0.06698784,0.022214705,0.23650764
ZJ017212,0.12495702,0.012903731,0.4122032,0.006025447,0.0012541323,0.07254609,0.26545164,0.10465883
ZJ017213,0.08422436,0.009910346,0.2923822,0.14371711,0.011667327,0.012356899,0.008024991,0.4377167
ZJ017214,0.08305754,0.015304108,0.113398254,0.19694084,0.013105625,0.5272945,0.024334239,0.026564905
ZJ017215,0.694974,0.08486998,0.07519107,0.0036725895,0.011990659,0.018051453,0.06258256,0.048667636
ZJ017216,0.15025096,0.298505,0.13424286,0.006053462,0.023514207,0.0145207485,0.21608236,0.15683042
ZJ017217,0.7127294,0.028608073,0.027497258,0.081761226,0.021071415,0.006380345,0.011814539,0.110137865
ZJ017218,0.10991759,0.21378227,0.21641035,0.0068902066,0.008311632,0.014045516,0.25637192,0.1742705
ZJ017219,0.23023134,0.08599517,0.27654916,0.014289775,0.017125161,0.06803469,0.28541586,0.022358835
ZJ017220,0.0965697,0.19036289,0.26973724,0.030073697,0.006000306,0.017587593,0.24362382,0.14604472
ZJ017221,0.23408271,0.064322375,0.11099435,0.035507414,0.062242378,0.021756472,0.31158203,0.15951224
ZJ017222,0.07271894,0.014191954,0.10734678,0.2608621,0.033238173,0.46302983,0.02174894,0.026863279
ZJ017223,0.23704359,0.08053198,0.36816424,0.005816555,0.05350014,0.06486506,0.16886482,0.021213591
ZJ017224,0.05325243,0.01909677,0.13050598,0.004811563,0.009183674,0.035623536,0.74065113,0.006874924
ZJ017225,0.25211057,0.04573544,0.08092362,0.1738064,0.35194433,0.047929753,0.038440943,0.009108927
ZJ017226,0.27158213,0.09945939,0.10773754,0.039518617,0.07617077,0.110110894,0.16198027,0.13344035
ZJ017227,0.027595503,0.013865378,0.091638,0.008512268,0.017080149,0.7935993,0.029165434,0.018543953
ZJ017228,0.015262018,0.91659117,0.0089596035,0.0037061807,0.001596334,0.013772055,0.037334137,0.0027785213
ZJ017229,0.23329115,0.0032826716,0.11283674,0.42707577,0.0782649,0.09335368,0.011509488,0.040385682
ZJ017230,0.04205838,0.02107122,0.16122808,0.011698048,0.032342337,0.66526824,0.038780928,0.02755274
ZJ017231,0.01665965,0.017452514,0.71349674,0.0051516355,0.0115169035,0.1381056,0.036608,0.061008915
ZJ017232,0.18835919,0.011385063,0.04455997,0.0048360885,0.7061622,0.03207403,0.007202703,0.0054207654
ZJ017233,0.016458536,0.017599411,0.034977566,0.025799427,0.005836038,0.86606777,0.01953564,0.013725627
ZJ017234,0.22147945,0.026355082,0.04389399,0.09948563,0.560222,0.027114945,0.017085554,0.0043632966
ZJ017235,0.30932346,0.14159091,0.10631564,0.025631037,0.07244887,0.053732697,0.1846258,0.106331564
ZJ017236,0.048241615,0.009599963,0.32608166,0.28636932,0.028096132,0.02521011,0.024043404,0.25235784
ZJ017237,0.061164644,0.036142632,0.656755,0.0015458674,0.031720027,0.11523736,0.07600647,0.021428052
ZJ017238,0.114999056,0.0046411147,0.26145375,0.29792607,0.005964336,0.2826535,0.009563718,0.022798449
ZJ017239,0.08383194,0.32704848,0.21015958,0.017290961,0.006389437,0.008117761,0.33822638,0.008935489
ZJ017240,0.37365344,0.12138602,0.09677371,0.039379977,0.0408939,0.06751577,0.15374048,0.10665663
ZJ017241,0.10385129,0.026434202,0.06316926,0.007276279,0.008405616,0.010650073,0.76515317,0.015060168
ZJ017242,0.31281614,0.033934254,0.07763134,0.00602641,0.005230678,0.03950147,0.5147471,0.0101125995
ZJ017243,0.09148897,0.03718775,0.1349985,0.026665619,0.00612297,0.05064029,0.6354141,0.01748179
ZJ017244,0.11994892,0.022711396,0.60473055,0.0073623653,0.010184739,0.038834546,0.123669066,0.07255844
ZJ017245,0.27184573,0.06807928,0.20832476,0.103600994,0.0076727737,0.031134821,0.048888847,0.26045275
ZJ017246,0.30379567,0.04953423,0.262249,0.003650262,0.0055871634,0.043595534,0.32132134,0.010266844
ZJ017247,0.4042373,0.071829654,0.104420215,0.011141506,0.040910564,0.11001802,0.2139548,0.043487947
ZJ017248,0.09991532,0.0035688723,0.19035015,0.43377185,0.002281061,0.014698156,0.0056662415,0.24974838
ZJ017249,0.07514525,0.007756923,0.30915055,0.25250503,0.1765916,0.0891118,0.013924971,0.075813845
ZJ017250,0.22335847,0.23638043,0.10748015,0.106445685,0.052146386,0.021264723,0.09283931,0.16008483
ZJ017251,0.5773072,0.05030358,0.09279827,0.011890113,0.019214833,0.08132506,0.15686655,0.010294385
ZJ017252,0.42172682,0.12798646,0.07636877,0.02555941,0.09857777,0.05031269,0.11929367,0.08017442
ZJ017253,0.13085558,0.041558165,0.3100736,0.01144378,0.0026770427,0.014286049,0.29556373,0.19354197
ZJ017254,0.10493196,0.008150758,0.11679973,0.08500577,0.13264234,0.10706888,0.011480716,0.4339199
ZJ017255,0.14571297,0.056683447,0.512613,0.0074025267,0.057766557,0.071048535,0.13450892,0.014264005
ZJ017256,0.0619862,0.008994386,0.09160288,0.009870718,0.0044760904,0.080303416,0.699237,0.043529306
ZJ017257,0.036770828,0.044259008,0.13423787,0.006657115,0.065849654,0.6718684,0.019926287,0.02043089
ZJ017258,0.1785531,0.07188246,0.23524487,0.0056609176,0.013680838,0.022053199,0.43570796,0.037216607
ZJ017259,0.07350916,0.042461008,0.26805812,0.28907028,0.23832332,0.022469647,0.009718771,0.05638971
ZJ017260,0.21719046,0.2964584,0.13724564,0.013921578,0.13075712,0.007903213,0.15465416,0.041869488
ZJ017261,0.2621874,0.050146814,0.10781644,0.008487738,0.023470595,0.087886,0.3976378,0.06236724
ZJ017262,0.21062398,0.079783775,0.06491031,0.013519137,0.04185084,0.009708903,0.49624637,0.083356716
ZJ017263,0.13189656,0.083057694,0.28294775,0.018508706,0.008785807,0.29424933,0.15364222,0.02691193
ZJ017264,0.40594792,0.047731884,0.12752555,0.00671621,0.012110826,0.04404145,0.3272829,0.028643146
ZJ017265,0.2705637,0.14080924,0.25862578,0.03720828,0.0041448385,0.027556432,0.05147081,0.20962088
ZJ017266,0.09078506,0.009269665,0.17937487,0.07659642,0.12434822,0.08429219,0.012244726,0.42308885
ZJ017267,0.025354043,0.008417451,0.015405756,0.0045718127,0.019904489,0.89525807,0.02723924,0.0038491215
ZJ017268,0.3286252,0.019427894,0.053704955,0.28427097,0.24521653,0.03771551,0.027263371,0.0037755868
ZJ017269,0.065209456,0.015072717,0.2793342,0.12176027,0.20082171,0.060352117,0.05773779,0.19971178
ZJ017270,0.299347,0.23029989,0.1379802,0.07983238,0.07579613,0.018036343,0.06950744,0.089200564
ZJ017271,0.18974827,0.64819217,0.022713618,0.038503792,0.032845553,0.011624196,0.017361915,0.039010495
ZJ017272,0.732443,0.00536361,0.060826134,0.0049447436,0.13627918,0.026119873,0.016084684,0.017938828
ZJ017273,0.07704247,0.7978409,0.034626022,0.002813549,0.0023066637,0.032631125,0.015056242,0.037683003
ZJ017274,0.25766593,0.27126873,0.13745825,0.006404033,0.012229692,0.013184713,0.19805375,0.103734896
ZJ017275,0.1951795,0.025837151,0.25041044,0.031237079,0.011760861,0.14861967,0.29608274,0.040872596
ZJ017276,0.09196932,0.04168124,0.19162795,0.008780895,0.016810969,0.5038712,0.07569138,0.06956707
ZJ017277,0.03639575,0.011899931,0.13013592,0.3742502,0.026853982,0.0024159218,0.007022402,0.41102594
ZJ017278,0.1156463,0.020744203,0.12217121,0.34950113,0.032728776,0.02153095,0.010898728,0.32677868
ZJ017279,0.42471462,0.034014087,0.1691236,0.0026124574,0.027397605,0.22792366,0.08415671,0.030057216
ZJ017280,0.1304753,0.018047575,0.5567271,0.055735532,0.04846955,0.06539499,0.029998379,0.0951515
ZJ017281,0.019608255,0.045204848,0.014932397,0.00437751,0.002630451,0.0053946893,0.89923346,0.008618438
ZJ017282,0.33127972,0.019981423,0.15527709,0.009606511,0.0041190768,0.009505495,0.37231925,0.09791146
ZJ017283,0.14059673,0.023540279,0.2604022,0.0012370269,0.034330994,0.01816587,0.5186507,0.0030761822
ZJ017284,0.093834974,0.0043108547,0.42592603,0.3561761,0.029024487,0.039157398,0.007510607,0.044059552
ZJ017285,0.12594248,0.2844823,0.15223442,0.020135952,0.008040271,0.028920932,0.24865557,0.13158801
ZJ017286,0.35531837,0.08228027,0.070261605,0.026992012,0.07922223,0.015522693,0.25736046,0.113042384
ZJ017287,0.04239476,0.5840962,0.077216335,0.018300958,0.008503349,0.014865456,0.21882229,0.035800654
ZJ017288,0.9224339,0.0063917935,0.02306011,0.0015066843,0.007705097,0.0103421165,0.008253503,0.020306744
ZJ017289,0.3989989,0.06781395,0.27442318,0.012043132,0.0832434,0.025786819,0.057158604,0.08053204
ZJ017290,0.22750072,0.041232884,0.06913741,0.17364916,0.4152322,0.042968705,0.026027657,0.004251229
ZJ017291,0.174876,0.22436269,0.26559487,0.00554596,0.013604137,0.11748813,0.08418018,0.11434801
ZJ017292,0.11428789,0.0024962611,0.7530862,0.01712652,0.0018136839,0.025894322,0.002417162,0.082877964
ZJ017293,0.27232274,0.15781245,0.105887994,0.02556676,0.060940653,0.08518783,0.19865656,0.093625024
ZJ017294,0.23936024,0.03764204,0.46999705,0.006013054,0.007900407,0.029187785,0.18452047,0.02537889
ZJ017295,0.34828493,0.0837693,0.06413455,0.043884765,0.03550063,0.0884183,0.30052775,0.035479754
ZJ017296,0.073517434,0.0103799645,0.106082655,0.04366133,0.0016478729,0.70060873,0.009463312,0.054638702
ZJ017297,0.11257396,0.016119301,0.43636563,0.008077103,0.0029576619,0.2522602,0.14806727,0.023578826
ZJ017298,0.03894889,0.8567476,0.028196681,0.003628487,0.020437937,0.019067971,0.026174627,0.006797756
ZJ017299,0.26303133,0.033633146,0.34017283,0.009730975,0.013762106,0.06052058,0.22720627,0.051942766
ZJ017300,0.14876482,0.388361,0.053603478,0.10098571,0.004988255,0.008336707,0.020305937,0.27465412
ZJ017301,0.12054998,0.036005452,0.54770374,0.005650743,0.02489331,0.063182406,0.18954715,0.012467227
ZJ017302,0.27278304,0.108032435,0.25248295,0.008743746,0.027925363,0.05347413,0.14750049,0.12905782
ZJ017303,0.16513547,0.07817945,0.21880661,0.008618679,0.023514306,0.2692807,0.21508853,0.021376248
ZJ017304,0.07648424,0.014633112,0.031034172,0.028452964,0.010881857,0.7619704,0.029450295,0.047092922
ZJ017305,0.16938315,0.20555769,0.28406188,0.008154211,0.035139363,0.0060321856,0.120533474,0.17113811
ZJ017306,0.19122046,0.024103653,0.10419103,0.142708,0.028616825,0.009821694,0.024227023,0.47511134
ZJ017307,0.3486935,0.09197746,0.28037637,0.006225086,0.016139133,0.13938971,0.10515921,0.01203954
ZJ017308,0.0927066,0.009774253,0.38572344,0.1703229,0.0633411,0.2079406,0.015909811,0.054281265
ZJ017309,0.6831379,0.032233544,0.09072548,0.0064351195,0.02192435,0.038055632,0.07067554,0.056812406
ZJ017310,0.03925672,0.082136266,0.33321035,0.0023182132,0.24961556,0.23786445,0.034901027,0.020697368
ZJ017311,0.1419742,0.0039677415,0.4084146,0.027252853,0.0073913983,0.008995962,0.004415334,0.3975879
ZJ017312,0.23562309,0.033826146,0.15068053,0.13188784,0.022855647,0.021620208,0.043768004,0.35973847
ZJ017313,0.22635564,0.050800048,0.30660447,0.0018718413,0.012140903,0.026517114,0.36212718,0.013582787
ZJ017314,0.1423802,0.04547015,0.22649543,0.0036093802,0.10863044,0.027592564,0.42600787,0.019813916
ZJ017315,0.10870614,0.07901881,0.43748575,0.0013409719,0.12517276,0.04124115,0.17561239,0.03142195
ZJ017316,0.33067375,0.13118315,0.11943706,0.026067853,0.07560752,0.0642924,0.16534922,0.08738907
ZJ017317,0.06975011,0.21874341,0.06032804,0.15038861,0.009634435,0.011062448,0.031240152,0.4488528
ZJ017318,0.19875333,0.04301243,0.25324565,0.007691291,0.003778053,0.04297201,0.4389684,0.011578794
ZJ017319,0.091769375,0.04209189,0.03106992,0.029560845,0.012386999,0.7258541,0.038440023,0.02882679
ZJ017320,0.15307865,0.07785315,0.29360622,0.032456793,0.021673528,0.044708744,0.06584749,0.31077543
ZJ017321,0.065850005,0.07634625,0.2555657,0.004093169,0.0830497,0.3643425,0.11484972,0.0359029
ZJ017322,0.7333363,0.01018184,0.06091884,0.009825231,0.033908524,0.059241727,0.08149742,0.0110900905
ZJ017323,0.03237603,0.48974496,0.021755995,0.0077474606,0.012363454,0.42224446,0.0055624507,0.008205198
ZJ017324,0.013545077,0.026859192,0.05997155,0.0047384975,0.005098168,0.8662759,0.0074076345,0.01610408
ZJ017325,0.072298266,0.008710124,0.25576136,0.2616092,0.19300485,0.11883133,0.012373111,0.07741183
ZJ017326,0.017421413,0.0075314506,0.030704089,0.0055098385,0.035667364,0.03250034,0.8638015,0.0068640574
ZJ017327,0.25257307,0.04421539,0.38049692,0.0017818296,0.0054044113,0.022594575,0.27612203,0.01681175
ZJ017328,0.21978112,0.03482926,0.5716665,0.0080664065,0.013427684,0.05940303,0.08732574,0.0055003515
ZJ017329,0.18889144,0.009715285,0.2024417,0.31611115,0.015213673,0.05899192,0.016394245,0.19224061
ZJ017330,0.09699972,0.0062813507,0.11713188,0.3868132,0.11767841,0.022719279,0.008649918,0.24372621
ZJ017331,0.034049787,0.014456607,0.063737184,0.00904913,0.01519588,0.8257061,0.025116371,0.012688889
ZJ017332,0.19925293,0.23075591,0.14050731,0.018742338,0.048818972,0.022041498,0.11839801,0.22148308
ZJ017333,0.45453963,0.07019527,0.16325551,0.0075067403,0.033717643,0.019112745,0.23187378,0.019798663
ZJ017334,0.017088892,0.0065729013,0.0126952175,0.0070715244,0.030953854,0.8972668,0.01693473,0.011416116
ZJ017335,0.17406614,0.16428229,0.16160332,0.027684737,0.05115693,0.14514303,0.23849003,0.03757353
ZJ017336,0.20363824,0.12411865,0.10885756,0.08202865,0.06593316,0.067437,0.24877518,0.09921152
ZJ017337,0.059144843,0.005993272,0.20208322,0.0061601326,0.0011115063,0.06562665,0.6442927,0.015587651
ZJ017338,0.31279334,0.051176038,0.35129875,0.0060471976,0.015651187,0.1007284,0.15221041,0.010094652
ZJ017339,0.38321045,0.11792809,0.13998783,0.016535502,0.07085317,0.060812306,0.13661237,0.074060224
ZJ017340,0.22738057,0.44469622,0.106389485,0.018162608,0.040829886,0.022011202,0.093937,0.04659306
ZJ017341,0.04106968,0.012341565,0.17796414,0.6237479,0.010982236,0.082722284,0.009595997,0.04157628
ZJ017342,0.17472835,0.12053061,0.17307313,0.03908748,0.017002128,0.08827407,0.13538693,0.2519173
ZJ017343,0.03950191,0.009435134,0.05364454,0.004621586,0.008254412,0.01684364,0.85263324,0.015065531
ZJ017344,0.090796426,0.8015883,0.017176487,0.004942845,0.005546622,0.012283624,0.018884897,0.04878084
ZJ017345,0.0008585561,0.000268118,0.0041438835,2.2486998e-05,0.99039614,0.0010076946,0.0032170778,8.60151e-05
ZJ017346,0.081104286,0.08435987,0.30770782,0.011464849,0.059681132,0.18622783,0.24051163,0.028942611
ZJ017347,0.40241522,0.07414316,0.10753823,0.010375423,0.021602107,0.029215787,0.31306276,0.041647352
ZJ017348,0.3131152,0.19788617,0.091869034,0.012458456,0.030578235,0.02623442,0.27469778,0.053160656
ZJ017349,0.03596314,0.00490776,0.011336062,0.010084861,0.010243089,0.89780146,0.02449791,0.00516574
ZJ017350,0.31872624,0.06092367,0.218715,0.005228121,0.025136273,0.025518531,0.27654734,0.06920487
ZJ017351,0.16486226,0.009140752,0.24228509,0.20420794,0.042251125,0.08995777,0.024451884,0.22284321
ZJ017352,0.075933784,0.047149252,0.2581944,0.28589696,0.22055529,0.034635082,0.011922523,0.065712735
ZJ017353,0.32307187,0.030552357,0.4432829,0.005191875,0.009766734,0.11345571,0.060784694,0.0138938865
ZJ017354,0.0895815,0.003011596,0.132688,0.44030282,0.0037375034,0.009771578,0.005716258,0.31519076
ZJ017355,0.14115255,0.0040325453,0.22026432,0.23755227,0.011582955,0.35499206,0.00715314,0.023270119
ZJ017356,0.62004817,0.11582007,0.08868369,0.016614983,0.02657783,0.02950409,0.057761803,0.044989333
ZJ017357,0.22794816,0.06814061,0.22251996,0.0063009406,0.11275576,0.044700637,0.3051918,0.012442096
ZJ017358,0.0845503,0.16842093,0.19600819,0.008374784,0.027479468,0.1900113,0.09048264,0.23467238
ZJ017359,0.30523652,0.041986477,0.2153491,0.011114768,0.046729792,0.12706824,0.21434602,0.03816915
ZJ017360,0.05979739,0.8314185,0.016643884,0.017924927,0.0068897423,0.009079292,0.010919814,0.047326405
ZJ017361,0.17302828,0.011543905,0.6782847,0.007244668,0.0008460983,0.021849936,0.015568506,0.091633834
ZJ017362,0.105795026,0.75025946,0.052411444,0.0030075188,0.009980986,0.044922844,0.017688526,0.015934192
ZJ017363,0.06519014,0.093160205,0.084929325,0.006485885,0.0128101325,0.42427936,0.2624927,0.050652236
ZJ017364,0.28197986,0.06697826,0.28778663,0.09510707,0.026827138,0.074072614,0.040768795,0.12647966
ZJ017365,0.04684339,0.55705,0.16636589,0.0069792704,0.0017327332,0.014507512,0.20241456,0.0041066585
ZJ017366,0.1765209,0.20007211,0.14691779,0.03543327,0.011886783,0.045857776,0.31518146,0.06812997
ZJ017367,0.11503308,0.004618199,0.18180831,0.35709286,0.006999972,0.01077501,0.00794189,0.31573075
ZJ017368,0.08064358,0.011089381,0.16173397,0.11908401,0.0070163715,0.5758242,0.018069915,0.026538521
ZJ017369,0.0145239,0.0072641214,0.031907592,0.008977807,0.0025321452,0.9110117,0.010832654,0.012950047
ZJ017370,0.22011496,0.09382515,0.32398403,0.0038535078,0.024523435,0.03796796,0.23798908,0.057741825
ZJ017371,0.13510253,0.04107961,0.43854398,0.028541122,0.011104311,0.020287568,0.28405634,0.041284498
ZJ017372,0.10638067,0.035634782,0.09641501,0.013583635,0.010234347,0.2351805,0.45186737,0.050703682
ZJ017373,0.100682065,0.016672285,0.18359533,0.164767,0.018619886,0.4289455,0.021619681,0.065098226
ZJ017374,0.24888231,0.012443716,0.05225114,0.017419655,0.007374151,0.023944918,0.6195908,0.018093346
ZJ017375,0.018074693,0.023636708,0.1682901,0.0024780496,0.016560216,0.753653,0.012958007,0.0043491824
ZJ017376,0.15549254,0.03549733,0.23417288,0.020945689,0.013777191,0.01626085,0.4642059,0.059647556
ZJ017377,0.40719768,0.025048986,0.33576337,0.053531688,0.04210947,0.001476619,0.10422442,0.030647736
ZJ017378,0.28035682,0.04538697,0.26386356,0.01518461,0.01142899,0.012024121,0.2608442,0.110910706
ZJ017379,0.1845984,0.0042012013,0.06348546,0.019482609,0.008615017,0.022917742,0.6858562,0.010843297
ZJ017380,0.18167934,0.081428975,0.16314037,0.1793995,0.00977711,0.05356787,0.111501135,0.2195058
ZJ017381,0.35013664,0.0971666,0.122485206,0.01980319,0.09969237,0.062162567,0.14841092,0.10014251
ZJ017382,0.17872648,0.026499337,0.18416542,0.35023367,0.01407516,0.100313954,0.02884257,0.1171434
ZJ017383,0.10846334,0.0031694174,0.5091158,0.028271763,0.002383293,0.011147138,0.0062088165,0.33124042
ZJ017384,0.061748043,0.87120897,0.014681609,0.013154878,0.004819943,0.0051389528,0.012646414,0.016601156
ZJ017385,0.38210973,0.0243069,0.13012116,0.012363699,0.019007133,0.026779845,0.33785692,0.06745464
ZJ017386,0.13068314,0.49308878,0.041282665,0.047406726,0.043223906,0.07880697,0.13254021,0.03296766
ZJ017387,0.098759376,0.12787975,0.035457063,0.022568043,0.0030648476,0.004309604,0.6774746,0.030486682
ZJ017388,0.3336813,0.081779465,0.2802199,0.0024576345,0.025165875,0.017219368,0.25302887,0.0064476086
ZJ017389,0.07278341,0.058955103,0.70616263,0.00064861716,0.029969433,0.028146595,0.09010038,0.013233865
ZJ017390,0.036410615,0.16812786,0.022907572,0.0032422352,0.0032367145,0.03951891,0.7156975,0.010858504
ZJ017391,0.28935882,0.12417711,0.108692884,0.03208722,0.088431895,0.08113467,0.17203507,0.10408225
ZJ017392,0.09928785,0.007072036,0.4809316,0.0379132,0.0004099826,0.012749063,0.0041068965,0.35752928
ZJ017393,0.0100447945,0.004907357,0.0037207834,0.007866332,0.0040133926,0.939007,0.02450791,0.0059324633
ZJ017394,0.07823975,0.16106196,0.12604858,0.025082745,0.0048500304,0.024844533,0.47419775,0.10567461
ZJ017395,0.05271865,0.0064586704,0.04652279,0.013806722,0.013528649,0.7880845,0.045894895,0.032985143
ZJ017396,0.1581707,0.009717514,0.164506,0.28328058,0.010408623,0.013701639,0.014594466,0.34562048
ZJ017397,0.07735138,0.033593252,0.18302523,0.020097196,0.013304821,0.03658524,0.6084825,0.027560418
ZJ017398,0.39136678,0.04805026,0.09410373,0.02731076,0.08164905,0.058655005,0.24562372,0.053240642
ZJ017399,0.5076166,0.016656993,0.05035604,0.0069888434,0.056445908,0.019982154,0.31872356,0.023229957
ZJ017400,0.29083666,0.015672756,0.13320978,0.064402275,0.0029283552,0.1086731,0.015152172,0.3691249
ZJ017401,0.119295575,0.016174896,0.23498861,0.0111770015,0.0018924961,0.11199736,0.47168332,0.03279074
ZJ017402,0.36008182,0.029673962,0.13470016,0.024512079,0.07401019,0.048222512,0.29515085,0.03364838
ZJ017403,0.83245075,0.0037470863,0.07713326,0.009714177,0.0113168415,0.022893209,0.036672138,0.006072511
ZJ017404,0.39460978,0.069028035,0.12948015,0.027568266,0.050546885,0.07148851,0.15493485,0.10234357
ZJ017405,0.098620676,0.092466705,0.46842918,0.048563156,0.013900394,0.012903309,0.22728059,0.037835963
ZJ017406,0.23469251,0.06537253,0.4607355,0.013641969,0.0028471204,0.015184479,0.08762509,0.11990079
ZJ017407,0.12463194,0.005494698,0.13873826,0.3106353,0.0010047478,0.038933676,0.017239435,0.36332193
ZJ017408,0.22627373,0.17446868,0.19010985,0.015525611,0.08929236,0.063646235,0.16766183,0.07302165
ZJ017409,0.52230406,0.00282247,0.07948007,0.004374225,0.3398141,0.024358673,0.010856289,0.015990132
ZJ017410,0.13468514,0.04117122,0.4707941,0.0070423507,0.018698301,0.067139976,0.24327959,0.017189361
ZJ017411,0.70602983,0.017297922,0.040137473,0.093743734,0.018892383,0.008846683,0.01721749,0.09783445
ZJ017412,0.30416197,0.061037917,0.1512261,0.01787069,0.16773787,0.10534336,0.11127903,0.08134303
ZJ017413,0.10616455,0.30002668,0.20159829,0.02315306,0.006822074,0.007702328,0.343428,0.011105047
ZJ017414,0.3054126,0.045266442,0.13494432,0.1584248,0.12345821,0.12278539,0.07122626,0.038481984
ZJ017415,0.4816484,0.08382762,0.06801959,0.00760573,0.101370014,0.06489828,0.1554178,0.03721263
ZJ017416,0.13459274,0.016901836,0.28332004,0.35053575,0.009917308,0.079146415,0.026972976,0.09861294
ZJ017417,0.23359758,0.123687215,0.17417458,0.006901817,0.021720862,0.022822198,0.39767823,0.019417476
ZJ017418,0.37911186,0.13585223,0.10394179,0.015854346,0.14357002,0.008531253,0.11529522,0.09784329
ZJ017419,0.31262666,0.18558206,0.06962569,0.04199723,0.041539416,0.048610352,0.21043979,0.08957881
ZJ017420,0.36421302,0.09574072,0.10399043,0.029290248,0.09286434,0.080031455,0.14048599,0.093383834
ZJ017421,0.30545318,0.029911064,0.054084387,0.19273944,0.31214872,0.050973635,0.048127096,0.006562413
ZJ017422,0.3499216,0.039960954,0.20184158,0.15540701,0.041867714,0.014592869,0.03991079,0.15649742
ZJ017423,0.44305855,0.054775048,0.124380775,0.13670455,0.023377003,0.01872043,0.0657829,0.1332007
ZJ017424,0.17492871,0.0039788047,0.717833,0.008872006,0.0012009103,0.018616796,0.020976057,0.053593714
ZJ017425,0.10941934,0.018915877,0.09209056,0.015866356,0.011453908,0.612067,0.08391821,0.056268837
ZJ017426,0.076868616,0.08218456,0.14345402,0.016473675,0.020284543,0.0054298094,0.50465727,0.1506475
ZJ017427,0.13081194,0.16382304,0.20515716,0.03857526,0.009388583,0.026250124,0.3481394,0.07785449
ZJ017428,0.0674021,0.0050695986,0.86092013,0.00039046232,0.01637659,0.01591758,0.026668565,0.0072549707
ZJ017429,0.5484562,0.0464575,0.13788639,0.0063844076,0.028186506,0.05299554,0.09404668,0.08558683
ZJ017430,0.28566924,0.08510831,0.19617553,0.0299682,0.011883809,0.015102015,0.34747586,0.028617065
ZJ017431,0.22379433,0.010987514,0.43363106,0.014179438,0.0025085532,0.1356224,0.16032766,0.018949047
ZJ017432,0.13747378,0.18712892,0.11209564,0.14864083,0.017354647,0.016821632,0.070497505,0.30998707
ZJ017433,0.06841921,0.0052605667,0.019947505,0.0064427443,0.0032550807,0.0068814065,0.8838522,0.0059412816
ZJ017434,0.047461763,0.05010935,0.020271227,0.006555367,0.0010870829,0.0022212272,0.864157,0.008136961
ZJ017435,0.047640998,0.02455668,0.07923651,0.27299002,0.029439714,0.017427659,0.013850929,0.51485753
ZJ017436,0.021987744,0.029992804,0.2732193,0.22895816,0.06714177,0.010469861,0.0062314584,0.3619989
ZJ017437,0.5765301,0.024045251,0.05359643,0.006006542,0.048930276,0.03774764,0.10047858,0.15266515
ZJ017438,0.09100086,0.005653538,0.17787232,0.40237397,0.0069549675,0.15609555,0.013864648,0.1461841
ZJ017439,0.1669617,0.10720596,0.16250454,0.040741563,0.0054136678,0.0251878,0.3652577,0.12672712
ZJ017440,0.84943366,0.0040723532,0.023454562,0.002983261,0.0786056,0.01811792,0.018631887,0.004700785
ZJ017441,0.10182386,0.4457305,0.16709413,0.013783907,0.009378747,0.04624075,0.20915405,0.0067940736
ZJ017442,0.015170042,0.0046545155,0.051287066,0.0056244903,0.0027682364,0.88875425,0.015960677,0.015780736
ZJ017443,0.30642697,0.10110875,0.18409638,0.032421775,0.0073278486,0.0019306986,0.250762,0.11592557
ZJ017444,0.05897434,0.017471472,0.2592561,0.008230517,0.015431146,0.522439,0.08086951,0.03732787
ZJ017445,0.39366964,0.016274823,0.24751846,0.0411794,0.026264708,0.08481534,0.03958045,0.15069722
ZJ017446,0.16381322,0.21396315,0.20524603,0.013136288,0.004873093,0.046301953,0.07217027,0.28049594
ZJ017447,0.20231989,0.061917692,0.24882202,0.009514773,0.05417672,0.024398055,0.3415345,0.05731638
ZJ017448,0.08753078,0.0036568772,0.5756099,0.053984605,0.00072033925,0.016272722,0.0075348676,0.2546899
ZJ017449,0.15611835,0.058371156,0.20122866,0.0075191027,0.01440838,0.39527082,0.15329835,0.013785177
ZJ017450,0.21515752,0.5619042,0.021599106,0.021887608,0.062294,0.010477979,0.06105686,0.04562274
ZJ017451,0.26004103,0.17756039,0.16528636,0.021982387,0.05186869,0.04411871,0.18441358,0.094728865
ZJ017452,0.096731305,0.009646203,0.39046368,0.0949907,0.0006429881,0.010648924,0.005366117,0.3915101
ZJ017453,0.1933598,0.05551497,0.30734536,0.016118322,0.06262963,0.046823695,0.16771266,0.15049554
ZJ017454,0.5632689,0.0355676,0.054010395,0.0029178024,0.057560973,0.013674609,0.095356084,0.1776436
ZJ017455,0.135396,0.02223517,0.28663412,0.0017137235,0.019656776,0.014342708,0.091366574,0.42865497
ZJ017456,0.24811338,0.010331364,0.49584565,0.06613456,0.010542433,0.053709142,0.025751822,0.08957165
ZJ017457,0.07254064,0.18255109,0.20843747,0.01234449,0.020243552,0.19886097,0.15295735,0.15206447
ZJ017458,0.3328331,0.110956304,0.06055314,0.03950226,0.06271978,0.07184415,0.22598562,0.09560561
ZJ017459,0.111965574,0.1606696,0.15032026,0.0069871778,0.0031128167,0.0063282987,0.5298915,0.030724775
ZJ017460,0.0368194,0.018586466,0.09608515,0.51728576,0.0036345958,0.0047216048,0.01719944,0.30566758
ZJ017461,0.52331775,0.03426093,0.29178515,0.006997163,0.02565638,0.028792692,0.04578108,0.043408882
ZJ017462,0.081340134,0.010016981,0.26306295,0.16032997,0.00301006,0.4372853,0.011655971,0.033298645
ZJ017463,0.055050164,0.11740399,0.104393415,0.043632742,0.0030461827,0.010684299,0.59057,0.07521924
ZJ017464,0.38734436,0.17403407,0.060749844,0.02329986,0.06061954,0.04694741,0.18012722,0.066877685
ZJ017465,0.16552211,0.65644115,0.04788743,0.0092117,0.0124596115,0.0068988735,0.07547986,0.026099194
ZJ017466,0.60062236,0.029982926,0.10442931,0.028164284,0.076931596,0.011574036,0.025330734,0.12296475
ZJ017467,0.11553903,0.009260651,0.5037163,0.037848245,0.04825603,0.040322166,0.015089845,0.22996768
ZJ017468,0.11522246,0.024607196,0.20854169,0.01104533,0.019422237,0.54420644,0.038263943,0.03869066
ZJ017469,0.33512917,0.044799075,0.06144083,0.13029626,0.3399492,0.05523633,0.02807831,0.0050708945
ZJ017470,0.07681983,0.024196368,0.47243732,0.004254976,0.005504816,0.18337399,0.19091143,0.04250128
ZJ017471,0.476128,0.0046075024,0.31030133,0.011097089,0.008630191,0.047061138,0.031379674,0.11079503
ZJ017472,0.04691614,0.031100115,0.050607126,0.0030299553,0.78630364,0.01541272,0.064754985,0.0018753642
ZJ017473,0.052441828,0.0063311746,0.15830033,0.0052593295,0.0014989187,0.044258017,0.7153785,0.01653188
ZJ017474,0.122091286,0.30830032,0.09209556,0.010224271,0.016032867,0.066681854,0.3504867,0.03408711
ZJ017475,0.418924,0.13182802,0.122434705,0.013948672,0.037038106,0.022688523,0.21316332,0.039974604
ZJ017476,0.012718912,0.0013852477,0.009375914,0.0016155676,0.0010810818,0.004206872,0.9599569,0.00965953
ZJ017477,0.07583022,0.012534422,0.3552769,0.24636383,0.014421813,0.076297864,0.05704046,0.16223447
ZJ017478,0.14699517,0.07795566,0.24062388,0.016569717,0.19521873,0.13283163,0.1619678,0.027837409
ZJ017479,0.033028897,0.781284,0.10321138,0.016154421,0.0022270146,0.025268694,0.026395302,0.012430292
ZJ017480,0.013910103,0.010389413,0.009807881,0.005954984,0.0036832355,0.013122611,0.9384529,0.0046788463
ZJ017481,0.0985013,0.27477244,0.13568988,0.010103433,0.0042595402,0.033703566,0.4343619,0.008607916
ZJ017482,0.22116363,0.080863155,0.29247263,0.011724661,0.018320167,0.14213872,0.20714073,0.026176311
ZJ017483,0.36584035,0.26294675,0.08061882,0.026355375,0.045493547,0.02075746,0.12252199,0.075465664
ZJ017484,0.08724012,0.15148278,0.20543388,0.013135582,0.02763035,0.24459563,0.12673724,0.14374441
ZJ017485,0.16394882,0.2734654,0.26770088,0.0046530054,0.014499333,0.0419098,0.17726749,0.05655532
ZJ017486,0.25669545,0.19845277,0.10699341,0.02534894,0.15066904,0.09926487,0.12902431,0.033551265
ZJ017487,0.39200267,0.03706464,0.056054987,0.22946306,0.2161035,0.036185697,0.024366071,0.008759404
ZJ017488,0.4770281,0.14303987,0.1199286,0.011959866,0.045040958,0.023385486,0.09390029,0.085716836
ZJ017489,0.19105145,0.045501783,0.575433,0.009146179,0.0013015026,0.019741474,0.07147336,0.08635119
ZJ017490,0.1570895,0.010120504,0.19676428,0.37502357,0.012088711,0.007968201,0.011988763,0.22895646
ZJ017491,0.34565702,0.09727523,0.10140103,0.026359888,0.055349726,0.104262516,0.21418747,0.055507146
ZJ017492,0.22963732,0.53851545,0.10841337,0.0065558394,0.00084546994,0.07511422,0.032183614,0.0087347375
ZJ017493,0.37079868,0.10278169,0.14590573,0.021459404,0.060844738,0.060693063,0.1878047,0.049712006
ZJ017494,0.11165652,0.16621721,0.25104156,0.017952643,0.010943825,0.035776284,0.3420127,0.06439927
ZJ017495,0.10357933,0.41023165,0.32263982,0.0070867566,0.009388835,0.07527475,0.059297547,0.012501312
ZJ017496,0.3644119,0.042442407,0.12284487,0.0052198935,0.011883591,0.106621385,0.30318782,0.04338816
ZJ017497,0.0807514,0.051528294,0.46513152,0.00614504,0.034757942,0.045483116,0.14222163,0.17398103
ZJ017498,0.266712,0.06566924,0.26533452,0.0044165296,0.039766554,0.05000714,0.2545724,0.053521622
ZJ017499,0.26417673,0.21879302,0.062961906,0.033195607,0.060537335,0.08027085,0.18375842,0.09630617
ZJ017500,0.11404569,0.0068001174,0.12357071,0.4741763,0.022601137,0.0113151055,0.008173772,0.2393172
ZJ017501,0.08247798,0.039267644,0.4347609,0.005757041,0.03480623,0.030078193,0.34320545,0.02964651
ZJ017502,0.24809061,0.060141146,0.038088456,0.023771659,0.08402331,0.036035277,0.4090374,0.1008122
ZJ017503,0.2821072,0.29406863,0.10354066,0.015143134,0.16863255,0.017468443,0.076292224,0.042747132
ZJ017504,0.15487958,0.016345967,0.17307447,0.0072540664,0.005817108,0.06784576,0.5445717,0.030211374
ZJ017505,0.19855429,0.04775432,0.5889168,0.0058185323,0.001791343,0.021090565,0.1159951,0.020079035
ZJ017506,0.29107368,0.05869533,0.08400716,0.081375726,0.34051824,0.08210877,0.053787526,0.008433583
ZJ017507,0.19089691,0.35333145,0.10449256,0.00883493,0.17432372,0.008126609,0.12028647,0.039707314
ZJ017508,0.14760338,0.0037468032,0.18421255,0.40919948,0.013608236,0.20949158,0.009693243,0.02244474
ZJ017509,0.04836573,0.004839215,0.12638405,0.085518025,0.003253588,0.70661837,0.0042208163,0.020800214
ZJ017510,0.13030818,0.10260629,0.13394634,0.017011857,0.008967229,0.13793714,0.44720966,0.02201323
ZJ017511,0.46129268,0.007129022,0.02541286,0.009142076,0.07960233,0.017388629,0.39650527,0.0035271945
ZJ017512,0.03749617,0.036458246,0.017550562,0.038135644,0.0163155,0.016192863,0.78406113,0.053789943
ZJ017513,0.07408625,0.11725862,0.04952267,0.004451906,0.007343801,0.5788174,0.122544594,0.04597471
ZJ017514,0.055139966,0.01553342,0.5404186,0.0014337103,0.012002946,0.09754533,0.19098459,0.08694141
ZJ017515,0.3054954,0.14009213,0.03483518,0.117402345,0.032358192,0.03847306,0.24110106,0.09024258
ZJ017516,0.05490125,0.006044301,0.36901537,0.14813909,0.09918775,0.08999227,0.045367952,0.18735206
ZJ017517,0.011604817,0.007968369,0.02509786,0.0018720183,0.006938893,0.034044065,0.90668595,0.0057880087
ZJ017518,0.24902028,0.070560545,0.33570316,0.09974352,0.013903053,0.09370698,0.09739229,0.039970145
ZJ017519,0.15312569,0.122253634,0.14324248,0.016504856,0.014037507,0.08944028,0.43884206,0.022553552
ZJ017520,0.17867821,0.040542047,0.13252097,0.2355757,0.0717377,0.042671014,0.043103628,0.25517076
ZJ017521,0.0685969,0.02059797,0.124321364,0.19635087,0.019438714,0.51040447,0.02491018,0.035379518
ZJ017522,0.17511682,0.17561144,0.20699687,0.02574315,0.019926084,0.065932415,0.27997977,0.050693393
ZJ017523,0.08907123,0.005516389,0.2235853,0.17570594,0.027646368,0.10976118,0.016463637,0.35225004
ZJ017524,0.12841593,0.020063773,0.06183192,0.007620628,0.003444052,0.026522787,0.7436158,0.0084850695
ZJ017525,0.17667532,0.16096507,0.109165266,0.00871451,0.016350532,0.014158188,0.48742554,0.026545558
ZJ017526,0.16517688,0.074228875,0.26205623,0.007303753,0.023236187,0.026407959,0.42931467,0.012275347
ZJ017527,0.06633698,0.8436963,0.023340227,0.003643821,0.0048841108,0.03895379,0.015355837,0.0037889576
ZJ017528,0.19082467,0.047598705,0.12482882,0.0121803135,0.005800767,0.07171202,0.5363461,0.010708566
ZJ017529,0.16079463,0.09003572,0.21057019,0.020326054,0.030269591,0.01815791,0.42242756,0.047418345
ZJ017530,0.5628298,0.023814313,0.12449519,0.04831917,0.07094005,0.03986057,0.03344181,0.09629908
ZJ017531,0.01627499,0.005949193,0.06637955,0.0075116428,0.012657984,0.8478947,0.027887642,0.015444216
ZJ017532,0.20937976,0.06721293,0.31079197,0.022749651,0.042525787,0.049539607,0.27916163,0.018638708
ZJ017533,0.26584923,0.07125973,0.07127445,0.008727302,0.015023673,0.08653146,0.42225346,0.059080698
ZJ017534,0.17839493,0.1460269,0.50694275,0.0060167015,0.005667363,0.013852317,0.108241074,0.03485799
ZJ017535,0.09960188,0.34339324,0.31105763,0.0056918208,0.008543264,0.073553026,0.14774534,0.010413849
ZJ017536,0.53887117,0.029788442,0.19522935,0.03682185,0.030766485,0.02938755,0.09554169,0.04359344
ZJ017537,0.08038171,0.010058645,0.29266512,0.05994493,0.0019144296,0.011656087,0.008866675,0.53451234
ZJ017538,0.3343677,0.13229927,0.12770472,0.04321219,0.040990356,0.071862884,0.16414514,0.08541771
ZJ017539,0.048487984,0.04677827,0.054613255,0.0069863857,0.11788605,0.017126972,0.70074147,0.007379631
ZJ017540,0.22048126,0.014280921,0.5447046,0.007463338,0.0036839147,0.042139992,0.15794672,0.009299259
ZJ017541,0.45072508,0.052856963,0.16345781,0.07616368,0.08039647,0.015348059,0.042016502,0.119035415
ZJ017542,0.12406025,0.28307706,0.21739906,0.014434639,0.050705876,0.047660667,0.25141287,0.011249541
ZJ017543,0.28269818,0.10951119,0.10111219,0.031912815,0.07887078,0.09822143,0.20538875,0.09228467
ZJ017544,0.33226538,0.16190957,0.13278644,0.0048561166,0.033669285,0.08117687,0.08720111,0.16613519
ZJ017545,0.123126335,0.03307346,0.3893634,0.0060507315,0.010847197,0.02725132,0.39822724,0.0120603405
ZJ017546,0.13717915,0.0074445736,0.7258212,0.008454729,0.001546769,0.029040616,0.0153612215,0.07515174
ZJ017547,0.09884389,0.15675718,0.14561123,0.02582802,0.010567192,0.027690629,0.4533236,0.08137824
ZJ017548,0.34044477,0.1261373,0.16876003,0.036313865,0.10812514,0.029533893,0.11299734,0.07768767
ZJ017549,0.048999757,0.030334825,0.031524744,0.0025443512,0.014423791,0.82353145,0.03768835,0.010952714
ZJ017550,0.12445529,0.0066494895,0.39712965,0.16126162,0.0508347,0.15346263,0.017573895,0.0886327
ZJ017551,0.2323238,0.1348468,0.18771847,0.01650423,0.07395341,0.027788363,0.19375044,0.13311444
ZJ017552,0.01007388,0.011645499,0.018957097,0.002577594,0.074670084,0.021084791,0.84878427,0.012206722
ZJ017553,0.13546734,0.06467237,0.40886614,0.037354343,0.010399703,0.011185676,0.06659658,0.26545784
ZJ017554,0.08146826,0.5319056,0.058325466,0.14952077,0.0033681213,0.007277264,0.013195146,0.15493938
ZJ017555,0.43894,0.03639869,0.21595712,0.0101761045,0.012976289,0.014341706,0.22144854,0.04976152
ZJ017556,0.06185854,0.024791032,0.11988716,0.010562072,0.0050281966,0.66604763,0.08454977,0.027275568
ZJ017557,0.41802806,0.056616705,0.09648022,0.13398078,0.016660728,0.04155799,0.083307885,0.15336767
ZJ017558,0.10694688,0.09400851,0.1831466,0.028251467,0.025977429,0.11010229,0.3717722,0.07979459
ZJ017559,0.06543101,0.008764896,0.1982409,0.030821646,0.027915865,0.63336545,0.008699705,0.026760552
ZJ017560,0.15208787,0.04556032,0.4103485,0.018236522,0.022360899,0.06238464,0.2772089,0.011812304
ZJ017561,0.25492692,0.067268856,0.07838566,0.17638479,0.33169642,0.044460334,0.03497425,0.011902807
ZJ017562,0.038389787,0.014180938,0.06430119,0.33904967,0.033569433,0.0070383507,0.008329839,0.49514082
ZJ017563,0.0184632,0.008484089,0.015647799,0.002183147,0.013283633,0.9207185,0.018245904,0.0029737467
ZJ017564,0.38157287,0.07511398,0.22909157,0.01623767,0.1082012,0.044279493,0.0576317,0.08787153
ZJ017565,0.10049854,0.0068374258,0.6054997,0.058277573,0.0010046632,0.020390574,0.0056605316,0.20183106
ZJ017566,0.1033661,0.009987342,0.28208166,0.46826157,0.0006676401,0.012356922,0.015810544,0.10746824
ZJ017567,0.024600357,0.012828959,0.098301806,0.009464159,0.017954344,0.78912723,0.027645592,0.020077491
ZJ017568,0.030765513,0.03090621,0.032892205,0.004457874,0.0004758277,0.00980693,0.816277,0.074418455
ZJ017569,0.32557702,0.030818706,0.072642386,0.27561992,0.19862585,0.045887038,0.043451726,0.0073773423
ZJ017570,0.02136781,0.01055721,0.013605336,0.004630034,0.011868289,0.91578704,0.018714186,0.00347005
ZJ017571,0.3746527,0.07496079,0.062056005,0.023510896,0.05706792,0.01649172,0.30726597,0.083993934
ZJ017572,0.27336574,0.065953925,0.084789924,0.39662412,0.0854708,0.05232602,0.027677676,0.013791797
ZJ017573,0.2675169,0.015818805,0.4077699,0.004232597,0.01189781,0.010737716,0.2665942,0.015432105
ZJ017574,0.20116584,0.5555834,0.068549685,0.010458871,0.01872117,0.011050553,0.09943913,0.03503134
ZJ017575,0.23627591,0.13511856,0.388487,0.0028339776,0.026981024,0.042336572,0.1626994,0.005267518
ZJ017576,0.12755112,0.016323121,0.25256595,0.10236967,0.15628877,0.051489398,0.025507191,0.2679048
ZJ017577,0.2096573,0.018323123,0.011191641,0.00861081,0.0805794,0.004045238,0.6595133,0.00807918
ZJ017578,0.08131601,0.3738155,0.04958847,0.0053714495,0.0026591993,0.06754075,0.38659936,0.033109184
ZJ017579,0.2295435,0.085314624,0.44018096,0.009031979,0.008693108,0.023079297,0.17635895,0.027797539
ZJ017580,0.22723757,0.046473373,0.21348272,0.0035747732,0.04345126,0.044758048,0.38927564,0.03174659
ZJ017581,0.35134044,0.17771241,0.03265599,0.0616462,0.027064525,0.032054648,0.26276174,0.054764062
ZJ017582,0.0462157,0.045113448,0.06718569,0.014499067,0.009043853,0.7295331,0.035792515,0.052616682
ZJ017583,0.03649594,0.13808165,0.70439804,0.0047729597,0.0025432974,0.005196113,0.091617115,0.01689489
ZJ017584,0.07388406,0.2405063,0.17359017,0.01289595,0.019507987,0.028033568,0.33678442,0.11479758
ZJ017585,0.019148143,0.00825597,0.01323019,0.009984078,0.017619593,0.005800007,0.89690495,0.029057123
ZJ017586,0.0880743,0.7038053,0.08450283,0.005869817,0.0036206376,0.03449955,0.061577685,0.018049879
ZJ017587,0.39764923,0.0961307,0.12832427,0.015471481,0.078432575,0.062449723,0.17875563,0.04278638
ZJ017588,0.23441315,0.13693339,0.14367901,0.01860754,0.011556637,0.09978508,0.3251935,0.02983168
ZJ017589,0.18705286,0.24443458,0.19263412,0.028962689,0.012039236,0.01893083,0.06526396,0.25068173
ZJ017590,0.119923726,0.5266289,0.10403735,0.04522259,0.017474351,0.020553969,0.0456065,0.12055268
ZJ017591,0.071138196,0.01171649,0.38205084,0.018383287,0.12554233,0.2904297,0.02139467,0.07934448
ZJ017592,0.38892737,0.16272597,0.21376057,0.010780358,0.0748131,0.008306549,0.08694983,0.053736296
ZJ017593,0.055631407,0.51066536,0.03439012,0.0034043598,0.10540235,0.25205627,0.01870949,0.019740563
ZJ017594,0.29551366,0.05691423,0.11026209,0.009509948,0.03091264,0.091989785,0.35676447,0.048133183
ZJ017595,0.12639885,0.04538541,0.5523205,0.0052055162,0.013035108,0.10736955,0.11827582,0.032009307
ZJ017596,0.02213443,0.008451209,0.012010976,0.0036767398,0.012907732,0.9206496,0.017089514,0.0030797948
ZJ017597,0.2391134,0.11619523,0.1976844,0.005916544,0.008303684,0.107649565,0.25767985,0.06745733
ZJ017598,0.060433295,0.01044607,0.051030546,0.010790934,0.01177772,0.7648109,0.043873727,0.04683676
ZJ017599,0.01076418,0.007636474,0.020694343,0.010827825,0.0065010944,0.92715144,0.007581994,0.008842604
ZJ017600,0.339894,0.09260032,0.10186625,0.036021773,0.116005726,0.064034276,0.1840747,0.06550294
ZJ017601,0.20053376,0.10886175,0.29925084,0.01811467,0.09503296,0.019269776,0.15206388,0.10687231
ZJ017602,0.34548357,0.09718288,0.32430094,0.0059877094,0.02710801,0.04403436,0.09715733,0.058745213
ZJ017603,0.051834155,0.004483694,0.82590735,0.0004150275,0.021210747,0.066582404,0.023000125,0.0065664905
ZJ017604,0.22745433,0.04820528,0.39924908,0.002425333,0.039842475,0.08232888,0.1928642,0.007630439
ZJ017605,0.5141567,0.054245505,0.033897594,0.0037978198,0.005680248,0.019457098,0.33697128,0.031793725
ZJ017606,0.094878614,0.009980207,0.22376423,0.008375073,0.0014179854,0.06795305,0.5705293,0.02310158
ZJ017607,0.34705183,0.038557827,0.19123158,0.1693567,0.059201393,0.0053426847,0.018997096,0.17026088
ZJ017608,0.134873,0.5773116,0.09461779,0.02776854,0.011531783,0.026539195,0.08838855,0.038969584
ZJ017609,0.11472226,0.23653273,0.2568438,0.0029469873,0.011352541,0.08449156,0.12598169,0.16712843
ZJ017610,0.14881073,0.08474365,0.32273674,0.032508254,0.028989144,0.059217397,0.07821564,0.24477845
ZJ017611,0.17548291,0.004042933,0.15064642,0.17688967,0.0014232424,0.072019376,0.004306506,0.41518894
ZJ017612,0.19647683,0.015168403,0.14179777,0.0018947803,0.49972096,0.011769394,0.117475875,0.015695922
ZJ017613,0.307489,0.13738327,0.102769785,0.031679254,0.15255082,0.1013803,0.12711462,0.039632972
ZJ017614,0.87200826,0.008052599,0.036062405,0.0059488732,0.042650897,0.015800467,0.009718674,0.009757768
ZJ017615,0.24393927,0.124718875,0.44468153,0.003598452,0.03181635,0.052114826,0.055592727,0.043537993
ZJ017616,0.013504661,0.0068383915,0.013608723,0.004617788,0.0043166187,0.007879455,0.9439117,0.005322719
ZJ017617,0.1384302,0.6477821,0.072670445,0.018895276,0.028613044,0.03321708,0.055219166,0.0051727397
ZJ017618,0.3016837,0.0537865,0.058902834,0.15237713,0.35236758,0.037450906,0.036346626,0.007084713
ZJ017619,0.36307046,0.0152366,0.14349008,0.3326749,0.041716807,0.0071418495,0.014760252,0.081909105
ZJ017620,0.017822836,0.021571202,0.011321914,0.007255133,0.003417673,0.0050437916,0.92695063,0.0066168346
ZJ017621,0.2623551,0.16988872,0.14222103,0.011195319,0.02256868,0.047430586,0.24789304,0.096447565
ZJ017622,0.25450745,0.1099862,0.4018117,0.02504265,0.009945662,0.049759425,0.11155854,0.037388343
ZJ017623,0.1982772,0.082505524,0.18400548,0.030973349,0.025888788,0.1040434,0.30218983,0.072116375
ZJ017624,0.09487793,0.019830618,0.29125783,0.018228551,0.007327269,0.01233049,0.4898078,0.06633957
ZJ017625,0.31541193,0.023842668,0.1349211,0.02506102,0.014425065,0.025538832,0.41430765,0.046491742
ZJ017626,0.36555672,0.11346741,0.114796534,0.019348886,0.07654038,0.04103722,0.2085071,0.060745746
ZJ017627,0.09582593,0.058467492,0.39251432,0.017945362,0.0066107796,0.04107251,0.117891595,0.269672
ZJ017628,0.0625009,0.040951453,0.11155231,0.07204364,0.16826744,0.4358279,0.083016604,0.025839698
ZJ017629,0.13279572,0.009070446,0.3288331,0.30825135,0.0037685954,0.09858191,0.016568445,0.10213036
ZJ017630,0.034836095,0.017755631,0.038877223,0.04320393,0.05900161,0.020789701,0.7731171,0.012418757
ZJ017631,0.13371608,0.005301008,0.39784226,0.09571879,0.0068150046,0.31422544,0.01460539,0.03177604
ZJ017632,0.17952067,0.53184736,0.10751664,0.018814763,0.007591079,0.030007329,0.06902109,0.055681035
ZJ017633,0.47111773,0.056418873,0.10807142,0.007579799,0.012061755,0.01034677,0.3202914,0.014112279
ZJ017634,0.26922148,0.06557473,0.13761187,0.013783867,0.04001026,0.20170493,0.24113473,0.030958148
ZJ017635,0.06768181,0.0357224,0.04322043,0.014173043,0.01589152,0.7653328,0.02893787,0.02904011
ZJ017636,0.12723754,0.006474744,0.16016176,0.4352118,0.016238188,0.017165858,0.00981061,0.2276995
ZJ017637,0.14735909,0.10958868,0.22162437,0.036536638,0.0056785285,0.03630943,0.38224912,0.060654152
ZJ017638,0.19577491,0.21541287,0.123978645,0.007962967,0.0072099417,0.027002359,0.40180612,0.020852145
ZJ017639,0.38140276,0.023514528,0.053336225,0.0018540442,0.02268829,0.0028621731,0.48908442,0.025257533
ZJ017640,0.12435289,0.042071145,0.29776976,0.009057774,0.0130363675,0.015183861,0.4601283,0.038399916
ZJ017641,0.08085638,0.81188154,0.013094119,0.0052579497,0.028677816,0.018435368,0.033133797,0.008662979
ZJ017642,0.2138652,0.0032630907,0.16451015,0.33126307,0.004344281,0.009488041,0.0058915284,0.26737466
ZJ017643,0.22023661,0.074920736,0.106002174,0.17461444,0.27544302,0.10699463,0.031820953,0.009967463
ZJ017644,0.29798654,0.042678684,0.06328554,0.11853073,0.40715834,0.0293046,0.03186571,0.009189889
ZJ017645,0.33058468,0.116613574,0.12701559,0.026461203,0.20899759,0.031494815,0.1164555,0.04237704
ZJ017646,0.07642776,0.8136886,0.044098474,0.0038637342,0.0060166526,0.0097697,0.037185874,0.008949266
ZJ017647,0.09029016,0.072302096,0.42036057,0.02236204,0.073232934,0.14790188,0.07201437,0.10153593
ZJ017648,0.18028454,0.03745357,0.14084277,0.19196327,0.20761348,0.13142888,0.06617469,0.04423877
ZJ017649,0.039836552,0.0029315217,0.14098884,0.34600636,0.0033661753,0.014556092,0.006735468,0.44557896
ZJ017650,0.34906438,0.05911475,0.25288847,0.023013007,0.057379086,0.07545433,0.13797888,0.045107022
ZJ017651,0.12326782,0.35242456,0.32317322,0.018011576,0.004838221,0.1145578,0.049620904,0.014105871
ZJ017652,0.12249116,0.66307294,0.0328859,0.016652316,0.015291908,0.0118986145,0.0851181,0.052589126
ZJ017653,0.19455867,0.20219861,0.11604319,0.011869834,0.37668198,0.03252343,0.05678233,0.009341942
ZJ017654,0.012948685,0.0048141642,0.015407365,0.01800538,0.0079574585,0.89098835,0.012269412,0.037609193
ZJ017655,0.15188016,0.022594457,0.21359669,0.20242412,0.0065124175,0.021872552,0.021821149,0.35929844
ZJ017656,0.061684947,0.025898186,0.35987508,0.033318486,0.012315766,0.35251227,0.06886592,0.08552938
ZJ017657,0.07056229,0.028352777,0.4899173,0.004189899,0.0063596014,0.15860634,0.20421311,0.037798677
ZJ017658,0.38398397,0.07600371,0.13300012,0.038233828,0.17337897,0.048717987,0.08965459,0.05702682
ZJ017659,0.18810895,0.011610773,0.53736305,0.028798979,0.006054755,0.063290104,0.02634503,0.13842838
ZJ017660,0.7321037,0.009071266,0.091966726,0.01949933,0.06337854,0.035696417,0.022266528,0.026017519
ZJ017661,0.16031143,0.009494316,0.22134024,0.4300457,0.019156542,0.02508778,0.016219035,0.11834497
ZJ017662,0.24208176,0.010126617,0.4067479,0.016855938,0.003522706,0.05375101,0.24277307,0.024140984
ZJ017663,0.2819339,0.2183668,0.083215185,0.017829705,0.053768285,0.06896502,0.15640676,0.11951436
ZJ017664,0.16805102,0.061446067,0.27679062,0.004204581,0.01460539,0.117905386,0.35018185,0.0068150577
ZJ017665,0.11913206,0.22750029,0.4409204,0.009208394,0.0075590108,0.03474874,0.14496186,0.015969224
ZJ017666,0.20621869,0.0063170777,0.025563229,0.0066606128,0.003407063,0.0030792023,0.7273143,0.021439822
ZJ017667,0.022503698,0.17575023,0.10358529,0.006248772,0.01454718,0.5649644,0.05925231,0.053148143
ZJ017668,0.274691,0.364724,0.09056384,0.0134559125,0.04919759,0.027019812,0.14123392,0.039113887
ZJ017669,0.13395372,0.07012531,0.42722073,0.004936637,0.0017045115,0.017033087,0.3182005,0.026825506
ZJ017670,0.12380117,0.046673667,0.14487056,0.28093117,0.06421735,0.03149217,0.030863337,0.27715054
ZJ017671,0.49096158,0.04469412,0.039781585,0.026686078,0.0043852823,0.07129559,0.27991503,0.04228068
ZJ017672,0.16437009,0.15080251,0.21871486,0.03653604,0.0111678615,0.096443705,0.09452662,0.22743833
ZJ017673,0.10436251,0.021644356,0.14028174,0.37688816,0.058176894,0.02889121,0.03717058,0.23258454
ZJ017674,0.032359846,0.030014131,0.08987284,0.008524364,0.022154508,0.75569326,0.026086621,0.035294473
ZJ017675,0.9284823,0.002484283,0.015788816,0.002329908,0.03282306,0.011955231,0.004021356,0.002115044
ZJ017676,0.16494745,0.18708543,0.21545166,0.02178444,0.022288116,0.059054196,0.27068433,0.058704376
ZJ017677,0.1269651,0.059167076,0.22681378,0.006158311,0.08769581,0.12546708,0.26267266,0.105060175
ZJ017678,0.031751223,0.9118626,0.017050305,0.006155456,0.0043766857,0.007974533,0.016260713,0.0045684576
ZJ017679,0.03408689,0.2746232,0.47799665,0.0067540477,0.0012430875,0.0028298115,0.18363616,0.018830221
ZJ017680,0.18255742,0.03907285,0.26806983,0.025903523,0.030621983,0.087135226,0.33053547,0.036103737
ZJ017681,0.37518737,0.05762947,0.113606855,0.007843773,0.013386243,0.03697721,0.36784574,0.027523361
ZJ017682,0.38612288,0.20997916,0.11771789,0.012357936,0.13899949,0.008690929,0.04594399,0.0801877
ZJ017683,0.30316857,0.042140514,0.08014853,0.16250502,0.22476889,0.11445669,0.047145482,0.025666337
ZJ017684,0.15930632,0.07578314,0.29389313,0.010905534,0.057575706,0.15212579,0.13763015,0.11278022
ZJ017685,0.116509624,0.0079618,0.49832967,0.061849076,0.00066315895,0.015436231,0.006496999,0.29275346
ZJ017686,0.02351652,0.009226112,0.59876496,0.006018286,0.010557641,0.21515338,0.09077048,0.045992635
ZJ017687,0.009411735,0.011246957,0.3042656,0.003258277,0.0019471388,0.6226753,0.007496921,0.039698057
ZJ017688,0.19787715,0.027150445,0.0800973,0.18665436,0.42568657,0.041383438,0.028784862,0.012365917
ZJ017689,0.29388177,0.1530505,0.2289281,0.020562286,0.0034449056,0.15431689,0.12975988,0.016055658
ZJ017690,0.37326598,0.06736215,0.25319514,0.041994255,0.055370055,0.0946613,0.07062955,0.043521527
ZJ017691,0.027444262,0.0040151146,0.25519398,0.0018581108,0.036641624,0.06378938,0.60774016,0.003317375
ZJ017692,0.35402542,0.0080520045,0.3532737,0.028623957,0.051913045,0.14886583,0.023365093,0.031880938
ZJ017693,0.021266762,0.008193873,0.014796964,0.002881809,0.019744638,0.9093408,0.020468727,0.003306398
ZJ017694,0.08588045,0.016643269,0.32152784,0.036481667,0.009033372,0.009988462,0.46481037,0.055634566
ZJ017695,0.054524176,0.35241222,0.15269513,0.008944301,0.0027553183,0.010397225,0.41300684,0.0052647656
ZJ017696,0.009543547,0.0032246383,0.016213745,0.0090616215,0.005212088,0.92144954,0.015339302,0.019955445
ZJ017697,0.013887893,0.011606406,0.006748418,0.022847349,0.011582963,0.008000429,0.8890007,0.036325786
ZJ017698,0.34260917,0.012324942,0.0268854,0.0034851928,0.0020165308,0.016232507,0.5903699,0.00607644
ZJ017699,0.208212,0.1760387,0.12056492,0.0221459,0.18661174,0.10992444,0.11470305,0.061799284
ZJ017700,0.08656377,0.0046999506,0.31568217,0.2858779,0.046188515,0.15004022,0.02163297,0.08931447
ZJ017701,0.31297746,0.15542509,0.07282586,0.030862829,0.06525921,0.046861954,0.18845183,0.12733574
ZJ017702,0.06991455,0.005498369,0.358989,0.13080996,0.08666498,0.12359173,0.0073860283,0.21714538
ZJ017703,0.375092,0.060992464,0.16318265,0.010129648,0.03321639,0.10861644,0.20284797,0.04592245
ZJ017704,0.37666,0.056240547,0.25139967,0.0029327383,0.022693416,0.013472958,0.23256841,0.044032186
ZJ017705,0.059305016,0.4436442,0.28351903,0.022392817,0.050497312,0.029642535,0.10369167,0.007307461
ZJ017706,0.17965035,0.5483409,0.10456208,0.01206259,0.020157786,0.012509742,0.09464067,0.028075837
ZJ017707,0.17505422,0.081387386,0.17816469,0.17474326,0.029876132,0.05096503,0.061413813,0.24839559
ZJ017708,0.38509956,0.071394734,0.092474945,0.034231134,0.10069015,0.042957474,0.22383164,0.049320403
ZJ017709,0.26472718,0.029245852,0.06036869,0.17551818,0.38008216,0.029622747,0.05203891,0.00839625
ZJ017710,0.24482372,0.23816726,0.16260748,0.015994344,0.022360729,0.018639287,0.13468954,0.16271757
ZJ017711,0.34068775,0.17585468,0.13240567,0.023997406,0.04422378,0.06147211,0.17501874,0.0463399
ZJ017712,0.25038412,0.17560188,0.275258,0.008438236,0.014926935,0.027306922,0.12550251,0.12258139
ZJ017713,0.04585743,0.567025,0.09540059,0.009412431,0.003121441,0.04384611,0.2302159,0.0051210946
ZJ017714,0.8971153,0.005408417,0.032617252,0.018802185,0.014037513,0.020875532,0.0077379127,0.0034058776
ZJ017715,0.15722239,0.031236928,0.28750768,0.021688558,0.01501628,0.3824164,0.06951215,0.035399612
ZJ017716,0.24961083,0.16622972,0.12164394,0.0037024475,0.040241152,0.032982152,0.34088653,0.044703178
ZJ017717,0.74404454,0.0064725345,0.05840572,0.0854253,0.0046759797,0.022055846,0.013153752,0.06576638
ZJ017718,0.7616497,0.0075672558,0.02211734,0.002654968,0.023555057,0.009780418,0.16919506,0.0034801732
ZJ017719,0.042062797,0.8711328,0.019891549,0.005506664,0.005127519,0.024177888,0.019786509,0.012314257
ZJ017720,0.049155157,0.8895922,0.0091191465,0.0039963583,0.013226886,0.018629346,0.013039941,0.0032409762
ZJ017721,0.34547544,0.22373354,0.20862508,0.007428535,0.037909307,0.005212633,0.13436292,0.037252538
ZJ017722,0.27500996,0.16925618,0.16954252,0.02037915,0.02447584,0.045861624,0.15679207,0.13868268
ZJ017723,0.34938908,0.121986605,0.21015756,0.013085445,0.04023158,0.024089033,0.2245788,0.01648195
ZJ017724,0.009587477,0.0025331608,0.0035954504,0.0056600533,0.0011963332,0.9621166,0.010880721,0.0044301525
ZJ017725,0.07824656,0.028307285,0.1289201,0.41587922,0.045876104,0.048010617,0.03539459,0.21936555
ZJ017726,0.22090834,0.10416103,0.10094424,0.009529134,0.026089495,0.12783255,0.35595492,0.054580323
ZJ017727,0.09250291,0.0155717,0.3856075,0.10262094,0.09620116,0.06983115,0.05778867,0.1798759
ZJ017728,0.183584,0.039163724,0.32186192,0.011959046,0.025061421,0.03745336,0.36409798,0.016818551
ZJ017729,0.81126714,0.003183742,0.025529876,0.020380434,0.0047634407,0.020426849,0.0050938004,0.10935466
ZJ017730,0.17584002,0.02658992,0.61219466,0.011423393,0.001701989,0.030438017,0.050380852,0.09143112
ZJ017731,0.046594292,0.05813415,0.20515291,0.023929875,0.28950593,0.21104828,0.1428364,0.02279816
ZJ017732,0.35940483,0.16407028,0.12526295,0.034440257,0.019331316,0.016829506,0.22933164,0.051329166
ZJ017733,0.024399078,0.014665163,0.484782,0.0008507485,0.010743999,0.4249704,0.030981844,0.008606739
ZJ017734,0.03676995,0.062257998,0.23752691,0.0027285852,0.0077691865,0.54722047,0.09861788,0.0071090753
ZJ017735,0.100217275,0.008041945,0.31687042,0.087077335,0.00039456098,0.007561677,0.0058491793,0.4739876
ZJ017736,0.35406458,0.048092227,0.19567062,0.0066220574,0.06416899,0.042893484,0.22745524,0.061032843
ZJ017737,0.33771917,0.05705121,0.037012722,0.02425848,0.034634084,0.030733032,0.4144711,0.064120166
ZJ017738,0.36371768,0.10204607,0.11783279,0.041081067,0.042629372,0.049233414,0.15769891,0.12576067
ZJ017739,0.21868198,0.036684293,0.06260571,0.37709674,0.24740148,0.024213571,0.028135741,0.00518049
ZJ017740,0.09699201,0.021701042,0.1649533,0.17582549,0.010641336,0.4706923,0.028077291,0.031117205
ZJ017741,0.24371861,0.061556708,0.052705593,0.27603447,0.2416317,0.08913491,0.02873724,0.006480791
ZJ017742,0.082162134,0.80062616,0.019909596,0.019774435,0.008548697,0.005956368,0.027292691,0.03572982
ZJ017743,0.11168149,0.55959255,0.03881107,0.050916784,0.08590299,0.04977837,0.0766342,0.026682599
ZJ017744,0.20322672,0.017636307,0.46117458,0.03613401,0.004550133,0.045737393,0.021954417,0.20958646
ZJ017745,0.07210098,0.84601486,0.009828365,0.010254717,0.015328171,0.011608522,0.015482126,0.019382278
ZJ017746,0.33577317,0.12851568,0.18679832,0.03569293,0.08623229,0.028043848,0.108785436,0.090158366
ZJ017747,0.14753997,0.008816754,0.45009643,0.032210264,0.19452263,0.09127026,0.019764412,0.055779245
ZJ017748,0.06338824,0.084118195,0.07989575,0.00505921,0.26448146,0.43283623,0.041632455,0.028588407
ZJ017749,0.27388683,0.041636176,0.17092606,0.012890642,0.07220358,0.0721019,0.28076288,0.07559194
ZJ017750,0.14117396,0.021934357,0.22427209,0.0059768492,0.016853973,0.0151839,0.54003817,0.03456672
ZJ017751,0.4543573,0.06876619,0.11733768,0.03609815,0.060749825,0.042254288,0.13183758,0.08859897
ZJ017752,0.14904392,0.017527696,0.05828589,0.012320846,0.016267799,0.03647376,0.68359447,0.02648564
ZJ017753,0.63266355,0.10325503,0.08465213,0.006198573,0.014376778,0.045440383,0.08808437,0.025329137
ZJ017754,0.08297635,0.7607678,0.069451734,0.00802881,0.0059799277,0.0070608193,0.03496622,0.030768313
ZJ017755,0.43879473,0.07178792,0.10184666,0.04989523,0.036554128,0.07634755,0.13313761,0.0916362
ZJ017756,0.1695191,0.011531141,0.032175686,0.00892053,0.0296082,0.007582892,0.69377,0.046892438
ZJ017757,0.21971174,0.08149853,0.27516684,0.0035015857,0.046914853,0.08189794,0.23047574,0.0608327
ZJ017758,0.018502044,0.012287622,0.08841212,0.0054201954,0.22578159,0.6146142,0.024777094,0.010205139
ZJ017759,0.48667398,0.009053948,0.055571936,0.0020575097,0.4133157,0.009469836,0.017735949,0.006121105
ZJ017760,0.31071764,0.21444573,0.15340398,0.008120585,0.014715568,0.026771124,0.16270152,0.10912384
ZJ017761,0.2132701,0.5682876,0.045946203,0.021788573,0.03868613,0.0132424785,0.0715844,0.027194468
ZJ017762,0.10118409,0.035440914,0.09758285,0.0073724273,0.010684352,0.026484804,0.62007207,0.10117854
ZJ017763,0.11191138,0.022428319,0.1805354,0.053945675,0.020429006,0.5570571,0.024429172,0.029263986
ZJ017764,0.11828446,0.53025794,0.04994333,0.0044794027,0.0025676666,0.064974286,0.19319451,0.0362984
ZJ017765,0.12715283,0.030171428,0.43457267,0.015088766,0.03425753,0.28898412,0.030358732,0.039414007
ZJ017766,0.2143445,0.08119158,0.19576912,0.1409947,0.010103071,0.06998352,0.10967067,0.17794281
ZJ017767,0.51266384,0.010769749,0.038447946,0.019047132,0.021062523,0.03745507,0.32893428,0.03161942
ZJ017768,0.15552649,0.48019037,0.10167715,0.017858142,0.008930074,0.042546615,0.0732397,0.12003147
ZJ017769,0.3348428,0.10804142,0.120548956,0.015684001,0.07047005,0.057621162,0.20867124,0.084120356
ZJ017770,0.21867022,0.039994515,0.46294743,0.04582805,0.0041453643,0.15719521,0.048546705,0.022672506
ZJ017771,0.09995118,0.30935752,0.08648994,0.004816872,0.007050989,0.05102155,0.41764545,0.023666514
ZJ017772,0.11229396,0.004652915,0.09065865,0.19704445,0.39652014,0.16205099,0.0071170637,0.02966183
ZJ017773,0.14186609,0.08630051,0.40328,0.025450995,0.014011334,0.034013458,0.27891737,0.016160252
ZJ017774,0.38813055,0.092767686,0.2583491,0.03068131,0.012181707,0.008107304,0.13091528,0.07886713
ZJ017775,0.106267646,0.021272592,0.34907782,0.030041825,0.009194863,0.016853748,0.40545624,0.06183528
ZJ017776,0.15136744,0.0056454777,0.22136049,0.37303936,0.011754145,0.008414913,0.009968903,0.21844925
ZJ017777,0.2308779,0.0027298315,0.083701305,0.60699004,0.010709795,0.015183064,0.007477956,0.04233013
ZJ017778,0.34845287,0.008859032,0.12991129,0.23357663,0.027635688,0.009183964,0.017197024,0.22518347
ZJ017779,0.07111195,0.0074906573,0.84852654,0.0004921813,0.015468214,0.014667176,0.033294838,0.008948469
ZJ017780,0.11143442,0.10002014,0.12652537,0.28106397,0.025595853,0.042770807,0.043092288,0.26949716
ZJ017781,0.8065931,0.00793538,0.031053351,0.0033559185,0.010050479,0.033160616,0.08600003,0.021851089
ZJ017782,0.21073973,0.10444569,0.25418374,0.004199973,0.014313089,0.020427527,0.35579842,0.035891913
ZJ017783,0.23605518,0.17296866,0.3085623,0.02465895,0.0072378325,0.034957793,0.18152605,0.034033243
ZJ017784,0.07593596,0.011186617,0.06256705,0.01875932,0.011684066,0.74506253,0.035394255,0.039410245
ZJ017785,0.093820825,0.061996773,0.30159467,0.005932363,0.03059501,0.02603917,0.4213832,0.058638018
ZJ017786,0.17848003,0.011195638,0.1809071,0.34625047,0.024024563,0.006675753,0.009592311,0.24287409
ZJ017787,0.12681863,0.0036319988,0.49048322,0.041665412,0.00037584422,0.010407579,0.0036766485,0.32294065
ZJ017788,0.007906489,0.002295043,0.007601905,0.002023363,0.0010247247,0.003681418,0.97065645,0.0048106466
ZJ017789,0.08236317,0.00886716,0.14095894,0.118885234,0.099177346,0.0788525,0.011877207,0.45901847
ZJ017790,0.30531758,0.009158076,0.33840558,0.020059425,0.17125782,0.075880006,0.03196066,0.047960836
ZJ017791,0.2208929,0.04439396,0.32224798,0.03635021,0.015443232,0.054676704,0.07906903,0.22692603
ZJ017792,0.16861656,0.19930848,0.2798038,0.03616439,0.013076608,0.017618619,0.22879948,0.056612067
ZJ017793,0.24639183,0.012903427,0.05893198,0.0056266002,0.011125077,0.0062178764,0.63866717,0.020135978
ZJ017794,0.21526267,0.47267047,0.07029565,0.019447261,0.01036035,0.01881894,0.105700165,0.08744454
ZJ017795,0.08676525,0.47437605,0.16328603,0.010860895,0.005212974,0.020480098,0.23291866,0.006100058
ZJ017796,0.24492653,0.028754182,0.2173447,0.01705335,0.005767412,0.10955758,0.24851637,0.12807988
ZJ017797,0.14424862,0.046259694,0.32636818,0.018475767,0.018146142,0.14254877,0.17576076,0.12819205
ZJ017798,0.44604665,0.0008393108,0.084006,0.09424355,0.0001747425,0.027178492,0.0013825892,0.34612867
ZJ017799,0.2599829,0.26732168,0.1361509,0.010368274,0.13345231,0.015649494,0.13957493,0.03749949
ZJ017800,0.3083433,0.09649955,0.12863028,0.046868928,0.07055894,0.06558187,0.18934612,0.09417102
ZJ017801,0.045211386,0.0068674986,0.055013057,0.013015769,0.013090161,0.82428694,0.022243187,0.020271987
ZJ017802,0.514556,0.03255409,0.24192448,0.006762125,0.02816122,0.051454533,0.064673096,0.059914473
ZJ017803,0.3202024,0.17279898,0.074926436,0.029809559,0.09083583,0.07431296,0.15023439,0.08687943
ZJ017804,0.17777349,0.10662675,0.32198763,0.0026400487,0.010429561,0.038941633,0.31044737,0.031153573
ZJ017805,0.052806217,0.007473601,0.83699167,0.0004966231,0.01890675,0.050902765,0.02484026,0.007582188
ZJ017806,0.22912525,0.16649926,0.1900325,0.036523264,0.013432594,0.046288155,0.22663178,0.09146714
ZJ017807,0.1751955,0.3157604,0.065052345,0.18191148,0.037261017,0.015670722,0.094703525,0.11444498
ZJ017808,0.13540672,0.051051486,0.32296264,0.028256984,0.029320408,0.045532025,0.3699108,0.017558994
ZJ017809,0.68127257,0.0045940406,0.04207781,0.006322772,0.04486077,0.012857149,0.18555014,0.022464743
ZJ017810,0.033940386,0.0040139295,0.016229859,0.0038297959,0.0012490526,0.009992297,0.924108,0.00663663
ZJ017811,0.22928481,0.24469951,0.2992592,0.034457624,0.0045978576,0.056974735,0.1115306,0.019195687
ZJ017812,0.0735652,0.42314726,0.15549792,0.007417997,0.003619025,0.019641608,0.31284988,0.004261187
ZJ017813,0.5892159,0.020678313,0.25282365,0.00651207,0.016199293,0.027632153,0.03871184,0.04822688
ZJ017814,0.26742473,0.042480886,0.09460024,0.23604979,0.051840264,0.01047482,0.023819434,0.27330977
ZJ017815,0.029349113,0.012770401,0.014575224,0.003375324,0.016258173,0.8995066,0.019576829,0.0045882505
ZJ017816,0.2876192,0.004051196,0.31755838,0.32305303,0.0038013177,0.026360048,0.011384828,0.026172018
ZJ017817,0.4011212,0.051762234,0.12042438,0.013113531,0.016907584,0.10803742,0.2124067,0.076226935
ZJ017818,0.09733089,0.06590883,0.5755949,0.001798845,0.019083515,0.118415676,0.10433138,0.017535886
ZJ017819,0.08414975,0.014627759,0.4813621,0.22450215,0.0054981024,0.025174513,0.0083601205,0.15632555
ZJ017820,0.35030624,0.054380365,0.06478574,0.2260481,0.2050932,0.060161516,0.03445976,0.004765105
ZJ017821,0.29808772,0.164501,0.105627276,0.020236043,0.02094918,0.09934485,0.1825942,0.10865976
ZJ017822,0.042652868,0.103377156,0.15920849,0.0046272054,0.053294457,0.49400952,0.104362294,0.038468014
ZJ017823,0.27401367,0.13251375,0.11033402,0.039973203,0.16368525,0.06622158,0.11690691,0.09635165
ZJ017824,0.07264309,0.122914456,0.06666501,0.009844816,0.0037343688,0.002174623,0.7129914,0.0090322
ZJ017825,0.38104677,0.021547072,0.31084645,0.018580314,0.0324212,0.045766897,0.16165318,0.028138049
ZJ017826,0.09993265,0.010766721,0.4408441,0.22611947,0.008770842,0.14107072,0.011299999,0.061195493
ZJ017827,0.12215586,0.121821135,0.2281684,0.01720338,0.01820089,0.016600607,0.38799492,0.08785479
ZJ017828,0.0714054,0.006208722,0.85393035,0.0004034283,0.014622988,0.0139179,0.03139055,0.008120671
ZJ017829,0.2415934,0.34163243,0.19297872,0.013839966,0.054948207,0.02046853,0.08896066,0.04557809
ZJ017830,0.30971476,0.1027744,0.077225596,0.046801474,0.10135748,0.054614436,0.1819098,0.125602
ZJ017831,0.05866508,0.79880834,0.022901783,0.0058952495,0.004437017,0.08679613,0.012949924,0.00954645
ZJ017832,0.27080053,0.02333999,0.47730687,0.009790059,0.0025852134,0.05858137,0.13427986,0.023316104
ZJ017833,0.019536845,0.009056404,0.015630387,0.0022438166,0.015416085,0.9168636,0.018876715,0.0023761275
ZJ017834,0.33436346,0.06302127,0.26127106,0.014221749,0.009095431,0.03064817,0.23906182,0.048317038
ZJ017835,0.16874331,0.00873642,0.017322274,0.007224744,0.0022720774,0.0101489425,0.77882004,0.0067321695
ZJ017836,0.040788773,0.77688605,0.031733178,0.00723506,0.0029916542,0.010366218,0.12209763,0.007901442
ZJ017837,0.25914407,0.073345706,0.16014554,0.06556302,0.009270273,0.104975045,0.24134316,0.08621323
ZJ017838,0.1607627,0.003471293,0.19662744,0.36094812,0.00021463375,0.024298612,0.009882326,0.24379487
ZJ017839,0.22707373,0.051969074,0.41092455,0.040390663,0.00833774,0.153148,0.08515973,0.02299652
ZJ017840,0.24838597,0.030917529,0.34223267,0.026601871,0.023483537,0.15906179,0.09473878,0.07457783
ZJ017841,0.08435038,0.06368187,0.6564512,0.0011916481,0.031390656,0.039390698,0.09767292,0.025870634
ZJ017842,0.17523715,0.045146134,0.22759779,0.0050885933,0.008316299,0.068981074,0.45034513,0.019287834
ZJ017843,0.122030355,0.098638386,0.26909423,0.018204756,0.07919448,0.2572537,0.09062413,0.064959966
ZJ017844,0.3083852,0.14070131,0.073546596,0.034358863,0.035363305,0.065100536,0.23190796,0.11063626
ZJ017845,0.026256029,0.0024080374,0.23298499,0.21157424,0.11551573,0.05214165,0.0036636381,0.35545573
ZJ017846,0.06411694,0.030069023,0.12865986,0.31908417,0.0045211213,0.012691124,0.016498886,0.42435887
ZJ017847,0.48559698,0.011052517,0.21848041,0.037429493,0.0773068,0.05898105,0.052929834,0.058222838
ZJ017848,0.04103303,0.2582939,0.48630035,0.008699203,0.002142979,0.17654665,0.021301193,0.0056826714
ZJ017849,0.2175505,0.055972982,0.4912415,0.008682926,0.0021699946,0.017445255,0.059644595,0.14729223
ZJ017850,0.09256472,0.020947568,0.35303634,0.07401144,0.011078362,0.018490179,0.3360924,0.093779005
ZJ017851,0.06260208,0.42671698,0.16206618,0.011107678,0.001967272,0.021030013,0.3095268,0.004982954
ZJ017852,0.25250384,0.05245477,0.08361818,0.21357732,0.3041389,0.03688279,0.047669824,0.009154363
ZJ017853,0.057052016,0.0057882764,0.19947836,0.0044991784,0.0008894846,0.07961224,0.63529086,0.01738961
ZJ017854,0.26155034,0.097544506,0.40300202,0.025390036,0.004742386,0.05554137,0.12410622,0.028123114
ZJ017855,0.18024547,0.05893282,0.42558488,0.0047056014,0.050019227,0.12979409,0.0729128,0.07780514
ZJ017856,0.09988066,0.010396508,0.15496208,0.022174537,0.514773,0.12807952,0.017679699,0.05205397
ZJ017857,0.62058705,0.0024729415,0.041872088,0.0022825103,0.30138397,0.018322729,0.0071936524,0.005885017
ZJ017858,0.3146443,0.18108012,0.10067585,0.032133948,0.06867398,0.049338464,0.15614341,0.09730993
ZJ017859,0.42283285,0.0041485648,0.2487536,0.16094074,0.028667724,0.07768123,0.01542359,0.04155168
ZJ017860,0.036702596,0.03956072,0.50664794,0.0037558447,0.06472304,0.08584575,0.25008035,0.012683714
ZJ017861,0.03188283,0.016267601,0.045959033,0.006858491,0.0007602942,0.0010273607,0.8840662,0.013178133
ZJ017862,0.04398024,0.8111776,0.019979015,0.004460813,0.07817798,0.005307405,0.033058412,0.003858506
ZJ017863,0.27591455,0.05412239,0.24896492,0.009533268,0.08195608,0.040514763,0.2539638,0.035030235
ZJ017864,0.18002515,0.03854542,0.15513563,0.31527197,0.061703727,0.027213803,0.032506667,0.18959762
ZJ017865,0.0151538355,0.004010211,0.015012407,0.00418532,0.0020831039,0.9412283,0.01177786,0.006548981
ZJ017866,0.24226144,0.10722142,0.3204169,0.010658171,0.0021269491,0.004801007,0.16487339,0.14764073
ZJ017867,0.22657983,0.07730607,0.3025992,0.006355459,0.0301513,0.05460572,0.18885937,0.11354311
ZJ017868,0.06829252,0.014953193,0.39482713,0.013875355,0.027056396,0.2953048,0.10044431,0.085246325
ZJ017869,0.15160923,0.0152547965,0.1907211,0.43804097,0.016184086,0.01582112,0.0133516425,0.1590171
ZJ017870,0.26995063,0.046321068,0.068280876,0.25428408,0.28728965,0.03565253,0.029354464,0.008866764
ZJ017871,0.42991042,0.018315634,0.06884878,0.017209498,0.032965776,0.06440036,0.34575164,0.022597933
ZJ017872,0.16072942,0.37834948,0.13559441,0.019600462,0.007822678,0.046725407,0.075330906,0.17584723
ZJ017873,0.037268486,0.0049817436,0.020876292,0.008282642,0.0028864827,0.004450797,0.915074,0.0061796154
ZJ017874,0.28234187,0.2430753,0.044272844,0.010830744,0.0122370655,0.028413394,0.34486175,0.033967033
ZJ017875,0.20864041,0.4041075,0.20708379,0.0021291988,0.025172476,0.044017073,0.098224536,0.010625001
ZJ017876,0.0060894038,0.0076189972,0.017486874,0.0046096365,0.0012467799,0.93774754,0.01172799,0.013472804
ZJ017877,0.19271174,0.049106926,0.27145562,0.007539961,0.07993178,0.10947109,0.113035485,0.17674741
ZJ017878,0.34991568,0.13672398,0.20854291,0.021161377,0.07630604,0.03445093,0.11786977,0.055029336
ZJ017879,0.02664613,0.01323249,0.04120362,0.034153722,0.023679134,0.019150339,0.8284537,0.01348086
ZJ017880,0.19678125,0.02585048,0.5245888,0.008545792,0.014716841,0.12636557,0.078161426,0.02498983
ZJ017881,0.15430439,0.12125422,0.17634298,0.018509526,0.018884147,0.04295999,0.4346253,0.03311942
ZJ017882,0.099936776,0.011324977,0.23472922,0.13786188,0.047615204,0.05231563,0.010108182,0.40610814
ZJ017883,0.035784718,0.021641122,0.075580075,0.009234343,0.0053585824,0.8132026,0.023383236,0.015815271
ZJ017884,0.45225915,0.10448063,0.09189253,0.028766016,0.034931164,0.04076895,0.15591519,0.09098641
ZJ017885,0.22735646,0.00571486,0.13793497,0.0038809474,0.5144613,0.063136466,0.024527846,0.022987217
ZJ017886,0.0967324,0.0033630156,0.6159655,0.008153342,0.13854185,0.09625185,0.0090666395,0.03192535
ZJ017887,0.15427284,0.048120625,0.5682394,0.013112338,0.010376611,0.055690754,0.12539238,0.024795009
ZJ017888,0.30175552,0.12058027,0.12818891,0.043045573,0.07688573,0.094082065,0.13738047,0.098081484
ZJ017889,0.1665424,0.02148295,0.10859789,0.4010691,0.017773766,0.2304566,0.028126024,0.025951205
ZJ017890,0.17120174,0.012201037,0.50851315,0.03308436,0.0022838605,0.014600148,0.020277575,0.23783812
ZJ017891,0.13731948,0.07399519,0.39368528,0.01470056,0.03214549,0.030705351,0.30510482,0.012343855
ZJ017892,0.41602457,0.014266146,0.12594737,0.2201774,0.022725428,0.010321819,0.018042814,0.17249447
ZJ017893,0.08476903,0.013384764,0.26932856,0.027552292,0.3036458,0.22071518,0.031063426,0.04954094
ZJ017894,0.28666633,0.04245152,0.15764582,0.017790701,0.059497245,0.06089396,0.34445247,0.030601969
ZJ017895,0.39062458,0.09960252,0.13661417,0.023034515,0.029938838,0.054538336,0.22376034,0.041886672
ZJ017896,0.2453991,0.039450675,0.17573453,0.18690374,0.015438631,0.02388518,0.043200415,0.26998767
ZJ017897,0.11366084,0.022660322,0.03085523,0.008506621,0.014593873,0.02443448,0.77025425,0.015034461
ZJ017898,0.87409127,0.003972097,0.035854664,0.002842965,0.00904664,0.03991823,0.011178628,0.023095518
ZJ017899,0.32767358,0.18941434,0.18157652,0.007147684,0.02446459,0.012876722,0.21855487,0.038291696
ZJ017900,0.20094286,0.26582554,0.14692529,0.01825091,0.029182723,0.07077733,0.23104598,0.037049383
ZJ017901,0.2163724,0.014172121,0.14308912,0.43623582,0.032089055,0.011993762,0.01362142,0.13242626
ZJ017902,0.13555616,0.19220912,0.10489877,0.010815974,0.007022361,0.067348674,0.45511997,0.027028993
ZJ017903,0.093383834,0.13268213,0.11107499,0.032822177,0.003034236,0.010814339,0.54549617,0.07069208
ZJ017904,0.11531263,0.006865489,0.38957602,0.051102478,0.00043527797,0.012404816,0.0099197505,0.41438353
ZJ017905,0.26255286,0.3594132,0.042050667,0.023411049,0.054325398,0.11357711,0.10718927,0.0374805
ZJ017906,0.0075280434,0.039546363,0.18765438,0.0008999688,0.0043414216,0.6947277,0.04644537,0.018856773
ZJ017907,0.015685659,0.006990671,0.012043646,0.0030587362,0.014828693,0.9244417,0.020323856,0.0026270656
ZJ017908,0.17659722,0.087586276,0.1262469,0.042033173,0.012276091,0.015813846,0.49018508,0.049261406
ZJ017909,0.07977867,0.40579128,0.17555855,0.018591905,0.0036808804,0.0020806761,0.30641955,0.008098551
ZJ017910,0.812042,0.0050419774,0.038774624,0.11273926,0.0031439222,0.016747674,0.0041241045,0.0073864264
ZJ017911,0.0422387,0.001659939,0.38134462,0.016963417,0.38550305,0.12967637,0.0046460987,0.037967745
ZJ017912,0.6937956,0.037553895,0.09505327,0.009282744,0.017790416,0.03486352,0.06503555,0.046624962
ZJ017913,0.21927878,0.09333566,0.30201072,0.0652029,0.03359182,0.044830922,0.18303186,0.058717355
ZJ017914,0.34766832,0.10039369,0.11093707,0.02731386,0.06264656,0.05469427,0.17211337,0.12423281
ZJ017915,0.5683588,0.036760863,0.070729606,0.0077846264,0.027082285,0.07994011,0.17116304,0.03818067
ZJ017916,0.11303251,0.029132422,0.26295328,0.016189873,0.011457295,0.016648572,0.48176965,0.06881639
ZJ017917,0.09022438,0.11417396,0.11177713,0.03030042,0.0026357425,0.013024056,0.5566977,0.0811666
ZJ017918,0.13180025,0.012676694,0.105162546,0.026349919,0.53099173,0.12052737,0.019640306,0.052851133
ZJ017919,0.12087008,0.38376966,0.13904604,0.021738442,0.01325876,0.005446987,0.30018282,0.015687186
ZJ017920,0.17667492,0.10000662,0.115707934,0.014351172,0.00582032,0.021143213,0.5396829,0.026612962
ZJ017921,0.06540114,0.8106091,0.03575615,0.016473653,0.018340893,0.009588907,0.03174577,0.012084466
ZJ017922,0.62945414,0.0013215104,0.030198619,0.22983767,0.026568664,0.019087398,0.014296191,0.04923585
ZJ017923,0.5579812,0.096499704,0.15804425,0.029698431,0.012907695,0.014910188,0.07477694,0.05518157
ZJ017924,0.23838815,0.08989091,0.4481979,0.009463103,0.001615966,0.021839114,0.08962125,0.100983545
ZJ017925,0.064816065,0.016314197,0.10576493,0.040198915,0.07329438,0.012589983,0.6790499,0.0079715885
ZJ017926,0.12354553,0.13892177,0.18647572,0.008144011,0.010248765,0.09791324,0.4259678,0.008783154
ZJ017927,0.35067594,0.037691865,0.36551052,0.0039272443,0.026477411,0.052526165,0.0897148,0.07347608
ZJ017928,0.27215984,0.038063373,0.09899965,0.011252903,0.41728047,0.05975696,0.081815936,0.020670854
ZJ017929,0.086817585,0.024456024,0.12865573,0.31958243,0.01512265,0.36711997,0.025034485,0.03321112
ZJ017930,0.072824866,0.015604571,0.16794726,0.35696498,0.03678037,0.03932338,0.016306853,0.29424772
ZJ017931,0.08806475,0.007947431,0.42984366,0.26983458,0.015762035,0.035230853,0.01439641,0.13892025
ZJ017932,0.41546178,0.088654116,0.15040718,0.023871806,0.098491974,0.045864303,0.14454308,0.032705765
ZJ017933,0.22754435,0.14328343,0.08746634,0.045922056,0.08668771,0.15690269,0.16179158,0.09040187
ZJ017934,0.16499542,0.21503192,0.32380116,0.007432207,0.0010414321,0.01335667,0.21370056,0.060640607
ZJ017935,0.10265369,0.017202672,0.15791807,0.33011138,0.05799895,0.022741469,0.022545151,0.2888286
ZJ017936,0.30078802,0.015524554,0.19188596,0.19733737,0.04494149,0.050021946,0.038075812,0.16142492
ZJ017937,0.04996078,0.008764973,0.01785469,0.027175862,0.008740033,0.83508897,0.02280067,0.02961402
ZJ017938,0.084239475,0.006509856,0.46357062,0.005742704,0.0033463053,0.3411814,0.07573342,0.019676251
ZJ017939,0.07935549,0.054282345,0.030801496,0.011509205,0.0013277428,0.0021386298,0.8042166,0.016368382
ZJ017940,0.0285799,0.004884303,0.009314171,0.009736277,0.0078096776,0.9158406,0.018431062,0.0054040016
ZJ017941,0.3689146,0.17175525,0.13830635,0.031447254,0.07466412,0.06634576,0.07749756,0.0710691
ZJ017942,0.37085232,0.07293882,0.21967012,0.014713282,0.018599844,0.055564616,0.10088518,0.1467758
ZJ017943,0.031713776,0.021045145,0.019356728,0.79627705,0.086040236,0.020944083,0.022866227,0.0017567249
ZJ017944,0.24929799,0.1098753,0.075538464,0.02705379,0.102108836,0.048135664,0.26282412,0.12516582
ZJ017945,0.1175343,0.005759296,0.5238935,0.015536964,0.0016349703,0.013942685,0.008358739,0.31333965
ZJ017946,0.14395608,0.016441282,0.325528,0.0058150203,0.0048139878,0.055112712,0.4372081,0.011124803
ZJ017947,0.029804097,0.0072178096,0.11282113,0.005324385,0.011260865,0.7879729,0.0070481864,0.03855055
ZJ017948,0.040397305,0.77397984,0.014748608,0.006876456,0.0038380162,0.007881181,0.14501342,0.0072651333
ZJ017949,0.14502893,0.10109447,0.20454215,0.012383953,0.013190348,0.055184014,0.45243493,0.01614118
ZJ017950,0.01328097,0.011323813,0.30566815,0.00047570554,0.0031381554,0.6305492,0.02288688,0.012677075
ZJ017951,0.09054599,0.04074311,0.46655577,0.02039535,0.022094745,0.27129725,0.051044215,0.03732364
ZJ017952,0.32263088,0.15147276,0.12359678,0.030167466,0.08872823,0.052583814,0.14726077,0.08355931
ZJ017953,0.07008229,0.8543634,0.020090591,0.0073129856,0.0045440383,0.012104631,0.01607121,0.015430785
ZJ017954,0.041740574,0.02916489,0.17526811,0.014124467,0.029576153,0.63875955,0.043915365,0.027450927
ZJ017955,0.055703584,0.0065046274,0.06388805,0.010364313,0.008750824,0.76955706,0.06281944,0.022412056
ZJ017956,0.1718291,0.13138492,0.357903,0.030768396,0.011664335,0.04001853,0.1409213,0.11551036
ZJ017957,0.13090733,0.01290002,0.1790192,0.24101712,0.024726966,0.36984777,0.014684511,0.02689714
ZJ017958,0.07559911,0.66691077,0.05645754,0.008157141,0.031316664,0.014730343,0.13415317,0.012675259
ZJ017959,0.19641413,0.03733752,0.06664281,0.22346678,0.38617232,0.033021804,0.04473264,0.012212028
ZJ017960,0.18081917,0.35409036,0.12801795,0.021365536,0.011909115,0.034103148,0.22119713,0.04849763
ZJ017961,0.38317853,0.09381413,0.19108038,0.037349742,0.0260201,0.05954285,0.10494907,0.10406516
ZJ017962,0.081883304,0.053743597,0.013290185,0.6302629,0.08183562,0.091119915,0.044574026,0.003290406
ZJ017963,0.33389145,0.17208242,0.15829824,0.016237421,0.1275844,0.02586295,0.09316633,0.0728768
ZJ017964,0.021444418,0.004527408,0.039839704,0.22030838,0.0052203173,0.6850995,0.0035657743,0.019994404
ZJ017965,0.20475999,0.07288854,0.418205,0.008961248,0.0076548387,0.021557042,0.21664408,0.049329218
ZJ017966,0.30395168,0.0736193,0.22745605,0.015495191,0.11105685,0.1015742,0.0674515,0.0993952
ZJ017967,0.20851664,0.005102616,0.056836028,0.009360186,0.0019146414,0.032152608,0.65505016,0.031067144
ZJ017968,0.0063529965,0.013131242,0.014488256,0.0022056296,0.012860908,0.0121220155,0.91890097,0.019937906
ZJ017969,0.09557957,0.08314026,0.076404,0.021078166,0.032135945,0.61896574,0.027790407,0.044905864
ZJ017970,0.06335346,0.02592703,0.21402943,0.018131647,0.016363928,0.58640176,0.04305125,0.03274151
ZJ017971,0.32773414,0.1281894,0.07436033,0.008807066,0.26069322,0.038150534,0.13476233,0.027302984
ZJ017972,0.25223824,0.05692347,0.06088626,0.18497322,0.3370611,0.07947321,0.02140539,0.007039186
ZJ017973,0.17012371,0.023340097,0.26945305,0.028347943,0.031653255,0.027090775,0.43411702,0.015874207
ZJ017974,0.2902144,0.039839223,0.05517848,0.15654165,0.29499173,0.05227928,0.10165613,0.009299085
ZJ017975,0.33261397,0.1415963,0.09974204,0.035832345,0.061695505,0.06537959,0.16046226,0.10267799
ZJ017976,0.44062924,0.049307503,0.102896005,0.026780242,0.21637537,0.03858437,0.09415621,0.03127106
ZJ017977,0.2476658,0.45819312,0.068841,0.02685815,0.06366649,0.017060552,0.096725255,0.020989625
ZJ017978,0.22599044,0.12362189,0.053158943,0.008167857,0.39293352,0.06991468,0.10280718,0.023405494
ZJ017979,0.106442906,0.053449973,0.42594278,0.0554446,0.014843312,0.019164454,0.038844436,0.28586748
ZJ017980,0.29645607,0.22635388,0.13276094,0.018902967,0.041452393,0.04666427,0.16981165,0.067597724
ZJ017981,0.3403506,0.15253685,0.22293295,0.01532034,0.008315411,0.014124169,0.2124075,0.034012165
ZJ017982,0.25866246,0.03846932,0.3178885,0.04193963,0.018474266,0.04054744,0.062442794,0.22157554
ZJ017983,0.11576789,0.051609103,0.33006337,0.0022110315,0.073020704,0.027316555,0.33206296,0.06794839
ZJ017984,0.43463296,0.09740327,0.0987938,0.061337978,0.046358015,0.06062916,0.1534478,0.047396906
ZJ017985,0.14562936,0.26273254,0.10995985,0.14212018,0.013201237,0.028401585,0.077895306,0.22005995
ZJ017986,0.27241814,0.08480699,0.36740586,0.047361217,0.009847941,0.095598355,0.095793515,0.026767936
ZJ017987,0.26297578,0.13899645,0.181242,0.005915512,0.051605336,0.17425047,0.14898653,0.036027927
ZJ017988,0.33610752,0.06188687,0.18343474,0.00977366,0.01374652,0.017192656,0.34313416,0.03472384
ZJ017989,0.28396922,0.19799538,0.052349485,0.03471323,0.038289897,0.07975588,0.20526658,0.10766028
ZJ017990,0.007949279,0.0068195947,0.011966676,0.0013320042,0.0036402205,0.012406576,0.94872254,0.007163137
ZJ017991,0.36837167,0.07747935,0.07844131,0.03325394,0.031425707,0.069527484,0.29179528,0.049705267
ZJ017992,0.19767223,0.019921001,0.109903134,0.0019209743,0.61761004,0.0119609395,0.037661556,0.0033500127
ZJ017993,0.18075918,0.07730588,0.27495232,0.007166978,0.073056884,0.09844711,0.17842422,0.10988741
ZJ017994,0.008709652,0.019827046,0.042058203,0.002639908,0.0017688371,0.8903789,0.013406538,0.021210993
ZJ017995,0.06940324,0.011612215,0.5309068,0.044999298,0.047482464,0.05654202,0.015523017,0.22353093
ZJ017996,0.09880443,0.05689696,0.01685034,0.49647713,0.12977813,0.14922109,0.04683715,0.005134782
ZJ017997,0.39639643,0.09809513,0.16607639,0.014501188,0.032849375,0.04709175,0.10016069,0.14482902
ZJ017998,0.354831,0.05226995,0.07223703,0.15649201,0.23714341,0.09873753,0.023914035,0.0043750047
ZJ017999,0.21493886,0.3184684,0.14525442,0.0037082843,0.024734,0.012406354,0.24257174,0.037917934
ZJ018000,0.04421046,0.026130226,0.17936902,0.017609674,0.01439863,0.64158094,0.042439166,0.034261845
ZJ018001,0.032712657,0.12732612,0.68842405,0.005762593,0.0017814649,0.008953253,0.12466283,0.0103770355
ZJ018002,0.28513795,0.047759872,0.23188533,0.013225612,0.051664818,0.042587925,0.18907334,0.13866508
ZJ018003,0.3241707,0.018537462,0.33265498,0.00831325,0.12637678,0.13298464,0.02199027,0.034971952
ZJ018004,0.22046621,0.07631679,0.09574089,0.02731844,0.03824313,0.011077839,0.47995973,0.05087694
ZJ018005,0.13608336,0.006474427,0.33345568,0.36646003,0.043525532,0.040693857,0.013013551,0.060293514
ZJ018006,0.035115257,0.0071467487,0.13654344,0.053764448,0.025381293,0.7183459,0.005642861,0.018059995
ZJ018007,0.276154,0.047253095,0.1563229,0.010058429,0.14081147,0.19708218,0.11851946,0.053798437
ZJ018008,0.1421429,0.015315389,0.23326097,0.10178003,0.051437195,0.39651814,0.024625767,0.034919593
ZJ018009,0.44071347,0.03768348,0.10254342,0.17962462,0.029028948,0.015037974,0.061922595,0.13344549
ZJ018010,0.018962475,0.500389,0.41675952,0.0061148936,0.00079335016,0.003076095,0.048183493,0.0057212394
ZJ018011,0.4705057,0.11088799,0.10895682,0.015410983,0.058394358,0.03426574,0.13102083,0.070557535
ZJ018012,0.09619474,0.043375336,0.7608557,0.003354282,0.0066951867,0.022158658,0.05893987,0.008426238
ZJ018013,0.16428046,0.055187736,0.36363098,0.01623216,0.028978081,0.049602002,0.2205939,0.10149475
ZJ018014,0.26791206,0.17161529,0.034665573,0.071112595,0.044619516,0.024295125,0.34186023,0.0439196
ZJ018015,0.9423073,0.0023587162,0.011543482,0.0071035423,0.0015260035,0.026946643,0.0069953534,0.0012189351
ZJ018016,0.6661922,0.1241047,0.040807392,0.011039832,0.029802797,0.008040924,0.11361262,0.0063994816
ZJ018017,0.11897422,0.006775223,0.14789061,0.47993237,0.007557843,0.007123164,0.013008985,0.21873754
ZJ018018,0.17738366,0.114735715,0.30607805,0.005831568,0.101862125,0.041378014,0.24191251,0.01081838
ZJ018019,0.24918723,0.030618953,0.09255503,0.012181745,0.0116418,0.016307704,0.53456646,0.05294104
ZJ018020,0.35678774,0.07149031,0.0726788,0.01914102,0.15430593,0.08896709,0.19323608,0.043393053
ZJ018021,0.25426993,0.10075401,0.17814896,0.010437083,0.06729072,0.019914636,0.14496401,0.22422062
ZJ018022,0.03632965,0.010820898,0.3942394,0.013205862,0.004593278,0.012288627,0.4665752,0.06194712
ZJ018023,0.33773682,0.08759615,0.08315406,0.03095515,0.029395558,0.058810398,0.3159207,0.05643117
ZJ018024,0.1749401,0.50837666,0.09452667,0.006680861,0.011953218,0.008125129,0.13183598,0.06356141
ZJ018025,0.21361977,0.5553659,0.029568063,0.016080663,0.02161193,0.010058509,0.10372849,0.049966637
ZJ018026,0.107505135,0.011325729,0.5464147,0.004488375,0.005009308,0.05110884,0.25996456,0.0141833285
ZJ018027,0.21308918,0.09961595,0.36099795,0.025046028,0.006573768,0.07046586,0.19686484,0.027346397
ZJ018028,0.2199858,0.064615846,0.06675704,0.45002306,0.11079999,0.043460507,0.02964571,0.014712033
ZJ018029,0.44899386,0.062421348,0.3290862,0.002055434,0.027640285,0.041693803,0.08253157,0.005577441
ZJ018030,0.07511137,0.071574636,0.5815965,0.0054469993,0.13687243,0.040051978,0.082994886,0.0063512786
ZJ018031,0.17399666,0.1317365,0.18212007,0.021793256,0.08253782,0.13378112,0.21137342,0.062661104
ZJ018032,0.0868668,0.4494958,0.06371241,0.018867131,0.0016056212,0.0076179057,0.30453905,0.06729525
ZJ018033,0.8409804,0.004526551,0.028188646,0.0038287248,0.0041231224,0.019275064,0.090857156,0.0082202805
ZJ018034,0.7274425,0.003959493,0.113571405,0.008668795,0.0069618723,0.07873574,0.0383291,0.022331096
ZJ018035,0.4549068,0.07971672,0.13941646,0.016961219,0.02451219,0.048710667,0.14805594,0.08771995
ZJ018036,0.0005915516,9.50026e-05,0.0058997255,7.994957e-06,0.9868429,0.00178854,0.0046711364,0.00010312269
ZJ018037,0.0810997,0.5879673,0.21854496,0.019608056,0.0024276152,0.038209785,0.039561283,0.012581374
ZJ018038,0.018123854,0.010391058,0.063442335,0.006241527,0.009901162,0.8610407,0.015535694,0.015323719
ZJ018039,0.10948381,0.13104105,0.06616729,0.08044841,0.036165014,0.04197549,0.48064536,0.05407353
ZJ018040,0.079468355,0.0044243187,0.2321619,0.20280252,0.011347175,0.0038007335,0.0078024957,0.45819244
ZJ018041,0.027304355,0.0046141194,0.04758207,0.0129490495,0.0043362905,0.88301337,0.004568225,0.015632499
ZJ018042,0.0634729,0.010602991,0.28258345,0.18617928,0.08930914,0.13946372,0.008199745,0.22018877
ZJ018043,0.48781666,0.15998149,0.027480768,0.09560321,0.024401037,0.007995374,0.031374693,0.16534677
ZJ018044,0.22867419,0.045598473,0.13672496,0.18769342,0.17870656,0.12397982,0.07197891,0.026643736
ZJ018045,0.26597753,0.14280544,0.40524015,0.0025524355,0.020387148,0.06787664,0.078098305,0.017062323
ZJ018046,0.073721915,0.070293725,0.10196466,0.018585632,0.009475028,0.15283595,0.48714897,0.085974135
ZJ018047,0.23829313,0.06614427,0.2401748,0.009505188,0.23595877,0.062137794,0.0911609,0.05662514
ZJ018048,0.34229532,0.10298204,0.20026772,0.016412077,0.017419105,0.05772272,0.17180376,0.09109722
ZJ018049,0.11666288,0.059630457,0.25483516,0.013098793,0.04270118,0.078495815,0.39952344,0.035052303
ZJ018050,0.34805155,0.108054996,0.12092024,0.020440353,0.075292535,0.10982409,0.16841611,0.049000144
ZJ018051,0.14883281,0.01944813,0.49226388,0.0045921714,0.003981852,0.07058895,0.2431777,0.017114451
ZJ018052,0.09237827,0.020839408,0.07480539,0.046305116,0.038634382,0.016601194,0.7009663,0.0094699655
ZJ018053,0.15266156,0.22249271,0.165917,0.03346807,0.007937661,0.018753054,0.2833028,0.1154671
ZJ018054,0.20947365,0.17579755,0.14297915,0.016620215,0.009724326,0.030939804,0.3287453,0.08572
ZJ018055,0.18073648,0.0527472,0.05141611,0.11292031,0.5312626,0.036023315,0.028384084,0.006509925
ZJ018056,0.08772224,0.0521656,0.58942556,0.010535902,0.012124659,0.047016475,0.057996582,0.14301299
ZJ018057,0.05412895,0.68448836,0.06351597,0.0031279032,0.016357377,0.005186225,0.050483342,0.12271187
ZJ018058,0.060289655,0.016583763,0.16718328,0.033549886,0.08895741,0.01642989,0.60122746,0.01577867
ZJ018059,0.05626603,0.88515484,0.010499425,0.008111883,0.012090943,0.005173703,0.013370508,0.009332641
ZJ018060,0.308739,0.13580881,0.15924193,0.022056248,0.017089032,0.029670037,0.080914505,0.24648046
ZJ018061,0.30357146,0.049330246,0.12369085,0.124225706,0.25491068,0.09629732,0.033894558,0.014079167
ZJ018062,0.48082787,0.12595165,0.11447767,0.0083089145,0.010900944,0.022447363,0.21293493,0.024150634
ZJ018063,0.15668349,0.005158289,0.22046423,0.4108892,0.059627473,0.072521165,0.014567282,0.06008889
ZJ018064,0.035756856,0.011632201,0.016717087,0.7984868,0.073461145,0.04990226,0.012113842,0.0019297808
ZJ018065,0.38654763,0.13390362,0.0930258,0.04784469,0.044107437,0.09311694,0.17157224,0.029881662
ZJ018066,0.045052953,0.11104678,0.140642,0.0035506396,0.07158166,0.60168856,0.016126469,0.010310972
ZJ018067,0.027091747,0.04724938,0.083058566,0.0026412257,0.005722241,0.77494055,0.03629397,0.023002325
ZJ018068,0.27876958,0.24516264,0.14804456,0.012728365,0.043670133,0.04080539,0.1372219,0.09359738
ZJ018069,0.2523717,0.054375358,0.08236805,0.01830939,0.28508312,0.037393063,0.107749745,0.1623496
ZJ018070,0.41909727,0.03184107,0.2583879,0.0034835993,0.023472087,0.06937731,0.06475218,0.12958854
ZJ018071,0.42400724,0.14380331,0.06586537,0.035580527,0.047948513,0.062559076,0.13922678,0.081009164
ZJ018072,0.0948497,0.021840425,0.4871553,0.05092774,0.008580532,0.045533445,0.25366995,0.03744294
ZJ018073,0.85715324,0.0038556934,0.027236735,0.05513236,0.010683261,0.02046646,0.00845757,0.017014768
ZJ018074,0.8114196,0.0048826057,0.05271455,0.0035245896,0.00063064246,0.005121179,0.115504675,0.0062021688
ZJ018075,0.19923106,0.06340718,0.2108428,0.008486434,0.06410093,0.23734885,0.20041423,0.016168501
ZJ018076,0.101349205,0.005528121,0.3725046,0.06790846,0.00018267623,0.006710793,0.0034389726,0.44237718
ZJ018077,0.030938614,0.03183175,0.54062104,0.0014287295,0.06118279,0.09892186,0.22353579,0.011539406
ZJ018078,0.35933435,0.030264856,0.091383934,0.17593165,0.005726184,0.051012985,0.041261174,0.24508491
ZJ018079,0.05852453,0.52358234,0.11479996,0.00972367,0.0047207256,0.017990937,0.26480797,0.0058498406
ZJ018080,0.38849887,0.0813574,0.18879828,0.0084539,0.09763039,0.012613188,0.16964257,0.05300541
ZJ018081,0.18827742,0.0028196569,0.04083526,0.0070011937,0.035876278,0.0072592795,0.6845181,0.033412814
ZJ018082,0.25584725,0.11793152,0.4104799,0.0029971246,0.041530132,0.07253999,0.04864723,0.050026905
ZJ018083,0.040349856,0.76411915,0.010390179,0.0055575366,0.0027263514,0.032317054,0.12886566,0.015674204
ZJ018084,0.10823473,0.77638173,0.027325746,0.0076399925,0.015703682,0.0038795369,0.04883806,0.011996491
ZJ018085,0.14147027,0.05175363,0.08780121,0.21556102,0.40985098,0.03919411,0.03449301,0.019875756
ZJ018086,0.26382387,0.046406813,0.07141469,0.14386849,0.37736538,0.05633595,0.034355573,0.006429171
ZJ018087,0.15879266,0.035372056,0.30509257,0.009924462,0.08203336,0.05210181,0.20425467,0.1524284
ZJ018088,0.3701903,0.12500118,0.10223332,0.04254901,0.061583214,0.084723264,0.13153023,0.082189515
ZJ018089,0.11905234,0.016142301,0.6056884,0.014660194,0.0013924872,0.016115757,0.1373625,0.08958607
ZJ018090,0.049696594,0.019983375,0.11128386,0.5076254,0.0062875673,0.009351139,0.022920776,0.2728513
ZJ018091,0.17770325,0.043122005,0.1448519,0.16893522,0.22696087,0.13407907,0.07506387,0.029283836
ZJ018092,0.16642573,0.108859375,0.1693161,0.0108726295,0.005701662,0.05390188,0.3974816,0.08744103
ZJ018093,0.10603524,0.044296622,0.058443423,0.030039987,0.039474726,0.011981861,0.57902336,0.13070486
ZJ018094,0.04859132,0.011256594,0.7334217,0.0010143138,0.06439317,0.091297984,0.04041849,0.009606421
ZJ018095,0.82294387,0.0076356838,0.0722328,0.003977817,0.0131662665,0.004181876,0.04225968,0.033602044
ZJ018096,0.2257479,0.06602344,0.3954992,0.037355755,0.0061193327,0.04800912,0.18289602,0.03834917
ZJ018097,0.13723165,0.15295161,0.1921786,0.04869518,0.016690383,0.044704802,0.34444404,0.06310376
ZJ018098,0.02861476,0.04163995,0.5183851,0.0016964166,0.106299706,0.054869402,0.23679523,0.011699414
ZJ018099,0.048447244,0.009179947,0.10680683,0.14227411,0.0021358114,0.6651843,0.008714993,0.017256785
ZJ018100,0.2365562,0.50880104,0.02958182,0.06094127,0.019502347,0.008875705,0.03236121,0.10338037
ZJ018101,0.3221044,0.12107345,0.12939061,0.12957482,0.027816692,0.050642174,0.07084181,0.14855602
ZJ018102,0.041645285,0.0019159077,0.10346163,0.37024757,0.23684578,0.047145616,0.008253585,0.19048466
ZJ018103,0.9322099,0.004482664,0.012550846,0.0035701557,0.0018242396,0.009369515,0.027812041,0.008180631
ZJ018104,0.020160029,0.010206994,0.121293664,0.004968526,0.012792385,0.80298316,0.015506942,0.012088281
ZJ018105,0.35735312,0.059315745,0.1960683,0.016978752,0.007140856,0.200289,0.13950305,0.023351215
ZJ018106,0.0148616135,0.004210812,0.006393594,0.019603135,0.0015865166,0.93703926,0.011908408,0.0043966733
ZJ018107,0.18667328,0.21954335,0.17043251,0.008267347,0.0071346657,0.020991178,0.25555697,0.13140073
ZJ018108,0.12066703,0.064808026,0.31720623,0.020955328,0.008475793,0.02402115,0.20147698,0.24238946
ZJ018109,0.16587977,0.02414361,0.12672539,0.29013073,0.015417188,0.006985498,0.016911056,0.35380676
ZJ018110,0.29416555,0.11228398,0.2382612,0.006033715,0.04429019,0.027512534,0.20293663,0.0745162
ZJ018111,0.13578048,0.02443806,0.15002616,0.28205702,0.05327549,0.055538267,0.031734984,0.26714957
ZJ018112,0.042069905,0.037575282,0.10072883,0.0086460505,0.0065049087,0.55097085,0.21196327,0.041540988
ZJ018113,0.5263149,0.0009711666,0.058171667,0.07180833,0.00076441996,0.04813226,0.007236782,0.28660047
ZJ018114,0.7339078,0.006173812,0.041163836,0.001966346,0.02884447,0.09398074,0.074275345,0.019687638
ZJ018115,0.2818586,0.07969065,0.15244775,0.01569601,0.013720858,0.008518537,0.38984036,0.0582273
ZJ018116,0.10700132,0.09013042,0.035685636,0.044462815,0.12589742,0.01730284,0.53930527,0.04021427
ZJ018117,0.30118278,0.04866707,0.13422288,0.0029483503,0.24920267,0.018423995,0.14579321,0.099559076
ZJ018118,0.49083188,0.05730675,0.11708134,0.029385086,0.034542523,0.06321895,0.09485537,0.1127781
ZJ018119,0.42443365,0.048958134,0.1782892,0.0032301403,0.041470237,0.054760486,0.2380938,0.010764368
ZJ018120,0.27075362,0.1687409,0.07906576,0.044006545,0.04983047,0.08424525,0.21658938,0.08676816
ZJ018121,0.38961193,0.03446192,0.20362982,0.004940533,0.01321851,0.05367995,0.28800443,0.012452937
ZJ018122,0.24334739,0.3885339,0.0908265,0.0149027435,0.043393675,0.027894134,0.15120304,0.039898597
ZJ018123,0.25714797,0.083561465,0.22403315,0.019318087,0.038987994,0.007307691,0.30769113,0.061952546
ZJ018124,0.25690225,0.1592557,0.030182129,0.083927475,0.050059807,0.030239265,0.32556063,0.06387269
ZJ018125,0.71601355,0.02317449,0.062683865,0.010520484,0.022279873,0.024945576,0.07922544,0.061156698
ZJ018126,0.32203957,0.0403778,0.15157235,0.012790274,0.032167677,0.024028404,0.3478613,0.06916265
ZJ018127,0.33079267,0.12927459,0.09967644,0.06084118,0.05674525,0.06504476,0.179708,0.07791713
ZJ018128,0.23111378,0.035002213,0.17820635,0.2126241,0.015048043,0.015606765,0.035581015,0.2768177
ZJ018129,0.7398024,0.026506545,0.059253167,0.0075948634,0.032403182,0.03431902,0.06444312,0.035677712
ZJ018130,0.04884545,0.84119624,0.028964596,0.010107793,0.0035930471,0.01795024,0.03167329,0.017669292
ZJ018131,0.17748149,0.47895584,0.09682272,0.002578859,0.012575487,0.07280193,0.14981313,0.008970577
ZJ018132,0.12761393,0.0054722815,0.63671637,0.06233019,0.014975336,0.094618976,0.018051192,0.04022172
ZJ018133,0.09300029,0.28865707,0.28585815,0.027522903,0.008548368,0.012459931,0.17880422,0.1051491
ZJ018134,0.3770837,0.03886944,0.167393,0.13262059,0.042316195,0.023453882,0.03546612,0.18279713
ZJ018135,0.47116378,0.06181508,0.092797756,0.014083958,0.0877622,0.03629307,0.13217229,0.103911884
ZJ018136,0.06471772,0.82005084,0.016100988,0.022871217,0.007519873,0.012778848,0.011146976,0.044813573
ZJ018137,0.07215956,0.12464965,0.41722286,0.05831501,0.14461294,0.0843821,0.074179836,0.02447802
ZJ018138,0.0902603,0.041401487,0.3386302,0.00457963,0.07096924,0.17359746,0.23886149,0.041700233
ZJ018139,0.46698746,0.060585,0.09981956,0.03543286,0.07896887,0.05270463,0.14489043,0.060611185
ZJ018140,0.24679567,0.26405114,0.022673368,0.08504311,0.0636545,0.0187317,0.2224139,0.07663663
ZJ018141,0.21904805,0.11106742,0.30993494,0.00296046,0.045650937,0.10157381,0.14288312,0.066881195
ZJ018142,0.10337943,0.017249068,0.1098593,0.0076769283,0.0044209724,0.0764205,0.6505798,0.030414002
ZJ018143,0.11013741,0.16416962,0.3856933,0.0059663192,0.014641703,0.08928403,0.2097745,0.02033304
ZJ018144,0.6640972,0.003973169,0.14269085,0.013930045,0.00089390203,0.010193496,0.13804913,0.026172178
ZJ018145,0.14487946,0.031490523,0.32447737,0.025222858,0.10603026,0.0642266,0.28335583,0.02031711
ZJ018146,0.21358094,0.049104758,0.3154084,0.007140735,0.063921794,0.028475035,0.27746707,0.044901192
ZJ018147,0.14901829,0.1068062,0.1284408,0.24635735,0.05654002,0.043768074,0.055068318,0.21400093
ZJ018148,0.31719685,0.03855341,0.28773803,0.03670314,0.025602585,0.05107877,0.067990355,0.17513682
ZJ018149,0.081050426,0.033047587,0.12203886,0.15515973,0.009995744,0.5419959,0.021714143,0.034997612
ZJ018150,0.2547701,0.04550128,0.22963834,0.02506039,0.015967598,0.03060923,0.34499723,0.053455815
ZJ018151,0.8716009,0.0017240748,0.026182191,0.018301327,0.018732375,0.0066373544,0.004041399,0.05278035
ZJ018152,0.0822981,0.42458773,0.1417648,0.0062585655,0.004458896,0.023776298,0.3120622,0.004793425
ZJ018153,0.4721191,0.0834208,0.19588992,0.016623963,0.05073407,0.014323531,0.053329095,0.11355952
ZJ018154,0.018381055,0.0122816805,0.014142726,0.009514195,0.010226185,0.91728544,0.007225046,0.010943641
ZJ018155,0.38671115,0.062774174,0.22209613,0.011420296,0.018900247,0.008211536,0.2383175,0.05156888
ZJ018156,0.06751768,0.005543239,0.8603396,0.00037956363,0.015548416,0.015035735,0.027982429,0.0076533123
ZJ018157,0.09397207,0.003131357,0.37831795,0.30978954,0.0071640196,0.036090035,0.009276719,0.16225831
ZJ018158,0.048232086,0.004248759,0.36672512,0.012808781,0.05324421,0.044981528,0.0041841576,0.46557534
ZJ018159,0.077049546,0.021259416,0.25736928,0.5215695,0.02354982,0.055121396,0.02436735,0.019713717
ZJ018160,0.07473408,0.15635087,0.11502634,0.009449598,0.0010540533,0.4795265,0.12887074,0.034987904
ZJ018161,0.07580417,0.013402977,0.24368595,0.047058225,0.054973416,0.50486904,0.02227809,0.037928212
ZJ018162,0.11713157,0.5707509,0.021909185,0.011930544,0.19399804,0.03938029,0.036615312,0.008284115
ZJ018163,0.018838957,0.028892677,0.09514888,0.0043061967,0.0058686915,0.7994995,0.031377763,0.01606742
ZJ018164,0.17679128,0.05670047,0.42747468,0.010961609,0.017841805,0.12361377,0.17690174,0.009714619
ZJ018165,0.16264361,0.50432587,0.07574249,0.010480982,0.09664914,0.015478846,0.06879024,0.06588882
ZJ018166,0.6361042,0.014695518,0.060421187,0.0043450217,0.05549826,0.07265239,0.13957927,0.016704118
ZJ018167,0.41309822,0.030648623,0.27982494,0.007469483,0.04169571,0.035358526,0.1393102,0.05259433
ZJ018168,0.13094789,0.15083975,0.23510042,0.03662486,0.1522616,0.17533822,0.048799265,0.07008797
ZJ018169,0.24827673,0.056359734,0.07681122,0.11634471,0.34694177,0.09803505,0.049394906,0.0078359125
ZJ018170,0.348101,0.16969423,0.06286823,0.037592534,0.03580442,0.056966122,0.13941304,0.14956045
ZJ018171,0.12373553,0.035108596,0.26518682,0.03872248,0.014972834,0.06822937,0.4273086,0.026735801
ZJ018172,0.046427336,0.10606209,0.3459792,0.0037038194,0.123012975,0.26306853,0.068002455,0.043743577
ZJ018173,0.0135100335,0.007875268,0.032283153,0.022052728,0.018373694,0.88057333,0.009208928,0.016122846
ZJ018174,0.03316937,0.0011871987,0.51373595,0.043193106,0.25623062,0.107235044,0.004904577,0.04034409
ZJ018175,0.43082222,0.11537664,0.10982555,0.03416773,0.0570268,0.022598727,0.17999499,0.05018727
ZJ018176,0.1551612,0.061848138,0.32853922,0.0057210065,0.015727783,0.07745186,0.33739543,0.01815537
ZJ018177,0.33576354,0.069212906,0.09101892,0.041634373,0.11828419,0.05692281,0.21573731,0.07142593
ZJ018178,0.619494,0.02018231,0.15162167,0.030427309,0.014099637,0.05022557,0.057051573,0.056897957
ZJ018179,0.08500035,0.018263504,0.09669948,0.0040284325,0.01140439,0.0064674322,0.7494773,0.028659087
ZJ018180,0.35446852,0.0553975,0.07022617,0.17327508,0.24762005,0.050660636,0.039613348,0.008738718
ZJ018181,0.29881194,0.17749552,0.09251417,0.050109066,0.041485313,0.04404568,0.18539234,0.110145934
ZJ018182,0.19657159,0.14770938,0.1565698,0.010964558,0.056022905,0.016771888,0.122475974,0.29291385
ZJ018183,0.029647186,0.017761167,0.6465943,0.0011613887,0.032403488,0.1989762,0.06721713,0.0062391832
ZJ018184,0.06597787,0.06294972,0.024214579,0.011675896,0.004380553,0.0020378665,0.8070461,0.021717425
ZJ018185,0.07326558,0.79952306,0.029808262,0.013092229,0.020732308,0.01332136,0.022260278,0.027996898
ZJ018186,0.06987086,0.010201628,0.031808548,0.0042086765,0.0050136303,0.7929045,0.05899461,0.02699749
ZJ018187,0.027045814,0.009807138,0.013489667,0.048502985,0.0024704933,0.8811558,0.0137328375,0.0037952978
ZJ018188,0.23642881,0.055947077,0.33794576,0.0057623405,0.008456199,0.12590785,0.21721645,0.012335446
ZJ018189,0.038143102,0.102166206,0.024773715,0.004036971,0.008120131,0.029495614,0.7767425,0.016521718
ZJ018190,0.08171363,0.29989105,0.18816538,0.0071078395,0.023217693,0.19391082,0.0532355,0.1527581
ZJ018191,0.2719425,0.17169982,0.18649316,0.0703962,0.022846583,0.06888508,0.19700716,0.0107294945
ZJ018192,0.06478567,0.008131152,0.42305276,0.004548438,0.006109303,0.011726281,0.4641628,0.017483676
ZJ018193,0.08555947,0.017749427,0.29219782,0.01643381,0.008575276,0.006438858,0.5252075,0.047837853
ZJ018194,0.018177472,0.01212601,0.023604741,0.011414647,0.0073058535,0.8879838,0.022805864,0.016581645
ZJ018195,0.015585046,0.0053397757,0.045557946,0.007466758,0.0028244136,0.8963345,0.012878617,0.014012941
ZJ018196,0.10184974,0.037902616,0.13099839,0.26764172,0.052809365,0.038920805,0.023598742,0.34627858
ZJ018197,0.08201704,0.06506068,0.48047602,0.0022113035,0.05825528,0.0878742,0.18538605,0.03871939
ZJ018198,0.2978287,0.09385011,0.33314484,0.043705076,0.0052480046,0.05552621,0.14167547,0.029021673
ZJ018199,0.09564605,0.003775347,0.15338966,0.56773734,0.003991103,0.017593969,0.005456624,0.15240993
ZJ018200,0.026746612,0.920193,0.0060079037,0.008147066,0.009230266,0.0050576427,0.019009925,0.0056075505
ZJ018201,0.14352684,0.011082033,0.29578176,0.42500356,0.0016395982,0.054648787,0.0102396365,0.058077756
ZJ018202,0.119792186,0.006269315,0.15917765,0.51610565,0.0220009,0.010978381,0.00722792,0.15844804
ZJ018203,0.14441471,0.19017625,0.28484145,0.008106289,0.0061950833,0.0153401615,0.3285831,0.022342999
ZJ018204,0.26844808,0.0068677287,0.107841395,0.22184777,0.034947515,0.010971159,0.0068649184,0.34221143
ZJ018205,0.72378266,0.012576608,0.08472652,0.008728871,0.007454126,0.008996705,0.033326343,0.120408125
ZJ018206,0.37311652,0.056689482,0.23934104,0.015861707,0.09802211,0.069420666,0.096027516,0.05152092
ZJ018207,0.17070056,0.056671333,0.13122742,0.004580505,0.045586143,0.31800014,0.23922491,0.034008965
ZJ018208,0.15453967,0.053110182,0.27358955,0.04118251,0.027531618,0.0651334,0.33827612,0.046636898
ZJ018209,0.095714696,0.07503349,0.086116426,0.01531901,0.010988701,0.07441957,0.62456036,0.017847741
ZJ018210,0.29185608,0.14432281,0.16222392,0.017096,0.011734205,0.013457772,0.18374635,0.17556286
ZJ018211,0.14812312,0.19025211,0.16363315,0.04359261,0.004241491,0.007937805,0.30955535,0.13266435
ZJ018212,0.47840688,0.006862669,0.10358727,0.3354497,0.026025057,0.023257047,0.010456787,0.01595466
ZJ018213,0.34934622,0.05143774,0.22245578,0.010416225,0.016341526,0.017793274,0.2969364,0.03527279
ZJ018214,0.21390107,0.065616705,0.11378196,0.017393839,0.44614702,0.038412623,0.07967428,0.025072485
ZJ018215,0.51524943,0.08610005,0.08831886,0.0071488917,0.011811902,0.010830298,0.12132963,0.15921092
ZJ018216,0.06724306,0.17733288,0.04215197,0.018476019,0.017683456,0.60310477,0.04314698,0.030860854
ZJ018217,0.9471526,0.0041451105,0.027104324,0.0012180732,0.0020265463,0.0031798794,0.0038772896,0.0112962015
ZJ018218,0.040730987,0.2031653,0.5824135,0.019988608,0.0009809516,0.0065221786,0.11458673,0.031611785
ZJ018219,0.12096401,0.6373466,0.05677653,0.039214972,0.0069885375,0.019038726,0.06744928,0.052221414
ZJ018220,0.23853695,0.10853367,0.28017902,0.0067237904,0.03946632,0.04788287,0.23686537,0.041811984
ZJ018221,0.034993067,0.09199755,0.79424167,0.0036796636,0.0028795062,0.01727129,0.04874763,0.0061896197
ZJ018222,0.7546634,0.025266072,0.07666357,0.0012029831,0.041950487,0.020571733,0.027954007,0.051727727
ZJ018223,0.16400902,0.15782101,0.14849901,0.02331579,0.01212127,0.08305899,0.29788643,0.1132885
ZJ018224,0.13770689,0.015526277,0.23917739,0.384065,0.0030848486,0.062580235,0.023059236,0.13480009
ZJ018225,0.15686615,0.21038277,0.31980708,0.01207749,0.0038517886,0.02388127,0.23932655,0.03380691
ZJ018226,0.09142541,0.03425406,0.33875474,0.010616435,0.022129508,0.1530616,0.33011976,0.019638505
ZJ018227,0.48510912,0.050352022,0.19557813,0.0036094696,0.020392714,0.024998073,0.21310316,0.0068573155
ZJ018228,0.41499618,0.013087274,0.30214587,0.044244323,0.06092101,0.060275167,0.036686353,0.06764381
ZJ018229,0.12254834,0.043091126,0.36323315,0.0023023773,0.10413875,0.0375081,0.31685185,0.01032631
ZJ018230,0.083957724,0.06281189,0.047701437,0.0044384534,0.011375324,0.7179302,0.041147783,0.030637162
ZJ018231,0.15105253,0.059721425,0.25822502,0.002725374,0.026244037,0.018347312,0.47906658,0.004617769
ZJ018232,0.12178208,0.29645747,0.13339627,0.034246836,0.01154805,0.016524594,0.2110102,0.17503451
ZJ018233,0.24984169,0.05030547,0.16013767,0.2319509,0.045319207,0.026200604,0.035085548,0.20115888
ZJ018234,0.0252554,0.0031417317,0.16169049,0.30576023,0.0032170648,0.011023444,0.0048791263,0.48503244
ZJ018235,0.11120349,0.0036330333,0.72161245,0.020998849,0.0033778972,0.03044332,0.0039551016,0.10477582
ZJ018236,0.014129768,0.051610526,0.32226697,0.00072107906,0.12908505,0.4631343,0.011838396,0.0072139497
ZJ018237,0.15101361,0.0031296972,0.17212965,0.09376397,0.0016534603,0.05171225,0.003106391,0.52349097
ZJ018238,0.09282352,0.0053080507,0.26578152,0.31125596,0.011907646,0.007139333,0.0073430254,0.298441
ZJ018239,0.06543454,0.32177228,0.18863644,0.0072172247,0.0015145139,0.0386736,0.30405435,0.072697066
ZJ018240,0.37898186,0.103934355,0.07775596,0.06820858,0.045707528,0.0733899,0.12195508,0.13006672
ZJ018241,0.0619559,0.014915914,0.5886865,0.045172945,0.1524974,0.07923754,0.028273657,0.029260093
ZJ018242,0.45151034,0.009311867,0.24329212,0.01392157,0.0065283244,0.053570554,0.18684763,0.035017587
ZJ018243,0.017456556,0.04134112,0.19777064,0.0010749227,0.009249749,0.68731,0.03262077,0.013176273
ZJ018244,0.117866285,0.0044519985,0.68914294,0.040934358,0.0014145336,0.024970137,0.004721442,0.11649828
ZJ018245,0.16058439,0.24770185,0.46219,0.010917196,0.00807249,0.037008267,0.06303091,0.010494937
ZJ018246,0.020232014,0.004496885,0.008804738,0.005839754,0.0051381383,0.9369248,0.013624701,0.00493893
ZJ018247,0.325724,0.058179602,0.0579687,0.013215336,0.39024746,0.03699146,0.08681778,0.030855594
ZJ018248,0.107605785,0.03652856,0.43437538,0.004221398,0.14485593,0.10406019,0.15892813,0.009424596
ZJ018249,0.38382345,0.01424493,0.12494415,0.0019017204,0.16242194,0.02370888,0.26247045,0.026484484
ZJ018250,0.22225991,0.0558345,0.42338693,0.0014293519,0.13017926,0.023647947,0.13817033,0.0050917203
ZJ018251,0.08509078,0.01564736,0.47780848,0.2376908,0.006388543,0.08530595,0.012146114,0.07992198
ZJ018252,0.04589055,0.008839149,0.45865116,0.023206668,0.0052589425,0.014349442,0.39724067,0.04656343
ZJ018253,0.04856331,0.864995,0.020602655,0.010303345,0.0069951816,0.008660485,0.023622297,0.016257701
ZJ018254,0.110526554,0.06298328,0.38004908,0.042312693,0.00929617,0.01072374,0.0736546,0.3104539
ZJ018255,0.912994,0.0027290145,0.014311042,0.0037233613,0.016258085,0.02424595,0.021829791,0.0039087334
ZJ018256,0.06737036,0.007894972,0.4294029,0.04799004,0.03688098,0.025229445,0.010001509,0.3752298
ZJ018257,0.35447162,0.035474997,0.13281347,0.006786588,0.16143584,0.027793128,0.26090276,0.020321611
ZJ018258,0.05402389,0.7777722,0.043067157,0.010652468,0.0021211503,0.016196825,0.038612776,0.057553604
ZJ018259,0.047367863,0.042620845,0.10286464,0.0044461116,0.0054857964,0.034831166,0.7236753,0.038708344
ZJ018260,0.606095,0.0047332114,0.24350485,0.040588543,0.0020860338,0.008405587,0.009278959,0.08530786
ZJ018261,0.38984358,0.18762267,0.21524079,0.0044287834,0.024772124,0.009777164,0.12817484,0.04014005
ZJ018262,0.027428467,0.15577342,0.013829232,0.0035218284,0.25576764,0.5270447,0.009462173,0.0071725226
ZJ018263,0.21451856,0.37077242,0.068706304,0.0075601065,0.2212403,0.03987568,0.056407094,0.02091951
ZJ018264,0.06530429,0.8464042,0.013023989,0.011713935,0.009552654,0.0074119763,0.02880605,0.017782966
ZJ018265,0.120708965,0.03805694,0.26225972,0.013242975,0.010937831,0.01607864,0.5062276,0.03248734
ZJ018266,0.2225932,0.008673952,0.23269479,0.36564818,0.01854854,0.016091395,0.011141448,0.12460843
ZJ018267,0.14985174,0.033559047,0.15189375,0.2844048,0.067373894,0.023026844,0.033291034,0.25659886
ZJ018268,0.14739287,0.042664483,0.3895863,0.009092923,0.0056538726,0.26258835,0.12870994,0.01431127
ZJ018269,0.15921709,0.016026545,0.24402183,0.38403553,0.0026641646,0.042716827,0.024969647,0.12634839
ZJ018270,0.09536769,0.0058725933,0.10782312,0.021941623,0.6002592,0.11670791,0.013641736,0.038386162
ZJ018271,0.15593737,0.009853197,0.12215545,0.34762412,0.009317465,0.31037468,0.01633643,0.028401222
ZJ018272,0.85294706,0.012277143,0.017193304,0.0047674165,0.018186845,0.014644403,0.06986218,0.010121597
ZJ018273,0.117536955,0.013902983,0.0909223,0.014595464,0.011903065,0.6644249,0.037183505,0.04953081
ZJ018274,0.36150357,0.0634766,0.29129663,0.006352911,0.009588122,0.01795471,0.19899727,0.050830245
ZJ018275,0.24140677,0.04889793,0.2441138,0.034911446,0.021791253,0.041958418,0.06888125,0.2980391
ZJ018276,0.28825787,0.036243297,0.19611557,0.006490553,0.109668694,0.034787357,0.32005224,0.008384457
ZJ018277,0.23178087,0.050426953,0.2777266,0.008570932,0.062119823,0.09858829,0.20305891,0.06772765
ZJ018278,0.5192607,0.042547602,0.16676316,0.025580477,0.020264527,0.05785743,0.14645894,0.02126714
ZJ018279,0.20418759,0.099748425,0.24017362,0.01397438,0.043895632,0.026085969,0.16583595,0.2060984
ZJ018280,0.15763678,0.0070525114,0.54025066,0.0035228478,0.0027388874,0.055190403,0.22132286,0.012285018
ZJ018281,0.43357977,0.040211067,0.22344016,0.058977403,0.01842524,0.09814542,0.09297651,0.03424439
ZJ018282,0.28370896,0.043169666,0.37180656,0.002032753,0.028062278,0.013456655,0.25413707,0.003626065
ZJ018283,0.36051962,0.2149162,0.15852313,0.01359937,0.0074365935,0.033098172,0.1706506,0.0412563
ZJ018284,0.12587419,0.0027742218,0.10841087,0.30518895,0.00039427457,0.027804177,0.0018246964,0.42772856
ZJ018285,0.27549154,0.139437,0.2529752,0.0060078227,0.060014516,0.03484642,0.22491035,0.0063171573
ZJ018286,0.40730932,0.10572161,0.09849686,0.025680816,0.032650746,0.11253284,0.15157479,0.06603302
ZJ018287,0.35292208,0.054609045,0.09730633,0.14638974,0.20769869,0.08137052,0.051858887,0.007844654
ZJ018288,0.3303911,0.008239461,0.40318334,0.02267206,0.08155193,0.08341741,0.028454795,0.042089894
ZJ018289,0.26360998,0.046105683,0.21723428,0.020844415,0.020271698,0.038633816,0.37298205,0.020318117
ZJ018290,0.110317305,0.4273433,0.15215158,0.01950385,0.02380322,0.005742979,0.24660262,0.014535196
ZJ018291,0.5445977,0.0028375876,0.038163852,0.0034522663,0.37498087,0.014986598,0.007455198,0.013525956
ZJ018292,0.03479495,0.020486267,0.13810474,0.009760004,0.008080414,0.7268028,0.038829204,0.023141587
ZJ018293,0.14199835,0.058901023,0.30026793,0.006593342,0.103231676,0.018728683,0.33650032,0.033778682
ZJ018294,0.10299812,0.014847011,0.117631435,0.47989115,0.044639602,0.06049114,0.009095473,0.17040606
ZJ018295,0.1727255,0.00665788,0.2770173,0.44531116,0.014701176,0.03796849,0.017063018,0.028555444
ZJ018296,0.17476031,0.32300314,0.11071532,0.008008647,0.027544085,0.007563758,0.31180832,0.03659642
ZJ018297,0.28163636,0.04874934,0.06971639,0.18719776,0.3179598,0.041663673,0.04563969,0.007437106
ZJ018298,0.095402114,0.027242059,0.21486379,0.09359018,0.07111119,0.06277951,0.04423609,0.39077505
ZJ018299,0.19651677,0.0045946403,0.116473235,0.36102358,0.03405002,0.1425038,0.015830498,0.12900749
ZJ018300,0.17222428,0.022559276,0.054593388,0.011007143,0.59628874,0.11938269,0.010208107,0.013736325
ZJ018301,0.2782549,0.1703389,0.104306035,0.026113523,0.07945915,0.06829297,0.16634487,0.106889665
ZJ018302,0.073588096,0.016221853,0.14171036,0.3735814,0.0705793,0.14199615,0.026049217,0.15627363
ZJ018303,0.34618357,0.067259565,0.24131955,0.0068277023,0.008777483,0.10567792,0.21006507,0.0138891805
ZJ018304,0.08211579,0.46232048,0.034025915,0.007044673,0.0011173346,0.061813828,0.3255516,0.026010387
ZJ018305,0.05971276,0.012063077,0.07131477,0.067898765,0.17633846,0.008575565,0.5813704,0.022726243
ZJ018306,0.1560153,0.04958332,0.38774836,0.02302724,0.044824824,0.03752511,0.2854666,0.015809277
ZJ018307,0.079979315,0.028460134,0.24579601,0.013327046,0.014113419,0.014172705,0.5396681,0.064483345
ZJ018308,0.11939291,0.10544983,0.04908307,0.060986105,0.030529974,0.021009365,0.5678587,0.04569001
ZJ018309,0.18129237,0.16186756,0.1284511,0.055205453,0.015188989,0.053685144,0.31114864,0.09316079
ZJ018310,0.17914039,0.37984687,0.0776371,0.0865773,0.006927002,0.014403681,0.032926857,0.22254078
ZJ018311,0.121253744,0.030065864,0.45817488,0.0524249,0.005374902,0.010958335,0.041580584,0.28016686
ZJ018312,0.25914285,0.024643127,0.28426588,0.011373455,0.0073492248,0.0533827,0.29271007,0.06713273
ZJ018313,0.17814337,0.09760252,0.29959223,0.007172225,0.021985533,0.035066754,0.34524527,0.015192127
ZJ018314,0.33627677,0.1711946,0.066224955,0.018779386,0.3137434,0.03147836,0.040530123,0.021772414
ZJ018315,0.54062575,0.06538628,0.12018252,0.06137327,0.027134417,0.010162986,0.1192287,0.05590609
ZJ018316,0.04627906,0.05398178,0.17280771,0.038632527,0.35971233,0.20002721,0.10498909,0.02357032
ZJ018317,0.04501975,0.8789209,0.02084108,0.0069803484,0.0064398437,0.01260468,0.024324952,0.0048684017
ZJ018318,0.090351485,0.012910084,0.49917173,0.08637232,0.10841145,0.07305299,0.02950152,0.1002284
ZJ018319,0.15610598,0.030525697,0.25722334,0.0050364295,0.23183061,0.16026649,0.13731179,0.021699648
ZJ018320,0.26334274,0.19407028,0.12410491,0.045374878,0.16206491,0.037902556,0.1115129,0.06162677
ZJ018321,0.091298714,0.5625657,0.20847255,0.008168689,0.005307844,0.07459329,0.04197418,0.007619052
ZJ018322,0.38726804,0.042911746,0.15406354,0.0015333948,0.13733406,0.03284003,0.21299689,0.031052222
ZJ018323,0.22388479,0.053293575,0.34863958,0.009490991,0.021221088,0.1434534,0.18416637,0.015850268
ZJ018324,0.91784984,0.005413287,0.022001173,0.0075600194,0.005941967,0.010996273,0.022785814,0.0074516144
ZJ018325,0.20320922,0.010643234,0.2060545,0.3097605,0.022440277,0.01696336,0.0147522325,0.21617669
ZJ018326,0.05089671,0.7896109,0.013020112,0.014892161,0.01340657,0.012762852,0.09762226,0.0077884244
ZJ018327,0.060093388,0.0025963527,0.1687288,0.43792737,0.00060798984,0.08452345,0.00605973,0.2394629
ZJ018328,0.2364167,0.19909686,0.093075715,0.052412465,0.030182488,0.06351298,0.2836295,0.041673258
ZJ018329,0.1351273,0.04707425,0.51407754,0.0025221233,0.04689463,0.05731931,0.16698302,0.030001761
ZJ018330,0.20905703,0.29265156,0.14397751,0.013036846,0.009885678,0.03298893,0.20069455,0.09770793
ZJ018331,0.33549544,0.06434911,0.14086232,0.00664102,0.045273453,0.13187447,0.22472599,0.050778124
ZJ018332,0.26683775,0.24281594,0.13394134,0.07628187,0.13141264,0.019626962,0.047724903,0.08135859
ZJ018333,0.048999615,0.011242811,0.630698,0.017316662,0.05892951,0.1499789,0.051711787,0.031122671
ZJ018334,0.38083062,0.10541465,0.18984519,0.01178922,0.038916387,0.026768181,0.22937968,0.017056083
ZJ018335,0.16996652,0.110148005,0.11185902,0.017709255,0.04230892,0.022398833,0.45577827,0.06983116
ZJ018336,0.27089143,0.0956608,0.12235943,0.021467833,0.024771126,0.02774058,0.3400169,0.09709197
ZJ018337,0.21017422,0.04141426,0.49847838,0.010085405,0.0070910375,0.049559034,0.14888322,0.034314442
ZJ018338,0.31774506,0.20974167,0.06801677,0.03748219,0.086380064,0.049631707,0.1509338,0.08006873
ZJ018339,0.2774924,0.07703855,0.2012928,0.027338909,0.016475586,0.041974355,0.32633385,0.032053586
ZJ018340,0.06324081,0.39319548,0.15746517,0.010283668,0.003858519,0.01872689,0.34841812,0.004811319
ZJ018341,0.25321126,0.113017626,0.13111028,0.033884194,0.052136496,0.08646068,0.2239516,0.10622784
ZJ018342,0.34499565,0.109625585,0.15904051,0.011390964,0.096466795,0.06299464,0.14773381,0.067752056
ZJ018343,0.22866215,0.014732833,0.17480952,0.3367231,0.015715923,0.029276099,0.023227764,0.17685264
ZJ018344,0.3280187,0.05877663,0.061516114,0.24499142,0.18002841,0.06455782,0.057610307,0.0045006676
ZJ018345,0.3051338,0.12181891,0.18767956,0.037498735,0.061869,0.054172844,0.12821652,0.10361062
ZJ018346,0.04980507,0.02974296,0.030229226,0.001450243,0.009507283,0.8162793,0.04770858,0.015277383
ZJ018347,0.11568375,0.058105417,0.24988584,0.019630427,0.18382467,0.22368327,0.09688767,0.05229898
ZJ018348,0.14543384,0.06734562,0.16525973,0.23741631,0.026599253,0.07107775,0.055149313,0.23171814
ZJ018349,0.26347858,0.120936446,0.14779869,0.0052630156,0.034521565,0.009927893,0.3816537,0.036420166
ZJ018350,0.8485957,0.0093190055,0.028089417,0.0018132951,0.022236858,0.026040697,0.018453617,0.04545144
ZJ018351,0.038479246,0.54348665,0.1125973,0.008706549,0.0024151665,0.01557687,0.2741005,0.004637674
ZJ018352,0.05552399,0.03424758,0.0701727,0.027019171,0.009367985,0.7103718,0.06744784,0.025848968
ZJ018353,0.04316922,0.8913068,0.013679353,0.001979375,0.004855033,0.0025858681,0.034849722,0.007574604
ZJ018354,0.5198174,0.018722266,0.089564905,0.012130259,0.022230124,0.066661775,0.23937288,0.03150038
ZJ018355,0.103090264,0.03780017,0.08388843,0.01449955,0.009860969,0.65334886,0.03826227,0.059249546
ZJ018356,0.45677203,0.053451587,0.053365577,0.22534837,0.15229401,0.02970273,0.022174971,0.006890742
ZJ018357,0.25579938,0.069342084,0.055996764,0.07400904,0.022740107,0.081543475,0.37955067,0.061018527
ZJ018358,0.33559027,0.1589598,0.19544515,0.008850327,0.12096764,0.0117581105,0.08860339,0.079825275
ZJ018359,0.2826881,0.037689924,0.3003373,0.0070422045,0.0027260769,0.0028036342,0.25559214,0.1111206
ZJ018360,0.58602154,0.019346427,0.055923637,0.0051440443,0.2578413,0.024985097,0.033813696,0.016924297
ZJ018361,0.36367124,0.021141117,0.1544899,0.013756322,0.020738684,0.04258847,0.35224873,0.03136554
ZJ018362,0.31124508,0.14701812,0.27618936,0.007960874,0.023352737,0.049378123,0.17808749,0.0067682145
ZJ018363,0.27405313,0.26790658,0.071618676,0.0446165,0.052109245,0.0848091,0.1552516,0.04963521
ZJ018364,0.3485397,0.01662475,0.3303441,0.03686599,0.012595278,0.012957441,0.049402446,0.19267021
ZJ018365,0.20009689,0.061750177,0.15098275,0.13550937,0.03761693,0.02614807,0.068867914,0.3190278
ZJ018366,0.27502656,0.24697295,0.22825518,0.0119838035,0.0080118375,0.02684274,0.11762671,0.085280195
ZJ018367,0.07476435,0.013663953,0.14384522,0.38621208,0.006719581,0.005285077,0.015368776,0.35414094
ZJ018368,0.18924001,0.02919215,0.19231494,0.011748582,0.006105798,0.045729984,0.51007086,0.015597628
ZJ018369,0.17697714,0.43814847,0.10165164,0.0054854504,0.016775137,0.0076724673,0.20703413,0.046255518
ZJ018370,3.2000405e-06,2.2268075e-06,0.00010285527,2.133614e-07,0.9998576,6.465307e-07,3.2381187e-05,8.639298e-07
ZJ018371,0.2654642,0.13035423,0.13655147,0.02583739,0.19006915,0.06542111,0.09966778,0.0866347
ZJ018372,0.22757535,0.03677891,0.04302114,0.20404756,0.30952504,0.08659964,0.075726785,0.016725551
ZJ018373,0.053290673,0.0041598547,0.080273494,0.70126295,0.00236698,0.020781526,0.0066811037,0.13118342
ZJ018374,0.61343426,0.033168025,0.09864461,0.007353718,0.017426174,0.09665033,0.11372797,0.019594915
ZJ018375,0.101896696,0.005512375,0.4079239,0.26456,0.013717883,0.035398223,0.012531472,0.15845941
ZJ018376,0.048653394,0.027944166,0.026387276,0.013861277,0.003229656,0.0052571506,0.8618178,0.012849286
ZJ018377,0.08539695,0.02191725,0.5510423,0.0005424511,0.0029154492,0.020997215,0.31528184,0.0019065704
ZJ018378,0.042502772,0.0075311004,0.83237994,0.00045404033,0.040022235,0.04817187,0.018957524,0.009980465
ZJ018379,0.08378111,0.008037338,0.0282706,0.027863016,0.0103797885,0.7792535,0.023017233,0.03939737
ZJ018380,0.25664094,0.07641157,0.2534823,0.05904616,0.13525249,0.047518045,0.058424894,0.11322362
ZJ018381,0.10026231,0.02688239,0.107952885,0.014031723,0.01632865,0.6060048,0.07069233,0.057844967
ZJ018382,0.0910984,0.034510657,0.4485886,0.0815317,0.013574214,0.044247024,0.23681264,0.049636792
ZJ018383,0.271828,0.11092293,0.10888217,0.12771118,0.003600454,0.022509886,0.15469989,0.19984548
ZJ018384,0.33921334,0.19614767,0.08507978,0.02614208,0.015724707,0.020214085,0.24151412,0.07596424
ZJ018385,0.012961362,0.007941514,0.010280236,0.0068312394,0.0020865225,0.0061699785,0.9499368,0.0037922869
ZJ018386,0.09746582,0.034171876,0.041769505,0.009208408,0.013097415,0.026622295,0.71192753,0.06573719
ZJ018387,0.06655521,0.005648589,0.42679718,0.05903092,0.08953052,0.02829199,0.009727512,0.31441805
ZJ018388,0.08850871,0.4173947,0.19104591,0.0056520887,0.007392472,0.13896063,0.07530331,0.07574228
ZJ018389,0.45453602,0.05210367,0.13817893,0.024754236,0.035133496,0.03586271,0.1773387,0.08209225
ZJ018390,0.54124343,0.053197946,0.19567572,0.0063183145,0.036433756,0.06110208,0.061628472,0.04440031
ZJ018391,0.09208,0.009944854,0.48742935,0.03277504,0.06520951,0.026193129,0.013514768,0.27285334
ZJ018392,0.06640214,0.021159625,0.13096163,0.17578653,0.0117871445,0.5379888,0.02637007,0.029544069
ZJ018393,0.0141690485,0.0034098001,0.044765897,0.004659987,0.01913989,0.8891079,0.011253428,0.0134940855
ZJ018394,0.034824066,0.04247229,0.5557595,0.0015364068,0.048901115,0.06328751,0.24438874,0.008830391
ZJ018395,0.69963306,0.012896071,0.09547763,0.024870424,0.0058586136,0.0060702106,0.08771858,0.06747542
ZJ018396,0.33981717,0.01025643,0.11955114,0.0037223843,0.010660186,0.027411584,0.4827724,0.005808719
ZJ018397,0.058732703,0.004213721,0.19625995,0.12910321,0.000790659,0.042016216,0.005084753,0.5637988
ZJ018398,0.39926806,0.13008833,0.17290786,0.017110042,0.041127883,0.04203582,0.14989503,0.047567
ZJ018399,0.18270972,0.07462409,0.34750074,0.013781473,0.023146588,0.09676048,0.19020785,0.07126903
ZJ018400,0.26731423,0.15297112,0.11725061,0.030191451,0.1419452,0.10701743,0.10309895,0.08021107
ZJ018401,0.027999403,0.0056682085,0.014627505,0.006595761,0.003564955,0.012671528,0.9145251,0.014347512
ZJ018402,0.20251483,0.07611644,0.21671928,0.013948221,0.01498835,0.16379909,0.1144845,0.19742933
ZJ018403,0.33121976,0.05588154,0.10116043,0.00634544,0.0094519975,0.08255195,0.3576329,0.055756
ZJ018404,0.21863577,0.029879136,0.09717212,0.20460026,0.02622171,0.008824522,0.025543904,0.3891226
ZJ018405,0.06850264,0.01103599,0.0967204,0.049643878,0.013242526,0.0139386505,0.73173946,0.015176467
ZJ018406,0.22028689,0.26389116,0.038019422,0.042646192,0.050334804,0.0467896,0.29325098,0.044780884
ZJ018407,0.0070519852,0.0062760673,0.052410025,0.0015903692,0.3490991,0.5759713,0.005783298,0.0018178336
ZJ018408,0.059876688,0.07637427,0.30071977,0.04894177,0.20900218,0.14733012,0.056858853,0.10089644
ZJ018409,0.071805224,0.010637346,0.25840554,0.37648404,0.012486971,0.0317572,0.039716672,0.19870703
ZJ018410,0.15547515,0.013325538,0.123709686,0.04688171,0.5139685,0.07996747,0.026633956,0.040037975
ZJ018411,0.038748696,0.012453667,0.08478925,0.02145973,0.0112970555,0.7719833,0.041074455,0.018193759
ZJ018412,0.6528378,0.00231603,0.0410006,0.05017607,0.027703017,0.019316187,0.005146226,0.20150411
ZJ018413,0.17410536,0.04611501,0.20576175,0.00589093,0.012304708,0.018709823,0.514431,0.022681383
ZJ018414,0.34012774,0.15252903,0.13919929,0.021002706,0.068830214,0.058011837,0.16219263,0.058106523
ZJ018415,0.017037982,0.007420286,0.011326046,0.0044174194,0.0140696475,0.9277523,0.015030516,0.0029458588
ZJ018416,0.2806528,0.046252415,0.052681092,0.40140998,0.016400855,0.018073596,0.073324285,0.11120498
ZJ018417,0.3028824,0.122782506,0.12766916,0.046468716,0.1363801,0.058952253,0.10415414,0.10071066
ZJ018418,0.30654594,0.14611642,0.111649595,0.037053593,0.03742346,0.058371544,0.20155872,0.10128065
ZJ018419,0.49158445,0.008798908,0.13623364,0.0033468911,0.16725923,0.013115893,0.16295859,0.0167024
ZJ018420,0.2843149,0.15962918,0.20524551,0.027057769,0.009380964,0.03901964,0.09102092,0.18433109
ZJ018421,0.10769934,0.006121065,0.1256652,0.50702214,0.010562418,0.0049206307,0.010451012,0.22755826
ZJ018422,0.124208525,0.021608727,0.2044604,0.09806603,0.031378586,0.43365008,0.04318339,0.0434443
ZJ018423,0.17437656,0.17996772,0.34644142,0.007932463,0.0031931635,0.016924808,0.25743824,0.013725609
ZJ018424,0.22588333,0.31310356,0.14726125,0.01979804,0.009371009,0.04485422,0.107247554,0.13248104
ZJ018425,0.29017016,0.043494973,0.059633873,0.34231654,0.16076308,0.055493716,0.04099534,0.007132322
ZJ018426,0.018387742,0.008245385,0.012545879,0.0033119025,0.013168363,0.9258635,0.015673995,0.0028032553
ZJ018427,0.03710955,0.035887856,0.5170006,0.0027055002,0.058356233,0.068348974,0.2634976,0.017093647
ZJ018428,0.21132599,0.1517978,0.3087655,0.0122780185,0.049986016,0.050494198,0.051955514,0.16339691
ZJ018429,0.21590625,0.27923208,0.12875229,0.009340573,0.13394232,0.013679439,0.18351221,0.03563483
ZJ018430,0.19343708,0.12601067,0.31752247,0.026100961,0.013932685,0.022143347,0.079837345,0.22101548
ZJ018431,0.22050814,0.022065148,0.1179134,0.40181583,0.12898573,0.01692947,0.028975343,0.0628069
ZJ018432,0.32646787,0.116223946,0.2155533,0.014130833,0.0865801,0.019709216,0.1459126,0.075422056
ZJ018433,0.14525111,0.19481823,0.05284012,0.07608244,0.09353133,0.057235897,0.3285625,0.051678404
ZJ018434,0.022672191,0.26200616,0.05106267,0.004307368,0.011766174,0.61823344,0.019576613,0.01037527
ZJ018435,0.15285522,0.17104273,0.03728256,0.012859011,0.4543593,0.06877398,0.08374386,0.01908336
ZJ018436,0.18188067,0.025943205,0.15077722,0.20921089,0.08244771,0.029536685,0.028598748,0.29160488
ZJ018437,0.110202074,0.15458128,0.40407425,0.0065993965,0.0015667684,0.047556743,0.22352977,0.051889703
ZJ018438,0.1358346,0.04315938,0.42063022,0.018442655,0.116031036,0.13287404,0.12002658,0.013001438
ZJ018439,0.081582025,0.83237404,0.025195649,0.0036910602,0.0044252085,0.018444302,0.008422643,0.025865069
ZJ018440,0.07212249,0.06356773,0.051607486,0.0027090786,0.017091746,0.7467473,0.026998995,0.019155119
ZJ018441,0.07166311,0.82267123,0.040844727,0.007382266,0.012259582,0.00583393,0.026091274,0.013253921
ZJ018442,0.18317346,0.055298362,0.4257539,0.011746708,0.09287776,0.06631679,0.142641,0.022191983
ZJ018443,0.2560655,0.06962687,0.25977436,0.032683674,0.016875494,0.09978124,0.19618073,0.06901215
ZJ018444,0.16381027,0.21103977,0.17385447,0.034686994,0.009897336,0.07714905,0.17874023,0.15082194
ZJ018445,0.18886258,0.19848877,0.23825893,0.0038406597,0.01582992,0.045793653,0.1796741,0.12925142
ZJ018446,0.21593323,0.03277309,0.42066008,0.0077343793,0.002908815,0.013966735,0.28654104,0.01948267
ZJ018447,0.21671022,0.006133386,0.46134976,0.019279668,0.073950045,0.10422314,0.020838697,0.09751513
ZJ018448,0.3461284,0.07914932,0.15190147,0.010077551,0.016530337,0.0025971937,0.3427732,0.05084249
ZJ018449,0.014930518,0.073980644,0.4782254,0.00025805118,0.002991992,0.39501593,0.027463896,0.0071335533
ZJ018450,0.047861267,0.0053426474,0.08614269,0.0037767147,0.0014719995,0.020585882,0.797383,0.037435804
ZJ018451,0.18646032,0.060751673,0.25289637,0.12483798,0.03903575,0.080415584,0.05667452,0.1989278
ZJ018452,0.3402724,0.062193613,0.20650506,0.066911615,0.082088746,0.03457778,0.08380697,0.12364382
ZJ018453,0.21367972,0.35816333,0.17616136,0.033933476,0.011971529,0.03800021,0.1192821,0.04880826
ZJ018454,0.020676354,0.19293745,0.07322063,0.0025154068,0.007674714,0.6703686,0.014867616,0.01773924
ZJ018455,0.09500768,0.0029628861,0.2548072,0.20904802,0.0034869334,0.41058812,0.004873154,0.019225985
ZJ018456,0.30443388,0.33421916,0.06845999,0.031657983,0.019193623,0.015437553,0.17283565,0.0537622
ZJ018457,0.2512393,0.11415294,0.061881337,0.14926071,0.13247287,0.037013024,0.0733576,0.18062223
ZJ018458,0.16178633,0.13319458,0.15595697,0.029648455,0.007603872,0.024774516,0.40048817,0.086547054
ZJ018459,0.20286591,0.031406008,0.35129455,0.010481618,0.025700789,0.21003023,0.14531668,0.022904247
ZJ018460,0.086198054,0.014000596,0.10383469,0.35446063,0.041600786,0.026764188,0.015383279,0.3577578
ZJ018461,0.26713833,0.06768175,0.40027738,0.006757241,0.025634348,0.044640657,0.11830465,0.069565654
ZJ018462,0.17228054,0.12341936,0.14899698,0.25524375,0.04951781,0.028876925,0.050685298,0.17097934
ZJ018463,0.032128397,0.014539719,0.12134884,0.008779699,0.025924273,0.7432518,0.0313274,0.02269984
ZJ018464,0.30981088,0.23507318,0.1847011,0.014013974,0.07646203,0.014083943,0.1199283,0.045926575
ZJ018465,0.44766244,0.045404337,0.22239886,0.004690403,0.0052172295,0.016470833,0.19675104,0.061404787
ZJ018466,0.28425205,0.0985821,0.032750804,0.011011651,0.01813944,0.014473502,0.52951485,0.011275605
ZJ018467,0.28926635,0.1450144,0.27934048,0.017582208,0.010403917,0.05730418,0.12945692,0.07163148
ZJ018468,0.07500016,0.007363031,0.12164663,0.61124516,0.00278305,0.017309925,0.009046251,0.1556059
ZJ018469,0.029471798,0.07052547,0.5821954,0.0050639347,0.042898737,0.24712655,0.01512361,0.00759452
ZJ018470,0.29814026,0.10724029,0.15910777,0.007725275,0.010117906,0.0587211,0.31176552,0.04718189
ZJ018471,0.111755826,0.11846623,0.12990771,0.23308475,0.017430525,0.025534986,0.060824484,0.3029955
ZJ018472,0.013857552,0.0078068143,0.011374741,0.0030144067,0.015387306,0.9334644,0.012655964,0.0024387918
ZJ018473,0.20643626,0.042181388,0.13876578,0.04792225,0.017263632,0.35782567,0.116740055,0.07286499
ZJ018474,0.21840262,0.41183606,0.11417513,0.0027218303,0.028881967,0.06037808,0.15708412,0.0065201707
ZJ018475,0.09230708,0.010110816,0.48814234,0.02932916,0.018135674,0.024531234,0.021052873,0.3163908
ZJ018476,0.24574168,0.109095834,0.32079804,0.011511522,0.030547025,0.102180496,0.11803245,0.062093
ZJ018477,0.048436373,0.03987135,0.80479556,0.0034949533,0.004288463,0.015886365,0.07767563,0.0055512963
ZJ018478,0.23344228,0.024151012,0.26399755,0.002754345,0.086696684,0.019140026,0.35764298,0.012175125
ZJ018479,0.12261865,0.077314034,0.14774671,0.029251637,0.0033122913,0.011669862,0.51727086,0.09081589
ZJ018480,0.09180512,0.5577883,0.05887536,0.019181777,0.046082493,0.012272444,0.16054219,0.053452358
ZJ018481,0.30214798,0.11891802,0.11076914,0.028290719,0.108083844,0.069017865,0.1740934,0.08867911
ZJ018482,0.1764166,0.056782514,0.30288142,0.006839235,0.0065691415,0.16047399,0.2757377,0.014299424
ZJ018483,0.006987903,0.0028929377,0.012704734,0.003426672,0.009188727,0.014514826,0.9419045,0.008379719
ZJ018484,0.19861217,0.005020924,0.48882228,0.0076619675,0.1550294,0.08557265,0.024112122,0.03516854
ZJ018485,0.0032351466,0.0014555419,0.005051976,0.0018457476,0.00281857,0.0059065544,0.97370017,0.0059863646
ZJ018486,0.30321214,0.03623179,0.08888538,0.008436847,0.033161726,0.026100915,0.48960558,0.014365623
ZJ018487,0.05544071,0.021125033,0.36255586,0.010817889,0.010697928,0.44507846,0.05392476,0.040359363
ZJ018488,0.24495102,0.1053834,0.3228832,0.0049888836,0.014434565,0.029018663,0.24071702,0.037623275
ZJ018489,0.078537725,0.008433675,0.108225115,0.004866325,0.008685885,0.10122368,0.6704772,0.019550402
ZJ018490,0.55765074,0.013876088,0.07880714,0.015448759,0.2391508,0.03165999,0.024554215,0.038852256
ZJ018491,0.18524991,0.06979923,0.2021858,0.011507691,0.008203254,0.066856824,0.42108765,0.035109606
ZJ018492,0.29239756,0.030732973,0.28311512,0.042259764,0.0063961917,0.12019336,0.16755854,0.05734646
ZJ018493,0.07648269,0.026942186,0.4680215,0.016921235,0.022472074,0.21139818,0.13157894,0.046183188
ZJ018494,0.68859,0.0047293874,0.1615714,0.00908407,0.06568136,0.023162756,0.012760046,0.034421
ZJ018495,0.34946012,0.11279243,0.1056702,0.023421697,0.090921186,0.044793032,0.20993695,0.063004404
ZJ018496,0.10993614,0.087757275,0.33861217,0.003013443,0.15021612,0.029189259,0.24095239,0.04032319
ZJ018497,0.22736008,0.0129101155,0.047924187,0.004215647,0.001534896,0.017289845,0.676182,0.012583221
ZJ018498,0.155305,0.060794704,0.068597235,0.03428036,0.07123388,0.5071317,0.08008349,0.022573663
ZJ018499,0.054933008,0.051002417,0.8108212,0.003050656,0.0031760896,0.03092322,0.04214114,0.003952263
ZJ018500,0.08655765,0.074070804,0.67125624,0.00077082525,0.016870625,0.038755704,0.092425495,0.019292643
ZJ018501,0.015666319,0.022462398,0.03566362,0.0058567254,0.0035012409,0.87748754,0.020567112,0.018795062
ZJ018502,0.11449858,0.5596236,0.056727152,0.012842521,0.062775075,0.049039487,0.1034033,0.041090347
ZJ018503,0.41682413,0.061330184,0.22363694,0.012374135,0.021790035,0.025987225,0.1686416,0.06941577
ZJ018504,0.25150853,0.05275041,0.33331278,0.018380357,0.011053284,0.048330743,0.26207563,0.022588292
ZJ018505,0.63403285,0.0060822926,0.11606045,0.0019766847,0.0826221,0.015420445,0.048679017,0.095126204
ZJ018506,0.6077472,0.0023396052,0.039902717,0.0015763913,0.32246795,0.013272475,0.0052241227,0.007469513
ZJ018507,0.26879373,0.37487936,0.078946,0.020629333,0.115613684,0.020692315,0.09409105,0.026354576
ZJ018508,0.058907975,0.15038696,0.108668596,0.029533308,0.012829875,0.51962626,0.07980192,0.040245146
ZJ018509,0.65603065,0.011268781,0.03148227,0.006203967,0.16346484,0.036271684,0.07111304,0.024164783
ZJ018510,0.12193617,0.018191075,0.13769779,0.05457709,0.4411663,0.14828128,0.023614021,0.054536246
ZJ018511,0.085765526,0.07673106,0.33128586,0.00668611,0.0030908727,0.07066275,0.42281666,0.0029611634
ZJ018512,0.052710608,0.013374955,0.40959457,0.027844504,0.009983063,0.018290201,0.4005182,0.06768389
ZJ018513,0.10317643,0.042657107,0.4241314,0.008553403,0.0029948133,0.044933815,0.21380852,0.15974444
ZJ018514,0.19447334,0.08553214,0.315634,0.006132506,0.019027729,0.031348117,0.27766213,0.07019
ZJ018515,0.06710872,0.026285345,0.25227976,0.006807163,0.4700495,0.025491463,0.1434484,0.008529619
ZJ018516,0.07774933,0.015056589,0.55098164,0.15021001,0.029586006,0.04201617,0.07956023,0.054840077
ZJ018517,0.14152913,0.074286744,0.16837631,0.28320074,0.072793186,0.03623205,0.037241865,0.18634003
ZJ018518,0.34264085,0.044021655,0.062040277,0.07007487,0.39302075,0.065456204,0.017234312,0.0055110673
ZJ018519,0.12699486,0.30886137,0.35549074,0.011756675,0.0030197867,0.006766567,0.1833954,0.0037146604
ZJ018520,0.39618492,0.010500743,0.12397853,0.0047711586,0.0053994497,0.04113738,0.4080631,0.009964708
ZJ018521,0.30532348,0.17179492,0.076928325,0.038989626,0.05781741,0.09126757,0.19475144,0.06312724
ZJ018522,0.044768617,0.06899023,0.56030476,0.007205288,0.041229654,0.24280556,0.025874289,0.008821519
ZJ018523,0.0055114334,0.0009684411,0.02398109,0.00016897244,0.9558047,0.0015205897,0.011377743,0.0006669011
ZJ018524,0.2470283,0.07724149,0.22869058,0.0029777763,0.15102118,0.029153753,0.14179851,0.12208837
ZJ018525,0.34608334,0.09400151,0.15382509,0.031076591,0.025186114,0.05405108,0.2383663,0.057409957
ZJ018526,0.15677969,0.29849753,0.11939755,0.08367274,0.010151977,0.008791749,0.04405417,0.27865463
ZJ018527,0.015957931,0.007941602,0.013062547,0.0032467938,0.016152345,0.9251466,0.01564535,0.002846909
ZJ018528,0.09839529,0.010002179,0.54979855,0.016459256,0.0017614827,0.010991395,0.0058768555,0.306715
ZJ018529,0.045924406,0.78719074,0.08558511,0.0067726616,0.0011463548,0.023250185,0.03199751,0.01813298
ZJ018530,0.090158425,0.022939628,0.48236462,0.05014212,0.009107188,0.026704632,0.29127827,0.0273051
ZJ018531,0.1260489,0.04438058,0.26737785,0.15012562,0.034385946,0.050681263,0.03722649,0.2897733
ZJ018532,0.1349051,0.2422567,0.192036,0.008804639,0.03743336,0.023169558,0.3397533,0.021641279
ZJ018533,0.044931665,0.075215094,0.049576856,0.017187914,0.0055091884,0.6733775,0.076151304,0.058050435
ZJ018534,0.046120346,0.004504647,0.032431647,0.6591475,0.08798966,0.07002527,0.00442761,0.09535336
ZJ018535,0.066736065,0.015816588,0.35916597,0.07358192,0.018871624,0.04615949,0.012588377,0.40707996
ZJ018536,0.530579,0.019166142,0.14162669,0.001300078,0.0054330775,0.025348129,0.25984892,0.016698029
ZJ018537,0.24336416,0.016971756,0.3087012,0.011308294,0.012361168,0.1605836,0.1954926,0.05121721
ZJ018538,0.40920466,0.003974507,0.114371955,0.36744627,0.0007451404,0.0696309,0.0031088558,0.031517677
ZJ018539,0.20052189,0.1816959,0.15328214,0.013615806,0.00759017,0.0409663,0.27594396,0.12638389
ZJ018540,0.17145666,0.03788782,0.43703857,0.018011829,0.019346837,0.04610443,0.25112447,0.019029416
ZJ018541,0.045520123,0.3067519,0.090535186,0.009946784,0.03589413,0.053695098,0.4483165,0.00934024
ZJ018542,0.16656952,0.006867098,0.71326584,0.0061155227,0.0012019975,0.028468221,0.011783595,0.065728255
ZJ018543,0.06657201,0.05843967,0.058971457,0.0021978777,0.014690121,0.6854367,0.09657705,0.01711506
ZJ018544,0.21559028,0.020578139,0.12586457,0.011253692,0.012976795,0.039224524,0.5587927,0.015719283
ZJ018545,0.1934416,0.031108012,0.43312442,0.02043455,0.01142861,0.019898003,0.26215523,0.02840962
ZJ018546,0.5773117,0.030045778,0.06731231,0.0060031936,0.005967829,0.00857031,0.29858282,0.006206011
ZJ018547,0.40220708,0.0033254582,0.17738152,0.11821643,0.12182602,0.029137822,0.013845675,0.13405998
ZJ018548,0.030829836,0.0022759237,0.22422983,0.22598055,0.00017590006,0.032177474,0.0014324555,0.48289806
ZJ018549,0.16528441,0.06883764,0.0873428,0.170687,0.29181573,0.1866367,0.020274468,0.009121216
ZJ018550,0.25493565,0.09927872,0.17840353,0.010577301,0.027795568,0.17866936,0.22119072,0.029149145
ZJ018551,0.2940084,0.11564694,0.122629896,0.027155403,0.10333206,0.07102395,0.17758986,0.088613436
ZJ018552,0.3592227,0.06987962,0.19137286,0.023667898,0.08001519,0.05747878,0.15350886,0.06485406
ZJ018553,0.39503595,0.051820736,0.24045965,0.008960839,0.0195589,0.0074154017,0.2259477,0.0508008
ZJ018554,0.044952918,0.05978308,0.051527165,0.028254636,0.003038939,0.010971844,0.7669778,0.03449361
ZJ018555,0.10498309,0.7769967,0.041643273,0.016728485,0.010425078,0.009406824,0.029111942,0.010704695
ZJ018556,0.4667422,0.09165241,0.13036764,0.0052566696,0.07469894,0.05206371,0.10162012,0.07759835
ZJ018557,0.017737083,0.04348527,0.048688855,0.0035327524,0.006195204,0.8362662,0.022316394,0.021778265
ZJ018558,0.09475146,0.014869399,0.09660989,0.03114547,0.62171566,0.053402238,0.020625984,0.06687976
ZJ018559,0.08943981,0.07857164,0.3608707,0.0045590117,0.045259364,0.31474444,0.09327412,0.01328092
ZJ018560,0.2904376,0.10067622,0.3198003,0.021169249,0.0071617765,0.047004394,0.18753405,0.026216326
ZJ018561,0.26072687,0.049543288,0.07637188,0.23899318,0.29894248,0.040384885,0.030960701,0.0040766806
ZJ018562,0.06580677,0.18571956,0.21583955,0.037023813,0.17345853,0.1134925,0.15346059,0.055198707
ZJ018563,0.15141843,0.54863256,0.09368209,0.025931155,0.009011561,0.012807015,0.11757805,0.040939216
ZJ018564,0.019868612,0.22505267,0.043819666,0.0021850462,0.013158414,0.6676485,0.01436477,0.013902411
ZJ018565,0.1637854,0.061236292,0.14913768,0.020259252,0.012465667,0.05885096,0.22263236,0.31163236
ZJ018566,0.5118309,0.019075155,0.17637439,0.0050043324,0.028281763,0.03929836,0.20402676,0.016108355
ZJ018567,0.042875603,0.012956515,0.088591166,0.03502455,0.043201126,0.012491629,0.7362474,0.028611975
ZJ018568,0.32757393,0.11754375,0.12505187,0.055624846,0.050716724,0.05868051,0.18435614,0.08045227
ZJ018569,0.32739103,0.05197082,0.09200426,0.21763381,0.20778358,0.056853056,0.03212175,0.014241665
ZJ018570,0.11865348,0.04167038,0.48137283,0.017954826,0.09990041,0.06224339,0.15920785,0.018996784
ZJ018571,0.11702057,0.032160122,0.50611454,0.0104374485,0.0025169614,0.011041659,0.07054423,0.2501645
ZJ018572,0.23453112,0.120654255,0.40251485,0.03173104,0.0048912694,0.05731173,0.1251263,0.02323951
ZJ018573,0.009746222,0.009232234,0.01705742,0.0028660374,0.009481406,0.9462956,0.0038696334,0.0014514369
ZJ018574,0.08408286,0.012349288,0.56202716,0.10028124,0.050626133,0.08685353,0.023131952,0.08064783
ZJ018575,0.23137549,0.009079843,0.0954724,0.043222446,0.007217422,0.028349675,0.5332947,0.051988054
ZJ018576,0.21197884,0.10624299,0.2427288,0.0043077404,0.0027042604,0.008404117,0.36397734,0.059655845
ZJ018577,0.32678282,0.038331,0.07261043,0.006824539,0.014763886,0.0719621,0.41991588,0.048809346
ZJ018578,0.13022703,0.013786449,0.1538355,0.4825259,0.026587833,0.014644126,0.010700328,0.16769287
ZJ018579,0.26059198,0.022306861,0.4717016,0.018747432,0.017351117,0.061890624,0.051566325,0.095844015
ZJ018580,0.071907155,0.021133376,0.08134493,0.20980205,0.0123460395,0.5379958,0.027631355,0.037839293
ZJ018581,0.12429433,0.09105099,0.29466194,0.0095962435,0.023579985,0.053044975,0.38571006,0.018061465
ZJ018582,0.11226312,0.00955465,0.28563026,0.33014265,0.010823547,0.12886323,0.022143137,0.10057942
ZJ018583,0.060374785,0.030142484,0.37485605,0.028313916,0.009204111,0.011138809,0.43592215,0.050047785
ZJ018584,0.047977988,0.02985893,0.109892786,0.5425527,0.00681268,0.008148316,0.020905763,0.23385087
ZJ018585,0.21294238,0.052641522,0.15435675,0.0099870125,0.029148053,0.042326774,0.48125365,0.017343888
ZJ018586,0.16430466,0.036647957,0.46831203,0.0246444,0.010546034,0.07037577,0.20963748,0.015531635
ZJ018587,0.01867818,0.20466308,0.009668304,0.0017659442,0.0017188352,0.016975833,0.7325428,0.01398701
ZJ018588,0.33747676,0.079264216,0.09180983,0.009175938,0.00742807,0.038194194,0.40966868,0.026982304
ZJ018589,0.041120693,0.009327313,0.05203352,0.7322105,0.031295247,0.06456782,0.005543982,0.06390085
ZJ018590,0.10439766,0.06486138,0.16224247,0.0037932969,0.2279224,0.062752835,0.35617086,0.017859094
ZJ018591,0.013101629,0.0038139352,0.017938415,0.0040177703,0.002175636,0.9368196,0.014106804,0.008026203
ZJ018592,0.1070901,0.013828098,0.4644123,0.056811675,0.045480486,0.029801952,0.01959688,0.2629785
ZJ018593,0.092872776,0.0536091,0.039996494,0.008079841,0.011343173,0.7364771,0.03593478,0.021686722
ZJ018594,0.40987113,0.108315684,0.14625897,0.00497474,0.0063130325,0.026180794,0.2686358,0.029449826
ZJ018595,0.114253275,0.728905,0.06716158,0.005253238,0.0080476925,0.011776553,0.036396727,0.028205886
ZJ018596,0.7220818,0.060277298,0.09009122,0.004961544,0.004667857,0.01426477,0.04717291,0.056482613
ZJ018597,0.11494791,0.07108354,0.37824446,0.002204975,0.1546258,0.076519944,0.19151714,0.010856272
ZJ018598,0.20797022,0.13813287,0.2752543,0.0028115103,0.040667098,0.027209714,0.2756168,0.032337483
ZJ018599,0.16615392,0.029332032,0.49558187,0.022655288,0.0019501803,0.009766053,0.123583995,0.1509767
ZJ018600,0.32444754,0.08204837,0.08370172,0.045801725,0.08982304,0.0522839,0.22272447,0.099169254
ZJ018601,0.08041487,0.007790702,0.48170117,0.15601353,0.008121358,0.043652594,0.019490615,0.2028152
ZJ018602,0.40992066,0.1304452,0.08667543,0.028795745,0.045564987,0.09446391,0.1414933,0.062640816
ZJ018603,0.18685536,0.017846292,0.3078904,0.14508855,0.018444855,0.068362154,0.037559677,0.21795276
ZJ018604,0.3839996,0.118233696,0.22344658,0.011941022,0.011625269,0.022643503,0.20273407,0.025376348
ZJ018605,0.3138625,0.14262016,0.125532,0.052664988,0.057746507,0.04998882,0.17376399,0.083820984
ZJ018606,0.21292791,0.04857131,0.07114961,0.23939532,0.33889285,0.038666803,0.04395227,0.006443948
ZJ018607,0.03264084,0.018129682,0.11504008,0.015459308,0.027587181,0.73158956,0.030859794,0.028693512
ZJ018608,0.18481931,0.0091602355,0.3848376,0.038675565,0.14284928,0.10424499,0.024205869,0.11120714
ZJ018609,0.7397884,0.015697056,0.07861081,0.02249253,0.0058676023,0.05364646,0.06627723,0.01761986
ZJ018610,0.099288605,0.0074449657,0.15313433,0.16629279,0.12033413,0.05635429,0.014184151,0.38296673
ZJ018611,0.28413853,0.071053915,0.20107105,0.0068665007,0.09895721,0.078836076,0.19265321,0.06642348
ZJ018612,0.009619845,0.0056855003,0.022571731,0.0072644614,0.0022878346,0.9395483,0.0048597185,0.008162679
ZJ018613,0.2693677,0.113262385,0.22641821,0.03224528,0.006576752,0.112502,0.21277303,0.026854632
ZJ018614,0.042824227,0.8779582,0.021703236,0.008694334,0.0016892448,0.01585594,0.011644782,0.019630026
ZJ018615,0.24087183,0.26310912,0.15501925,0.013843151,0.026107585,0.05523852,0.14645429,0.099356234
ZJ018616,0.39920396,0.04111627,0.06512037,0.040497087,0.09887154,0.019354079,0.2517414,0.08409532
ZJ018617,0.5538032,0.061311092,0.093593426,0.007883197,0.05885222,0.02388398,0.18307725,0.017595666
ZJ018618,0.27733085,0.06491255,0.18175864,0.07888573,0.008005951,0.06008576,0.21580374,0.11321678
ZJ018619,0.0812843,0.2666281,0.36930236,0.0046205344,0.0022083991,0.09700552,0.10853451,0.07041637
ZJ018620,0.6406577,0.0066472855,0.070950836,0.06591304,0.004048105,0.014101346,0.009986718,0.18769494
ZJ018621,0.2834871,0.19866405,0.09000259,0.02751324,0.120823845,0.12008739,0.12130291,0.03811888
ZJ018622,0.2124636,0.062417552,0.16855171,0.011628992,0.013528244,0.008989545,0.49810186,0.02431852
ZJ018623,0.19404747,0.07190883,0.22146122,0.01536174,0.024175905,0.03650773,0.41105977,0.02547738
ZJ018624,0.31518757,0.16746943,0.23234926,0.008196231,0.048014417,0.016586551,0.14870286,0.06349364
ZJ018625,0.13000499,0.0040198145,0.03179502,0.0077557405,0.007171399,0.76719576,0.0345696,0.017487668
ZJ018626,0.3327739,0.044196233,0.13719052,0.02578889,0.023937903,0.1469083,0.25806123,0.031143025
ZJ018627,0.15213382,0.07990869,0.20160307,0.034210287,0.011594845,0.062496874,0.40894607,0.049106307
ZJ018628,0.73683715,0.093203895,0.026270073,0.0054093776,0.039711855,0.030832855,0.049549114,0.018185714
ZJ018629,0.31449282,0.15697606,0.16703267,0.029263824,0.012663108,0.031783193,0.2716203,0.016168013
ZJ018630,0.052025136,0.050826993,0.045988612,0.00476105,0.008292422,0.7701337,0.033090457,0.034881648
ZJ018631,0.2723237,0.15115109,0.14383389,0.029610151,0.11366673,0.06461638,0.15176438,0.0730337
ZJ018632,0.33490357,0.06490653,0.16460441,0.01028057,0.0058605424,0.077930614,0.30640224,0.0351115
ZJ018633,0.4112698,0.032696795,0.1890064,0.045404337,0.045530472,0.13177982,0.11219188,0.032120463
ZJ018634,0.0114912,0.0021881051,0.011944103,0.0028336963,0.0005213928,0.005096734,0.9536636,0.012261166
ZJ018635,0.025743246,0.010800857,0.03943344,0.0034393482,0.0023264424,0.01402016,0.8952146,0.009021853
ZJ018636,0.11937801,0.64794815,0.02619302,0.007983947,0.04945339,0.05522017,0.07762513,0.016198086
ZJ018637,0.2019627,0.17983402,0.15121959,0.020321641,0.07287085,0.0305119,0.2596794,0.083599865
ZJ018638,0.09896584,0.015655193,0.3453765,0.024968168,0.011303426,0.011799813,0.45010936,0.04182169
ZJ018639,0.22285362,0.33010963,0.18801247,0.014780083,0.008486368,0.022029638,0.14022668,0.07350153
ZJ018640,0.25195554,0.09175159,0.20303018,0.17360094,0.0067209224,0.045012258,0.07192968,0.15599887
ZJ018641,0.3786914,0.041524433,0.27506274,0.018052837,0.0054181116,0.011268798,0.06561388,0.20436777
ZJ018642,0.4215432,0.08252565,0.10248133,0.0417548,0.07476106,0.06610766,0.14330377,0.067522496
ZJ018643,0.060635485,0.026544483,0.11697265,0.2187901,0.007076344,0.53111565,0.018191203,0.020674039
ZJ018644,0.062201098,0.0958942,0.055214252,0.037987806,0.008343075,0.043008324,0.6616599,0.03569127
ZJ018645,0.17225243,0.06321449,0.05039343,0.017237427,0.003570814,0.07338214,0.6074682,0.012481137
ZJ018646,0.40734646,0.06794611,0.13210909,0.004926727,0.0145733,0.00202403,0.34439653,0.026677825
ZJ018647,0.041185413,0.011799044,0.18351391,0.013931989,0.006324497,0.65251315,0.05378159,0.036950428
ZJ018648,0.17503375,0.3399184,0.30556753,0.0070890635,0.028862944,0.025516972,0.11183623,0.006175159
ZJ018649,0.15328628,0.15609424,0.16801977,0.23277496,0.051488105,0.025752794,0.050053973,0.16252986
ZJ018650,0.3119037,0.15963288,0.22506517,0.012475481,0.073743984,0.023424765,0.11620047,0.077553585
ZJ018651,0.08288948,0.012935208,0.20163766,0.3726716,0.016393205,0.042522002,0.03884742,0.23210344
ZJ018652,0.09731319,0.017630925,0.14413719,0.15306644,0.023909682,0.51012546,0.028697519,0.02511956
ZJ018653,0.17293786,0.006938154,0.13177325,0.044834603,0.5004751,0.0709174,0.02501419,0.047109496
ZJ018654,0.03068172,0.03839518,0.26455322,0.1939275,0.08939788,0.019311924,0.00378185,0.35995075
ZJ018655,0.1116736,0.023701027,0.07705389,0.020082483,0.009692743,0.6526495,0.059670784,0.045475937
ZJ018656,0.10769602,0.54199535,0.07035406,0.051270984,0.009981157,0.013822731,0.0306366,0.17424318
ZJ018657,0.20616287,0.13341305,0.1788736,0.008116386,0.029612686,0.021665981,0.3885313,0.033624154
ZJ018658,0.15687786,0.5295641,0.07226474,0.007941414,0.08518386,0.023911651,0.05723405,0.06702238
ZJ018659,0.007963483,0.0022973204,0.0075055594,0.0018641698,0.0007312248,0.003459307,0.96542764,0.010751294
ZJ018660,0.3397597,0.08828942,0.25374207,0.005001967,0.010717058,0.040821712,0.15398994,0.10767816
ZJ018661,0.34502366,0.11204993,0.10425373,0.032176588,0.08098294,0.044829812,0.15776423,0.12291907
ZJ018662,0.15962382,0.026740242,0.35244355,0.010413652,0.10834012,0.11385124,0.14555721,0.08303022
ZJ018663,0.30653042,0.039767455,0.085551955,0.19669725,0.3044486,0.03797329,0.022304358,0.0067266743
ZJ018664,0.37222204,0.035696324,0.0695901,0.009381306,0.004637279,0.080850504,0.32461652,0.10300598
ZJ018665,0.66446155,0.035792347,0.06615931,0.011056135,0.08202979,0.041485306,0.07716619,0.021849344
ZJ018666,0.43222547,0.18948323,0.1290344,0.011787787,0.03353781,0.01668351,0.12281839,0.064429395
ZJ018667,0.21010476,0.20196615,0.34906372,0.029814294,0.0055504963,0.05441299,0.12255724,0.0265303
ZJ018668,0.4260942,0.021045016,0.23435727,0.023789756,0.05843611,0.024435237,0.16801985,0.043822605
ZJ018669,0.14122942,0.081127025,0.13673587,0.009056857,0.016707798,0.059741084,0.53767055,0.017731417
ZJ018670,0.042600058,0.30765265,0.12566139,0.26022735,0.20815352,0.019899944,0.009810583,0.025994536
ZJ018671,0.23032834,0.044988364,0.06148349,0.36484325,0.21178995,0.04094009,0.039869636,0.0057568713
ZJ018672,0.06433804,0.12680896,0.40677553,0.014891777,0.063006565,0.07706402,0.19428188,0.05283326
ZJ018673,0.7746818,0.028364642,0.030074568,0.017751452,0.019546306,0.014384929,0.10532512,0.009871218
ZJ018674,0.011923192,0.0094145015,0.054623924,0.002275224,0.0028737737,0.89192116,0.011380964,0.015587177
ZJ018675,0.025071897,0.91930455,0.0050541703,0.0061591966,0.02574907,0.0072687385,0.00801792,0.003374502
ZJ018676,0.15404013,0.005166807,0.1513866,0.45483595,0.0144224,0.012749263,0.008904651,0.19849426
ZJ018677,0.13048166,0.12576045,0.14487997,0.028344715,0.10094356,0.12761116,0.288424,0.053554535
ZJ018678,0.2080346,0.092393614,0.1666321,0.010727994,0.005553284,0.08774584,0.4108523,0.018060254
ZJ018679,0.26847148,0.27812064,0.16345453,0.0060143103,0.009092254,0.031567536,0.1570142,0.086265005
ZJ018680,0.08804132,0.27636042,0.09084684,0.14039832,0.015961044,0.029944714,0.039137468,0.3193099
ZJ018681,0.06492301,0.4743402,0.09782085,0.014718049,0.008102507,0.031106217,0.27084634,0.03814285
ZJ018682,0.0795518,0.7230583,0.064202555,0.008835548,0.0070793866,0.023370855,0.0745498,0.019351743
ZJ018683,0.23674625,0.054714233,0.43638116,0.008344219,0.009841289,0.023424698,0.1875692,0.04297896
ZJ018684,0.034964703,0.097648434,0.016271029,0.011140954,0.007854686,0.001416466,0.8174725,0.01323113
ZJ018685,0.40486434,0.14385813,0.13343067,0.0147794355,0.0771471,0.045436285,0.13021533,0.05026875
ZJ018686,0.033631094,0.008679428,0.28168663,0.002467222,0.046034515,0.06792805,0.5557715,0.0038015274
ZJ018687,0.42530733,0.007942631,0.10681148,0.29966184,0.0047860667,0.015659133,0.03447216,0.105359256
ZJ018688,0.2814518,0.12158214,0.18835466,0.023807634,0.013036292,0.027022632,0.24708001,0.09766487
ZJ018689,0.36197713,0.019012433,0.053395614,0.31870356,0.1896715,0.028893063,0.02389914,0.0044475854
ZJ018690,0.2908627,0.15001014,0.32271212,0.0034121294,0.021408804,0.09844501,0.09360244,0.01954665
ZJ018691,0.077311285,0.045451738,0.36008936,0.005217945,0.24697667,0.06929995,0.17860068,0.017052349
ZJ018692,0.16643839,0.015221003,0.17685843,0.40411717,0.023782616,0.060267355,0.02775358,0.12556152
ZJ018693,0.4538987,0.007546064,0.10027184,0.27467725,0.013647065,0.016467081,0.022753518,0.11073848
ZJ018694,0.2984396,0.090303645,0.19359536,0.019208929,0.017515963,0.03459958,0.23389031,0.1124466
ZJ018695,0.01218799,0.020557161,0.008197608,0.0042662136,0.0009616778,0.006074079,0.93032724,0.017427985
ZJ018696,0.29911932,0.031814646,0.06752961,0.24061315,0.22383873,0.10014018,0.029408518,0.007535788
ZJ018697,0.23996107,0.029816763,0.10228241,0.21601507,0.032412525,0.014653071,0.024314687,0.34054437
ZJ018698,0.063933246,0.014900987,0.039965954,0.020085176,0.009604695,0.8002309,0.03169371,0.019585364
ZJ018699,0.1573281,0.016964495,0.15628694,0.09588037,0.0288483,0.50730926,0.019084146,0.018298388
ZJ018700,0.048402224,0.00427834,0.34668484,0.00432903,0.00390302,0.5356546,0.027894244,0.028853681
ZJ018701,0.09064678,0.03445272,0.46208492,0.0028478717,0.13927783,0.038856994,0.201624,0.030208794
ZJ018702,0.3789413,0.06567953,0.080304146,0.03327885,0.011955176,0.08086555,0.32075515,0.028220253
ZJ018703,0.07911541,0.005924654,0.029989641,0.008330786,0.0009719088,0.009774162,0.8575847,0.008308724
ZJ018704,0.33074427,0.14477612,0.11228588,0.019383464,0.07247271,0.07434561,0.158154,0.08783795
ZJ018705,0.25863704,0.0043042195,0.27200663,0.20867653,0.1266836,0.040469073,0.012785717,0.0764372
ZJ018706,0.10753195,0.010104337,0.18115665,0.3139087,0.011140986,0.019267784,0.012201449,0.34468818
ZJ018707,0.2641298,0.14890192,0.1269487,0.020050552,0.03209014,0.061917633,0.23110104,0.114860274
ZJ018708,0.28142393,0.007958375,0.5342959,0.0063467217,0.0040977704,0.020466037,0.12981983,0.015591361
ZJ018709,0.14407107,0.02674643,0.5462068,0.0037757277,0.06444177,0.07941144,0.1271263,0.008220418
ZJ018710,0.36591733,0.044099245,0.065009154,0.20208623,0.19121943,0.083255164,0.039640598,0.008772885
ZJ018711,0.08049761,0.69281256,0.04079822,0.017482439,0.054055553,0.020708652,0.08464121,0.00900369
ZJ018712,0.16511501,0.05601555,0.10376996,0.008668455,0.02125959,0.14344573,0.45952693,0.042198762
ZJ018713,0.062031493,0.024361037,0.11783045,0.31990921,0.019243127,0.003334179,0.013541226,0.43974927
ZJ018714,0.15590124,0.54762715,0.09282514,0.007974132,0.020511184,0.017291471,0.07040298,0.0874667
ZJ018715,0.19049731,0.0045902305,0.2631084,0.4786153,0.004198026,0.03212449,0.00703879,0.019827435
ZJ018716,0.3548749,0.109451346,0.11731636,0.029219247,0.091731824,0.05602184,0.14482185,0.096562624
ZJ018717,0.042271018,0.057377376,0.52408457,0.002121846,0.038444314,0.08294543,0.24272873,0.01002669
ZJ018718,0.20076916,0.039831005,0.10801657,0.16602989,0.033001248,0.019210981,0.02491126,0.40822995
ZJ018719,0.08581971,0.78009814,0.032659147,0.007667292,0.008324698,0.0030940939,0.0633612,0.018975673
ZJ018720,0.17139207,0.009431618,0.1301359,0.015817797,0.014982814,0.020158907,0.024810644,0.6132702
ZJ018721,0.26959756,0.07644716,0.09463454,0.002630742,0.34765738,0.019424276,0.11694848,0.072659805
ZJ018722,0.32554096,0.055665717,0.07178945,0.21893694,0.25323194,0.038142566,0.030990472,0.0057020145
ZJ018723,0.11933466,0.09184704,0.3008348,0.024816332,0.03839552,0.045594424,0.2767347,0.102442585
ZJ018724,0.116445124,0.06080014,0.41021404,0.031144744,0.00601276,0.010118737,0.053442273,0.31182212
ZJ018725,0.43308347,0.18172824,0.09037403,0.004335058,0.024878344,0.078339644,0.08488947,0.10237173
ZJ018726,0.19076145,0.0850133,0.16770722,0.16655235,0.073658526,0.024308614,0.0526936,0.23930502
ZJ018727,0.12396349,0.016201664,0.18250933,0.21053404,0.02312052,0.40159175,0.023067158,0.019012049
ZJ018728,0.13934329,0.003195089,0.15507515,0.56881446,0.020455867,0.017551862,0.027754314,0.06781001
ZJ018729,0.3270483,0.07510289,0.08311331,0.09238777,0.30447197,0.05423867,0.054985482,0.008651664
ZJ018730,0.042700805,0.010247551,0.60437894,0.0019702897,0.0025145933,0.086047836,0.24304211,0.0090979235
ZJ018731,0.34597623,0.008209864,0.095470905,0.023169478,0.113068566,0.37665704,0.010387824,0.027060024
ZJ018732,0.6967861,0.010904848,0.038753465,0.004778093,0.039091,0.0071567977,0.1836709,0.018858736
ZJ018733,0.14352728,0.559166,0.08144519,0.008625427,0.01671893,0.00628622,0.13984375,0.044387106
ZJ018734,0.30078724,0.22333606,0.093554676,0.033394903,0.07915098,0.038480993,0.13880228,0.0924929
ZJ018735,0.33042043,0.17027867,0.075071275,0.0501191,0.06565147,0.061360426,0.13218375,0.114914864
ZJ018736,0.090817645,0.7506234,0.040378757,0.010116042,0.004946529,0.015676985,0.040101524,0.04733907
ZJ018737,0.0399003,0.068673335,0.5405868,0.010706187,0.04353075,0.2714114,0.016123364,0.009067871
ZJ018738,0.28289047,0.016049184,0.42214733,0.0064267917,0.009634915,0.03954452,0.1953219,0.027984852
ZJ018739,0.39012843,0.071350485,0.11046957,0.022530464,0.030728485,0.05551921,0.26275748,0.056515917
ZJ018740,0.12415944,0.047061097,0.31458652,0.011895985,0.01422824,0.111838706,0.35529304,0.020936966
ZJ018741,0.30517626,0.13895746,0.0985364,0.023288015,0.28063697,0.02653963,0.08105157,0.045813758
ZJ018742,0.07816161,0.009552763,0.16541605,0.014773324,0.5476278,0.15248309,0.013624208,0.018361121
ZJ018743,0.48937422,0.028471336,0.064046,0.009511958,0.019735467,0.012313352,0.3666346,0.009913027
ZJ018744,0.12441835,0.00991887,0.27253172,0.040179655,0.079698205,0.4246436,0.020617612,0.027991984
ZJ018745,0.26999578,0.28091305,0.120445706,0.069501735,0.04990522,0.016919374,0.049104936,0.14321417
ZJ018746,0.059678506,0.38863075,0.047357023,0.0035561128,0.0015081944,0.045290798,0.41438615,0.039592426
ZJ018747,0.61833113,0.0057213674,0.1814873,0.0043745325,0.05209618,0.03250765,0.017347476,0.08813438
ZJ018748,0.19825482,0.008196494,0.28926024,0.2421058,0.02587952,0.020526038,0.008625613,0.20715153
ZJ018749,0.1155219,0.0070898742,0.50873923,0.02319846,0.0021395704,0.025611406,0.008998371,0.30870122
ZJ018750,0.34050125,0.15262535,0.09516024,0.027728163,0.11483258,0.058291845,0.14921361,0.06164698
ZJ018751,0.2032161,0.02531969,0.29128575,0.0014689631,0.1002707,0.011837627,0.35607237,0.010528823
ZJ018752,0.1349435,0.40369654,0.044044353,0.008069954,0.0033339406,0.07160867,0.2935962,0.040706825
ZJ018753,0.21861319,0.009748242,0.34656668,0.0213241,0.1520878,0.18593644,0.029868808,0.035854753
ZJ018754,0.12498166,0.17821053,0.19535674,0.02319754,0.0038711135,0.09461752,0.12312208,0.25664282
ZJ018755,0.14415756,0.6463562,0.03422232,0.017814886,0.028980905,0.024871182,0.082088105,0.021508802
ZJ018756,0.11175505,0.0051728245,0.45037284,0.053927664,0.00071443483,0.0071987673,0.0032800892,0.36757833
ZJ018757,0.05316488,0.48290113,0.13816483,0.004581511,0.002278177,0.015181195,0.29958874,0.0041395407
ZJ018758,0.109433606,0.022548854,0.12500146,0.33943868,0.06452956,0.0439729,0.03707267,0.25800228
ZJ018759,0.047718924,0.15073454,0.051693525,0.010257541,0.011222593,0.64190865,0.05269514,0.033769153
ZJ018760,0.4560785,0.0029135817,0.10741557,0.011674433,0.35063228,0.045651603,0.011831456,0.013802522
ZJ018761,0.3047286,0.106403224,0.11649097,0.0128858,0.088322535,0.101206064,0.23682502,0.03313782
ZJ018762,0.22075962,0.10325241,0.21331818,0.02129541,0.014804348,0.020869367,0.24835365,0.15734698
ZJ018763,0.11222198,0.009224448,0.32562277,0.4513642,0.029610846,0.042809688,0.011517549,0.01762857
ZJ018764,0.44345647,0.070786364,0.21923295,0.019670159,0.05880077,0.020106338,0.11171142,0.056235556
ZJ018765,0.03598839,0.00984318,0.23929335,0.005432262,0.008944964,0.6206951,0.054051317,0.025751377
ZJ018766,0.0506193,0.009199698,0.046946414,0.02841212,0.011823648,0.011966435,0.8286827,0.012349676
ZJ018767,0.53413826,0.022002144,0.07423017,0.072139725,0.013548009,0.012722016,0.02981391,0.2414057
ZJ018768,0.34635836,0.056267697,0.11564668,0.012886918,0.01852144,0.043236323,0.3391446,0.067937985
ZJ018769,0.35194752,0.060159933,0.24875851,0.012545201,0.023816971,0.079865396,0.20051487,0.022391604
ZJ018770,0.011144603,0.0071877535,0.01462778,0.0052361996,0.0038810254,0.9532905,0.0030403663,0.0015917588
ZJ018771,0.008940606,0.010766793,0.018360622,0.007063337,0.0050088177,0.92975,0.011547398,0.008562426
ZJ018772,0.22887585,0.34572098,0.04559748,0.11572115,0.012298706,0.012857543,0.03604512,0.20288311
ZJ018773,0.31712675,0.13569742,0.14663126,0.033189543,0.013902537,0.0734954,0.2532804,0.026676742
ZJ018774,0.17670621,0.28177223,0.15963198,0.010575817,0.04647031,0.04271691,0.26843393,0.013692603
ZJ018775,0.0606446,0.23129682,0.015504483,0.0023895137,0.4387007,0.2359067,0.00871311,0.0068440884
ZJ018776,0.17934862,0.04848533,0.26353675,0.002885525,0.013963525,0.07556328,0.3092879,0.10692908
ZJ018777,0.44194162,0.048754465,0.059145916,0.009901297,0.019307947,0.008780573,0.35926846,0.052899744
ZJ018778,0.122176096,0.03780426,0.10206059,0.006225056,0.0059252465,0.026344478,0.6688827,0.03058152
ZJ018779,0.0990615,0.013025633,0.04607829,0.026592275,0.015395772,0.7194712,0.032180194,0.048195064
ZJ018780,0.88925016,0.003872123,0.019385673,0.0037227292,0.008019447,0.0066776574,0.06498522,0.0040870234
ZJ018781,0.16869284,0.06932864,0.5684059,0.008045603,0.0049185352,0.015591954,0.12555376,0.03946279
ZJ018782,0.45374057,0.05805865,0.073786624,0.16575105,0.17582427,0.03973337,0.02439255,0.0087129455
ZJ018783,0.44585815,0.047914542,0.22730798,0.020016056,0.07037538,0.059778474,0.08640652,0.04234293
ZJ018784,0.016227938,0.040802233,0.4341164,0.00042391784,0.013842062,0.46127856,0.02234256,0.010966256
ZJ018785,0.024481455,0.0022185647,0.10361029,0.0030040315,0.0012112838,0.018510258,0.83093566,0.016028477
ZJ018786,0.027710682,0.045802813,0.01400484,0.004685629,0.0018838948,0.0145129105,0.8763345,0.015064736
ZJ018787,0.14698622,0.067269206,0.3539153,0.0236422,0.023958938,0.075176105,0.2918766,0.017175447
ZJ018788,0.17654976,0.017201021,0.14584771,0.5288338,0.037710376,0.009283526,0.026487315,0.058086507
ZJ018789,0.06548322,0.007840379,0.012663833,0.006972681,0.006992556,0.0069436133,0.86924094,0.023862828
ZJ018790,0.08083683,0.051962916,0.5524343,0.008800024,0.0068375515,0.11830006,0.1308378,0.04999049
ZJ018791,0.18806934,0.039312262,0.056189097,0.12099424,0.50835955,0.04980199,0.026385274,0.01088824
ZJ018792,0.38134396,0.108789265,0.132412,0.04774529,0.030341784,0.039569933,0.19001682,0.06978101
ZJ018793,0.33129814,0.007951864,0.24011663,0.26946062,0.0024723245,0.10389439,0.008529916,0.036276083
ZJ018794,0.058255073,0.00860225,0.5184871,0.051143795,0.21223283,0.08888645,0.024798485,0.037593972
ZJ018795,0.3578494,0.057958234,0.11663483,0.119843684,0.022388734,0.027376458,0.07733093,0.22061767
ZJ018796,0.37292317,0.08177512,0.12778337,0.039309785,0.20053229,0.06318272,0.050347004,0.064146556
ZJ018797,0.2223298,0.04760065,0.27002412,0.011677123,0.022211395,0.03604712,0.37220094,0.017908849
ZJ018798,0.02516079,0.013564017,0.117568664,0.010473745,0.022035498,0.7723752,0.021830421,0.016991664
ZJ018799,0.2654815,0.06516763,0.07928567,0.1967233,0.31921828,0.032066666,0.02806728,0.01398976
ZJ018800,0.0111793475,0.002744236,0.15296832,0.3262767,0.048870053,0.050307725,0.0018628914,0.4057907
ZJ018801,0.014953662,0.009184499,0.068015195,0.008297824,0.031245204,0.8327188,0.019068247,0.016516516
ZJ018802,0.07857006,0.020496408,0.095762305,0.035415083,0.016685728,0.6621354,0.055514935,0.035420064
ZJ018803,0.30815548,0.054778095,0.08779536,0.034401774,0.061668217,0.09696274,0.25972933,0.096508995
ZJ018804,0.053689558,0.010687987,0.24547549,0.006992176,0.007231132,0.5712256,0.07207941,0.03261864
ZJ018805,0.0935203,0.010620212,0.36340064,0.23941979,0.047134988,0.06175627,0.018086446,0.16606139
ZJ018806,0.17213534,0.16897659,0.45430773,0.016815448,0.0097195925,0.06179851,0.08918994,0.027056925
ZJ018807,0.050262522,0.075068995,0.77270615,0.003620054,0.003907044,0.018495303,0.06845931,0.007480626
ZJ018808,0.21543735,0.012409333,0.40358925,0.014408163,0.10275179,0.050391383,0.01594988,0.1850628
ZJ018809,0.43695202,0.013447668,0.05675533,0.28059956,0.009964762,0.028633693,0.01278957,0.16085745
ZJ018810,0.074405946,0.022631694,0.26234895,0.022967568,0.0090476265,0.012321158,0.54791015,0.048366945
ZJ018811,0.27685714,0.044037763,0.15788282,0.0019018678,0.11852987,0.057370268,0.2905712,0.052849058
ZJ018812,0.14206852,0.04390926,0.13180092,0.27945638,0.0594098,0.04164693,0.037303425,0.2644048
ZJ018813,0.07781303,0.0056415773,0.36041486,0.3715566,0.00247709,0.07729384,0.009805696,0.09499732
ZJ018814,0.017913692,0.0072826394,0.05602345,0.0084839165,0.00223245,0.013018099,0.8767349,0.018310837
ZJ018815,0.025830112,0.0088965,0.015286272,0.020706836,0.027026081,0.8711014,0.010243709,0.020909106
ZJ018816,0.5028746,0.04880554,0.12893574,0.028083194,0.032684155,0.04732747,0.13137554,0.07991375
ZJ018817,0.25231928,0.05301357,0.06434955,0.22982961,0.3177493,0.038262885,0.036744833,0.0077309716
ZJ018818,0.23095137,0.0074622976,0.041378703,0.00617833,0.6145664,0.07099243,0.013525019,0.014945434
ZJ018819,0.21790694,0.034795254,0.25754583,0.007506283,0.03447008,0.25296763,0.08184822,0.1129597
ZJ018820,0.56774247,0.10690186,0.073299825,0.0034715626,0.011341908,0.0098046595,0.2121686,0.0152690895
ZJ018821,0.41221127,0.020427603,0.16819488,0.0075529655,0.039689615,0.040104806,0.25827116,0.053547725
ZJ018822,0.37400028,0.031353272,0.30206403,0.0739875,0.06197027,0.0019881574,0.10674825,0.04788822
ZJ018823,0.28001648,0.046163257,0.2402218,0.008552013,0.007024058,0.24211867,0.14525373,0.030649949
ZJ018824,0.11090672,0.027124306,0.6165729,0.0014736773,0.052021604,0.1434604,0.042945854,0.005494527
ZJ018825,0.11624076,0.054111224,0.585716,0.0029043006,0.028837098,0.055128984,0.15493047,0.0021311494
ZJ018826,0.06908634,0.8403614,0.028195132,0.010985422,0.008054495,0.022981703,0.008496505,0.011838986
ZJ018827,0.039106473,0.019052126,0.16146725,0.010708075,0.027665358,0.6861839,0.031991504,0.023825265
ZJ018828,0.099744946,0.0071193827,0.30283564,0.35864136,0.082509294,0.09681343,0.013330865,0.03900513
ZJ018829,0.18965405,0.05268686,0.241994,0.0039962884,0.02818217,0.03700139,0.43009976,0.016385552
ZJ018830,0.08138484,0.7834083,0.040587995,0.00852653,0.019338341,0.0065721786,0.049135122,0.011046693
ZJ018831,0.557774,0.024643289,0.19640478,0.028022684,0.046218637,0.0013080941,0.09984201,0.04578656
ZJ018832,0.5807542,0.1676507,0.034760028,0.004263156,0.06545789,0.06993629,0.05738682,0.019790966
ZJ018833,0.08092405,0.016974203,0.5264186,0.112020545,0.08697701,0.07700091,0.026721282,0.07296335
ZJ018834,0.13080692,0.026724411,0.27363992,0.0061596287,0.004385644,0.05883069,0.48154125,0.017911548
ZJ018835,0.2438785,0.0445436,0.4583467,0.0014507448,0.037935503,0.05932319,0.14948633,0.0050354265
ZJ018836,0.2327701,0.085777625,0.22492094,0.0071965354,0.0030550815,0.009016743,0.27139577,0.16586724
ZJ018837,0.07538435,0.009955522,0.060445093,0.032540135,0.021547426,0.7460045,0.023053292,0.03106974
ZJ018838,0.16700596,0.099810004,0.28292137,0.011739769,0.01460091,0.0909279,0.3198331,0.013160993
ZJ018839,0.4231443,0.052969377,0.17202888,0.015986966,0.055906437,0.012951856,0.19502907,0.07198306
ZJ018840,0.049778286,0.047088586,0.2757573,0.017990844,0.009812626,0.0049204514,0.5696948,0.02495702
ZJ018841,0.28236333,0.04573552,0.20768154,0.0045107654,0.003718277,0.045467604,0.40122575,0.009297205
ZJ018842,0.023781208,0.883204,0.006866682,0.0052599977,0.05823117,0.0057621626,0.009031134,0.0078636445
ZJ018843,0.08374568,0.070252866,0.3860645,0.0023661533,0.1173725,0.08115374,0.24903582,0.010008708
ZJ018844,0.41032338,0.06478037,0.225852,0.015015985,0.07744646,0.057058014,0.06232969,0.08719414
ZJ018845,0.048893537,0.020616086,0.29891884,0.01432807,0.012793681,0.42070356,0.056779794,0.1269664
ZJ018846,0.33483255,0.10498049,0.18708982,0.02708137,0.07499389,0.06034127,0.16348177,0.047198772
ZJ018847,0.2909093,0.049234886,0.21492706,0.003297322,0.20852657,0.039296865,0.1336269,0.06018119
ZJ018848,0.34094167,0.07343853,0.103976585,0.021819916,0.06503375,0.059487183,0.24506475,0.090237565
ZJ018849,0.60451734,0.026336454,0.13833119,0.016649524,0.12629719,0.022656234,0.031697392,0.033514727
ZJ018850,0.23869175,0.08848977,0.23528363,0.03293317,0.069695905,0.091334864,0.21616241,0.027408501
ZJ018851,0.19353923,0.043914642,0.2972364,0.019216835,0.059442673,0.10870325,0.12042165,0.15752529
ZJ018852,0.4426534,0.097714104,0.10717011,0.009804505,0.013429377,0.090064034,0.2176692,0.021495257
ZJ018853,0.25791544,0.0893409,0.23024434,0.0064045656,0.0045569777,0.028913533,0.34654343,0.03608082
ZJ018854,0.084445156,0.0071219676,0.011971615,0.008642266,0.012367783,0.008578113,0.8414566,0.025416482
ZJ018855,0.30432987,0.12111733,0.15621705,0.029078208,0.1253971,0.06589282,0.118508965,0.07945865
ZJ018856,0.104971096,0.02981964,0.12410879,0.2957695,0.039048802,0.018115286,0.017694047,0.37047288
ZJ018857,0.08731744,0.011375605,0.22858709,0.20780662,0.009888818,0.40020823,0.013154297,0.041661877
ZJ018858,0.40991202,0.06301827,0.2097303,0.02396313,0.011582305,0.05452532,0.1795866,0.04768203
ZJ018859,0.2959631,0.2524434,0.040595412,0.026009789,0.14613874,0.008406515,0.12324495,0.107198074
ZJ018860,0.12927835,0.5986474,0.0793122,0.014446121,0.006918787,0.02041912,0.06123978,0.08973824
ZJ018861,0.15559487,0.08349651,0.35249424,0.011364622,0.020104388,0.15320456,0.18571365,0.03802711
ZJ018862,0.3168298,0.05415908,0.10517625,0.09149236,0.24183807,0.14934857,0.03397194,0.0071838675
ZJ018863,0.10158018,0.023673762,0.31772336,0.020211158,0.018005762,0.044449292,0.43256477,0.041791778
ZJ018864,0.14012757,0.1552023,0.1034666,0.15027484,0.0031319663,0.0075341193,0.030057535,0.4102051
ZJ018865,0.03939775,0.009319452,0.5931194,0.0005343642,0.010690461,0.314912,0.02326938,0.008757177
ZJ018866,0.088820376,0.05941181,0.12566066,0.2123459,0.010581673,0.46340558,0.022123,0.017651036
ZJ018867,0.20435627,0.029663863,0.16253942,0.2927666,0.008763577,0.023672849,0.02916091,0.24907653
ZJ018868,0.038505945,0.0131433755,0.101368286,0.018416733,0.01119734,0.7517706,0.040602632,0.02499505
ZJ018869,0.089669764,0.06337684,0.19869454,0.041494854,0.005342894,0.04714014,0.51173717,0.042543873
ZJ018870,0.40825948,0.16487254,0.09028179,0.030919624,0.08110739,0.041345812,0.12112119,0.062092174
ZJ018871,0.07545122,0.3340642,0.20227452,0.007454185,0.003152373,0.037675735,0.33237293,0.007554896
ZJ018872,0.21186085,0.003977961,0.21927036,0.47491077,0.009421076,0.038625326,0.016349051,0.025584646
ZJ018873,0.0072909836,0.0014076289,0.0016464542,0.007926816,0.0011593122,0.9702311,0.0063474015,0.00399027
ZJ018874,0.5540773,0.045540534,0.2349989,0.0046262974,0.018839257,0.048971087,0.08593339,0.0070131766
ZJ018875,0.21291329,0.05872003,0.451905,0.009910724,0.012601102,0.031034783,0.19769226,0.025222845
ZJ018876,0.30315387,0.19993421,0.16769363,0.06552428,0.12701403,0.01238071,0.042128243,0.08217102
ZJ018877,0.105432436,0.4294868,0.0348304,0.01397052,0.033395056,0.017472751,0.3245996,0.040812477
ZJ018878,0.25396463,0.06960214,0.21465555,0.005168514,0.15564732,0.12416571,0.12405088,0.052745227
ZJ018879,0.14427349,0.58811665,0.090187706,0.015192569,0.00834722,0.027508928,0.092016645,0.03435677
ZJ018880,0.23274167,0.44377854,0.05588522,0.021158885,0.024577906,0.029319763,0.1663591,0.026178911
ZJ018881,0.35198545,0.15231414,0.08838282,0.022745904,0.04318138,0.034638517,0.22603783,0.080714
ZJ018882,0.01732006,0.0077979127,0.012581218,0.0031542548,0.015374284,0.92322433,0.01714708,0.0034008664
ZJ018883,0.01689186,0.0076101352,0.0148141915,0.002859484,0.016249029,0.9215111,0.016869824,0.0031943857
ZJ018884,0.4058999,0.051859412,0.041140657,0.0534551,0.012038178,0.019345684,0.35196757,0.06429343
ZJ018885,0.24198267,0.044877205,0.12731433,0.1547549,0.16017532,0.11023482,0.08728639,0.07337439
ZJ018886,0.8505635,0.0018022002,0.023511281,0.0072434694,0.032814573,0.008247296,0.022461532,0.053356133
ZJ018887,0.03721612,0.09122398,0.07335503,0.03981517,0.003393292,0.012081745,0.6615429,0.081371784
ZJ018888,0.10973526,0.030361952,0.12068792,0.31624234,0.035545513,0.046770982,0.030286869,0.31036913
ZJ018889,0.13716692,0.0695367,0.20291846,0.005070488,0.01115899,0.031216403,0.53749734,0.005434768
ZJ018890,0.025535995,0.011731817,0.103717975,0.009176626,0.021162845,0.78139794,0.027671056,0.019605681
ZJ018891,0.37055123,0.09687395,0.10735626,0.026542356,0.08271301,0.057661775,0.18255495,0.0757465
ZJ018892,0.06330941,0.028670538,0.52706856,0.009298008,0.0109635675,0.20473753,0.074323535,0.08162883
ZJ018893,0.079437,0.20769519,0.39277893,0.025200374,0.008855458,0.009484191,0.13882506,0.13772383
ZJ018894,0.24494538,0.06976488,0.24827214,0.010378161,0.02571637,0.113384515,0.2535045,0.034034062
ZJ018895,0.051245768,0.0075816233,0.22682495,0.45936546,0.024517087,0.031320352,0.025681669,0.17346314
ZJ018896,0.17055066,0.32951713,0.06908687,0.15561363,0.0074422853,0.013739838,0.022237536,0.23181213
ZJ018897,0.040258005,0.021479579,0.07351366,0.52985305,0.008479516,0.0017442838,0.0068466705,0.31782523
ZJ018898,0.13310528,0.0077660196,0.24715546,0.20833823,0.034110676,0.08747709,0.016249482,0.26579773
ZJ018899,0.14161995,0.5916535,0.08960759,0.014009251,0.019098353,0.037766483,0.06642559,0.03981922
ZJ018900,0.111063324,0.06729591,0.51578575,0.0018807665,0.11651232,0.047594566,0.10227699,0.037590362
ZJ018901,0.46771312,0.039302398,0.12843613,0.007166828,0.10940801,0.015713451,0.21428388,0.017976226
ZJ018902,0.37769562,0.06570061,0.18035181,0.046473764,0.0856381,0.024745287,0.05458532,0.16480951
ZJ018903,0.19287568,0.06264122,0.3952678,0.0028996286,0.04916533,0.11213168,0.17866997,0.0063486705
ZJ018904,0.067197636,0.012357473,0.82842195,0.0004969032,0.015606966,0.024051314,0.04224916,0.009618623
ZJ018905,0.32355177,0.05453455,0.20585695,0.0060504186,0.026154049,0.08911031,0.20614836,0.08859358
ZJ018906,0.25485227,0.081854425,0.3768381,0.003259193,0.05428915,0.05972052,0.15630148,0.012884895
ZJ018907,0.23031928,0.039264668,0.4075905,0.011095979,0.0073552346,0.037902936,0.21627675,0.05019463
ZJ018908,0.3232044,0.10775416,0.24081297,0.041427586,0.009157776,0.011412428,0.16936041,0.09687028
ZJ018909,0.15085202,0.1441944,0.22687455,0.2364172,0.099507704,0.013863182,0.08192201,0.046368916
ZJ018910,0.51021165,0.17300253,0.029611621,0.010059628,0.07026986,0.0982634,0.0879678,0.020613555
ZJ018911,0.22413051,0.064886205,0.20166422,0.0050596413,0.009730006,0.19186531,0.28922904,0.013435024
ZJ018912,0.19434129,0.18536974,0.18353213,0.039087836,0.029295534,0.03571659,0.121354744,0.21130213
ZJ018913,0.0908314,0.5969447,0.036301583,0.011382929,0.11037768,0.022692675,0.09376954,0.03769953
ZJ018914,0.1637622,0.18895352,0.29166856,0.008666886,0.060327798,0.06267253,0.21520531,0.008743222
ZJ018915,0.047166504,0.007880077,0.035557866,0.004532262,0.0019510767,0.0037341502,0.8885081,0.01067
ZJ018916,0.3116076,0.08939469,0.09531948,0.012721493,0.016281128,0.13334665,0.27445972,0.066869244
ZJ018917,0.08406608,0.77571326,0.032208186,0.009695025,0.005468426,0.018226178,0.026057713,0.04856515
ZJ018918,0.09412943,0.32237998,0.29126272,0.025955273,0.009211136,0.015919192,0.13993499,0.10120733
ZJ018919,0.09733334,0.3132132,0.08686725,0.010652775,0.0999141,0.28040767,0.09661098,0.015000623
ZJ018920,0.17489778,0.025676668,0.24362049,0.07286169,0.040024024,0.047532465,0.013678095,0.3817088
ZJ018921,0.36735648,0.13739412,0.0569177,0.036804844,0.06548775,0.06115147,0.18913668,0.08575097
ZJ018922,0.3211891,0.075849645,0.04389674,0.14628844,0.015174631,0.021032048,0.32851154,0.04805795
ZJ018923,0.106336795,0.016685564,0.36410686,0.01939543,0.027185662,0.017725166,0.38231847,0.06624605
ZJ018924,0.020285184,0.030909678,0.014459755,0.008799358,0.0029627585,0.006860024,0.91035014,0.0053730654
ZJ018925,0.016967619,0.018016877,0.03396298,0.0029467696,0.0059100757,0.9009903,0.010597353,0.010608061
ZJ018926,0.2342517,0.029983863,0.28742975,0.013044148,0.004312121,0.22383052,0.17838998,0.028757919
ZJ018927,0.1480227,0.08003937,0.52160966,0.0013079531,0.033086695,0.15513115,0.046072982,0.014729515
ZJ018928,0.44963482,0.022188295,0.059951555,0.01306603,0.01479805,0.017149353,0.40824574,0.014966107
ZJ018929,0.11489578,0.039259538,0.3079795,0.0022744946,0.1215631,0.016512096,0.3856046,0.011910836
ZJ018930,0.34721738,0.021277968,0.13357145,0.01905996,0.014760094,0.05920242,0.37005302,0.034857642
ZJ018931,0.26299387,0.08882902,0.26417238,0.004100188,0.02585646,0.05203106,0.12900701,0.17301
ZJ018932,0.04563349,0.030110274,0.103775494,0.49717042,0.021577338,0.002231049,0.0083834855,0.29111844
ZJ018933,0.26228195,0.2675524,0.18259431,0.018819004,0.056324486,0.021752385,0.13662848,0.054046955
ZJ018934,0.009223813,0.006327804,0.015259787,0.014474776,0.009441416,0.93186885,0.005049828,0.008353662
ZJ018935,0.21720456,0.13811211,0.19950835,0.020909546,0.011734143,0.027272366,0.20888463,0.17637432
ZJ018936,0.255816,0.06535629,0.41924265,0.014117287,0.006588404,0.024348425,0.17141925,0.043111723
ZJ018937,0.35488042,0.10146329,0.30332538,0.0020385275,0.018951528,0.09893663,0.09628747,0.024116822
ZJ018938,0.0155502865,0.0076956004,0.0131269805,0.005206317,0.01721873,0.9241896,0.014472685,0.0025398068
ZJ018939,0.12905659,0.5614767,0.06877123,0.030687986,0.00996606,0.011416816,0.11500302,0.07362163
ZJ018940,0.53346425,0.005996403,0.23665619,0.009169431,0.08456449,0.07283429,0.021421326,0.03589355
ZJ018941,0.4598705,0.08411847,0.10875093,0.027806247,0.039015166,0.04407272,0.13356367,0.10280235
ZJ018942,0.21424319,0.37975413,0.1290937,0.01654547,0.00782553,0.01094059,0.07356478,0.1680326
ZJ018943,0.14684522,0.027895754,0.32506987,0.008851209,0.22894247,0.15049833,0.05258716,0.059309952
ZJ018944,0.7174171,0.121546336,0.017781056,0.009394918,0.00809826,0.066531494,0.04999699,0.009233799
ZJ018945,0.08095924,0.011384096,0.5586063,0.07236848,0.0952794,0.08773833,0.02989638,0.063767664
ZJ018946,0.05849888,0.0012898355,0.22306453,0.5178365,0.0021436063,0.010893616,0.0034396623,0.18283331
ZJ018947,0.027592678,0.91149116,0.017998757,0.004809326,0.0038233772,0.015011629,0.014380844,0.0048923017
ZJ018948,0.08567401,0.6491567,0.05574015,0.010873411,0.0059942626,0.010713664,0.13333021,0.04851757
ZJ018949,0.37543115,0.10283812,0.1304703,0.02714851,0.064536415,0.046061322,0.14659409,0.106920145
ZJ018950,0.10863586,0.001366091,0.29578203,0.01043219,0.06927848,0.35370526,0.002700562,0.1580995
ZJ018951,0.11519604,0.0647923,0.2598647,0.048993308,0.0073678964,0.04435112,0.3563621,0.10307253
ZJ018952,0.054492198,0.008385732,0.054784797,0.004506591,0.0029682787,0.007751854,0.8570708,0.010039659
ZJ018953,0.22475511,0.300673,0.13886927,0.004921041,0.017453458,0.05536527,0.19277635,0.0651865
ZJ018954,0.46747348,0.026183479,0.08622475,0.006447471,0.025685795,0.011379535,0.36552536,0.01108009
ZJ018955,0.13658278,0.024746504,0.40138534,0.00988159,0.039056692,0.029514942,0.34250712,0.016325103
ZJ018956,0.05148647,0.01451057,0.31213263,0.0083839875,0.009469211,0.5098713,0.056414776,0.0377311
ZJ018957,0.100191556,0.0046036555,0.1413385,0.28024518,0.008825723,0.007906995,0.010676285,0.4462121
ZJ018958,0.241914,0.11870365,0.2566951,0.010527837,0.021967616,0.017405504,0.3052836,0.027502721
ZJ018959,0.37596223,0.07126467,0.08921253,0.039055236,0.0062124142,0.045294162,0.31991902,0.053079765
ZJ018960,0.28988674,0.039518572,0.06060466,0.40008694,0.124721214,0.04034035,0.0384566,0.006384891
ZJ018961,0.14740008,0.028793933,0.5272301,0.017396862,0.0020376504,0.007821938,0.08893446,0.18038504
ZJ018962,0.3157717,0.022832261,0.17386536,0.013748695,0.027808698,0.059764124,0.3648216,0.021387557
ZJ018963,0.2829,0.20874476,0.13730179,0.013255467,0.02136135,0.010039749,0.19725493,0.12914194
ZJ018964,0.061508264,0.01169649,0.33335012,0.12809236,0.007952602,0.04215261,0.018058755,0.3971888
ZJ018965,0.36977264,0.09965228,0.20945705,0.00844193,0.06513644,0.00862521,0.16636914,0.07254526
ZJ018966,0.01650279,0.020664383,0.010094197,0.005309144,0.00086053397,0.8916576,0.031829637,0.02308176
ZJ018967,0.05846368,0.7855529,0.027127376,0.007071646,0.006160637,0.09089118,0.013621182,0.011111387
ZJ018968,0.12773141,0.059183285,0.46726432,0.017575372,0.05568918,0.11965266,0.13980027,0.013103483
ZJ018969,0.14687444,0.0482048,0.7494789,0.0039181137,0.0022171948,0.007549925,0.033957243,0.007799394
ZJ018970,0.07053492,0.0066842595,0.85296035,0.0004677172,0.016149325,0.013403673,0.031547967,0.008251776
ZJ018971,0.072425835,0.047590405,0.18176796,0.011479111,0.0070936624,0.10537529,0.4701655,0.104102254
ZJ018972,0.4304989,0.028083744,0.15107621,0.011929126,0.051946253,0.076547064,0.22701895,0.02289972
ZJ018973,0.12389796,0.061878826,0.05695111,0.0112607265,0.022585724,0.56615615,0.12034978,0.036919758
ZJ018974,0.18264773,0.06648901,0.58552194,0.0060402374,0.004334236,0.008918012,0.11655383,0.029495023
ZJ018975,0.35805044,0.15412837,0.09709749,0.028318653,0.060587563,0.044665605,0.22515167,0.032000214
ZJ018976,0.36580777,0.09652803,0.1238348,0.01785107,0.08706841,0.055409696,0.1522542,0.101246014
ZJ018977,0.20133276,0.08260467,0.23504966,0.011681077,0.14794713,0.03052869,0.27335316,0.017502833
ZJ018978,0.14003433,0.27885622,0.25886202,0.005643338,0.0018513615,0.013747485,0.2838873,0.01711795
ZJ018979,0.109092996,0.025581906,0.47039026,0.008023514,0.020219548,0.019203575,0.20523588,0.14225237
ZJ018980,0.33280396,0.0056894547,0.16628563,0.2751163,0.06692157,0.012119839,0.01507619,0.12598702
ZJ018981,0.15726432,0.051257823,0.07527468,0.21694013,0.28108552,0.16723122,0.038700428,0.012245893
ZJ018982,0.19535972,0.004953833,0.3561277,0.10402866,0.0015389877,0.3039886,0.013753328,0.020249171
ZJ018983,0.31977803,0.0157447,0.3796451,0.012627056,0.093747064,0.060080085,0.033776715,0.08460121
ZJ018984,0.19657193,0.022013985,0.10062353,0.18313438,0.030524075,0.011864985,0.02607543,0.42919174
ZJ018985,0.0747802,0.46991223,0.12843525,0.022492735,0.004753105,0.013361499,0.27854058,0.0077244234
ZJ018986,0.40672842,0.123804696,0.12418817,0.032972686,0.037444457,0.062278666,0.15133578,0.06124716
ZJ018987,0.18340656,0.04632619,0.25943416,0.011143937,0.0049088085,0.04306834,0.4246576,0.027054394
ZJ018988,0.05999641,0.07937909,0.20719019,0.005824817,0.005752295,0.042846467,0.4680718,0.13093892
ZJ018989,0.0057777986,0.8567522,0.120879635,0.0063611777,7.443018e-05,0.0014720063,0.007581877,0.0011008607
ZJ018990,0.016054563,0.009541654,0.596885,0.0019265319,0.026254855,0.28995296,0.052756727,0.0066277203
ZJ018991,0.11646392,0.04956564,0.21248023,0.0067102606,0.0073976116,0.06393068,0.53174746,0.011704148
ZJ018992,0.076697655,0.6173267,0.1649676,0.012976382,0.0017481315,0.084171385,0.032002956,0.010109199
ZJ018993,0.083629444,0.009171095,0.21780066,0.35947344,0.059522472,0.036881346,0.01666553,0.21685602
ZJ018994,0.09350338,0.025916802,0.3652916,0.02861728,0.0074418816,0.01567209,0.42921653,0.034340452
ZJ018995,0.3691534,0.13809137,0.06934611,0.01960734,0.14160182,0.011968576,0.18983397,0.060397413
ZJ018996,0.31362373,0.041702736,0.2070816,0.17141807,0.017659012,0.023181703,0.05194479,0.17338839
ZJ018997,0.19373436,0.013459244,0.3520835,0.020881057,0.13004616,0.2110268,0.026818596,0.051950287
ZJ018998,0.16206063,0.4542739,0.10990175,0.015593452,0.020256322,0.0077146236,0.19190508,0.038294274
ZJ018999,0.19071938,0.07102918,0.34503618,0.0108501725,0.014397054,0.083830185,0.27050453,0.013633222
ZJ019000,0.023939261,0.046712775,0.094296545,0.6838557,0.11753233,0.015402569,0.0076862667,0.010574572
ZJ019001,0.33107483,0.014713124,0.22987805,0.2843259,0.015055979,0.06647811,0.023575388,0.034898594
ZJ019002,0.15145488,0.007367802,0.14545135,0.42659158,0.00606418,0.19685142,0.014640047,0.05157868
ZJ019003,0.3165371,0.041027926,0.18670988,0.02061526,0.034775034,0.042596135,0.3042994,0.05343923
ZJ019004,0.38893217,0.050864514,0.0636105,0.24462266,0.02001993,0.019620977,0.06059201,0.15173724
ZJ019005,0.5568743,0.016656177,0.06839852,0.009892065,0.061775744,0.010363726,0.2670424,0.0089970585
ZJ019006,0.59788805,0.0029279601,0.032498136,0.0036291713,0.3360521,0.012775097,0.0062465067,0.0079829125
ZJ019007,0.57208735,0.121304445,0.026391082,0.014619127,0.15846941,0.079371035,0.0068282695,0.020929206
ZJ019008,0.030263811,0.009395195,0.074888565,0.7202648,0.0043512178,0.08111886,0.04688656,0.032830995
ZJ019009,0.059668653,0.507972,0.12894885,0.010216675,0.0023660227,0.014632049,0.27082497,0.0053707827
ZJ019010,0.058951348,0.027845347,0.13811387,0.44740862,0.013818962,0.0037971104,0.014883509,0.2951813
ZJ019011,0.07972788,0.03620073,0.2475076,0.020362617,0.038964044,0.4784165,0.06570032,0.033120282
ZJ019012,0.37565494,0.023442226,0.07057252,0.013888556,0.020182824,0.027409147,0.45389697,0.014952835
ZJ019013,0.08241803,0.025456326,0.3393456,0.0061395452,0.012417152,0.1253486,0.39175075,0.01712399
ZJ019014,0.37906456,0.058578398,0.110327475,0.04439514,0.035819072,0.043529697,0.27334222,0.054943383
ZJ019015,0.34072474,0.065437995,0.10944073,0.16253382,0.02184636,0.020785151,0.07138195,0.20784926
ZJ019016,0.19991364,0.18428633,0.13190718,0.005187894,0.022617105,0.015602829,0.25047585,0.19000915
ZJ019017,0.20241147,0.022817092,0.36624798,0.011052039,0.08528866,0.2287388,0.056924254,0.026519733
ZJ019018,0.029466271,0.0041677896,0.13990283,0.2808229,0.011569708,0.024824576,0.0049046627,0.50434124
ZJ019019,0.093290426,0.07535397,0.13361904,0.022061795,0.04596354,0.13231038,0.44322935,0.0541715
ZJ019020,0.024323268,0.013096331,0.093514465,0.009020993,0.01947128,0.7955524,0.028380528,0.016640691
ZJ019021,0.2359793,0.04908785,0.06903589,0.2395156,0.34811684,0.019561287,0.031170817,0.007532374
ZJ019022,0.23793077,0.080268055,0.24415739,0.0051184352,0.011103758,0.08626532,0.22587934,0.10927696
ZJ019023,0.32707417,0.14515817,0.23728147,0.011953839,0.010331613,0.035506982,0.13360874,0.099085025
ZJ019024,0.72703356,0.029621854,0.07336247,0.0073124887,0.02729138,0.026956568,0.06627219,0.0421495
ZJ019025,0.17191346,0.03832666,0.23402345,0.006150233,0.0534542,0.07803508,0.33747092,0.08062598
ZJ019026,0.11674241,0.21867502,0.46314582,0.014727166,0.0038337836,0.010887052,0.16822754,0.0037612177
ZJ019027,0.26460734,0.07048849,0.08366574,0.21799505,0.03678482,0.015838824,0.08949076,0.22112894
ZJ019028,0.09760755,0.08256759,0.42607862,0.06424721,0.01566914,0.012884108,0.08007781,0.22086802
ZJ019029,0.22872205,0.00437888,0.061779007,0.008213057,0.0058919103,0.04020445,0.5705053,0.08030535
ZJ019030,0.13620473,0.3334706,0.14309151,0.012353421,0.036512848,0.12008536,0.13369226,0.08458928
ZJ019031,0.054421097,0.120853454,0.11821977,0.020390974,0.01618598,0.53398466,0.09426832,0.041675795
ZJ019032,0.28642356,0.07420635,0.08667871,0.066204116,0.047372907,0.07787769,0.26331592,0.097920746
ZJ019033,0.22660911,0.010191721,0.242341,0.11806769,0.0031603335,0.018565364,0.016105298,0.36495942
ZJ019034,0.24999441,0.2466374,0.07469011,0.009068002,0.018213876,0.032347243,0.3537651,0.015283819
ZJ019035,0.16566585,0.07696773,0.35694078,0.023218386,0.026075276,0.24316254,0.04679707,0.061172422
ZJ019036,0.16238211,0.033624947,0.14576668,0.20685036,0.10005838,0.027738728,0.02855037,0.29502842
ZJ019037,0.029747415,0.040969826,0.036086004,0.0049639624,0.0012038815,0.0098216785,0.8163295,0.060877763
ZJ019038,0.23356234,0.13133813,0.055456173,0.042453974,0.014161454,0.05198387,0.3973149,0.07372919
ZJ019039,0.37132272,0.078699425,0.27918538,0.026852822,0.0083725825,0.018095955,0.16387203,0.05359907
ZJ019040,0.044792123,0.009449486,0.18874955,0.003015633,0.025484927,0.17708655,0.54666936,0.004752287
ZJ019041,0.19965442,0.10829914,0.28989652,0.006952255,0.029719595,0.17285989,0.17549044,0.01712772
ZJ019042,0.025401937,0.7278725,0.007558725,0.010339275,0.0030994676,0.03358581,0.18513438,0.0070079165
ZJ019043,0.28805846,0.11639757,0.2808466,0.0042142994,0.013659096,0.02172169,0.1670812,0.1080211
ZJ019044,0.61489993,0.033040352,0.07275592,0.009181451,0.037258677,0.07312633,0.07258558,0.087151825
ZJ019045,0.00927743,0.018499834,0.3836848,0.00021149548,0.017278269,0.5538168,0.011296312,0.0059350417
ZJ019046,0.3337815,0.13594197,0.100417905,0.02579071,0.11111991,0.042541236,0.19379798,0.0566087
ZJ019047,0.11037545,0.05317243,0.3737292,0.0051673506,0.34222385,0.0011836118,0.096739404,0.017408736
ZJ019048,0.17942938,0.12388602,0.24196768,0.023582796,0.02682419,0.10385326,0.23829283,0.062163867
ZJ019049,0.41038686,0.10381453,0.07475879,0.033045,0.08190636,0.0645957,0.12191798,0.10957475
ZJ019050,0.15250942,0.1361362,0.38032067,0.008988752,0.0053008557,0.012561794,0.09628874,0.20789358
ZJ019051,0.16846974,0.54881936,0.09432926,0.017779205,0.009202959,0.029565746,0.08584591,0.045987803
ZJ019052,0.405311,0.083601154,0.08928244,0.019823795,0.010731186,0.07789242,0.2993221,0.014035954
ZJ019053,0.065759875,0.003131989,0.1432442,0.6344212,0.0020231106,0.017687736,0.0046207914,0.12911107
ZJ019054,0.31900638,0.062802166,0.15177597,0.014778275,0.080114536,0.12672423,0.1882477,0.05655081
ZJ019055,0.09402347,0.016267667,0.05449343,0.005063557,0.008304094,0.026712762,0.7708378,0.024297241
ZJ019056,0.24944982,0.0026721677,0.08641316,0.54499936,0.020316318,0.053254608,0.012052889,0.030841721
ZJ019057,0.29299778,0.10602689,0.09569047,0.06531801,0.05706557,0.062097345,0.19317935,0.12762459
ZJ019058,0.26438692,0.05624957,0.27455416,0.0052278694,0.015264836,0.045253545,0.2223419,0.1167212
ZJ019059,0.05627182,0.010399573,0.17012571,0.27119738,0.03854859,0.04684882,0.02952265,0.37708542
ZJ019060,0.043606382,0.038159374,0.025007786,0.0075497213,0.0028512396,0.0024899915,0.8653391,0.014996375
ZJ019061,0.26533684,0.35735178,0.15125537,0.008735294,0.0072317165,0.048686292,0.10497112,0.056431554
ZJ019062,0.0817679,0.036996774,0.45603836,0.08944003,0.0080923885,0.015820967,0.022928067,0.28891546
ZJ019063,0.0035243474,0.09455331,0.008393734,0.003397997,0.0029748185,0.005962555,0.86082274,0.020370496
ZJ019064,0.4029895,0.04909251,0.21215668,0.009782035,0.024838991,0.007216808,0.23711868,0.056804784
ZJ019065,0.30707476,0.012789227,0.39518797,0.04325433,0.0010112636,0.032157987,0.10640319,0.102121286
ZJ019066,0.36891702,0.11693488,0.047790047,0.018941626,0.104166575,0.015974972,0.29676226,0.030512601
ZJ019067,0.053777542,0.032428477,0.6350034,0.0119395815,0.013039546,0.18398905,0.04499995,0.024822481
ZJ019068,0.15619168,0.19946742,0.14088993,0.014329683,0.015097997,0.02784605,0.4195802,0.026597112
ZJ019069,0.070880964,0.006299852,0.10099155,0.3861337,0.04498073,0.046872806,0.007951939,0.3358885
ZJ019070,0.14052206,0.2713651,0.069952354,0.0051742746,0.0020193856,0.010792836,0.46876854,0.031405497
ZJ019071,0.2912675,0.15940174,0.23531282,0.014676505,0.007959368,0.070553355,0.14271796,0.07811075
ZJ019072,0.09712063,0.27084646,0.20751953,0.020138288,0.012793251,0.04613195,0.28931758,0.056132298
ZJ019073,0.0664012,0.035625707,0.05522582,0.0031786084,0.011347279,0.77465343,0.03539496,0.018172974
ZJ019074,0.1409212,0.017803079,0.19803254,0.13525578,0.026647862,0.4102941,0.037524354,0.033521153
ZJ019075,0.017421382,0.0092839515,0.054954432,0.006036686,0.002833806,0.8725001,0.016084984,0.020884566
ZJ019076,0.2260119,0.20759591,0.157754,0.007194024,0.009253393,0.07999147,0.27513835,0.037060943
ZJ019077,0.08896446,0.04052022,0.3260809,0.025443884,0.016310526,0.0339473,0.4173028,0.051429886
ZJ019078,0.03333737,0.017434858,0.13438039,0.0071086404,0.020537442,0.73788965,0.028839093,0.020472614
ZJ019079,0.11752788,0.028872512,0.0244434,0.0029221794,0.62604785,0.020619368,0.17772013,0.0018467079
ZJ019080,0.19353537,0.14385325,0.15671067,0.032418977,0.043404147,0.05724532,0.12486441,0.24796782
ZJ019081,0.04756172,0.021331782,0.0141615,0.011682507,0.0021462878,0.0016859565,0.88049984,0.020930344
ZJ019082,0.033300444,0.04202402,0.026454613,0.0035892592,0.0009721089,0.79935443,0.07420834,0.020096797
ZJ019083,0.13900334,0.027407762,0.31378424,0.0027258296,0.0929758,0.020398801,0.3840562,0.019648027
ZJ019084,0.16753039,0.036221743,0.15533403,0.03262972,0.030745167,0.011066478,0.5119901,0.054482438
ZJ019085,0.23665288,0.08716956,0.07765197,0.048435308,0.034913063,0.39454195,0.093702786,0.026932469
ZJ019086,0.073161334,0.040426347,0.4982254,0.003145037,0.11960386,0.102142796,0.14760202,0.015693225
ZJ019087,0.534589,0.08395635,0.07426512,0.035933573,0.029467165,0.05725912,0.1368166,0.04771306
ZJ019088,0.13915886,0.62159055,0.021056296,0.01985834,0.04453238,0.011781013,0.11821584,0.02380671
ZJ019089,0.047903113,0.5778391,0.2941738,0.01902654,0.0008007964,0.013339319,0.04204412,0.004873206
ZJ019090,0.02349405,0.008232626,0.04592762,0.03814439,0.014459503,0.021207701,0.84174794,0.0067861076
ZJ019091,0.11550757,0.007102251,0.3177352,0.30983564,0.012108456,0.04266088,0.022872372,0.1721777
ZJ019092,0.04580007,0.8275916,0.032970298,0.008284415,0.0051089562,0.023392797,0.03160189,0.025250027
ZJ019093,0.029514575,0.9222666,0.0060135867,0.0074057337,0.02057735,0.004539325,0.0064908876,0.0031919964
ZJ019094,0.22259988,0.04320726,0.066870235,0.27394593,0.30102527,0.040864456,0.045543984,0.005943018
ZJ019095,0.80070263,0.03179183,0.0239878,0.018313449,0.047466993,0.023485534,0.039807826,0.014443911
ZJ019096,0.178485,0.09078239,0.11990024,0.01974684,0.009467706,0.029324789,0.40996724,0.14232582
ZJ019097,0.3214161,0.0724478,0.2739103,0.0023544335,0.01634363,0.011016953,0.27653247,0.025978297
ZJ019098,0.3286372,0.023628954,0.25534865,0.020583328,0.010957883,0.043745294,0.26205668,0.055042025
ZJ019099,0.11432269,0.2683885,0.110635124,0.01750476,0.0024062851,0.025794556,0.40727744,0.053670615
ZJ019100,2.9954113e-09,2.3924316e-09,2.1261224e-06,4.3929405e-11,0.99999774,3.767709e-09,1.2126118e-07,6.0540385e-11
ZJ019101,0.38698494,0.093297854,0.17293952,0.0038733038,0.012552891,0.106069356,0.12764528,0.09663682
ZJ019102,0.16127688,0.08281328,0.19168681,0.022957189,0.053761024,0.18107031,0.28535295,0.021081548
ZJ019103,0.06638641,0.031754084,0.12108751,0.5372114,0.004337558,0.006449579,0.026196728,0.20657673
ZJ019104,0.08856498,0.013425696,0.16441329,0.08389826,0.0026297348,0.09828328,0.010240324,0.5385444
ZJ019105,0.23369302,0.08872374,0.1436663,0.113807395,0.0110263415,0.08252036,0.13086472,0.19569807
ZJ019106,0.10098622,0.6210165,0.046694957,0.054691974,0.01424864,0.016245745,0.024674272,0.12144176
ZJ019107,0.0622722,0.781167,0.021893518,0.008993725,0.061989453,0.021643246,0.031786796,0.010254106
ZJ019108,0.79019874,0.017785233,0.044282246,0.0064164256,0.04041195,0.030230187,0.05663891,0.014036293
ZJ019109,0.21850717,0.165503,0.15627046,0.031435806,0.117202334,0.049021903,0.1832257,0.07883363
ZJ019110,0.08354976,0.0131379645,0.18415038,0.013087039,0.0037027942,0.05876041,0.48172557,0.16188605
ZJ019111,0.25783056,0.08683977,0.25276822,0.0066960896,0.002479052,0.008318364,0.24056058,0.14450745
ZJ019112,0.114628896,0.012377804,0.25224113,0.46162045,0.020971444,0.07291549,0.02320067,0.04204416
ZJ019113,0.2654587,0.011724998,0.42591596,0.009602842,0.10446961,0.11454757,0.046082586,0.02219774
ZJ019114,0.077125296,0.007449919,0.09976209,0.0037498977,0.0035294008,0.032304615,0.76050943,0.01556941
ZJ019115,0.16929445,0.57515705,0.06407895,0.0044016186,0.009983248,0.024986157,0.07524762,0.07685086
ZJ019116,0.14099364,0.0059760697,0.49748996,0.004345454,0.0050540227,0.09989081,0.2330642,0.013185877
ZJ019117,0.21984264,0.043695297,0.44673756,0.013492778,0.012499002,0.029128939,0.17929448,0.05530932
ZJ019118,0.09816746,0.090176925,0.1533275,0.19922552,0.01254288,0.01989395,0.048979484,0.37768632
ZJ019119,0.43992236,0.106584206,0.087279536,0.025837922,0.10122693,0.06523832,0.099152535,0.07475821
ZJ019120,0.1759786,0.06270613,0.29320762,0.01573169,0.01014711,0.16076872,0.23420776,0.047252417
ZJ019121,0.42075577,0.1370872,0.11888587,0.023439983,0.04179912,0.028213732,0.14716226,0.082656145
ZJ019122,0.20099932,0.11568669,0.21385637,0.017296856,0.014811637,0.04807692,0.25940615,0.12986602
ZJ019123,0.21070117,0.005540616,0.080869414,0.40500414,0.06271204,0.036601488,0.006778675,0.19179244
ZJ019124,0.061370008,0.848862,0.037991382,0.002531709,0.0055265045,0.013743473,0.024732638,0.005242183
ZJ019125,0.22695942,0.06149888,0.13111202,0.015751734,0.0058445185,0.07693305,0.46993065,0.011969769
ZJ019126,0.2787074,0.095240496,0.17346779,0.027644927,0.070354216,0.04385904,0.2651275,0.045598578
ZJ019127,0.07421518,0.10164874,0.2334915,0.0085167,0.023179445,0.21318518,0.12129466,0.22446857
ZJ019128,0.34578744,0.12061277,0.11718108,0.03957163,0.056209676,0.05238864,0.1605713,0.1076775
ZJ019129,0.09061261,0.012799958,0.4183544,0.30699232,0.0024554022,0.03818322,0.021369532,0.10923255
ZJ019130,0.039196946,0.8606197,0.024720795,0.0023847404,0.019753069,0.0066891704,0.04071958,0.005915941
ZJ019131,0.09354889,0.03201346,0.09070258,0.0055614416,0.010227572,0.029946107,0.7195049,0.01849501
ZJ019132,0.074546486,0.0379118,0.4665559,0.001397702,0.17280991,0.0682892,0.15708162,0.021407356
ZJ019133,0.19967085,0.047193106,0.26846945,0.013753576,0.012159182,0.053634394,0.3571267,0.047992676
ZJ019134,0.23389602,0.047136705,0.16732332,0.010842787,0.04580031,0.057961162,0.13668534,0.30035433
ZJ019135,0.6882965,0.013163189,0.12599877,0.02574811,0.073592156,0.019326672,0.023635564,0.030239033
ZJ019136,0.008756488,0.009236216,0.016581513,0.0016060737,0.0057874685,0.9538323,0.0027897176,0.0014101652
ZJ019137,0.35330814,0.04129622,0.07302146,0.14672542,0.22522594,0.08265911,0.06138976,0.016373996
ZJ019138,0.23927878,0.36362118,0.087463945,0.008372714,0.0434556,0.014852848,0.118061624,0.124893345
ZJ019139,0.16790815,0.01643858,0.14784405,0.31519458,0.019282436,0.0278807,0.020079203,0.2853723
ZJ019140,0.08828969,0.005466421,0.32976854,0.06742084,0.00038051457,0.007050821,0.0074124373,0.4942107
ZJ019141,0.0412633,0.041926574,0.22981718,0.36736542,0.07904493,0.01804258,0.010400748,0.21213925
ZJ019142,0.08331907,0.28681013,0.2000768,0.025672132,0.13157602,0.07642236,0.1298088,0.06631462
ZJ019143,0.04586367,0.008575383,0.82886815,0.00040911682,0.022477638,0.06180317,0.02263211,0.009370793
ZJ019144,0.08577645,0.008894191,0.11280674,0.011876695,0.005318772,0.011506448,0.32604152,0.43777922
ZJ019145,0.033126216,0.030619035,0.06860226,0.35095468,0.008429927,0.0056243706,0.009849892,0.49279362
ZJ019146,0.06327405,0.032994684,0.6263529,0.01070976,0.014396596,0.18700549,0.04351265,0.021753877
ZJ019147,0.5284085,0.12260814,0.09139918,0.012541132,0.01528133,0.063390195,0.14755723,0.018814242
ZJ019148,0.2784204,0.06799179,0.07657511,0.12152311,0.36213943,0.061195076,0.022547372,0.009607708
ZJ019149,0.2827007,0.12095644,0.12680009,0.015255848,0.08835582,0.09357461,0.18397206,0.08838449
ZJ019150,0.026939001,0.0019131204,0.06188074,0.3150764,0.0064753816,0.57091063,0.0028545498,0.013950181
ZJ019151,0.133262,0.21942224,0.043270126,0.0052201115,0.0029527545,0.052697822,0.5209496,0.022225393
ZJ019152,0.19700006,0.0150983045,0.23244381,0.005268204,0.0097980285,0.0973875,0.35598624,0.08701788
ZJ019153,0.26045856,0.17937648,0.15099783,0.01757126,0.026693232,0.0076162117,0.25720093,0.10008553
ZJ019154,0.25821942,0.2920942,0.055089723,0.06270795,0.008483431,0.015320367,0.045219406,0.26286545
ZJ019155,0.34653372,0.19915234,0.18881026,0.02106654,0.078484714,0.030821254,0.08629016,0.04884102
ZJ019156,0.41031688,0.024796637,0.35093346,0.01426209,0.04410362,0.0623106,0.030791963,0.062484786
ZJ019157,0.028709944,0.013056653,0.11284496,0.008538851,0.032251824,0.7684604,0.021582028,0.014555398
ZJ019158,0.117366605,0.038829964,0.3014791,0.009836779,0.0020159974,0.08060522,0.4440039,0.0058624684
ZJ019159,0.10737863,0.010234651,0.50302184,0.030410338,0.0007218139,0.014578626,0.0064080814,0.32724598
ZJ019160,0.04797659,0.010967845,0.056714293,0.009240845,0.0044633653,0.019023307,0.8240283,0.0275854
ZJ019161,0.28789565,0.07637218,0.20614953,0.038223997,0.07681613,0.031300265,0.0477387,0.2355036
ZJ019162,0.16516851,0.023007574,0.20147677,0.29990178,0.01661005,0.023854623,0.032035206,0.23794551
ZJ019163,0.1606401,0.4936701,0.09929376,0.0105993925,0.0075652045,0.010725889,0.18859841,0.02890716
ZJ019164,0.07080939,0.023210451,0.3703841,0.029178219,0.010076361,0.01785144,0.43151057,0.046979483
ZJ019165,0.31145325,0.16579995,0.19776523,0.014131215,0.14841604,0.016599877,0.101440564,0.044393875
ZJ019166,0.23878665,0.20975122,0.21243043,0.0137284715,0.006331758,0.034941982,0.18767506,0.096354425
ZJ019167,0.112361,0.56230056,0.22878367,0.008938975,0.005297864,0.029841606,0.04668233,0.0057939743
ZJ019168,0.007191829,0.003832967,0.058325224,0.0015781219,0.4525719,0.4704862,0.0040018265,0.0020119268
ZJ019169,0.18822186,0.17228958,0.15483479,0.18148282,0.06070397,0.02900022,0.0681308,0.14533602
ZJ019170,0.08816707,0.046945352,0.17488739,0.0146778505,0.014086467,0.5402668,0.021773916,0.09919517
ZJ019171,0.27512196,0.004611149,0.12350247,0.47969222,0.009071721,0.026410693,0.017625647,0.06396413
ZJ019172,0.3700878,0.03304474,0.0526312,0.19100337,0.30340475,0.023993826,0.020799512,0.0050348477
ZJ019173,0.13374823,0.007365506,0.023328392,0.006543821,0.02514412,0.0137009565,0.77093506,0.019233925
ZJ019174,0.24454588,0.081314355,0.19666505,0.0038134027,0.019874154,0.04574716,0.34754312,0.060496915
ZJ019175,0.17470336,0.0899837,0.3007419,0.006765429,0.025991356,0.047543135,0.3345123,0.019758807
ZJ019176,0.30202448,0.12875712,0.20615038,0.01760171,0.14073522,0.019123055,0.10676253,0.07884548
ZJ019177,0.34243536,0.16763224,0.16781677,0.034810398,0.089495756,0.012144378,0.08820913,0.09745596
ZJ019178,0.06401679,0.4443669,0.16488497,0.0059672655,0.0034560033,0.040759638,0.2710157,0.0055327467
ZJ019179,0.3117142,0.076914676,0.08118918,0.03122565,0.10065858,0.06192665,0.24777724,0.088593856
ZJ019180,0.06492805,0.008711201,0.33588573,0.30385208,0.09397128,0.09343578,0.012538928,0.08667698
ZJ019181,0.27573568,0.14769162,0.21534185,0.021357544,0.013439776,0.04007615,0.21488899,0.071468405
ZJ019182,0.08740014,0.0136977555,0.09623522,0.41077787,0.023838792,0.019922571,0.016293868,0.3318338
ZJ019183,0.15524031,0.037279382,0.37642354,0.018653287,0.021820378,0.054066546,0.29093352,0.045582972
ZJ019184,0.18510962,0.011460429,0.1843698,0.33096322,0.014035895,0.10563783,0.021737888,0.14668529
ZJ019185,0.13469434,0.0019944822,0.5069552,0.11985918,0.0058854646,0.032222707,0.00983894,0.18854968
ZJ019186,0.066076115,0.01039015,0.47411075,0.10804658,0.027101314,0.029474173,0.010308628,0.2744923
ZJ019187,0.14020962,0.15796788,0.2597188,0.0073036393,0.0030870296,0.032975417,0.32608256,0.07265508
ZJ019188,0.35962877,0.09744932,0.21530904,0.013939453,0.019237945,0.044110745,0.12414836,0.12617636
ZJ019189,0.70778567,0.007356499,0.034391746,0.0055956226,0.18303525,0.0076584397,0.040355977,0.013820797
ZJ019190,0.12773885,0.014867999,0.18827915,0.108117305,0.018701235,0.47898042,0.030844165,0.032470845
ZJ019191,0.20845027,0.3526286,0.1556491,0.031278964,0.013360051,0.032635543,0.119338915,0.08665864
ZJ019192,0.106328465,0.07728843,0.048690055,0.03780014,0.030969929,0.02815007,0.5819383,0.08883464
ZJ019193,0.22382572,0.13971421,0.121690184,0.08375954,0.019656228,0.05842793,0.08310813,0.26981804
ZJ019194,0.070179135,0.059440963,0.119901046,0.033116195,0.018433277,0.57918614,0.083887234,0.035855994
ZJ019195,0.21316032,0.02403831,0.5210473,0.0055553964,0.0022662769,0.03326729,0.18553956,0.015125529
ZJ019196,0.20242289,0.02981312,0.049667496,0.27000263,0.3695668,0.047487035,0.027307454,0.0037326193
ZJ019197,0.02218932,0.004087715,0.008106748,0.010918972,0.0076469136,0.93055606,0.012186102,0.0043082344
ZJ019198,0.29807338,0.10780185,0.122494504,0.0414344,0.039084457,0.09279322,0.26170814,0.036610086
ZJ019199,0.38191032,0.07220238,0.078354426,0.03410446,0.072097,0.060277954,0.23873082,0.06232264
ZJ019200,0.22211163,0.049326558,0.07402292,0.13424677,0.30637166,0.1525622,0.046486866,0.014871361
ZJ019201,0.3160233,0.11539824,0.11200814,0.023287313,0.10169184,0.07339115,0.15434682,0.10385318
ZJ019202,0.20167148,0.13346484,0.13585179,0.050030135,0.12862515,0.098620296,0.18603826,0.06569804
ZJ019203,0.10314007,0.0033543757,0.45062077,0.036808345,0.00057566137,0.006002549,0.0052244733,0.39427376
ZJ019204,0.19057377,0.030058118,0.060130894,0.34374088,0.3026432,0.036093403,0.031697158,0.0050626067
ZJ019205,0.07833915,0.059782993,0.24597993,0.34277827,0.20356609,0.02378486,0.010887177,0.034881566
ZJ019206,0.10392581,0.742607,0.042917162,0.015648652,0.030257778,0.022267206,0.024248756,0.018127589
ZJ019207,0.8285665,0.0018468782,0.04099194,0.00792509,0.032262176,0.019114563,0.058337502,0.0109553505
ZJ019208,0.0966791,0.0039011731,0.17269993,0.32902834,0.0076631303,0.008394731,0.006263767,0.3753698
ZJ019209,0.27509204,0.0056812083,0.25520346,0.035104364,0.28233013,0.06684854,0.012983506,0.066756785
ZJ019210,0.2638418,0.039309535,0.41917586,0.021351084,0.008960045,0.010246235,0.18500032,0.052115116
ZJ019211,0.06646225,0.032931175,0.2108878,0.22632115,0.06391345,0.035017215,0.037685655,0.32678127
ZJ019212,0.7036621,0.012645731,0.09632663,0.028333167,0.016572502,0.032954846,0.018301448,0.09120357
ZJ019213,0.08207096,0.0027528298,0.21823615,0.43838242,0.0029384524,0.06814902,0.01050586,0.17696437
ZJ019214,0.3733732,0.07149052,0.17610815,0.003599996,0.020668421,0.004119703,0.3269854,0.023654578
ZJ019215,0.21335374,0.030707277,0.3769334,0.0073278667,0.04719336,0.07835346,0.1553569,0.090773985
ZJ019216,0.15842712,0.031721152,0.11502524,0.23865691,0.07235785,0.024574859,0.030166108,0.3290708
ZJ019217,0.33131143,0.24574985,0.15466405,0.019389316,0.012032917,0.040108845,0.09686469,0.09987897
ZJ019218,0.14807568,0.029697757,0.41402182,0.018720977,0.022812566,0.055171788,0.24079283,0.070706576
ZJ019219,0.0960036,0.010851985,0.047824536,0.017327784,0.013441329,0.7392459,0.047247037,0.028057827
ZJ019220,0.05708802,0.058770735,0.12558396,0.010262759,0.00718715,0.0879216,0.602303,0.05088274
ZJ019221,0.061726376,0.008422368,0.19429189,0.22177705,0.0040316894,0.48613968,0.005902188,0.017708797
ZJ019222,0.41614318,0.14687417,0.08370881,0.018901384,0.08252618,0.047140103,0.13855878,0.06614742
ZJ019223,0.2495165,0.03742524,0.14008917,0.004894621,0.023381371,0.06840475,0.41549477,0.0607936
ZJ019224,0.8004466,0.0032810487,0.030351995,0.041292116,0.006742033,0.02563701,0.005044643,0.087204576
ZJ019225,0.30527267,0.013864051,0.3947909,0.0081254,0.098521076,0.07826369,0.030370196,0.07079202
ZJ019226,0.17558837,0.019559072,0.27744183,0.015748987,0.027472135,0.021172598,0.4076242,0.05539281
ZJ019227,0.8027428,0.048968565,0.060903072,0.0017705754,0.015386391,0.0065830625,0.023180781,0.040464777
ZJ019228,0.2847218,0.01067247,0.4524256,0.06137502,0.014009665,0.023008833,0.012660367,0.14112626
ZJ019229,0.8999436,0.0021774692,0.01601406,0.0015300375,0.0041385554,0.030709822,0.041807715,0.0036787975
ZJ019230,0.17007238,0.18743171,0.19480129,0.012368599,0.016010366,0.01603316,0.38106918,0.022213293
ZJ019231,0.11510495,0.79586256,0.050677307,0.0015190041,0.0053119096,0.012775188,0.016936779,0.001812342
ZJ019232,0.2983779,0.11818625,0.09863675,0.037345957,0.10304437,0.061902523,0.2162327,0.066273496
ZJ019233,0.5551693,0.018601691,0.08708072,0.0030976331,0.18666849,0.020363174,0.039832547,0.08918646
ZJ019234,0.09472157,0.10346913,0.06098187,0.019915687,0.05547748,0.07643631,0.5381957,0.050802186
ZJ019235,0.24421434,0.0067586447,0.5532592,0.051820435,0.0063972855,0.029534511,0.015611629,0.09240392
ZJ019236,0.17354453,0.5629205,0.110732965,0.006196223,0.0134149585,0.0044895215,0.10492904,0.023772184
ZJ019237,0.12687068,0.036578365,0.28440437,0.020938909,0.015286347,0.02864098,0.4329706,0.054309774
ZJ019238,0.07826702,0.026304338,0.14466168,0.011742252,0.001387533,0.14022538,0.57776767,0.01964407
ZJ019239,0.124795415,0.0164501,0.38129285,0.0075294846,0.0035417255,0.01856364,0.296609,0.15121777
ZJ019240,0.14128073,0.51293814,0.23786028,0.009752214,0.0028588802,0.02035463,0.060854606,0.014100447
ZJ019241,0.01950767,0.008403504,0.0131905805,0.008144199,0.0039348016,0.9045707,0.032373596,0.009874921
ZJ019242,0.2777629,0.16817936,0.08236083,0.022677215,0.08401172,0.041900028,0.2592503,0.06385764
ZJ019243,0.05665636,0.006690028,0.44627723,0.18278494,0.013708107,0.10008804,0.00884362,0.18495162
ZJ019244,0.117407694,0.016465344,0.38226986,0.26955912,0.011667193,0.046557013,0.0088778455,0.14719588
ZJ019245,0.37373734,0.030855272,0.17097062,0.020521779,0.0075735194,0.013683044,0.3260805,0.056577913
ZJ019246,0.28486454,0.06992382,0.17564434,0.0036041443,0.06465211,0.06705224,0.24869895,0.08555981
ZJ019247,0.23086862,0.33836734,0.15231967,0.010076864,0.010991511,0.0077709174,0.21509765,0.03450737
ZJ019248,0.405683,0.014758369,0.10106312,0.0058206418,0.016314672,0.0138133,0.42338154,0.01916539
ZJ019249,0.13765092,0.07232244,0.30688003,0.017026054,0.013850428,0.1464709,0.28763598,0.018163277
ZJ019250,0.43974543,0.01886608,0.27770317,0.06955041,0.019450217,0.05187022,0.045986447,0.076828
ZJ019251,0.5759503,0.028952632,0.24681844,0.005409035,0.0289117,0.051298134,0.03522996,0.02742974
ZJ019252,0.07132782,0.69187,0.1581439,0.009161129,0.0015454761,0.013184451,0.04864017,0.0061271647
ZJ019253,0.0904912,0.020870637,0.4959211,0.12861204,0.06220681,0.08007731,0.026833536,0.09498741
ZJ019254,0.282187,0.26812324,0.16339378,0.0018270693,0.02989207,0.057112195,0.18622902,0.011235559
ZJ019255,0.28874463,0.050154075,0.07395268,0.19003205,0.30403253,0.053969175,0.03237433,0.006740525
ZJ019256,0.057570666,0.8500003,0.042147066,0.0041302196,0.0050290735,0.00981386,0.021109987,0.010198791
ZJ019257,0.1908777,0.63047755,0.02638476,0.006016282,0.08234704,0.006007778,0.0484543,0.0094346255
ZJ019258,0.021634523,0.008734677,0.09592069,0.008315145,0.0037415,0.79698336,0.028478405,0.03619164
ZJ019259,0.0109472,0.008135139,0.06575276,0.0040156096,0.010855937,0.8739043,0.015844312,0.010544718
ZJ019260,0.03905751,0.06011434,0.020445058,0.051226486,0.031912193,0.02529185,0.7003826,0.071569994
ZJ019261,0.116724506,0.03604392,0.17909057,0.1919585,0.015397503,0.01564916,0.03165751,0.41347829
ZJ019262,0.37262562,0.07381263,0.0722553,0.013215807,0.30028316,0.03533512,0.10616886,0.026303552
ZJ019263,0.19267674,0.058468677,0.19816127,0.274329,0.09838144,0.011444381,0.03989913,0.12663932
ZJ019264,0.22505163,0.0064363773,0.26370326,0.27507445,0.050213676,0.036375474,0.018137695,0.12500744
ZJ019265,0.08940806,0.010066339,0.42450348,0.18339846,0.054657348,0.13754955,0.014779917,0.08563681
ZJ019266,0.32316,0.1334227,0.10225622,0.033152316,0.07935704,0.06399883,0.17889571,0.08575714
ZJ019267,0.09916796,0.10097113,0.16845927,0.018207356,0.012010271,0.04726162,0.45081353,0.10310882
ZJ019268,0.45768782,0.13818204,0.0892546,0.041380655,0.03839996,0.024627753,0.1564522,0.05401493
ZJ019269,0.016751084,0.04742234,0.007297166,0.030212665,0.007822324,0.010052634,0.8437012,0.03674061
ZJ019270,0.12119794,0.13374056,0.082079746,0.17287442,0.013367072,0.023648351,0.052959103,0.40013278
ZJ019271,0.087104835,0.66792357,0.055293936,0.011531836,0.059124578,0.030951753,0.05597203,0.032097436
ZJ019272,0.025820043,0.0035794182,0.04113774,0.00865059,0.008678161,0.8903229,0.009657567,0.012153638
ZJ019273,0.29343736,0.07006133,0.07607683,0.041290645,0.0713872,0.046395708,0.3015665,0.09978435
ZJ019274,0.17256911,0.08251122,0.073062025,0.10432546,0.4169611,0.108621836,0.028191792,0.013757451
ZJ019275,0.1451612,0.061538696,0.0428795,0.03002879,0.026802016,0.03510663,0.6196815,0.038801678
ZJ019276,0.42269066,0.11585067,0.17452699,0.014095081,0.08625264,0.013138513,0.11700085,0.05644456
ZJ019277,0.23608579,0.05159669,0.26865098,0.03460298,0.05408707,0.12933634,0.1995303,0.026109887
ZJ019278,0.09570116,0.014341008,0.1396719,0.007876599,0.24399129,0.008780671,0.36928064,0.12035676
ZJ019279,0.3537082,0.05354377,0.18628617,0.05184419,0.15213154,0.017292617,0.05335194,0.13184161
ZJ019280,0.27757484,0.049923725,0.30011368,0.0020692544,0.051109705,0.048322715,0.23885408,0.032031994
ZJ019281,0.36331227,0.07336948,0.25162357,0.0079319775,0.020723693,0.012887755,0.21079819,0.059352975
ZJ019282,0.12246565,0.020832067,0.3654641,0.009310196,0.0033187107,0.020809231,0.21739858,0.24040143
ZJ019283,0.079107374,0.015080428,0.34565178,0.4134304,0.0070587564,0.031612325,0.008182254,0.09987673
ZJ019284,0.20991704,0.569784,0.051630795,0.035541113,0.039906077,0.012064168,0.04071602,0.040440787
ZJ019285,0.1385204,0.0071169245,0.14776044,0.47535035,0.031853624,0.007111328,0.008255606,0.18403132
ZJ019286,0.21540163,0.051429342,0.08432874,0.1015523,0.31582543,0.16437733,0.0455245,0.021560682
ZJ019287,0.060807858,0.12051766,0.22072373,0.009763172,0.0276802,0.16726746,0.119562835,0.27367705
ZJ019288,0.1820173,0.0847855,0.27985412,0.016128862,0.049597267,0.067220345,0.16753808,0.1528585
ZJ019289,0.119434744,0.09250283,0.6547541,0.003041278,0.0095783705,0.026090011,0.08387059,0.010728028
ZJ019290,0.08699835,0.013037576,0.04295869,0.02152311,0.013896329,0.7525273,0.03523284,0.0338258
ZJ019291,0.28929672,0.016372558,0.11114748,0.40849018,0.001714136,0.02775489,0.017432671,0.12779137
ZJ019292,0.18466921,0.10532553,0.03396071,0.380863,0.07798055,0.11173708,0.09572318,0.0097407615
ZJ019293,0.02777712,0.036296833,0.015713193,0.002979966,0.0049999105,0.81758344,0.07687106,0.017778477
ZJ019294,0.037973534,0.35446694,0.027114153,0.0021055534,0.0013918097,0.051068526,0.5104208,0.015458689
ZJ019295,0.3487735,0.20589691,0.13394594,0.016598579,0.023779515,0.049086146,0.08420332,0.13771603
ZJ019296,0.08641359,0.006649724,0.2948974,0.39475006,0.0019802996,0.030639306,0.011728464,0.17294118
ZJ019297,0.47322723,0.08487923,0.16023408,0.040084533,0.0733045,0.028669475,0.0933094,0.046291586
ZJ019298,0.08338992,0.5477817,0.21280375,0.012491286,0.010768198,0.0895273,0.033467066,0.0097707445
ZJ019299,0.32509953,0.0680283,0.11373886,0.0112849055,0.01793681,0.11348524,0.30807066,0.042355705
ZJ019300,0.1960793,0.011890101,0.20692578,0.34906414,0.012139566,0.011240942,0.013296011,0.19936407
ZJ019301,0.031070033,0.021374172,0.010192508,0.00973789,0.0013214902,0.0014906701,0.91485476,0.009958464
ZJ019302,0.29335997,0.052169874,0.07575504,0.1934415,0.28619802,0.067912005,0.02352229,0.0076413327
ZJ019303,0.28736737,0.09680009,0.17463234,0.035935145,0.011136827,0.028009066,0.3092593,0.056859888
ZJ019304,0.94919044,0.006408268,0.014084115,0.0022827485,0.005781324,0.008657049,0.005800245,0.007795861
ZJ019305,0.14722437,0.07831521,0.2862576,0.008658915,0.024645487,0.045414023,0.37956175,0.029922685
ZJ019306,0.1644561,0.011533399,0.033342604,0.036945753,0.020271264,0.009782713,0.7178675,0.005800662
ZJ019307,0.1457862,0.20886028,0.36582974,0.10058959,0.009589343,0.023985105,0.123161316,0.022198431
ZJ019308,0.13951498,0.013799613,0.21033207,0.3859951,0.01526124,0.015617717,0.0071913647,0.21228796
ZJ019309,0.49587184,0.060758576,0.120438926,0.046010815,0.021152927,0.02296976,0.17071554,0.062081635
ZJ019310,0.20497075,0.05772787,0.2574122,0.019228838,0.037589986,0.020067057,0.31032142,0.092681944
ZJ019311,0.09548847,0.726027,0.02127865,0.009942654,0.035412826,0.026533764,0.08152265,0.0037939788
ZJ019312,0.02432595,0.007515765,0.010824407,0.019101905,0.005831535,0.9133764,0.0128524145,0.00617162
ZJ019313,0.027017742,0.018548395,0.031914063,0.0077847303,0.0035109594,0.8279705,0.051309656,0.031943984
ZJ019314,0.14326954,0.0026463342,0.26631665,0.16922273,0.0023447317,0.39762947,0.008886701,0.009683838
ZJ019315,0.06833269,0.44794962,0.1416428,0.017053498,0.003885591,0.009850183,0.30534247,0.005943161
ZJ019316,0.06726549,0.4373844,0.17562065,0.015666949,0.0040953425,0.03075449,0.26205668,0.0071560275
ZJ019317,0.111487865,0.62496805,0.042481937,0.012235816,0.06871041,0.0254742,0.09023367,0.02440806
ZJ019318,0.12130929,0.014491612,0.51925105,0.033718184,0.106771916,0.07330222,0.018831355,0.11232435
ZJ019319,0.024218693,0.028826063,0.08412829,0.007972601,0.008161976,0.78236777,0.028997455,0.035327233
ZJ019320,0.1664692,0.07164394,0.097439684,0.14661479,0.32174057,0.13786128,0.041139673,0.01709087
ZJ019321,0.21174252,0.02221394,0.1433232,0.36890402,0.06288863,0.10217695,0.0335865,0.055164233
ZJ019322,0.3158979,0.20655099,0.11768443,0.03048633,0.05762928,0.06570673,0.13144028,0.0746041
ZJ019323,0.16320063,0.048920304,0.07039642,0.17491546,0.45445848,0.036760375,0.04371144,0.0076368838
ZJ019324,0.19467779,0.12466613,0.22220762,0.017739246,0.018240208,0.0928285,0.31574655,0.013893973
ZJ019325,0.1614863,0.20716502,0.21181603,0.011926963,0.015558742,0.04882031,0.33005747,0.013169207
ZJ019326,0.09927052,0.027860964,0.16149084,0.30550554,0.05704981,0.013772471,0.019054836,0.31599498
ZJ019327,0.10021817,0.027051188,0.5610093,0.015170242,0.014916345,0.035889596,0.21365766,0.0320876
ZJ019328,0.35636213,0.09845263,0.11764118,0.020700868,0.19073854,0.038858805,0.12694769,0.05029818
ZJ019329,0.65083826,0.0024219071,0.16062279,0.006627596,0.0029343395,0.018500656,0.0042533544,0.15380101
ZJ019330,0.045575082,0.10587929,0.14166692,0.5647795,0.08945551,0.019929169,0.014133241,0.018581316
ZJ019331,0.024374358,0.040873427,0.017568786,0.0062524797,0.0013215896,0.8327182,0.04978444,0.027106762
ZJ019332,0.25959936,0.2736288,0.0712976,0.1723898,0.0061192736,0.008677013,0.026589455,0.18169872
ZJ019333,0.11814389,0.034885295,0.15486659,0.0055412333,0.009586302,0.08505527,0.57184476,0.020076612
ZJ019334,0.26917264,0.20957501,0.15664357,0.06467731,0.0856301,0.016468382,0.11018565,0.087647304
ZJ019335,0.026348354,0.012568907,0.11601594,0.008316133,0.016060399,0.77551365,0.02884643,0.01633018
ZJ019336,0.042937677,0.06092815,0.54834837,0.0067679198,0.057970136,0.23853905,0.036414668,0.008093988
ZJ019337,0.29544842,0.024161402,0.36500105,0.010955756,0.01924515,0.02733801,0.22870813,0.029142024
ZJ019338,0.17981671,0.07599816,0.26140156,0.009567229,0.039040618,0.22851297,0.030338928,0.17532389
ZJ019339,0.114040814,0.03626224,0.17083141,0.021358129,0.00859321,0.028191254,0.6051732,0.015549776
ZJ019340,0.2469866,0.028466092,0.08557337,0.2345427,0.26776668,0.089063615,0.040815994,0.006785015
ZJ019341,0.071529955,0.030679537,0.7767566,0.0008293745,0.013561416,0.027694048,0.052588638,0.026360359
ZJ019342,0.23822324,0.033115197,0.062245443,0.26427236,0.27001312,0.07237487,0.05281962,0.00693613
ZJ019343,0.8110891,0.002114153,0.026542641,0.080819644,0.011292526,0.014621367,0.0034009877,0.050119624
ZJ019344,0.29044443,0.12358452,0.09229111,0.030285973,0.07255521,0.07987793,0.2184412,0.09251958
ZJ019345,0.21953142,0.03323854,0.3563827,0.008954821,0.033762977,0.06800395,0.123884775,0.15624076
ZJ019346,0.38014716,0.09538913,0.10276876,0.042146794,0.064469,0.07442358,0.13903143,0.10162416
ZJ019347,0.09592352,0.02659842,0.13262616,0.39150766,0.04487053,0.04533765,0.040304437,0.22283162
ZJ019348,0.18221396,0.04190031,0.3112872,0.013430397,0.012588808,0.1311545,0.2908439,0.016580874
ZJ019349,0.12290939,0.65181977,0.026499942,0.005581883,0.015541353,0.054878816,0.10577812,0.016990772
ZJ019350,0.31696272,0.10942323,0.11968294,0.034978557,0.08759017,0.021241123,0.25130153,0.058819756
ZJ019351,0.25342512,0.009838636,0.13733307,0.27580997,0.014352117,0.15506606,0.021551989,0.13262303
ZJ019352,0.2737272,0.2509074,0.09112671,0.0071556945,0.050251827,0.023977425,0.105373174,0.19748054
ZJ019353,0.03594501,0.67089844,0.07284501,0.037916068,0.0045437063,0.014239312,0.046051882,0.11756053
ZJ019354,0.15665902,0.3158203,0.33419406,0.026164118,0.0034628506,0.043785367,0.09382978,0.026084444
ZJ019355,0.21350193,0.03350439,0.10933559,0.16707267,0.0442368,0.013026356,0.027247665,0.39207464
ZJ019356,0.12025,0.031251714,0.3398677,0.007768405,0.012448764,0.13218077,0.24509472,0.11113796
ZJ019357,0.24857636,0.29112068,0.18107545,0.016147183,0.010808361,0.017762706,0.1209343,0.11357497
ZJ019358,0.3449956,0.12686564,0.094826534,0.03179272,0.08006199,0.067818455,0.20905812,0.04458096
ZJ019359,0.30505127,0.029486764,0.032743886,0.4210568,0.12022826,0.05825291,0.030411944,0.0027682283
ZJ019360,0.15701054,0.13944885,0.14266157,0.00733727,0.22052065,0.055158675,0.2080187,0.06984372
ZJ019361,0.019572869,0.008953285,0.025564276,0.009495299,0.00719828,0.88603336,0.018960215,0.024222458
ZJ019362,0.1593243,0.6982934,0.03489181,0.018450242,0.012591068,0.0106166,0.029899254,0.035933316
ZJ019363,0.08807261,0.02565838,0.28332156,0.026026733,0.009202854,0.019953571,0.46983597,0.07792836
ZJ019364,0.10069411,0.033821914,0.1852399,0.0054721115,0.012741505,0.018214526,0.61248463,0.031331327
ZJ019365,0.07721684,0.0610126,0.018830767,0.39547512,0.13521527,0.23530753,0.0660983,0.010843522
ZJ019366,0.080243915,0.05246977,0.6107193,0.0025954696,0.011989174,0.0932002,0.060682893,0.08809927
ZJ019367,0.3401802,0.06868426,0.07207792,0.033056125,0.014277452,0.04587564,0.38562927,0.040219188
ZJ019368,0.21310954,0.05261828,0.4307397,0.010519445,0.0051393406,0.018309109,0.24809018,0.021474393
ZJ019369,0.020699553,0.010172945,0.007088284,0.04273678,0.003421425,0.901473,0.010668962,0.003739029
ZJ019370,0.14052846,0.09308693,0.055693448,0.008778437,0.034013957,0.034288045,0.62564605,0.007964688
ZJ019371,0.062097218,0.022812681,0.31219912,0.03545983,0.0099510765,0.01221017,0.51645285,0.02881703
ZJ019372,0.22184634,0.16753523,0.24311148,0.026331315,0.014276124,0.015836567,0.10798233,0.20308061
ZJ019373,0.08009257,0.3448457,0.15454423,0.013842236,0.003964737,0.026196167,0.3691318,0.007382535
ZJ019374,0.36033234,0.008260354,0.18147808,0.22338566,0.0015271878,0.018627277,0.024225207,0.18216385
ZJ019375,0.18312763,0.01127001,0.22948404,0.34230492,0.026820185,0.01456322,0.012832749,0.17959727
ZJ019376,0.065790296,0.0060134684,0.13968518,0.006606842,0.0028368281,0.043173335,0.6564013,0.079492785
ZJ019377,0.11374625,0.048468474,0.26505566,0.049741976,0.010698605,0.027358448,0.3830625,0.10186809
ZJ019378,0.244612,0.034255333,0.074489094,0.2190114,0.27255338,0.11557986,0.030275611,0.009223371
ZJ019379,0.120480925,0.55458325,0.027520265,0.009406856,0.18757057,0.041727055,0.05142718,0.007283832
ZJ019380,0.23000555,0.17677696,0.21183538,0.003337387,0.017009266,0.12367804,0.19237722,0.044980165
ZJ019381,0.12044835,0.017050391,0.21996447,0.10983862,0.015471688,0.45471773,0.028311694,0.03419708
ZJ019382,0.072860286,0.8132439,0.040394783,0.010253678,0.0079764,0.014305547,0.026865179,0.01410016
ZJ019383,0.0991203,0.014077782,0.24615206,0.15426002,0.08578813,0.098520175,0.019517494,0.282564
ZJ019384,0.018399753,0.0061970875,0.018133176,0.016850999,0.008648728,0.8798387,0.017955,0.033976514
ZJ019385,0.31011906,0.11993385,0.21217829,0.033082396,0.015006807,0.004152273,0.25503924,0.05048809
ZJ019386,0.09343291,0.045877688,0.27617803,0.2488373,0.20953311,0.037461974,0.014839192,0.073839724
ZJ019387,0.03877339,0.023059204,0.17805435,0.007130846,0.0048410324,0.6966398,0.031556964,0.019944465
ZJ019388,0.1144391,0.7573401,0.036989823,0.004773394,0.02003069,0.0036520502,0.052868024,0.0099069225
ZJ019389,0.029129095,0.01578712,0.5655974,0.00056683103,0.05181632,0.31315458,0.014777019,0.009171655
ZJ019390,0.06546823,0.40833142,0.17481898,0.011236741,0.004026933,0.021998106,0.30808383,0.0060357875
ZJ019391,0.13572255,0.08626148,0.38227513,0.014301616,0.1425792,0.08202286,0.14120707,0.015630107
ZJ019392,0.1085006,0.06641009,0.030883536,0.022424335,0.0062440853,0.0048666755,0.7450663,0.015604398
ZJ019393,0.9000634,0.003003133,0.036967527,0.001528714,0.007373548,0.0194791,0.021820582,0.009764005
ZJ019394,0.31192675,0.030420372,0.4301034,0.004723053,0.042622685,0.040319476,0.07877376,0.06111051
ZJ019395,0.27914646,0.18742274,0.2138832,0.012492247,0.09051302,0.017859409,0.13216607,0.06651687
ZJ019396,0.62643325,0.016432365,0.063216604,0.19867095,0.03025437,0.010144672,0.009674359,0.04517342
ZJ019397,0.13974254,0.21870485,0.22454211,0.0099911755,0.03222388,0.14247124,0.13573287,0.09659127
ZJ019398,0.07036947,0.13934211,0.2740181,0.017794814,0.042670492,0.2866959,0.07063606,0.098473035
ZJ019399,0.22538869,0.1409665,0.092678025,0.028984454,0.083533585,0.14695291,0.18103743,0.1004584
ZJ019400,0.27296025,0.044161025,0.16094035,0.012905815,0.059184175,0.17773668,0.23304166,0.039070062
ZJ019401,0.17646065,0.0453675,0.14806908,0.015703049,0.012013008,0.022616914,0.5607937,0.018976128
ZJ019402,0.05228529,0.8215107,0.053191,0.004353785,0.0043807146,0.034276552,0.01794372,0.012058279
ZJ019403,0.10007931,0.0055133966,0.16097267,0.14754784,0.091834985,0.062486243,0.008695672,0.42286986
ZJ019404,0.19979681,0.039875355,0.1443775,0.28519762,0.08809436,0.022442538,0.042673208,0.17754261
ZJ019405,0.40403822,0.009520546,0.052148882,0.0073653045,0.0031705287,0.012392964,0.4933521,0.018011551
ZJ019406,0.19452094,0.024911111,0.40518746,0.038367745,0.011496312,0.033421043,0.027166067,0.26492932
ZJ019407,0.36226538,0.23765016,0.07613098,0.020767316,0.07225741,0.015863735,0.14108095,0.07398406
ZJ019408,0.106060766,0.68502635,0.028758457,0.024894115,0.03713437,0.03300423,0.054937366,0.030184327
ZJ019409,0.121739656,0.022104133,0.1082517,0.012953284,0.012366654,0.017761413,0.676502,0.028321195
ZJ019410,0.17511506,0.46990365,0.11656765,0.014095606,0.013102663,0.031793706,0.1371388,0.042282876
ZJ019411,0.11744656,0.009277829,0.42351365,0.04958327,0.000678884,0.009211407,0.0041548167,0.3861336
ZJ019412,0.26500225,0.16466965,0.08339286,0.07070278,0.04908888,0.035113636,0.22692575,0.10510419
ZJ019413,0.16450596,0.2175657,0.2071632,0.06919367,0.031362973,0.039414573,0.07741167,0.19338228
ZJ019414,0.33016557,0.067684054,0.22117089,0.040195994,0.025517473,0.047002748,0.06583425,0.202429
ZJ019415,0.015010409,0.0056288755,0.011508423,0.012457567,0.013479528,0.92090064,0.007913577,0.013100956
ZJ019416,0.018594662,0.00663443,0.07580664,0.8191604,0.0109271305,0.038713604,0.0029512818,0.027211856
ZJ019417,0.079339825,0.8347349,0.01663166,0.014735712,0.008045205,0.009999623,0.015266148,0.021246914
ZJ019418,0.0717214,0.0029068142,0.3572845,0.1342339,0.005093586,0.024486348,0.0034228247,0.40085065
ZJ019419,0.05954079,0.40222284,0.19035533,0.0078203175,0.003982174,0.011079683,0.31896463,0.0060342317
ZJ019420,0.18288672,0.036457684,0.15247422,0.018421443,0.010443105,0.05912922,0.40147695,0.13871066
ZJ019421,0.122849464,0.01970139,0.021135304,0.009197431,0.022801647,0.014703437,0.7738013,0.015810026
ZJ019422,0.18085565,0.02172393,0.022610668,0.042258125,0.14143373,0.05056411,0.50020754,0.040346257
ZJ019423,0.00011718959,1.5200201e-05,0.0014353979,1.1761217e-06,0.9970882,0.0008309935,0.00048702088,2.4731286e-05
ZJ019424,0.40313783,0.050941303,0.090895906,0.007633954,0.029861424,0.01980959,0.3775337,0.020186296
ZJ019425,0.30755728,0.040112812,0.13520086,0.01099588,0.026574625,0.051144596,0.4018387,0.026575247
ZJ019426,0.17587107,0.045540072,0.19830728,0.014068256,0.017652668,0.046402905,0.4848236,0.017334104
ZJ019427,0.044682357,0.018382143,0.25027966,0.37584502,0.021177497,0.034439646,0.028622951,0.22657077
ZJ019428,0.026167827,0.05335026,0.17657597,0.002546375,0.010241914,0.65593594,0.051255602,0.02392616
ZJ019429,0.39231545,0.07243132,0.23353216,0.018284662,0.12843888,0.032428194,0.06365787,0.058911547
ZJ019430,0.21234865,0.08003219,0.33521172,0.016089594,0.021425419,0.09014171,0.2126516,0.032099046
ZJ019431,0.06172095,0.052837946,0.03442032,0.0034075913,0.01560985,0.7655099,0.047974076,0.018519295
ZJ019432,0.118389346,0.45083925,0.12916641,0.010745369,0.034853213,0.107951716,0.08919644,0.058858294
ZJ019433,0.17109688,0.008698154,0.24593696,0.37151897,0.007928009,0.026155356,0.026891615,0.1417741
ZJ019434,0.13486329,0.040786456,0.5109365,0.003349183,0.05976121,0.08170009,0.1300586,0.038544618
ZJ019435,0.21566571,0.081235856,0.3219415,0.010617273,0.037009075,0.08047349,0.15941615,0.09364091
ZJ019436,0.09485409,0.10775818,0.28155804,0.0019854412,0.09380743,0.09631023,0.31559953,0.008127056
ZJ019437,0.0724999,0.786954,0.029703472,0.02868523,0.005791487,0.016120365,0.027741529,0.03250402
ZJ019438,0.02092598,0.041964013,0.531625,0.0010756755,0.083844185,0.05990532,0.25011542,0.010544425
ZJ019439,0.20875552,0.077241324,0.3372525,0.012819121,0.02968975,0.08738872,0.19279741,0.05405571
ZJ019440,0.20832069,0.37498504,0.115638345,0.019888734,0.012365518,0.031779956,0.10882907,0.12819272
ZJ019441,0.52207595,0.036943298,0.11058905,0.025586015,0.17099902,0.06231794,0.042992413,0.028496303
ZJ019442,0.062697284,0.03232256,0.30362862,0.024262313,0.019053744,0.43942323,0.06991598,0.04869627
ZJ019443,0.65624356,0.04358732,0.10963496,0.0022167556,0.02583635,0.03288589,0.078596175,0.05099899
ZJ019444,0.06960229,0.121502414,0.2132359,0.24796335,0.26083657,0.019157398,0.018777285,0.048924867
ZJ019445,0.05599638,0.012918231,0.15748972,0.0022400797,0.6976945,0.016957067,0.051029712,0.0056743324
ZJ019446,0.021933451,0.00663437,0.13394903,0.005862293,0.001629175,0.8045124,0.007935243,0.01754406
ZJ019447,0.09424375,0.021736559,0.0179103,0.010832197,0.046800446,0.0106539475,0.78840816,0.009414708
ZJ019448,0.18598087,0.046011496,0.06917962,0.26996177,0.31595817,0.050563596,0.056291394,0.006053034
ZJ019449,0.08654433,0.84528595,0.026112327,0.005602034,0.008136225,0.0061543556,0.012180321,0.009984357
ZJ019450,0.1509976,0.009227125,0.2090145,0.2048944,0.011478508,0.010520268,0.012549277,0.39131838
ZJ019451,0.11532422,0.009359092,0.6481772,0.0070337015,0.0015290377,0.12907314,0.07370626,0.015797278
ZJ019452,0.12634377,0.009853079,0.18626423,0.18543036,0.004040056,0.46048895,0.011874983,0.015704503
ZJ019453,0.05259281,0.053895634,0.029080544,0.005682835,0.003611312,0.7555753,0.07327527,0.026286254
ZJ019454,0.21164237,0.026201181,0.1452064,0.30148113,0.010740276,0.023237841,0.0335154,0.24797536
ZJ019455,0.19233692,0.3439991,0.13087966,0.018255793,0.050670713,0.02633324,0.14817545,0.089349136
ZJ019456,0.10170622,0.0129789505,0.37891027,0.023524497,0.16384064,0.203121,0.028261648,0.08765678
ZJ019457,0.17939794,0.14023866,0.3084951,0.003096291,0.016155092,0.058849704,0.24541208,0.048355214
ZJ019458,0.015508097,0.004847878,0.05649759,0.007009776,0.004422909,0.866784,0.02238765,0.022542076
ZJ019459,0.11707533,0.01365412,0.29300267,0.15583898,0.09312306,0.06674706,0.028141672,0.23241709
ZJ019460,0.039120696,0.044454183,0.014999126,0.004737924,0.0037356368,0.024169397,0.8544989,0.014284171
ZJ019461,0.45645306,0.0961,0.10263883,0.03750518,0.045376018,0.042942923,0.16165791,0.05732608
ZJ019462,0.11830275,0.008887062,0.18936007,0.146072,0.0063365013,0.5054064,0.012570841,0.013064418
ZJ019463,0.45177758,0.24226244,0.036093008,0.0833083,0.014276738,0.0121157095,0.03238851,0.12777767
ZJ019464,0.08524368,0.7357869,0.034235284,0.013456481,0.0055154087,0.009551467,0.02996984,0.08624096
ZJ019465,0.24296983,0.031551115,0.32515743,0.0048735957,0.06873708,0.08580106,0.22442263,0.016487261
ZJ019466,0.10037553,0.057101116,0.40313175,0.043231476,0.009434125,0.036177743,0.27822974,0.072318524
ZJ019467,0.24801107,0.034266744,0.23133838,0.05747677,0.07812164,0.10668484,0.03137302,0.21272747
ZJ019468,0.049783807,0.040874224,0.07662225,0.06016458,0.041226435,0.009539542,0.6869462,0.034842946
ZJ019469,0.29995233,0.018376408,0.10474511,0.011925958,0.035739716,0.07934073,0.40721452,0.042705204
ZJ019470,0.29458255,0.17610341,0.21744306,0.0101229735,0.07303823,0.037860535,0.13125744,0.05959184
ZJ019471,0.13691767,0.1431525,0.50214565,0.0058926903,0.0030193136,0.01306538,0.18977006,0.00603678
ZJ019472,0.19311252,0.0140681,0.2697083,0.28876716,0.011799805,0.06319127,0.025118995,0.13423388
ZJ019473,0.022100784,0.012261539,0.014156563,0.00381807,0.018243,0.905569,0.020193294,0.0036577675
ZJ019474,0.11439037,0.009858595,0.43953994,0.005809034,0.0025490213,0.31015292,0.094845325,0.022854785
ZJ019475,0.12746285,0.032734964,0.10085999,0.014420883,0.06306655,0.028861685,0.5853401,0.047252957
ZJ019476,0.4096212,0.1267831,0.114569396,0.022528598,0.065895475,0.0546228,0.119572796,0.086406626
ZJ019477,0.30683887,0.31287813,0.121453516,0.026584694,0.07956076,0.01987109,0.091565035,0.041247923
ZJ019478,0.30075684,0.071046926,0.24228114,0.0054879272,0.011688425,0.05601217,0.27907822,0.033648387
ZJ019479,0.3242433,0.0871373,0.027880013,0.08440879,0.07598137,0.021116568,0.32160556,0.05762706
ZJ019480,0.12010236,0.2594572,0.29071873,0.008814837,0.08048901,0.04218362,0.18613029,0.012103957
ZJ019481,0.38529724,0.100213155,0.16247799,0.022844363,0.0365567,0.057496816,0.20826921,0.026844574
ZJ019482,0.21519797,0.049821977,0.3164497,0.002450737,0.07418538,0.059939098,0.22329168,0.0586635
ZJ019483,0.12833476,0.025008142,0.10328337,0.0065928753,0.2645861,0.06221889,0.28918725,0.120788604
ZJ019484,0.057465605,0.013531143,0.057393324,0.014939383,0.015365476,0.7614973,0.041277237,0.038530592
ZJ019485,0.024663392,0.91459435,0.013063483,0.0021090324,0.021603609,0.0035619652,0.01728446,0.0031197085
ZJ019486,0.25700495,0.16037288,0.24343301,0.0019313664,0.013335942,0.052193217,0.25704688,0.014681757
ZJ019487,0.27381772,0.039698068,0.1524263,0.0079072295,0.05707638,0.06551938,0.38304877,0.020506114
ZJ019488,0.02282295,0.0545095,0.04226918,0.0031631445,0.019104399,0.80756056,0.021339813,0.02923043
ZJ019489,0.09531239,0.029990805,0.5966912,0.01521934,0.005981837,0.03685823,0.109690234,0.11025595
ZJ019490,0.075573206,0.0034974338,0.4976366,0.027776994,0.006875319,0.021224478,0.0073149963,0.36010098
ZJ019491,0.073371135,0.028081847,0.04512154,0.008907755,0.05552173,0.03884328,0.72441983,0.025732847
ZJ019492,0.18654385,0.57053816,0.09661448,0.021376465,0.009848652,0.014938414,0.053187255,0.046952724
ZJ019493,0.9354564,0.0017116985,0.016677042,0.003861193,0.00976445,0.021908293,0.0061517465,0.0044691428
ZJ019494,0.16048872,0.049611915,0.39194962,0.017937226,0.10634911,0.08021893,0.1741304,0.01931407
ZJ019495,0.084219016,0.010096196,0.078115985,0.0026097477,0.6538001,0.045704942,0.10530951,0.020144517
ZJ019496,0.0538805,0.0020659175,0.20828624,0.17724708,0.0010132829,0.053332802,0.0017372038,0.5024369
ZJ019497,0.05258995,0.32594416,0.13041332,0.0070943977,0.121530265,0.097927704,0.23180595,0.032694247
ZJ019498,0.063069366,0.017082378,0.064164296,0.015496553,0.019115135,0.72351044,0.042880245,0.054681577
ZJ019499,0.37764028,0.1873974,0.1407296,0.015876349,0.028857365,0.06352638,0.09143018,0.09454253
ZJ019500,0.05224468,0.0038358066,0.14869788,0.13209419,0.28435045,0.33750734,0.0068833595,0.034386244
ZJ019501,0.056356583,0.015054406,0.19587307,0.016801491,0.010247595,0.03378745,0.6498608,0.02201857
ZJ019502,0.018601738,0.021537755,0.062974535,0.046567474,0.010587951,0.8269572,0.0095154,0.0032578977
ZJ019503,0.11539909,0.037585963,0.54828465,0.0057310695,0.06693251,0.083921954,0.13347743,0.008667329
ZJ019504,0.4274191,0.021470703,0.4056093,0.0015306082,0.016919605,0.027879046,0.08064322,0.018528374
ZJ019505,0.16400835,0.036603212,0.1424489,0.08583498,0.0056917327,0.027837392,0.25603816,0.28153726
ZJ019506,0.33287725,0.041194063,0.05486845,0.0023818885,0.49347895,0.044604197,0.015868047,0.014727088
ZJ019507,0.31891096,0.075417325,0.12315394,0.022400249,0.104369394,0.057908215,0.2560701,0.041769784
ZJ019508,0.4205085,0.17641203,0.10067322,0.0042019435,0.02837197,0.11196441,0.086548805,0.07131909
ZJ019509,0.25049073,0.010205905,0.27813724,0.26665238,0.0019156431,0.13281019,0.011259374,0.048528533
ZJ019510,0.4097208,0.078865185,0.19855267,0.03526517,0.025656564,0.010522112,0.076544635,0.16487281
ZJ019511,0.21869576,0.08059144,0.07355283,0.119940795,0.33074322,0.1402942,0.02616483,0.010016947
ZJ019512,0.10510491,0.15373133,0.11194411,0.004926665,0.027369455,0.42058572,0.11978094,0.05655687
ZJ019513,0.17616639,0.0023054967,0.39143682,0.075049736,0.0048859585,0.32569847,0.007407379,0.017049767
ZJ019514,0.056892876,0.08334935,0.06462665,0.012543012,0.0025263533,0.65380615,0.052674685,0.0735809
ZJ019515,0.046024706,0.01697822,0.68311155,0.0067933993,0.0062858365,0.1318142,0.031936232,0.07705588
ZJ019516,0.17962009,0.03490482,0.2867845,0.0038938995,0.041450255,0.30395535,0.029422276,0.11996881
ZJ019517,0.019532932,0.008238364,0.012106786,0.004206014,0.014666567,0.92058873,0.016953107,0.0037075584
ZJ019518,0.17729668,0.42253658,0.12017373,0.02728742,0.07761933,0.010522636,0.11315588,0.051407725
ZJ019519,0.17480484,0.0058707837,0.12984402,0.4322431,0.006485262,0.015834581,0.008111488,0.22680594
ZJ019520,0.32120237,0.093975365,0.038871594,0.010950441,0.019643674,0.008205963,0.48882267,0.018327922
ZJ019521,0.09385708,0.30322626,0.1782402,0.008209753,0.0027328408,0.04495077,0.30957517,0.059207954
ZJ019522,0.80792785,0.031005707,0.037568714,0.0047996584,0.017778214,0.023433413,0.044889074,0.032597307
ZJ019523,0.043093402,0.007049542,0.14681014,0.008955797,0.004168853,0.7272235,0.029871259,0.032827467
ZJ019524,0.29462445,0.12014584,0.106690206,0.02409543,0.11963179,0.094223425,0.16074583,0.07984307
ZJ019525,0.2180461,0.015821414,0.053901456,0.015619346,0.005732317,0.00489274,0.6533369,0.032649774
ZJ019526,0.37070152,0.08746456,0.08314269,0.03220172,0.039290816,0.060762346,0.22839281,0.098043546
ZJ019527,0.17526405,0.005151976,0.34237525,0.106156096,0.0055792546,0.3391804,0.012779971,0.013513002
ZJ019528,0.12369209,0.35875028,0.16826409,0.002228994,0.012333373,0.0032892972,0.29055288,0.04088897
ZJ019529,0.19736388,0.11102899,0.17519541,0.1624312,0.009056826,0.05804761,0.15011124,0.13676482
ZJ019530,0.25515777,0.07336494,0.35095546,0.0011883352,0.012002832,0.003087739,0.25316313,0.05107982
ZJ019531,0.0154689485,0.0072379084,0.012247339,0.0019889493,0.013394751,0.92999333,0.016759321,0.002909418
ZJ019532,0.08572279,0.69195884,0.027388945,0.011589353,0.0011653,0.017280562,0.15173724,0.013157024
ZJ019533,0.17083403,0.19417565,0.1928018,0.014153406,0.022699462,0.04768156,0.32599488,0.031659205
ZJ019534,0.26972213,0.1451868,0.176857,0.029585714,0.08232255,0.019445665,0.1544256,0.122454576
ZJ019535,0.41124275,0.07323759,0.094654344,0.05182706,0.07003866,0.077037565,0.11038699,0.11157503
ZJ019536,0.22677197,0.010758026,0.33148518,0.029107243,0.1763077,0.1306786,0.022684658,0.072206676
ZJ019537,0.096660145,0.01456129,0.20974095,0.3748043,0.0051848777,0.0149240345,0.020389391,0.263735
ZJ019538,0.36093634,0.17104943,0.1943551,0.011029624,0.014956865,0.005542432,0.19170415,0.05042609
ZJ019539,0.2826103,0.14231426,0.07348545,0.053327773,0.07490641,0.053728152,0.26101154,0.0586161
ZJ019540,0.55322367,0.01992297,0.16568929,0.0115798665,0.03953896,0.017839465,0.14680818,0.045397647
ZJ019541,0.029724246,0.02577709,0.5488158,0.022716105,0.013298879,0.31561905,0.034348335,0.009700501
ZJ019542,0.34852692,0.13224348,0.19271016,0.021902934,0.08070406,0.03886125,0.07492741,0.11012382
ZJ019543,0.3153365,0.031115523,0.36545762,0.0066773244,0.020291587,0.07365377,0.105079055,0.0823886
ZJ019544,0.81377006,0.0055826753,0.03738881,0.010280093,0.003731614,0.015880844,0.011211895,0.102154
ZJ019545,0.11830538,0.6456198,0.04427858,0.009250809,0.022781448,0.0064430214,0.11971098,0.033609968
ZJ019546,0.072611034,0.016890356,0.40735155,0.021261474,0.008759318,0.011755739,0.4270679,0.03430264
ZJ019547,0.3138048,0.18147732,0.19303235,0.010043755,0.019870108,0.010375994,0.21007763,0.061317988
ZJ019548,0.033478424,0.045500845,0.51704097,0.0024765006,0.03915448,0.090432145,0.26095122,0.010965428
ZJ019549,0.21432018,0.09133483,0.2128941,0.09678698,0.010787088,0.12910202,0.1758877,0.06888709
ZJ019550,0.034904327,0.9094047,0.020853043,0.004760284,0.004238845,0.006448153,0.013388073,0.0060025295
ZJ019551,0.03878996,0.51950043,0.09799656,0.008272648,0.002491258,0.006951532,0.31984547,0.0061521633
ZJ019552,0.15227747,0.13061722,0.18917629,0.22655123,0.022790989,0.044303205,0.056064606,0.17821904
ZJ019553,0.1826429,0.08263078,0.17285888,0.22858717,0.03423664,0.041717358,0.05205168,0.20527457
ZJ019554,0.16370977,0.051158234,0.3756963,0.026859172,0.038362242,0.060539518,0.26581824,0.017856546
ZJ019555,0.08474899,0.0265593,0.30099052,0.0075551886,0.005686553,0.008298282,0.48255298,0.08360822
ZJ019556,0.090077125,0.0143905915,0.3315733,0.022084393,0.006804462,0.007128438,0.4978791,0.030062553
ZJ019557,0.1612806,0.049662776,0.3588183,0.012442689,0.11714864,0.06825216,0.2202743,0.0121204965
ZJ019558,0.18621516,0.05336822,0.47851834,0.001534667,0.04259441,0.041860286,0.18446031,0.011448563
ZJ019559,0.27396294,0.0545815,0.0671927,0.3139505,0.19740927,0.050496385,0.035442382,0.0069642435
ZJ019560,0.09044662,0.0133590745,0.4149576,0.034063905,0.0077057253,0.026640814,0.36552197,0.047304284
ZJ019561,0.09601699,0.7650387,0.024226619,0.015452068,0.013148397,0.013343171,0.029873565,0.04290054
ZJ019562,0.06243347,0.017738214,0.043607146,0.012382592,0.011139212,0.7968284,0.024870938,0.03099999
ZJ019563,0.2746224,0.08866081,0.1772,0.012622122,0.051741637,0.14261615,0.14614975,0.10638715
ZJ019564,0.15468004,0.07912229,0.089493416,0.0268088,0.034494843,0.02086261,0.55781925,0.036718816
ZJ019565,0.12457114,0.08435971,0.48642913,0.0073513375,0.008968141,0.06889092,0.15658188,0.06284774
ZJ019566,0.6865599,0.016980423,0.0771517,0.04176439,0.0067706574,0.025443466,0.039408036,0.10592134
ZJ019567,0.05944321,0.05657018,0.18714476,0.4510587,0.027380016,0.018998561,0.02553822,0.17386636
ZJ019568,0.18850134,0.047698412,0.07111127,0.083008,0.4928932,0.0732023,0.025736906,0.017848546
ZJ019569,0.27382377,0.238197,0.03788305,0.13402557,0.024463994,0.013760714,0.24360321,0.034242623
ZJ019570,0.15080854,0.070126854,0.2628344,0.0062460327,0.01950541,0.028739499,0.44118127,0.020557994
ZJ019571,0.07042069,0.51889044,0.098950595,0.0131079005,0.004316642,0.02485863,0.26183423,0.0076207775
ZJ019572,0.1255712,0.005803883,0.20414217,0.57111466,0.015199572,0.049634427,0.011175818,0.017358271
ZJ019573,0.1955281,0.052626975,0.27781662,0.0092338165,0.04112082,0.051688503,0.2735214,0.098463796
ZJ019574,0.30742976,0.06448042,0.08535278,0.029357042,0.04406301,0.08114211,0.33857435,0.04960055
ZJ019575,0.15844336,0.021127881,0.025338197,0.024974845,0.08574884,0.04130988,0.60385007,0.039206915
ZJ019576,0.13885461,0.010679897,0.14847104,0.46377432,0.0029771992,0.12350098,0.014116955,0.097625
ZJ019577,0.37975585,0.4017037,0.031244097,0.040776573,0.07925475,0.01495645,0.02787117,0.024437472
ZJ019578,0.028645031,0.008020477,0.107896745,0.0007289971,0.8059957,0.008912995,0.037401654,0.0023983428
ZJ019579,0.15667316,0.0075170416,0.2773479,0.42346367,0.0024492464,0.085429154,0.009474068,0.03764581
ZJ019580,0.11290282,0.04483203,0.33301494,0.011824185,0.023939267,0.035643775,0.41185108,0.025991842
ZJ019581,0.24936473,0.0069901287,0.5387197,0.054863192,0.0072454456,0.04579284,0.019184064,0.077839874
ZJ019582,0.08386814,0.7159115,0.06019536,0.008494402,0.027890889,0.020405293,0.06563938,0.017595008
ZJ019583,0.054898825,0.07554689,0.7902917,0.0039664693,0.0016146193,0.023328377,0.046053518,0.0042996337
ZJ019584,0.040623616,0.049671344,0.0148426965,0.019676434,0.08208709,0.0051206774,0.73388624,0.054091886
ZJ019585,0.30890182,0.09348874,0.208013,0.018818583,0.06107928,0.08660772,0.10913453,0.1139563
ZJ019586,0.27359504,0.089300916,0.08069135,0.031241681,0.071711905,0.056637745,0.3206929,0.07612845
ZJ019587,0.24477966,0.10849899,0.08149519,0.044948533,0.06990718,0.08660347,0.23044123,0.13332577
ZJ019588,0.42909172,0.053087443,0.17794958,0.0117470715,0.10399836,0.026468918,0.123587325,0.07406956
ZJ019589,0.24874565,0.0050402773,0.12834255,0.18964522,0.07754351,0.011573831,0.009575268,0.3295337
ZJ019590,0.2304723,0.04399166,0.14476497,0.017878491,0.012507565,0.05498186,0.4674413,0.027961766
ZJ019591,0.07288629,0.087008655,0.6460559,0.00058163016,0.013091688,0.0140813235,0.14856045,0.017734002
ZJ019592,0.6303323,0.047420472,0.108235866,0.0069719194,0.036170002,0.018309457,0.11924647,0.033313453
ZJ019593,0.24153487,0.041301254,0.0869795,0.10929461,0.2917322,0.1744723,0.030353364,0.024331896
ZJ019594,0.19717492,0.038635448,0.0750875,0.24243449,0.36431557,0.041058403,0.03478171,0.006512005
ZJ019595,0.19621105,0.10171155,0.2799318,0.061395925,0.018485108,0.015613531,0.07583871,0.2508123
ZJ019596,0.014277061,0.005720968,0.013110785,0.0014013591,0.00076593243,0.0065187626,0.9516655,0.006539585
ZJ019597,0.10107343,0.26278856,0.29231647,0.0063403845,0.04456936,0.02638383,0.25569755,0.010830431
ZJ019598,0.3208292,0.10544372,0.12917805,0.033946805,0.04452323,0.08432719,0.18402156,0.097730234
ZJ019599,0.11402851,0.25120953,0.37237832,0.0033663241,0.0851458,0.020436235,0.14496769,0.008467556
ZJ019600,0.8620759,0.0032644426,0.03451002,0.007540061,0.051747862,0.02091841,0.0073503456,0.012592937
ZJ019601,0.3299443,0.12276975,0.10248178,0.03167553,0.057480074,0.07506875,0.16801117,0.112568624
ZJ019602,0.70164055,0.053177103,0.09187723,0.0010340915,0.021458568,0.012442458,0.087133914,0.031236093
ZJ019603,0.051536266,0.03419033,0.10214002,0.55207145,0.004354651,0.0058805305,0.021849597,0.22797716
ZJ019604,0.31825742,0.13427183,0.08888691,0.031106131,0.07120176,0.07633151,0.23888241,0.041062012
ZJ019605,0.37904266,0.12849946,0.06626019,0.027246531,0.042336162,0.06205675,0.21243617,0.082122035
ZJ019606,0.047879085,0.20782602,0.020402078,0.00284098,0.40660694,0.28644323,0.019575274,0.008426354
ZJ019607,0.23908484,0.15331468,0.30770147,0.064891934,0.0130759915,0.10377678,0.087459415,0.030694937
ZJ019608,0.14627136,0.49901956,0.079875365,0.01218012,0.08235253,0.0300418,0.12170187,0.028557451
ZJ019609,0.12698944,0.092092335,0.08433362,0.0071168398,0.012620718,0.021773985,0.6361323,0.018940795
ZJ019610,0.06358504,0.008762635,0.0322634,0.019807333,0.010046587,0.80538124,0.027488409,0.032665394
ZJ019611,0.42079258,0.033388685,0.26759005,0.009290205,0.008632056,0.011788933,0.14394122,0.10457625
ZJ019612,0.01099642,0.24308884,0.010996572,0.0012669779,0.00031214237,0.018610438,0.6916157,0.023112915
ZJ019613,0.15913445,0.005896912,0.22980091,0.43614665,0.024404956,0.036869325,0.009803314,0.097943485
ZJ019614,0.2886807,0.15945841,0.17025949,0.06128152,0.1589901,0.027236512,0.06623725,0.06785601
ZJ019615,0.055293653,0.008348335,0.03910039,0.025896663,0.0119535,0.78369164,0.03953035,0.03618549
ZJ019616,0.013327759,0.008654682,0.019726994,0.0044907015,0.018952925,0.012560614,0.91242015,0.009866129
ZJ019617,0.091751345,0.61525065,0.054023568,0.008366402,0.055059124,0.029374097,0.10723017,0.03894459
ZJ019618,0.09746905,0.097306475,0.10572373,0.21785097,0.020463606,0.021312382,0.07355874,0.36631504
ZJ019619,0.022786709,0.0075535597,0.02515991,0.009012029,0.009761903,0.88978624,0.022275878,0.0136638135
ZJ019620,0.16797677,0.09915517,0.12773457,0.0098378975,0.016780786,0.041754436,0.50552523,0.031235147
ZJ019621,0.08730274,0.009141712,0.21093915,0.06463661,0.026850305,0.56145084,0.014373581,0.025305105
ZJ019622,0.2783758,0.03712841,0.3261279,0.033742312,0.01634103,0.03623409,0.051868223,0.22018225
ZJ019623,0.017262343,0.008931762,0.02044689,0.010127071,0.0064487574,0.90560603,0.01321567,0.017961448
ZJ019624,0.10855771,0.07661722,0.2350142,0.024228355,0.038986024,0.04410653,0.45945418,0.013035813
ZJ019625,0.036564525,0.018789759,0.16638207,0.011516924,0.031804174,0.6776725,0.030827964,0.026442051
ZJ019626,0.23146051,0.07677002,0.30419087,0.010243131,0.021766262,0.053855207,0.23229292,0.06942105
ZJ019627,0.3200288,0.13383359,0.08699544,0.0371281,0.058789667,0.078281805,0.14986297,0.13507965
ZJ019628,0.123060845,0.1287789,0.14107153,0.044811696,0.0023632883,0.009063867,0.4607198,0.09013011
ZJ019629,0.18679032,0.033040352,0.21517007,0.009031194,0.0064630406,0.039219584,0.49738505,0.012900362
ZJ019630,0.37453005,0.095957294,0.18655753,0.007831768,0.017479744,0.10216859,0.20073014,0.014744842
ZJ019631,0.1484583,0.68679684,0.0732304,0.014412366,0.0068819923,0.008415136,0.031091979,0.030713001
ZJ019632,0.2590579,0.22106674,0.2208819,0.004441293,0.013752202,0.052644264,0.13553958,0.09261606
ZJ019633,0.039347593,0.9024077,0.015587267,0.004819813,0.002999405,0.009083625,0.013886407,0.011868174
ZJ019634,0.1649275,0.11810529,0.314548,0.0089066075,0.02242987,0.03912176,0.22381108,0.10814989
ZJ019635,0.06994164,0.017382976,0.27523637,0.012713901,0.01389663,0.52175426,0.06505288,0.024021322
ZJ019636,0.07440567,0.07343193,0.2766276,0.29609096,0.18855393,0.025525853,0.012103114,0.05326094
ZJ019637,0.18052733,0.06375119,0.262278,0.005373158,0.031740762,0.035646822,0.32777774,0.09290502
ZJ019638,0.0863878,0.022101268,0.11355207,0.0077168164,0.0087441495,0.07873331,0.6699851,0.012779501
ZJ019639,0.24752358,0.18254492,0.08040724,0.029353162,0.08069129,0.0745515,0.17328604,0.13164233
ZJ019640,0.13621554,0.26093078,0.215995,0.011840035,0.0048324554,0.02136144,0.19026093,0.15856375
ZJ019641,0.034852333,0.043318123,0.5544577,0.0015084712,0.04055239,0.0955847,0.21924025,0.010485986
ZJ019642,0.021411292,0.086539574,0.031236056,0.002704045,0.15245786,0.67691946,0.014948637,0.013783032
ZJ019643,0.1383802,0.16430846,0.13823399,0.028244423,0.02964452,0.009356803,0.46287093,0.028960679
ZJ019644,0.24126734,0.45008186,0.03586113,0.08684589,0.0062552514,0.013811942,0.017476274,0.14840026
ZJ019645,0.08707053,0.02956763,0.0921148,0.3946374,0.034494262,0.068833955,0.02589596,0.2673854
ZJ019646,0.017786155,0.007011915,0.051729098,0.0066549536,0.0099212,0.8730479,0.020698555,0.013150171
ZJ019647,0.12759389,0.08707137,0.15129161,0.006007292,0.018427055,0.07705841,0.48435587,0.048194554
ZJ019648,0.14091267,0.016378565,0.5863717,0.0019583572,0.00061971374,0.009355828,0.23855188,0.0058512217
ZJ019649,0.2373376,0.20402263,0.19581077,0.016651765,0.07523463,0.053984083,0.14237568,0.07458291
ZJ019650,0.3230486,0.014662074,0.23560011,0.04635284,0.01061513,0.060408045,0.23574755,0.07356561
ZJ019651,0.2716358,0.026461724,0.20826699,0.10368628,0.19235092,0.065332785,0.0840743,0.04819113
ZJ019652,0.40709412,0.021690179,0.3353303,0.0682402,0.038593512,0.00146915,0.10652668,0.021055872
ZJ019653,0.38566703,0.14427204,0.16901115,0.00905685,0.037758604,0.0048534693,0.176197,0.07318385
ZJ019654,0.25456363,0.15270492,0.22520496,0.015632575,0.047178958,0.018333387,0.1768973,0.10948422
ZJ019655,0.07344526,0.18111634,0.25038758,0.047335505,0.0758185,0.18479101,0.1547781,0.032327734
ZJ019656,0.1450907,0.02259708,0.24609302,0.014587581,0.0120523395,0.029326877,0.5175565,0.01269586
ZJ019657,0.09069196,0.021269737,0.2028703,0.2764663,0.04122356,0.011343203,0.00921111,0.3469239
ZJ019658,0.87679887,0.0055128043,0.038848173,0.010228607,0.0035181278,0.025414063,0.030747311,0.008932045
ZJ019659,0.40141743,0.076926336,0.17436485,0.020726092,0.08084746,0.030244645,0.12822631,0.08724689
ZJ019660,0.10579644,0.0046092425,0.66787297,0.017831363,0.0051218295,0.025073059,0.0057290685,0.16796602
ZJ019661,0.023044696,0.0038833197,0.0064430926,0.92862093,0.021228319,0.011948828,0.0045774216,0.00025335955
ZJ019662,0.18547845,0.13785079,0.2797607,0.008475437,0.055815943,0.059928924,0.03837998,0.23430972
ZJ019663,0.14337367,0.615552,0.10650139,0.018668741,0.009360929,0.024005733,0.051728442,0.030809112
ZJ019664,0.08858122,0.005222723,0.22275062,0.35300687,0.019683788,0.0049720076,0.01002165,0.29576117
ZJ019665,0.6956457,0.0037328962,0.11545519,0.009797143,0.0045303614,0.016948268,0.0060803588,0.14781013
ZJ019666,0.42611763,0.026285574,0.32383472,0.00771548,0.0132553335,0.006893659,0.055692513,0.14020506
ZJ019667,0.044027872,0.42056736,0.17628467,0.0038309684,0.20079298,0.039324008,0.1036809,0.011491207
ZJ019668,0.44781983,0.033589967,0.11521298,0.15436721,0.019239318,0.017090067,0.06735344,0.14532721
ZJ019669,0.080810785,0.03779472,0.32822806,0.0045969198,0.026718661,0.07560921,0.4399274,0.006314229
ZJ019670,0.2034119,0.039562624,0.06318168,0.22603238,0.40181336,0.02258628,0.033535067,0.009876697
ZJ019671,0.32371905,0.044246793,0.070729285,0.1374931,0.35019538,0.045188412,0.022786858,0.005641145
ZJ019672,0.13320245,0.22958224,0.13697153,0.065728426,0.08755954,0.095765494,0.14467914,0.10651122
ZJ019673,0.32805482,0.14190459,0.115152836,0.04034711,0.049293656,0.054245066,0.15139724,0.11960466
ZJ019674,0.2405994,0.11363663,0.22960705,0.010803382,0.0057697003,0.23618193,0.14932932,0.014072576
ZJ019675,0.23036705,0.0771893,0.22449571,0.012200127,0.055322338,0.022479493,0.19278517,0.18516088
ZJ019676,0.053157285,0.012733112,0.5667666,0.0894052,0.114896946,0.08497756,0.023460107,0.05460318
ZJ019677,0.30871812,0.19126748,0.03776389,0.035378717,0.029415758,0.026751624,0.28060418,0.090100266
ZJ019678,0.1954604,0.16043973,0.07964624,0.05308953,0.16491492,0.10908945,0.117570885,0.11978884
ZJ019679,0.39109248,0.01873623,0.06971947,0.08418273,0.017327458,0.01233693,0.02945203,0.3771527
ZJ019680,0.24586697,0.011597951,0.4100962,0.012504972,0.11960216,0.10994333,0.03570122,0.05468723
ZJ019681,0.15341099,0.15185487,0.33319858,0.004596674,0.015960192,0.04393818,0.24178016,0.055260338
ZJ019682,0.14819862,0.016647674,0.30041972,0.28767923,0.012773295,0.07761475,0.026162237,0.13050452
ZJ019683,0.018884262,0.007749498,0.007335901,0.01604722,0.006880844,0.9221068,0.015397211,0.005598269
ZJ019684,0.14325471,0.6461974,0.07495073,0.0052282424,0.023666847,0.0059791594,0.084052466,0.016670458
ZJ019685,0.050351087,0.68407166,0.009238569,0.004604979,0.1387092,0.044289477,0.06393114,0.0048037833
ZJ019686,0.2200181,0.2767585,0.12232419,0.0082622655,0.0142814405,0.035728116,0.21903098,0.10359648
ZJ019687,0.22996572,0.10006166,0.2606329,0.016135287,0.03889457,0.027229091,0.23554988,0.09153088
ZJ019688,0.8079528,0.008887394,0.039371643,0.01710656,0.011550697,0.008535622,0.015010149,0.09158507
ZJ019689,0.33360586,0.0317217,0.103690684,0.007565352,0.012544514,0.024210772,0.4773628,0.009298321
ZJ019690,0.2546526,0.06806829,0.36303928,0.038502775,0.0062672696,0.020893807,0.15277298,0.095802926
ZJ019691,0.22525835,0.16753893,0.18284576,0.015352001,0.050852634,0.12601261,0.18195085,0.050188877
ZJ019692,0.11822361,0.18919955,0.1943479,0.017649535,0.013441627,0.08087185,0.33117163,0.05509436
ZJ019693,0.06525476,0.0045792083,0.52507573,0.016874472,0.012808766,0.025713839,0.0067412215,0.342952
ZJ019694,0.19205596,0.03245673,0.09273248,0.27791336,0.05213604,0.009987889,0.017339386,0.3253782
ZJ019695,0.28907242,0.38134947,0.04277283,0.05588374,0.050995365,0.01021045,0.12048366,0.049232043
ZJ019696,0.06996657,0.7412003,0.07691392,0.0069357497,0.004912866,0.017464135,0.06628634,0.016320156
ZJ019697,0.25497863,0.091710754,0.23626749,0.008836167,0.03593112,0.11605484,0.07915193,0.17706905
ZJ019698,0.08995705,0.0058212196,0.43052408,0.08344541,0.03931782,0.27882072,0.013763945,0.058349803
ZJ019699,0.09844634,0.016109493,0.5525123,0.08488525,0.050315943,0.067839496,0.022314752,0.10757646
ZJ019700,0.37424427,0.044063203,0.355115,0.036207084,0.01133868,0.042389907,0.067424506,0.06921739
ZJ019701,0.21474479,0.47383237,0.12829657,0.020666933,0.014651747,0.02327895,0.08245826,0.04207033
ZJ019702,0.034080938,0.20238256,0.032514304,0.015730035,0.009750696,0.6587693,0.025623737,0.021148426
ZJ019703,0.1581263,0.03392745,0.29379004,0.1347759,0.025082346,0.22061314,0.045133628,0.08855116
ZJ019704,0.050960507,0.010447887,0.07256154,0.49835378,0.017553078,0.0071354383,0.007784562,0.3352033
ZJ019705,0.14189674,0.31738392,0.08918219,0.027022619,0.0068538887,0.017616443,0.24821062,0.15183362
ZJ019706,0.23624298,0.09923253,0.2842469,0.005018053,0.011287922,0.04657865,0.30920017,0.008192816
ZJ019707,0.0640958,0.019769555,0.30176666,0.008745249,0.012314226,0.48915407,0.076469235,0.027685188
ZJ019708,0.18850158,0.07191823,0.27897212,0.008797412,0.019147892,0.07691563,0.29937226,0.05637484
ZJ019709,0.31871936,0.04984334,0.06186586,0.07726999,0.37491363,0.06540975,0.04087617,0.011101884
ZJ019710,0.4030523,0.09541702,0.10259163,0.028764678,0.0825549,0.050992105,0.14533745,0.09128992
ZJ019711,0.009897507,0.07889733,0.012745453,0.0034933854,0.026537647,0.0070313197,0.8438821,0.0175153
ZJ019712,0.38262746,0.05725672,0.15375571,0.010875011,0.019611603,0.0027524843,0.32229546,0.050825596
ZJ019713,0.1496679,0.012573459,0.4071792,0.02763377,0.09980027,0.17445289,0.020164343,0.10852815
ZJ019714,0.04597191,0.8830119,0.019074539,0.006373078,0.0043591904,0.016557515,0.017853219,0.006798668
ZJ019715,0.20167261,0.030063493,0.34184593,0.0140708275,0.052483577,0.08182167,0.16372482,0.11431708
ZJ019716,0.037235092,0.002299532,0.18187232,0.21007575,0.00049521483,0.04248702,0.0024926828,0.5230424
ZJ019717,0.0002907399,0.00013857178,0.0011218744,1.551594e-05,0.9963488,0.0011459609,0.00091973075,1.8864814e-05
ZJ019718,0.14254272,0.016204828,0.1342866,0.043672364,0.010407514,0.011061911,0.6207083,0.021115791
ZJ019719,0.167195,0.00744381,0.4466031,0.004978837,0.0024117923,0.16308735,0.17773584,0.030544281
ZJ019720,0.06578254,0.38523948,0.15735027,0.013673273,0.0025413267,0.051248834,0.31641784,0.007746376
ZJ019721,0.0063840044,0.0019732658,0.009118918,0.0014998196,0.0014836687,0.003737883,0.97167194,0.0041305614
ZJ019722,0.03981412,0.012064681,0.09211655,0.0118515715,0.0044696867,0.029299073,0.78629714,0.024087181
ZJ019723,0.17000288,0.016026696,0.28127524,0.13860224,0.009257017,0.16596694,0.022933286,0.19593568
ZJ019724,0.12785217,0.4895012,0.10371308,0.023588246,0.0025035874,0.09535107,0.08927739,0.068213195
ZJ019725,0.14704815,0.53629136,0.07095038,0.003923305,0.008902333,0.008680901,0.16053659,0.06366702
ZJ019726,0.6501855,0.005364621,0.07339589,0.094545506,0.057466596,0.020296592,0.022211367,0.076533884
ZJ019727,0.2535951,0.050032906,0.0710511,0.14761834,0.37042797,0.055689238,0.037558623,0.0140267825
ZJ019728,0.5475251,0.018306749,0.16433248,0.0021854255,0.06715942,0.0291059,0.1622218,0.009163161
ZJ019729,0.11749931,0.04597278,0.24716018,0.011909366,0.02546743,0.025209803,0.46656942,0.060211726
ZJ019730,0.17868365,0.0047364323,0.70770574,0.007630569,0.000691756,0.034901403,0.0155174155,0.05013304
ZJ019731,0.33402467,0.14550993,0.25353348,0.016763998,0.06442646,0.013980389,0.103418924,0.06834216
ZJ019732,0.1211558,0.056209113,0.10952431,0.31860924,0.027703762,0.02444452,0.032742795,0.30961046
ZJ019733,0.07447438,0.05844551,0.7559125,0.0052420786,0.011323814,0.035243638,0.0534924,0.005865701
ZJ019734,0.046418834,0.051863104,0.5304357,0.007474838,0.13778922,0.19968437,0.018830229,0.0075037037
ZJ019735,0.2909551,0.33589974,0.06632216,0.037616797,0.08078283,0.025511822,0.13793232,0.024979282
ZJ019736,0.32940903,0.11072111,0.31287798,0.024430715,0.041691575,0.053162437,0.07984743,0.047859676
ZJ019737,0.06141313,0.022803273,0.10239866,0.33413967,0.014542224,0.010657917,0.011145033,0.4429001
ZJ019738,0.26626733,0.027399605,0.45801958,0.007963124,0.006287846,0.023383256,0.16499288,0.045686357
ZJ019739,0.109210685,0.009955899,0.4697695,0.07529936,0.021477534,0.03707797,0.015489748,0.26171926
ZJ019740,0.152823,0.06537125,0.4038817,0.014311096,0.115150675,0.09666999,0.1352727,0.016519593
ZJ019741,0.35484067,0.13082078,0.07886468,0.069632694,0.06610207,0.051311005,0.177613,0.070815064
ZJ019742,0.1264912,0.61096823,0.08029851,0.014179554,0.008889213,0.021471415,0.10394457,0.03375729
ZJ019743,0.1721669,0.26233506,0.20565572,0.012979422,0.003340441,0.0060718195,0.32151476,0.015935896
ZJ019744,0.027870694,0.12454578,0.13854298,0.0137297055,0.4795177,0.07176195,0.09494181,0.049089316
ZJ019745,0.093044795,0.012701099,0.27755395,0.119669706,0.114944,0.061670974,0.022996299,0.29741922
ZJ019746,0.30938938,0.019800134,0.2460542,0.0020786382,0.29401252,0.028358852,0.094294325,0.0060119773
ZJ019747,0.3096162,0.03591259,0.16771336,0.015323261,0.053357527,0.034201417,0.33388928,0.04998644
ZJ019748,0.21106017,0.14282297,0.2792853,0.026817523,0.013479015,0.008042386,0.09313677,0.22535585
ZJ019749,0.18294898,0.0739958,0.34396172,0.0092959935,0.0037222444,0.011087732,0.35242212,0.022565449
ZJ019750,0.35226405,0.18744637,0.067238554,0.027988546,0.0682387,0.056034375,0.14633086,0.09445858
ZJ019751,0.21943928,0.33271813,0.14442308,0.027465569,0.002378246,0.0048492854,0.22584584,0.042880543
ZJ019752,0.3617702,0.026409779,0.061591458,0.17692418,0.025620634,0.0093215285,0.019736584,0.31862566
ZJ019753,0.07750528,0.027074665,0.62651014,0.013044329,0.011259591,0.019398008,0.19623952,0.028968422
ZJ019754,0.3340569,0.13932061,0.10042403,0.033226684,0.038189605,0.051635806,0.20922306,0.09392329
ZJ019755,0.22917332,0.053516265,0.08890378,0.22650436,0.2180485,0.14828174,0.028330158,0.007241939
ZJ019756,0.17912944,0.05400489,0.24244235,0.01799782,0.004957571,0.054504413,0.26096094,0.18600254
ZJ019757,0.27063438,0.1831805,0.19703704,0.010981975,0.088457964,0.032445297,0.08969713,0.12756568
ZJ019758,0.08316609,0.70873165,0.07915809,0.0038409757,0.010488924,0.0073844767,0.07628607,0.03094377
ZJ019759,0.29908654,0.4232105,0.061878186,0.012348929,0.055014092,0.02939491,0.08100118,0.038065698
ZJ019760,0.2440912,0.15779322,0.115437575,0.045008916,0.13326806,0.09169014,0.11547321,0.0972376
ZJ019761,0.05683322,0.09587731,0.1456319,0.01076427,0.01630606,0.57218975,0.07941275,0.022984773
ZJ019762,0.041597012,0.8571265,0.008099243,0.011743713,0.04482476,0.010969126,0.015864873,0.009774767
ZJ019763,0.5880184,0.008600396,0.0686118,0.1792145,0.00973728,0.0112652015,0.00889437,0.12565804
ZJ019764,0.5798785,0.02610093,0.25756618,0.0046808007,0.020836964,0.034603044,0.041155502,0.035178144
ZJ019765,0.088812605,0.11260331,0.025483418,0.023171304,0.15855338,0.011074341,0.5168955,0.063406155
ZJ019766,0.56701696,0.03502856,0.21311279,0.008280642,0.032775704,0.058678277,0.049253304,0.035853833
ZJ019767,0.2652823,0.057498526,0.28466326,0.002681374,0.0333439,0.14374657,0.07745519,0.1353289
ZJ019768,0.025618473,0.025900634,0.019952321,0.0044140504,0.0018312837,0.86387295,0.035197895,0.023212356
ZJ019769,0.3126311,0.16664864,0.15598644,0.071108535,0.14655271,0.016540699,0.03879084,0.09174097
ZJ019770,0.13540661,0.58689904,0.027348693,0.006150265,0.0054543605,0.048536446,0.1630357,0.0271688
ZJ019771,0.07371879,0.051788494,0.7441457,0.0035972733,0.02253037,0.047516912,0.051483467,0.0052190586
ZJ019772,0.06456679,0.030267539,0.123127446,0.03462824,0.009446461,0.008588667,0.7092679,0.020106925
ZJ019773,0.044779856,0.84777606,0.030391278,0.0055368114,0.018572364,0.009246465,0.03751847,0.006178664
ZJ019774,0.4187724,0.015497563,0.3732764,0.0091388,0.013923118,0.010539867,0.06628879,0.092562996
ZJ019775,0.092828,0.19566262,0.13054506,0.030567283,0.0045258645,0.0329359,0.41326258,0.099672675
ZJ019776,0.1037323,0.12235605,0.42745563,0.004442597,0.0137333255,0.0829188,0.2308904,0.014470869
ZJ019777,0.49822515,0.09743597,0.20246552,0.0070970096,0.07002155,0.017226687,0.09416638,0.013361752
ZJ019778,0.011255319,0.006254741,0.0065449225,0.0017856559,0.056716297,0.010020299,0.9022396,0.0051831766
ZJ019779,0.09249985,0.0024199623,0.30240214,0.40328273,0.022462074,0.10207299,0.009246747,0.065613486
ZJ019780,0.104553044,0.15068674,0.21888612,0.009534466,0.009199028,0.082555264,0.35242125,0.072164096
ZJ019781,0.36625707,0.04788504,0.38321495,0.004163336,0.0016433436,0.04035144,0.14344606,0.013038763
ZJ019782,0.6958897,0.024918841,0.014966002,0.010225322,0.104578175,0.011835195,0.10723534,0.030351382
ZJ019783,0.12582472,0.0064301663,0.07927987,0.012894115,0.0055279224,0.0043751244,0.5941859,0.17148215
ZJ019784,0.140822,0.004046672,0.48655197,0.051230725,0.00046878378,0.011227918,0.0042925556,0.30135933
ZJ019785,0.31432962,0.045186747,0.17208064,0.0029484907,0.09441028,0.029492296,0.29430154,0.04725036
ZJ019786,0.22388516,0.10328335,0.3869461,0.0065579438,0.008740552,0.017795457,0.23640674,0.016384637
ZJ019787,0.08789675,0.7265427,0.057352833,0.01797996,0.008069593,0.021092098,0.04144805,0.03961799
ZJ019788,0.035936788,0.0042728083,0.012539097,0.006242775,0.00061336654,0.0096250065,0.92516476,0.0056054033
ZJ019789,0.30058834,0.088092744,0.18847236,0.005209116,0.051510815,0.079140335,0.2007467,0.08623955
ZJ019790,0.36203182,0.044658978,0.24841672,0.084442005,0.0975931,0.04915939,0.020296693,0.09340128
ZJ019791,0.22193383,0.56145805,0.046391234,0.0056049945,0.07129395,0.005271009,0.073135436,0.014911533
ZJ019792,0.046921346,0.046098668,0.022607775,0.008587494,0.01770834,0.00685551,0.7981125,0.053108323
ZJ019793,0.15713008,0.04006538,0.23106933,0.009947364,0.011427593,0.02218685,0.4954525,0.032720856
ZJ019794,0.088947184,0.0068107788,0.14103147,0.28845674,0.0063304077,0.011654614,0.012711576,0.44405726
ZJ019795,0.109720156,0.4053018,0.30346847,0.008691485,0.009479778,0.096344486,0.058556713,0.008437095
ZJ019796,0.076592825,0.015423321,0.54541695,0.0065087797,0.16805777,0.11393466,0.036945075,0.037120588
ZJ019797,0.048783462,0.17435375,0.1888215,0.41971198,0.11215408,0.020129709,0.011607019,0.024438445
ZJ019798,0.264892,0.09711837,0.029285917,0.08365064,0.016845163,0.024322009,0.43571532,0.04817058
ZJ019799,0.034963377,0.010402292,0.0708882,0.01363977,0.012195962,0.81104386,0.03392589,0.012940638
ZJ019800,0.01616813,0.10177157,0.31927437,0.00034807925,0.0025919806,0.5137521,0.037449535,0.008644237
ZJ019801,0.1152048,0.017544625,0.1868695,0.26994333,0.016762028,0.014727472,0.021434331,0.35751387
ZJ019802,0.4525381,0.035287276,0.16910006,0.05569161,0.08773289,0.0031644981,0.06688878,0.12959674
ZJ019803,0.2574744,0.10527945,0.24945027,0.029404506,0.07129778,0.05815253,0.14595805,0.08298306
ZJ019804,0.01786446,0.013033446,0.011592675,0.006357744,0.0066529857,0.009779975,0.92926556,0.005453123
ZJ019805,0.056354176,0.020264007,0.10974847,0.04174056,0.046302434,0.01183513,0.6874764,0.02627879
ZJ019806,0.09588295,0.015438603,0.107145615,0.004070128,0.0037500465,0.019006303,0.73489773,0.019808646
ZJ019807,0.36212254,0.039085913,0.14258486,0.010047052,0.016791709,0.018901136,0.29435873,0.11610808
ZJ019808,0.08035356,0.022131322,0.13057706,0.051360697,0.078072205,0.011785944,0.60511774,0.020601403
ZJ019809,0.2709567,0.12697433,0.36711583,0.02903646,0.006443788,0.047149975,0.12356228,0.028760709
ZJ019810,0.11894397,0.27168924,0.08591561,0.026323767,0.016331157,0.038271,0.4167782,0.025747033
ZJ019811,0.03592525,0.002346889,0.13977107,0.0025237864,0.00030527916,0.104824625,0.69957596,0.014727181
ZJ019812,0.41334605,0.033133745,0.23880124,0.017537078,0.007960115,0.013819452,0.12964875,0.14575358
ZJ019813,0.15291451,0.058356218,0.18420723,0.2330539,0.032011393,0.083757244,0.05226957,0.20343001
ZJ019814,0.3139149,0.053729992,0.10522874,0.006796472,0.018950596,0.12412713,0.33256963,0.044682562
ZJ019815,0.115495116,0.041074216,0.29391116,0.009976465,0.023878321,0.12877709,0.3672717,0.0196159
ZJ019816,0.1199129,0.32653725,0.14308183,0.014182271,0.006147358,0.0038265495,0.36570242,0.020609435
ZJ019817,0.058392353,0.76366395,0.030824907,0.005119202,0.009662346,0.005385683,0.114832595,0.01211902
ZJ019818,0.18272722,0.017261377,0.32613635,0.002892926,0.13487898,0.03734026,0.28629732,0.012465572
ZJ019819,0.109352835,0.75378436,0.05724221,0.0041082827,0.0041782428,0.013571865,0.039247986,0.018514218
ZJ019820,0.13742976,0.013209956,0.16925406,0.016477222,0.36677468,0.16494434,0.02724118,0.1046688
ZJ019821,0.11478348,0.018734852,0.2235806,0.21299142,0.0053715967,0.024344653,0.019923408,0.38027
ZJ019822,0.01282469,0.0048101037,0.0053846585,0.013471107,0.0048305904,0.94140905,0.011908243,0.0053615686
ZJ019823,0.2887654,0.16820641,0.1747245,0.0634361,0.15027761,0.030404767,0.058938503,0.06524668
ZJ019824,0.18729071,0.016698247,0.22256392,0.017932603,0.0077571436,0.05268375,0.34523433,0.14983931
ZJ019825,0.10786513,0.006663917,0.5055236,0.05018546,0.037710287,0.21780467,0.0249951,0.049251813
ZJ019826,0.3163413,0.07437252,0.10818725,0.025665697,0.12559572,0.08050492,0.19552949,0.073803134
ZJ019827,0.022476658,0.010476345,0.037596248,0.8652515,0.015947342,0.03003183,0.003256927,0.014963162
ZJ019828,0.38429868,0.01416818,0.061371133,0.009927936,0.23079269,0.25527626,0.014805631,0.029359516
ZJ019829,0.3347586,0.040763926,0.06348444,0.008698661,0.03340993,0.036200535,0.45706403,0.025619876
ZJ019830,0.17682856,0.108994916,0.19901592,0.012620625,0.02262468,0.026156643,0.42665312,0.027105505
ZJ019831,0.24078418,0.0038792857,0.20368847,0.3921574,0.002079015,0.12578702,0.0055111106,0.026113553
ZJ019832,0.2763747,0.15442875,0.22237234,0.020673009,0.14738831,0.020619107,0.061830122,0.09631369
ZJ019833,0.17386003,0.058874853,0.16086134,0.0038511928,0.20711079,0.05426423,0.1922597,0.14891788
ZJ019834,0.103619374,0.07204386,0.119802065,0.28494522,0.051304176,0.11037732,0.038929712,0.2189783
ZJ019835,0.017064637,0.0061399196,0.00839783,0.010086202,0.0077429377,0.92791605,0.01750879,0.005143628
ZJ019836,0.16196983,0.016669022,0.34367695,0.0053984076,0.005968836,0.06934344,0.3682645,0.028709052
ZJ019837,0.012191735,0.007433114,0.02302701,0.015678015,0.012614069,0.9058619,0.007901016,0.01529309
ZJ019838,0.22299008,0.13914114,0.15620194,0.015730085,0.034455884,0.021192754,0.34504578,0.06524232
ZJ019839,0.07674303,0.017494328,0.76450324,0.00040419644,0.0311509,0.021986008,0.08530027,0.002417966
ZJ019840,0.056468073,0.012331296,0.03381141,0.024801664,0.010023511,0.7681676,0.033544946,0.06085155
ZJ019841,0.017227542,0.0057816403,0.018520065,0.010022045,0.026373027,0.88874245,0.0175131,0.01582015
ZJ019842,0.3344932,0.044029336,0.06246529,0.20327504,0.1794768,0.108613186,0.054283418,0.013363781
ZJ019843,0.24539429,0.1239071,0.22291033,0.026782084,0.0059585087,0.02006445,0.07538897,0.27959424
ZJ019844,0.10449934,0.018603873,0.46157873,0.039165102,0.011533602,0.025173934,0.2992877,0.040157743
ZJ019845,0.17503433,0.121441945,0.26555672,0.017503422,0.028453734,0.06832415,0.28908506,0.034600645
ZJ019846,0.0946728,0.0067919325,0.16608924,0.3590957,0.026246686,0.10417313,0.015320441,0.22761004
ZJ019847,0.24185659,0.04761442,0.45750627,0.0015429925,0.034143023,0.03365359,0.17680088,0.0068822075
ZJ019848,0.1590101,0.00897665,0.15460783,0.39199483,0.01691883,0.01409497,0.011389944,0.24300678
ZJ019849,0.07820754,0.020427294,0.3556484,0.010821114,0.009927612,0.369775,0.10097615,0.054216865
ZJ019850,0.11411962,0.010070595,0.49026498,0.009916532,0.015286762,0.028453093,0.26234937,0.06953903
ZJ019851,0.37050685,0.12982725,0.2272371,0.012531654,0.012863325,0.008486413,0.16822773,0.07031965
ZJ019852,0.21899818,0.023381205,0.40828428,0.018274168,0.006620875,0.019304408,0.2764054,0.028731517
ZJ019853,0.29704085,0.07040951,0.27679867,0.009336214,0.028976971,0.046769302,0.23026648,0.040402
ZJ019854,0.3022671,0.15777858,0.152976,0.026157133,0.17018004,0.0098769795,0.10568263,0.07508158
ZJ019855,0.4612326,0.13485473,0.15368357,0.0032755337,0.060398296,0.027094483,0.04143315,0.11802767
ZJ019856,0.19142322,0.08688432,0.33127326,0.0049858373,0.046902988,0.035759583,0.22684923,0.07592152
ZJ019857,0.09699808,0.016964104,0.075441875,0.015980352,0.017785283,0.6706855,0.04254963,0.06359511
ZJ019858,0.3071252,0.057353035,0.16318892,0.021001603,0.02784562,0.04816221,0.34079146,0.034531925
ZJ019859,0.29826757,0.101520665,0.1004645,0.023983222,0.085483044,0.09082778,0.23929325,0.06016004
ZJ019860,0.0867154,0.0022690177,0.37123516,0.029608747,0.04058619,0.12458418,0.0025824201,0.34241897
ZJ019861,0.4027164,0.030684905,0.13117684,0.029249694,0.05585865,0.09606297,0.2281666,0.026083982
ZJ019862,0.72757727,0.008109548,0.0841005,0.011625704,0.0029984429,0.017977178,0.123196244,0.02441521
ZJ019863,0.018877713,0.0028922188,0.027910832,0.0051410794,0.0007078438,0.009840303,0.90856224,0.026067758
ZJ019864,0.09383,0.02369462,0.32214206,0.025856037,0.004871159,0.006162581,0.4801442,0.04329932
ZJ019865,0.1493287,0.11690938,0.14092226,0.039806165,0.14956331,0.24873364,0.07408886,0.080647744
ZJ019866,0.11573741,0.006748144,0.19830197,0.15053718,0.0078053316,0.49240828,0.009280422,0.01918124
ZJ019867,0.056877773,0.003233302,0.19715372,0.11416334,0.015163773,0.56358236,0.010501319,0.039324455
ZJ019868,0.14487997,0.053417202,0.020442838,0.0059260027,0.001398992,0.07060938,0.69797826,0.005347381
ZJ019869,0.30162057,0.22316185,0.14965804,0.013462098,0.08440898,0.0063652983,0.15958774,0.06173548
ZJ019870,0.33663303,0.16624759,0.110577725,0.024124872,0.15939134,0.04466513,0.076098554,0.0822617
ZJ019871,0.9070105,0.0051274267,0.014905402,0.008603887,0.016026683,0.039042182,0.005701406,0.0035824408
ZJ019872,0.08038298,0.023133792,0.38083243,0.06047762,0.013893767,0.025450679,0.33221248,0.08361625
ZJ019873,0.073416784,0.010181475,0.45470673,0.032768123,0.0013012559,0.016111096,0.0061364714,0.40537804
ZJ019874,0.028262725,0.01828913,0.07639562,0.007907778,0.0028865202,0.82635456,0.014457484,0.02544612
ZJ019875,0.13597079,0.09070013,0.23044735,0.006177771,0.007570423,0.0017415966,0.5111031,0.01628883
ZJ019876,0.1542359,0.014663694,0.041518226,0.008544449,0.64117575,0.087729126,0.015089188,0.03704369
ZJ019877,0.16520858,0.007846824,0.20827207,0.38993388,0.01985201,0.011505484,0.012065559,0.18531556
ZJ019878,0.34844536,0.09726869,0.23701853,0.0038810726,0.012384008,0.09124651,0.16241771,0.047338128
ZJ019879,0.20612864,0.108653106,0.019223576,0.45436692,0.07771328,0.077330574,0.051857226,0.0047267056
ZJ019880,0.090159595,0.026828758,0.49592638,0.01441151,0.01093327,0.017157022,0.312892,0.031691447
ZJ019881,0.12602402,0.018234042,0.15638633,0.13996701,0.011228794,0.4883702,0.0248239,0.034965664
ZJ019882,0.4584561,0.11569269,0.0936123,0.013060717,0.035760414,0.03432727,0.22437516,0.024715371
ZJ019883,0.19784461,0.08808738,0.3083739,0.03391794,0.11192268,0.077560894,0.11289535,0.069397286
ZJ019884,0.013581523,0.0034968571,0.04152074,0.0057881973,0.0042451583,0.9159308,0.007172301,0.008264408
ZJ019885,0.3763444,0.12674154,0.08866041,0.038443,0.05873302,0.07397104,0.14145572,0.09565089
ZJ019886,0.04712291,0.27969036,0.22840327,0.0050291396,0.011827295,0.27306372,0.14580894,0.009054384
ZJ019887,0.351239,0.1687039,0.19374985,0.016425727,0.0096675595,0.018817587,0.16415522,0.07724113
ZJ019888,0.20326719,0.3521892,0.17809033,0.023613585,0.025579832,0.0571508,0.14306705,0.017041964
ZJ019889,0.024056138,0.014360727,0.031588696,0.006687785,0.0075071175,0.8748706,0.026778907,0.014150077
ZJ019890,0.049189042,0.41308945,0.13739099,0.0047053327,0.0020066544,0.053880397,0.3356078,0.0041303313
ZJ019891,0.23724096,0.1392906,0.16422251,0.01803983,0.26053098,0.014845063,0.10665992,0.059170187
ZJ019892,0.073881716,0.26281852,0.054790914,0.123804264,0.009764481,0.021036666,0.02760809,0.42629537
ZJ019893,0.19702123,0.44670448,0.05317742,0.015464611,0.014773328,0.018342618,0.20953074,0.04498557
ZJ019894,0.43213567,0.04162497,0.2307196,0.013853721,0.1511153,0.042329196,0.04728286,0.040938757
ZJ019895,0.2730854,0.11362671,0.05106031,0.07533834,0.0582675,0.05784595,0.26041225,0.11036358
ZJ019896,0.4367959,0.008030347,0.2586264,0.012860873,0.14484993,0.07585205,0.03369524,0.029289223
ZJ019897,0.18688262,0.15098551,0.20441395,0.0033686259,0.01134618,0.0625804,0.37385416,0.0065685697
ZJ019898,0.20164849,0.19210093,0.1902599,0.0051148636,0.0028794562,0.0052470653,0.34300932,0.059739973
ZJ019899,0.17176372,0.06909542,0.39391425,0.003027214,0.05471952,0.121932454,0.13110924,0.054438196
ZJ019900,0.18991208,0.13596636,0.31033394,0.15246932,0.07993353,0.020168299,0.06800606,0.04321037
ZJ019901,0.06255596,0.75859076,0.02836184,0.0042597135,0.057640076,0.010108903,0.05931754,0.019165248
ZJ019902,0.23327541,0.085785106,0.34583437,0.0662108,0.016211266,0.10765399,0.09985836,0.045170683
ZJ019903,0.21782778,0.027761457,0.02794742,0.026361711,0.037712842,0.05075997,0.5543348,0.05729398
ZJ019904,0.47335273,0.009597776,0.09135098,0.0048791287,0.009786232,0.06967707,0.31390414,0.027451904
ZJ019905,0.06301643,0.8273831,0.028233714,0.017180596,0.011105336,0.0127398465,0.031194007,0.009146903
ZJ019906,0.24837363,0.2075286,0.12807497,0.025444994,0.042126697,0.024808835,0.18579565,0.13784663
ZJ019907,0.02856221,0.035712983,0.56645596,0.0014923164,0.054797858,0.06487809,0.23875482,0.0093457615
ZJ019908,0.17087434,0.086361535,0.28682145,0.0070294593,0.0732147,0.10836437,0.17381755,0.093516596
ZJ019909,0.11726854,0.009235055,0.1707978,0.2827806,0.014099903,0.0117334165,0.008515064,0.38556957
ZJ019910,0.18341942,0.040633686,0.10707087,0.22129564,0.028763764,0.010244954,0.022596564,0.38597506
ZJ019911,0.010467052,0.0047804164,0.024011834,0.0046850624,0.0029696014,0.93480444,0.008838816,0.009442827
ZJ019912,0.28361288,0.09039693,0.16215238,0.02146671,0.028071282,0.045249734,0.26319024,0.10585982
ZJ019913,0.025213491,0.014748383,0.1120038,0.010985767,0.016308255,0.7695361,0.031105898,0.020098332
ZJ019914,0.03368527,0.027159322,0.5303426,0.007534126,0.011821377,0.35347354,0.028453704,0.0075301863
ZJ019915,0.104294635,0.05187204,0.59096867,0.0022977958,0.06888965,0.06893812,0.10129008,0.011449053
ZJ019916,0.16351205,0.0039993096,0.3104796,0.40383637,0.0009992006,0.051152866,0.007927375,0.058093216
ZJ019917,0.047966737,0.08121979,0.6030915,0.009064123,0.070678376,0.1576748,0.017358325,0.012946403
ZJ019918,0.025238426,0.0017707964,0.11434904,0.4328815,0.0644221,0.049810503,0.003891673,0.3076359
ZJ019919,0.2655037,0.032045726,0.46828473,0.00517638,0.002881946,0.019906314,0.1731577,0.033043493
ZJ019920,0.4747175,0.13211098,0.074075006,0.04334289,0.0901286,0.013025118,0.11687886,0.05572102
ZJ019921,0.03621335,0.15356173,0.6645501,0.0057338346,0.0016293947,0.0065735965,0.12569009,0.006047944
ZJ019922,0.0981815,0.0383414,0.33329025,0.036980346,0.01698843,0.058403946,0.39472854,0.023085564
ZJ019923,0.114827506,0.049721297,0.27474192,0.007250694,0.017298177,0.053375352,0.46817857,0.014606457
ZJ019924,0.16487573,0.11058553,0.26436093,0.0065484284,0.012822962,0.018765392,0.40385157,0.018189358
ZJ019925,0.15491155,0.063989796,0.19646837,0.02023597,0.026397213,0.015599338,0.4747325,0.047665276
ZJ019926,0.37730098,0.031249082,0.24316058,0.013911269,0.03960813,0.021797549,0.26640213,0.0065701897
ZJ019927,0.08450538,0.01334949,0.661931,0.008751597,0.0025604984,0.013589968,0.12672287,0.08858921
ZJ019928,0.21996713,0.11351457,0.30141518,0.0045208656,0.015894104,0.065582216,0.27421877,0.00488713
ZJ019929,0.32338396,0.0848347,0.18800087,0.034649342,0.120772,0.059117354,0.12287242,0.06636935
ZJ019930,0.19959496,0.09328413,0.15078773,0.19120353,0.0067514637,0.06684568,0.1158092,0.17572336
ZJ019931,0.08651415,0.0939225,0.15759741,0.020484166,0.0153127825,0.08986884,0.45119017,0.08510992
ZJ019932,0.10664407,0.73466164,0.032059092,0.017415008,0.008644688,0.013530929,0.049316708,0.037727945
ZJ019933,0.11492049,0.20062287,0.35041252,0.040967006,0.006674572,0.02840828,0.17920522,0.07878902
ZJ019934,0.36519665,0.028111398,0.14641309,0.014062448,0.011713707,0.02831043,0.38436267,0.021829633
ZJ019935,0.017978761,0.015440951,0.11391923,0.007004381,0.017809471,0.7286844,0.035759483,0.06340325
ZJ019936,0.17817996,0.03518231,0.2887969,0.095212445,0.020387195,0.05930813,0.030505864,0.29242724
ZJ019937,0.22598378,0.037762277,0.06350076,0.22891448,0.37209502,0.03232811,0.03190237,0.007513198
ZJ019938,0.12725495,0.13036548,0.41576672,0.033478003,0.015892865,0.021133833,0.14638527,0.10972289
ZJ019939,0.23156773,0.06179007,0.2797438,0.018021015,0.017325796,0.16143738,0.16410504,0.06600919
ZJ019940,0.070548154,0.044545364,0.39588287,0.019486725,0.01455018,0.2924219,0.08939233,0.073172465
ZJ019941,0.07050726,0.7795503,0.02943186,0.011304771,0.0042168875,0.052561484,0.017544243,0.034883164
ZJ019942,0.0148756225,0.0045149205,0.055801712,0.0057880194,0.0021999485,0.87872136,0.019658672,0.018439699
ZJ019943,0.16061285,0.12117203,0.112751685,0.0130010545,0.01025745,0.005596505,0.50944036,0.06716806
ZJ019944,0.18304843,0.0043957746,0.23155448,0.42362103,0.0010344671,0.09758841,0.007819756,0.050937645
ZJ019945,0.27812263,0.2652838,0.07241999,0.01619334,0.048677314,0.027251206,0.26120383,0.030847836
ZJ019946,0.317764,0.1815678,0.16153587,0.035726525,0.08864564,0.049274843,0.09453759,0.07094769
ZJ019947,0.079502575,0.042726457,0.54274184,0.009915675,0.0068401913,0.018435605,0.12621889,0.17361885
ZJ019948,0.1180872,0.007975998,0.34388518,0.26551083,0.00934859,0.04000286,0.01145655,0.20373279
ZJ019949,0.022649819,0.021628924,0.011377544,0.007464088,0.0014788785,0.0015405497,0.9272502,0.00660998
ZJ019950,0.1490563,0.27747443,0.16537766,0.02124326,0.011791429,0.005592204,0.35691842,0.012546277
ZJ019951,0.063004345,0.05003453,0.5783244,0.001244234,0.03428186,0.05996092,0.20358986,0.009559829
ZJ019952,0.05043787,0.00414348,0.23086357,0.15369757,0.021377424,0.38419583,0.010318955,0.1449653
ZJ019953,0.22921841,0.16740175,0.2134096,0.017269673,0.056541495,0.056741197,0.18714574,0.07227216
ZJ019954,0.39536858,0.0907012,0.21793608,0.015001611,0.0037343279,0.03338469,0.17581432,0.06805916
ZJ019955,0.028092276,0.0054535046,0.16237988,0.0032778848,0.72773576,0.0070593264,0.049452312,0.016549101
ZJ019956,0.098887235,0.17166929,0.11104039,0.3071868,0.028739622,0.023367232,0.053544782,0.20556463
ZJ019957,0.31690022,0.011420912,0.41839626,0.012991633,0.08906285,0.06619113,0.036139376,0.048897658
ZJ019958,0.32300964,0.15966055,0.12164621,0.041454073,0.026697852,0.04300519,0.16665709,0.11786939
ZJ019959,0.09622175,0.009111813,0.12202744,0.18386999,0.17253923,0.053545985,0.012446382,0.3502374
ZJ019960,0.36315748,0.03242756,0.18554188,0.07264061,0.06978735,0.016334563,0.06299227,0.19711822
ZJ019961,0.063376434,0.0081867315,0.03492672,0.020365233,0.021554606,0.7741081,0.023469646,0.054012544
ZJ019962,0.34362158,0.086089544,0.15934817,0.015877454,0.014349274,0.0031482398,0.31434745,0.06321822
ZJ019963,0.09566047,0.014131006,0.5728967,0.068161234,0.046878826,0.065113254,0.02331576,0.11384278
ZJ019964,0.11378896,0.441523,0.061103623,0.007355662,0.010709794,0.021993974,0.31884235,0.024682611
ZJ019965,0.06084257,0.01722938,0.087973595,0.16882105,0.009684452,0.62386864,0.0147747155,0.016805576
ZJ019966,0.131969,0.010262921,0.14162405,0.15870251,0.012542164,0.50134945,0.016812684,0.02673726
ZJ019967,0.19909807,0.038184866,0.5307102,0.008724546,0.0071428064,0.052541498,0.13272941,0.030868538
ZJ019968,0.14244032,0.30127144,0.09095871,0.0952948,0.0068167555,0.008458914,0.0446744,0.31008467
ZJ019969,0.033336904,0.01238187,0.10892857,0.38617042,0.0014812846,0.0041585285,0.009076232,0.4444662
ZJ019970,0.36644903,0.050695553,0.0747998,0.16786246,0.23714438,0.057463363,0.03800663,0.007578797
ZJ019971,0.11937373,0.027702542,0.18035841,0.2643207,0.03260884,0.20454186,0.03824859,0.13284537
ZJ019972,0.13770266,0.12424195,0.30461073,0.014773676,0.04994845,0.16253598,0.18496628,0.021220252
ZJ019973,0.27027538,0.005764214,0.40098584,0.016293079,0.0038932718,0.1285488,0.15661073,0.017628754
ZJ019974,0.33997196,0.032012086,0.44418868,0.005835787,0.024389604,0.079583265,0.054524403,0.019494167
ZJ019975,0.1377082,0.012783691,0.43457302,0.02045655,0.14885616,0.13255887,0.03717179,0.07589164
ZJ019976,0.09103845,0.007944809,0.31614718,0.3692069,0.0014380383,0.018330937,0.0139068,0.18198691
ZJ019977,0.3667933,0.11789475,0.27702555,0.0103730075,0.011617344,0.03308077,0.1256646,0.057550654
ZJ019978,0.33386332,0.13452698,0.11929649,0.036173042,0.08553168,0.06700473,0.14322646,0.08037727
ZJ019979,0.37478662,0.12235196,0.1040307,0.026821224,0.05645598,0.060424484,0.20929721,0.045831826
ZJ019980,0.1981091,0.16071261,0.23128039,0.0153728975,0.020533325,0.13589911,0.22186892,0.01622362
ZJ019981,0.00932698,0.0066508898,0.014536333,0.0063036312,0.0061531235,0.9329545,0.017419653,0.0066549
ZJ019982,0.3348692,0.13106312,0.104745485,0.025882334,0.08748792,0.060669053,0.15296298,0.102319874
ZJ019983,0.06467487,0.4293208,0.1247879,0.007312343,0.002607275,0.01932289,0.34590805,0.006065848
ZJ019984,0.04981653,0.0266318,0.12524907,0.016719723,0.0136096515,0.018927798,0.7079783,0.04106708
ZJ019985,0.13244686,0.15099743,0.35580698,0.004024414,0.034941044,0.08070928,0.19326298,0.047811076
ZJ019986,0.1494428,0.029828832,0.17192763,0.07276826,0.008113922,0.13814948,0.04180128,0.3879678
ZJ019987,0.22889005,0.045121897,0.33255178,0.030578587,0.016193775,0.05878529,0.086519904,0.2013587
ZJ019988,0.11560468,0.0039775223,0.69708663,0.017881008,0.0020598634,0.025199251,0.0037256335,0.13446538
ZJ019989,0.26333606,0.050255444,0.114593305,0.28522667,0.04740402,0.03224208,0.030399583,0.1765428
ZJ019990,0.04165688,0.00596473,0.014126173,0.003957327,0.0036184548,0.019844022,0.8957054,0.0151269855
ZJ019991,0.06330593,0.11506241,0.09226406,0.21232924,0.026517127,0.018236013,0.050141077,0.42214411
ZJ019992,0.51701784,0.006620117,0.021993017,0.003453844,0.4061993,0.020591285,0.017614996,0.006509574
ZJ019993,0.20758717,0.037544563,0.028761197,0.52825224,0.06434153,0.03730368,0.08839463,0.007814915
ZJ019994,0.20704482,0.5718538,0.054331332,0.011478491,0.034239653,0.016735153,0.08727808,0.017038707
ZJ019995,0.16974284,0.012530765,0.2540241,0.3392912,0.01678046,0.020266747,0.017130736,0.17023326
ZJ019996,0.0580292,0.0038344325,0.027938912,0.72773993,0.04326996,0.03276875,0.0019414803,0.10447736
ZJ019997,0.19262931,0.025498785,0.1506397,0.010837398,0.013176348,0.04140554,0.53942776,0.0263852
ZJ019998,0.32580754,0.1764115,0.21706091,0.023078874,0.092516094,0.01891225,0.079511486,0.06670134
ZJ019999,0.22444172,0.24515824,0.1295734,0.010548663,0.012140052,0.011373927,0.33543444,0.031329572
ZJ020000,0.081976235,0.034965858,0.2964462,0.017876167,0.030850276,0.42991728,0.04891233,0.059055693
ZJ020001,0.36863717,0.042233992,0.17938828,0.04756469,0.017357735,0.09691696,0.117512874,0.13038826
ZJ020002,0.06688675,0.5691136,0.04927133,0.01129789,0.006012007,0.032465596,0.25318393,0.011768915
ZJ020003,0.0331414,0.008070628,0.24269901,0.0029311148,0.033936594,0.1382304,0.5362323,0.0047585843
ZJ020004,0.18182486,0.05803429,0.08774901,0.031469636,0.058433495,0.48585212,0.07930091,0.017335683
ZJ020005,0.12746842,0.021751381,0.46323192,0.002930706,0.13285823,0.04105067,0.19048399,0.020224694
ZJ020006,0.25292706,0.027581342,0.44141385,0.00463804,0.0037641707,0.028072013,0.20775886,0.033844616
ZJ020007,0.22050785,0.09513801,0.21996866,0.012443014,0.18913427,0.076305546,0.119254924,0.067247674
ZJ020008,0.24851863,0.10812587,0.36560258,0.010076643,0.006794026,0.0351152,0.19410631,0.031660713
ZJ020009,0.19319616,0.13226105,0.08146774,0.006155005,0.017485702,0.04998856,0.46343762,0.056008145
ZJ020010,0.15670194,0.10585014,0.24078861,0.00285038,0.06095096,0.025543429,0.3462417,0.061072838
ZJ020011,0.122212455,0.022113279,0.37218627,0.059550818,0.0071740584,0.022593003,0.33906114,0.055108946
ZJ020012,0.35360354,0.06939428,0.13333444,0.0254603,0.05946337,0.08629685,0.24493578,0.027511384
ZJ020013,0.19359563,0.025727997,0.14787044,0.4579507,0.06562308,0.019274294,0.034851443,0.055106387
ZJ020014,0.0049387403,0.009477597,0.008353316,0.0018870232,0.019822286,0.0071414937,0.9383647,0.010014872
ZJ020015,0.18136993,0.41788572,0.043761168,0.18757923,0.011035915,0.01468003,0.03275235,0.11093566
ZJ020016,0.2064764,0.038541794,0.42072737,0.053112764,0.032905445,0.081530266,0.0670757,0.09963029
ZJ020017,0.3760838,0.103926845,0.17890763,0.023347057,0.08123318,0.036660723,0.1266628,0.073177956
ZJ020018,0.052468915,0.44869554,0.14706588,0.00860866,0.003977832,0.022150356,0.31099874,0.0060340953
ZJ020019,0.07132678,0.005798319,0.85515016,0.00045494284,0.016289664,0.014584324,0.028930789,0.007465013
ZJ020020,0.08097783,0.0065469565,0.4669524,0.045093212,0.0011098832,0.01468289,0.005612425,0.37902442
ZJ020021,0.19256285,0.06391012,0.28953066,0.022577,0.15661997,0.12768552,0.13244069,0.014673172
ZJ020022,0.12036807,0.072980456,0.52781004,0.0018853794,0.024820397,0.07765208,0.09479791,0.07968565
ZJ020023,0.45642337,0.033046372,0.109149456,0.012449261,0.034873772,0.0153510105,0.297849,0.040857717
ZJ020024,0.042927537,0.039804652,0.06534342,0.013938703,0.010712125,0.74617326,0.051800363,0.029299939
ZJ020025,0.107869074,0.051682863,0.12685208,0.23184013,0.062594876,0.026957607,0.031085001,0.36111835
ZJ020026,0.26597664,0.055360146,0.25914305,0.0061758514,0.036170863,0.12065513,0.22476837,0.031749908
ZJ020027,0.20848554,0.0634348,0.059391387,0.108773135,0.47239703,0.05193073,0.025664585,0.009922858
ZJ020028,0.3120502,0.13306412,0.23438518,0.0032204494,0.060875036,0.07271642,0.15861571,0.025072934
ZJ020029,0.033204585,0.91656536,0.012912479,0.005487852,0.0017724392,0.007014703,0.011786216,0.011256361
ZJ020030,0.2561937,0.07805267,0.17031178,0.0037341714,0.006033721,0.030257989,0.4314447,0.023971306
ZJ020031,0.08299617,0.0050838115,0.19818856,0.26001075,0.0065196087,0.019133825,0.0043264674,0.4237408
ZJ020032,0.12196163,0.036805436,0.19561104,0.19643144,0.020420311,0.09861138,0.039009612,0.29114908
ZJ020033,0.25911626,0.083804816,0.23186667,0.00667471,0.020167336,0.085436694,0.27153713,0.041396383
ZJ020034,0.05430241,0.052415013,0.013001206,0.5679819,0.14319853,0.13074343,0.03341239,0.0049451725
ZJ020035,0.08821997,0.1020231,0.14539173,0.14398296,0.023290923,0.013186317,0.03798313,0.44592184
ZJ020036,0.37056842,0.17162193,0.06749771,0.032645747,0.073204294,0.06610058,0.13338724,0.08497402
ZJ020037,0.27908626,0.076226294,0.15844081,0.018192658,0.018166216,0.026714193,0.28564245,0.1375311
ZJ020038,0.29217032,0.19958134,0.14174093,0.008955307,0.15799873,0.025359489,0.13828361,0.03591025
ZJ020039,0.08183337,0.5710601,0.06467577,0.010360194,0.008352577,0.05126955,0.13423546,0.078213006
ZJ020040,0.028161172,0.90452427,0.022265559,0.004322528,0.0040427702,0.010226123,0.016179604,0.010277937
ZJ020041,0.019029384,0.009376073,0.020663394,0.019907994,0.012335284,0.8965289,0.01052625,0.011632806
ZJ020042,0.23538351,0.22355634,0.11658862,0.014532481,0.007721423,0.034675013,0.24402663,0.12351592
ZJ020043,0.16174546,0.097736284,0.28449625,0.0067936797,0.001336639,0.030564891,0.3746579,0.04266886
ZJ020044,0.26714256,0.047518216,0.09787585,0.36199817,0.12385433,0.018374046,0.033433322,0.04980356
ZJ020045,0.09736581,0.011228078,0.09938579,0.0091056675,0.6173331,0.09464996,0.017716099,0.05321546
ZJ020046,0.13756804,0.006750906,0.069082454,0.58210605,0.0074439403,0.16572231,0.013464461,0.017861806
ZJ020047,0.36312717,0.0530722,0.16382551,0.013986807,0.010413636,0.20612593,0.16856328,0.020885473
ZJ020048,0.054754734,0.15463303,0.22062056,0.039634418,0.31641772,0.074204616,0.09901926,0.040715717
ZJ020049,0.10857155,0.029964803,0.42024088,0.008758014,0.02198471,0.06438029,0.32596898,0.020130701
ZJ020050,0.033223532,0.008383252,0.24293911,0.009992815,0.004223407,0.6538637,0.022785354,0.024588814
ZJ020051,0.0905328,0.014757785,0.22494783,0.009371059,0.0065502985,0.0041982993,0.61808926,0.03155269
ZJ020052,0.043424632,0.014942058,0.13204588,0.0552378,0.14225848,0.0077942414,0.5907562,0.013540649
ZJ020053,0.20757294,0.005894665,0.14022303,0.020281537,0.41333973,0.17201187,0.016575247,0.02410103
ZJ020054,0.082057185,0.01514376,0.47885656,0.008246684,0.0059523983,0.26788217,0.05275629,0.089104936
ZJ020055,0.3212523,0.08433,0.19074018,0.018493759,0.056003537,0.07206882,0.19541933,0.061692096
ZJ020056,0.033237897,0.897857,0.022681376,0.005350616,0.004810929,0.009828757,0.020037737,0.006195673
ZJ020057,0.13568722,0.10527169,0.28462794,0.009945498,0.031495966,0.10216411,0.32225642,0.008551165
ZJ020058,0.05469236,0.051405482,0.18326692,0.013014312,0.030933946,0.6117263,0.018009253,0.036951452
ZJ020059,0.095085874,0.01679536,0.43790796,0.065774396,0.04054844,0.027706603,0.017289566,0.29889187
ZJ020060,0.341829,0.15172118,0.12185843,0.039040238,0.040539745,0.04683377,0.2145936,0.04358405
ZJ020061,0.45312858,0.014117001,0.31952298,0.007384969,0.0037328757,0.018787704,0.13914932,0.044176556
ZJ020062,0.35838217,0.080274664,0.088892415,0.045144085,0.095633514,0.057802815,0.21725371,0.056616653
ZJ020063,0.12154481,0.25099134,0.12460692,0.024772175,0.0030921516,0.060847882,0.35933194,0.054812845
ZJ020064,0.07827428,0.07066373,0.1803226,0.007651427,0.0041135396,0.037087314,0.5630751,0.058811925
ZJ020065,0.07715096,0.0048434916,0.21139261,0.31222862,0.016217807,0.0048923115,0.0060938913,0.36718032
ZJ020066,0.13450083,0.006202343,0.41078275,0.030278092,0.00032465727,0.006637224,0.0033155337,0.40795857
ZJ020067,0.049673937,0.2549004,0.031985324,0.015141948,0.01355311,0.57113796,0.03477593,0.028831339
ZJ020068,0.09230146,0.04486736,0.7388202,0.00715528,0.0050585424,0.030761922,0.07315306,0.007882197
ZJ020069,0.07584326,0.0217047,0.39823425,0.0065473844,0.016683271,0.116658255,0.34827825,0.016050516
ZJ020070,0.13340129,0.12051538,0.31326744,0.01944847,0.14900252,0.06745414,0.17600992,0.02090086
ZJ020071,0.11921673,0.025680091,0.14938028,0.3337843,0.05723074,0.03296258,0.031937603,0.2498077
ZJ020072,0.05753344,0.030848505,0.4793176,0.018654644,0.003149315,0.27360004,0.0384027,0.09849369
ZJ020073,0.047029406,0.103832625,0.22730207,0.066698685,0.008226657,0.0076019196,0.4169978,0.12231081
ZJ020074,0.30954033,0.27721313,0.035365093,0.059952106,0.027380008,0.03153133,0.209832,0.04918599
ZJ020075,0.060279805,0.7796009,0.047304083,0.0051977667,0.00826259,0.016550751,0.06263736,0.0201667
ZJ020076,0.21409668,0.031137422,0.06834014,0.18741769,0.40610188,0.059691425,0.025896808,0.007317955
ZJ020077,0.31151977,0.09991382,0.14727549,0.04804742,0.07702789,0.13790995,0.079520755,0.09878492
ZJ020078,0.18830004,0.3516015,0.12673207,0.028946644,0.050984226,0.025122015,0.0637951,0.16451836
ZJ020079,0.20070904,0.16332927,0.22435997,0.010744594,0.041126262,0.19281758,0.08666416,0.08024907
ZJ020080,0.13612467,0.40119636,0.27835363,0.012314026,0.0033285187,0.06728615,0.096992135,0.004404567
ZJ020081,0.16561021,0.17305566,0.3317874,0.003649814,0.024599232,0.0559758,0.1560916,0.089230254
ZJ020082,0.10428099,0.108441554,0.21489295,0.007828358,0.009238762,0.059979584,0.40409577,0.09124202
ZJ020083,0.0069422983,0.0032716368,0.018102605,0.0034271067,0.001269441,0.006212513,0.9509507,0.009823796
ZJ020084,0.11182505,0.04457629,0.22671688,0.018266007,0.015512513,0.022669878,0.48033652,0.0800969
ZJ020085,0.079696864,0.015759185,0.1299811,0.16127357,0.0114840865,0.56526697,0.014366483,0.022171749
ZJ020086,0.003841059,0.0025416259,0.006555517,0.0023879753,0.0030579139,0.0075628357,0.96892005,0.005132994
ZJ020087,0.3405095,0.10586933,0.12676081,0.032916356,0.24504273,0.01876682,0.08909157,0.04104292
ZJ020088,0.78966004,0.010581643,0.018293712,0.012256628,0.004909351,0.014397486,0.13520539,0.014695807
ZJ020089,0.41787675,0.018402288,0.31739777,0.018075163,0.022408968,0.05440776,0.11845303,0.03297826
ZJ020090,0.27271032,0.03180046,0.09514734,0.009341406,0.0031110023,0.009234748,0.39954126,0.17911343
ZJ020091,0.12471896,0.007285112,0.6707263,0.013710199,0.003493047,0.030001178,0.019803198,0.13026197
ZJ020092,0.110398844,0.08453265,0.6951892,0.003267238,0.0034530621,0.03824238,0.05467643,0.010240209
ZJ020093,0.26241502,0.08863829,0.29469755,0.006908632,0.030059937,0.17619005,0.13334106,0.007749388
ZJ020094,0.14638513,0.036613297,0.14458744,0.3603175,0.028453408,0.035726115,0.026959995,0.22095709
ZJ020095,0.29771754,0.13028745,0.19338341,0.017063577,0.0892625,0.04774327,0.13886397,0.08567831
ZJ020096,0.13573506,0.30771866,0.3414903,0.012015653,0.012007247,0.12490831,0.05520774,0.010917071
ZJ020097,0.27622005,0.28585342,0.13294229,0.010044525,0.01735408,0.015973829,0.21673615,0.044875648
ZJ020098,0.02294315,0.01678805,0.096309,0.009698041,0.019105185,0.79156846,0.025704768,0.017883345
ZJ020099,0.12875308,0.0067104492,0.13138546,0.40680736,0.039426368,0.046304327,0.007755206,0.2328577
ZJ020100,0.34995577,0.034242995,0.06398151,0.07036787,0.3732005,0.069018304,0.02345055,0.015782457
ZJ020101,0.05047751,0.38094136,0.04133853,0.006112785,0.006038005,0.35974085,0.09853412,0.05681681
ZJ020102,0.15705918,0.02798002,0.11988296,0.013907631,0.021577012,0.51711214,0.058669057,0.08381199
ZJ020103,0.04521349,0.8938358,0.018955464,0.006157107,0.00382643,0.009603603,0.01677855,0.0056295805
ZJ020104,0.1948873,0.20339234,0.19817704,0.008682906,0.05171518,0.14719284,0.18401738,0.011935065
ZJ020105,0.3132392,0.16900572,0.077270836,0.021504056,0.08424479,0.078431524,0.121855386,0.13444856
ZJ020106,0.17582864,0.6641384,0.056981083,0.006467985,0.005185601,0.019164415,0.047186952,0.025046974
ZJ020107,0.32914904,0.12414734,0.25960174,0.012056921,0.052173316,0.014823713,0.13558505,0.07246296
ZJ020108,0.14601165,0.48721448,0.13595112,0.014515411,0.009052269,0.039514437,0.13707745,0.03066314
ZJ020109,0.2780186,0.07604456,0.23300433,0.0032141178,0.02857378,0.07490021,0.06353975,0.24270464
ZJ020110,0.13123079,0.04884545,0.29464328,0.021302337,0.03204833,0.045301262,0.34570587,0.08092269
ZJ020111,0.33112282,0.077597044,0.12874681,0.017457733,0.3306842,0.019076671,0.0627439,0.032570764
ZJ020112,0.35848522,0.110226184,0.09784556,0.016964424,0.028679898,0.08198906,0.22631983,0.07948976
ZJ020113,0.37441504,0.05884547,0.14755844,0.011007497,0.013276251,0.01640215,0.27760005,0.10089512
ZJ020114,0.83477163,0.0041882577,0.022697559,0.06764287,0.0041801184,0.010451032,0.0050665694,0.051002026
ZJ020115,0.070488594,0.047357127,0.024667483,0.005756251,0.0095325075,0.7730312,0.031583015,0.037583876
ZJ020116,0.113844715,0.006349185,0.15633467,0.03022971,0.4673585,0.12951727,0.023646748,0.072719246
ZJ020117,0.18978973,0.004439431,0.23608464,0.4752166,0.008660996,0.03204033,0.0100482125,0.043720026
ZJ020118,0.06555964,0.026625128,0.33970118,0.027394596,0.0055342996,0.008733516,0.49226227,0.034189396
ZJ020119,0.046130303,0.18346208,0.031794302,0.017495768,0.014913536,0.6648498,0.023471901,0.017882282
ZJ020120,0.16229855,0.010009983,0.1649643,0.3564447,0.015038461,0.016028184,0.0109962635,0.2642196
ZJ020121,0.09134395,0.8442733,0.036171403,0.0038354031,0.00045955653,0.0070568905,0.012146984,0.0047124494
ZJ020122,0.035754867,0.039151616,0.029686779,0.009379707,0.0019195061,0.0015404951,0.86719453,0.015372458
ZJ020123,0.21384744,0.059731696,0.11715905,0.01863978,0.11894907,0.025405316,0.37303317,0.07323448
ZJ020124,0.33240256,0.17428751,0.14020649,0.015441668,0.08085518,0.08591118,0.09483843,0.076056935
ZJ020125,0.06757882,0.011519089,0.57972616,0.07548627,0.11214132,0.07745099,0.018032325,0.058065075
ZJ020126,0.087058626,0.008254618,0.15182206,0.33901337,0.01780007,0.01514766,0.020190684,0.36071292
ZJ020127,0.07393271,0.012856652,0.059292156,0.022915492,0.016394284,0.73033905,0.03397774,0.05029197
ZJ020128,0.93340504,0.0030281984,0.017698873,0.00040710822,0.0015748449,0.014668487,0.020033835,0.009183568
ZJ020129,0.015957087,0.0253188,0.014799103,0.0021298395,0.00028448532,0.06512823,0.8373136,0.03906879
ZJ020130,0.45879585,0.03894823,0.1778406,0.0023844151,0.008665966,0.014820777,0.23664816,0.061896022
ZJ020131,0.3031458,0.16233474,0.1555293,0.032860566,0.1076634,0.06021186,0.10961689,0.06863743
ZJ020132,0.26094803,0.10465054,0.22300093,0.002591767,0.05473933,0.032659966,0.11259682,0.2088126
ZJ020133,0.48301136,0.096890494,0.060924284,0.017128814,0.027260637,0.042288013,0.21095006,0.06154635
ZJ020134,0.046376392,0.046378,0.6284836,0.0096320845,0.010687258,0.18187974,0.05865683,0.01790615
ZJ020135,0.056404356,0.0073933755,0.024329484,0.011821796,0.015325617,0.008704523,0.85253876,0.023482086
ZJ020136,0.34258693,0.06115252,0.07492709,0.047690507,0.019719858,0.032709215,0.3648326,0.056381233
ZJ020137,0.106266044,0.03738018,0.018409334,0.43478632,0.1447972,0.16147713,0.087692454,0.009191347
ZJ020138,0.1506742,0.6377763,0.07494023,0.009730039,0.011017225,0.007838789,0.08017379,0.027849436
ZJ020139,0.31030604,0.18102688,0.077897675,0.022557791,0.10818948,0.058283206,0.14975971,0.09197915
ZJ020140,0.077850945,0.60650307,0.05436188,0.005598983,0.0015978008,0.084896676,0.14484625,0.024344416
ZJ020141,0.020412026,0.0063422434,0.02716435,0.003558092,0.0060538677,0.8953351,0.025953587,0.015180746
ZJ020142,0.088136636,0.058752652,0.3917424,0.006281295,0.051719006,0.040274125,0.3185432,0.044550695
ZJ020143,0.096130215,0.050656132,0.31007943,0.014731871,0.021610063,0.049256742,0.40833113,0.049204484
ZJ020144,0.22913592,0.08315296,0.27432194,0.008438924,0.007963956,0.042742092,0.24814287,0.106101386
ZJ020145,0.3649366,0.08254718,0.18573971,0.020859446,0.11787632,0.038571466,0.1164721,0.07299712
ZJ020146,0.10884695,0.012021255,0.09803202,0.04430112,0.37567672,0.25966075,0.025248671,0.07621252
ZJ020147,0.18454951,0.0039060146,0.34331137,0.29947218,0.014633222,0.021970177,0.013073913,0.11908367
ZJ020148,0.009309693,0.0062889154,0.025017181,0.015740696,0.009894664,0.90843105,0.010765291,0.014552563
ZJ020149,0.12430494,0.019988848,0.07124317,0.019603288,0.012995132,0.66846985,0.042821538,0.040573195
ZJ020150,0.37229925,0.124739245,0.13725182,0.04424857,0.046126906,0.038533382,0.16371198,0.07308881
ZJ020151,0.31862152,0.13809402,0.20226614,0.01746161,0.11277233,0.06746668,0.079921424,0.06339626
ZJ020152,0.37063524,0.1381915,0.10988059,0.009418323,0.019167839,0.047120385,0.28687906,0.018707078
ZJ020153,0.2446263,0.0086069135,0.2709569,0.2980338,0.002603645,0.11615731,0.010323579,0.048691493
ZJ020154,0.14231671,0.006454131,0.021171458,0.00828169,0.048246738,0.026844945,0.73651886,0.010165454
ZJ020155,0.12660688,0.008717287,0.4596232,0.27255687,0.007634694,0.039924968,0.017870778,0.06706537
ZJ020156,0.1376207,0.030535214,0.46517715,0.006233539,0.098010115,0.023367442,0.23236719,0.0066886432
ZJ020157,0.30684942,0.0640332,0.09353306,0.013225405,0.016348226,0.111402296,0.35697436,0.037634052
ZJ020158,0.0934695,0.19031517,0.07112503,0.009201175,0.0018606078,0.0022391363,0.618583,0.013206345
ZJ020159,0.0701724,0.011437269,0.44590318,0.030640265,0.008276182,0.018097123,0.38539976,0.030073827
ZJ020160,0.10075887,0.7077279,0.08620395,0.0044746497,0.0050322176,0.018860055,0.06175075,0.015191557
ZJ020161,0.26956925,0.40290067,0.06900534,0.019940464,0.024277762,0.0155015765,0.15786943,0.040935505
ZJ020162,0.055198025,0.84113264,0.015178797,0.0070698606,0.03723776,0.0033595772,0.029555019,0.01126829
ZJ020163,0.12800126,0.026343526,0.56365776,0.0016433377,0.05207617,0.15869617,0.060552325,0.009029401
ZJ020164,0.25116274,0.08477705,0.36276218,0.047995012,0.012174,0.09371289,0.11818193,0.029234217
ZJ020165,0.15692045,0.064436466,0.15407176,0.27674076,0.026322706,0.05115121,0.051797934,0.21855877
ZJ020166,0.23966534,0.047767777,0.42646304,0.0021699704,0.06306774,0.057450347,0.15103014,0.012385639
ZJ020167,0.4345092,0.13264191,0.13853346,0.012535981,0.009902553,0.046006326,0.13318148,0.09268909
ZJ020168,0.09394745,0.012416179,0.113626674,0.012921333,0.5338471,0.19290511,0.016396048,0.023940183
ZJ020169,0.083673865,0.76283646,0.054975625,0.007050468,0.020444946,0.007243997,0.051601585,0.012173115
ZJ020170,0.1305557,0.07241208,0.3997353,0.026068501,0.053295568,0.04472446,0.25836122,0.014847118
ZJ020171,0.0102227125,0.0068745115,0.090300746,0.00023685713,0.88075197,0.0037690115,0.0076581403,0.00018604577
ZJ020172,0.061813228,0.12617455,0.2546925,0.32816508,0.1489528,0.02613891,0.011749947,0.04231294
ZJ020173,0.22181423,0.0504819,0.12952784,0.007942402,0.018576365,0.034914475,0.5203853,0.016357487
ZJ020174,0.30094692,0.05514029,0.08433958,0.114610665,0.31679723,0.08138036,0.033757865,0.013027141
ZJ020175,0.49720085,0.055710893,0.07831063,0.0023426577,0.04797467,0.0047759362,0.2685476,0.045136794
ZJ020176,0.071746066,0.35461035,0.18678796,0.0073598153,0.0024312118,0.04356744,0.32778367,0.0057134614
ZJ020177,0.08767693,0.4270771,0.17957251,0.0187374,0.0055853534,0.011524204,0.15176132,0.11806519
ZJ020178,0.21238895,0.052475475,0.08928217,0.14199506,0.34011847,0.0966996,0.057299398,0.009740875
ZJ020179,0.1508729,0.010336361,0.46215624,0.042722702,0.08996048,0.13934463,0.029316135,0.07529053
ZJ020180,0.17884399,0.009185851,0.24017681,0.38700327,0.015969986,0.04023953,0.014179834,0.11440064
ZJ020181,0.45381927,0.140576,0.07850814,0.0364895,0.013215584,0.009881486,0.21536869,0.052141305
ZJ020182,0.30149636,0.14880842,0.18259908,0.022931604,0.10332783,0.023456315,0.11204988,0.10533053
ZJ020183,0.24531828,0.08670137,0.42884693,0.03724749,0.005302996,0.04745218,0.12962958,0.019501148
ZJ020184,0.044768587,0.08681945,0.04196613,0.008169204,0.0030531653,0.0014403169,0.8033087,0.0104743885
ZJ020185,0.07251199,0.003615036,0.47561473,0.03773497,0.005760432,0.022823023,0.005970745,0.37596905
ZJ020186,0.01107095,0.0021779432,0.011020003,0.0020119278,0.00062453287,0.0044201585,0.9603209,0.008353688
ZJ020187,0.23070604,0.042603962,0.0646474,0.12857418,0.45284635,0.03624947,0.036668986,0.007703655
ZJ020188,0.1381425,0.045060296,0.14474745,0.35378695,0.035342854,0.023979485,0.0242968,0.23464365
ZJ020189,0.13903417,0.009742044,0.3127124,0.032689583,0.112447284,0.27490136,0.02937161,0.08910154
ZJ020190,0.2555887,0.112057276,0.15898089,0.020118238,0.23702371,0.07952999,0.09887504,0.037826136
ZJ020191,0.077556096,0.01750225,0.36542425,0.017808415,0.007097337,0.014837611,0.460959,0.03881506
ZJ020192,0.29634485,0.085235484,0.20164628,0.0032853463,0.031740014,0.30330753,0.054390498,0.02405007
ZJ020193,0.03062229,0.018301059,0.008676101,0.0028975634,0.002874269,0.87008977,0.055395696,0.011143208
ZJ020194,0.039561957,0.005129591,0.016753038,0.0032044963,0.0013008022,0.64613694,0.24639219,0.04152101
ZJ020195,0.30204886,0.12536564,0.221964,0.04149917,0.036710348,0.06745926,0.0437159,0.16123682
ZJ020196,0.25600275,0.16953318,0.08463659,0.045055345,0.049251594,0.065460004,0.28244078,0.047619704
ZJ020197,0.14427413,0.07120228,0.33268043,0.021103384,0.046340503,0.035255384,0.27629605,0.07284793
ZJ020198,0.28359392,0.047266506,0.07480225,0.30063128,0.20998278,0.021576287,0.055842105,0.006304865
ZJ020199,0.14038794,0.0065771462,0.23099439,0.03861298,0.03249548,0.5127165,0.012109072,0.02610651
ZJ020200,0.090091124,0.009697537,0.15092051,0.0070728376,0.5771542,0.14227827,0.011291785,0.011493739
ZJ020201,0.08109126,0.016246172,0.08303325,0.006581222,0.008682486,0.022822974,0.7719883,0.0095543945
ZJ020202,0.07655378,0.014084314,0.08306986,0.013427202,0.0119002545,0.72424024,0.035314873,0.041409507
ZJ020203,0.09977888,0.013440302,0.1285208,0.056222055,0.02350046,0.015752103,0.6434057,0.019379776
ZJ020204,0.21816933,0.27643594,0.17831382,0.008214519,0.019350175,0.053204834,0.09434494,0.15196645
ZJ020205,0.20879568,0.06572558,0.051686693,0.3556237,0.18732181,0.0699852,0.05503693,0.0058244322
ZJ020206,0.14120461,0.010345696,0.25420842,0.3282475,0.008937607,0.022028033,0.014940915,0.22008733
ZJ020207,0.07996807,0.7921394,0.025372332,0.009164771,0.008383447,0.019450318,0.03480632,0.030715307
ZJ020208,0.024577137,0.0043557677,0.01625852,0.004407946,0.0015090622,0.0048133307,0.9387579,0.0053203753
ZJ020209,0.17693265,0.026840819,0.6447119,0.0035707909,0.0013842002,0.032090407,0.103437945,0.011031303
ZJ020210,0.0867762,0.014084158,0.43632168,0.13970025,0.15841396,0.05225668,0.021677429,0.09076964
ZJ020211,0.06792406,0.006014286,0.20935072,0.49716866,0.0057124794,0.009255543,0.007066296,0.19750787
ZJ020212,0.06628782,0.007384127,0.21574411,0.41244498,0.009557491,0.02059224,0.009026736,0.25896248
ZJ020213,0.33422953,0.056557927,0.06724285,0.17205045,0.26429978,0.0599034,0.038166467,0.007549643
ZJ020214,0.069488674,0.06740764,0.045214366,0.01862109,0.009896058,0.08702176,0.39434078,0.3080096
ZJ020215,0.07104614,0.012283025,0.39415172,0.029701058,0.012303822,0.017708177,0.41843107,0.04437494
ZJ020216,0.3256703,0.19383489,0.02398607,0.07448749,0.03807767,0.043610185,0.25526574,0.045067687
ZJ020217,0.026295595,0.031956784,0.016844114,0.01573991,0.028542515,0.009310479,0.79149634,0.0798142
ZJ020218,0.058560807,0.0057719965,0.021206783,0.013495032,0.008041319,0.8315986,0.04334155,0.017983919
ZJ020219,0.0508744,0.75201154,0.11224606,0.011982563,0.0016939004,0.024360767,0.03603545,0.01079533
ZJ020220,0.03444353,0.007776945,0.1343857,0.657632,0.014951596,0.032895353,0.005488487,0.11242631
ZJ020221,0.07651081,0.35760024,0.13436672,0.012263224,0.0021034651,0.033984277,0.37684423,0.0063270275
ZJ020222,0.30211487,0.22644132,0.20899273,0.010926524,0.05233904,0.020049687,0.124395385,0.05474045
ZJ020223,0.09675919,0.05992805,0.3960753,0.0026381225,0.064904526,0.07600528,0.24759658,0.0560929
ZJ020224,0.058462158,0.01034186,0.080964096,0.35089144,0.02071466,0.01084089,0.011229359,0.45655555
ZJ020225,0.093837224,0.23794994,0.109040245,0.005137027,0.10889639,0.3740195,0.062447418,0.00867237
ZJ020226,0.08599236,0.37083817,0.13824074,0.01134003,0.006356247,0.028429221,0.3534281,0.0053750738
ZJ020227,0.36962765,0.06063629,0.06849819,0.054521922,0.2790754,0.10564632,0.045499526,0.016494641
ZJ020228,0.07420678,0.0039665983,0.27651414,0.11711544,0.0022056503,0.043772012,0.004833396,0.477386
ZJ020229,0.104322486,0.02303549,0.11714376,0.002278376,0.6595698,0.013934022,0.07430666,0.0054094717
ZJ020230,0.12982337,0.14043988,0.2233553,0.015475659,0.0431314,0.1068246,0.32293424,0.01801553
ZJ020231,0.36073253,0.051438145,0.117816165,0.0080030095,0.020703122,0.07592737,0.33111957,0.034260154
ZJ020232,0.10446739,0.0144774765,0.2355443,0.2115032,0.010511089,0.026132165,0.014440353,0.38292405
ZJ020233,0.18447214,0.23884144,0.17489174,0.018558089,0.016485685,0.0048427726,0.34744334,0.014464755
ZJ020234,0.10657629,0.08325699,0.6571239,0.0063368073,0.008614549,0.080134004,0.05306964,0.0048877727
ZJ020235,0.26707876,0.36363202,0.12338738,0.0130608585,0.007139711,0.016806839,0.16863698,0.040257517
ZJ020236,0.36038122,0.10071207,0.17726423,0.02455892,0.015777517,0.0320349,0.23590949,0.0533617
ZJ020237,0.068332106,0.001065153,0.19819717,0.5588068,0.0014337,0.026725618,0.0057532312,0.13968623
ZJ020238,0.050425857,0.46444175,0.26021606,0.008015357,0.075803205,0.01901728,0.1168982,0.0051822695
ZJ020239,0.15510981,0.16389851,0.43421674,0.00987518,0.0030159221,0.032787632,0.1800523,0.021043932
ZJ020240,0.41401592,0.06569414,0.20264544,0.0325487,0.012910952,0.037273422,0.16353968,0.07137177
ZJ020241,0.24070449,0.19151331,0.22027862,0.006880314,0.046100136,0.016373847,0.22952642,0.04862288
ZJ020242,0.216318,0.49255544,0.10957105,0.007320952,0.049426332,0.010445138,0.083290346,0.031072758
ZJ020243,0.117941126,0.0215204,0.38251406,0.20449889,0.021274539,0.050861966,0.052077636,0.14931141
ZJ020244,0.19124104,0.062255837,0.5572152,0.013057644,0.0023745028,0.015769577,0.079001226,0.07908494
ZJ020245,0.43484738,0.03030893,0.09709602,0.0023811993,0.25373176,0.018376054,0.116489135,0.04676954
ZJ020246,0.009379704,0.0056506866,0.01814412,0.007897402,0.005142052,0.93977344,0.0074776723,0.0065349513
ZJ020247,0.1827552,0.028832719,0.5466826,0.008384174,0.008890503,0.0620729,0.13973437,0.022647534
ZJ020248,0.7800383,0.0148602985,0.06094888,0.009051597,0.032569733,0.027784241,0.05416732,0.020579642
ZJ020249,0.52464503,0.04087321,0.13969304,0.009438151,0.0154540455,0.13002098,0.07542315,0.06445248
ZJ020250,0.60349804,0.037710965,0.07123556,0.013992498,0.0020382362,0.009809769,0.16395262,0.0977623
ZJ020251,0.07638546,0.017567161,0.06127031,0.02017765,0.010505297,0.7448679,0.036487103,0.03273909
ZJ020252,0.31716082,0.04779012,0.44011086,0.0015179273,0.031072931,0.047373172,0.10766887,0.007305309
ZJ020253,0.42112967,0.095076226,0.052828413,0.009640921,0.31372052,0.043381937,0.041363508,0.022858858
ZJ020254,0.033046946,0.8571806,0.030295502,0.004568814,0.017744403,0.004455897,0.041771892,0.010935952
ZJ020255,0.23703621,0.009640986,0.40252155,0.01981,0.07479981,0.07930191,0.017997105,0.15889244
ZJ020256,0.35876107,0.112948045,0.11808359,0.025332479,0.13465127,0.07684865,0.1246631,0.0487118
ZJ020257,0.20565283,0.17734298,0.2543175,0.024127096,0.010399144,0.02905678,0.24435256,0.054751128
ZJ020258,0.31617346,0.106326975,0.12333227,0.04815049,0.05467341,0.10580434,0.14180353,0.10373556
ZJ020259,0.496547,0.0469301,0.17895122,0.0024301123,0.0330532,0.03232815,0.15688801,0.052872196
ZJ020260,0.077170216,0.013130343,0.061084267,0.023050753,0.009389388,0.72889566,0.050485227,0.036794197
ZJ020261,0.6743202,0.04914822,0.08420041,0.007979687,0.016454127,0.015672771,0.07317296,0.0790516
ZJ020262,0.3171289,0.14800933,0.071886845,0.02689745,0.090800524,0.14218462,0.15466926,0.04842304
ZJ020263,0.07731248,0.025001733,0.6672544,0.011218829,0.01034785,0.07039939,0.07118217,0.06728322
ZJ020264,0.07202578,0.79392284,0.03697644,0.022629818,0.016546417,0.0080254,0.03812053,0.011752783
ZJ020265,0.18645282,0.57269895,0.1047973,0.007916135,0.006241586,0.020600215,0.07384972,0.027443226
ZJ020266,0.028444456,0.901153,0.013528969,0.0031999992,0.024844674,0.0054686554,0.018962719,0.0043974826
ZJ020267,0.32828543,0.011424373,0.48011425,0.066668555,0.0015779313,0.014001544,0.010072241,0.08785568
ZJ020268,0.021548202,0.8101652,0.012716665,0.0050887344,0.0027539106,0.017369686,0.12419829,0.00615926
ZJ020269,0.036500353,0.0070846938,0.07740919,0.61816764,0.009655105,0.02579126,0.008204917,0.21718691
ZJ020270,0.29884848,0.11742412,0.12605362,0.027515842,0.047458306,0.03286895,0.25325975,0.096570954
ZJ020271,0.019246453,0.009204203,0.013445979,0.0028857694,0.011084675,0.9262738,0.014193906,0.0036651953
ZJ020272,0.009933002,0.0034004974,0.007345479,0.001975053,0.0012382881,0.0039484096,0.9676524,0.00450689
ZJ020273,0.21005756,0.06457068,0.34188402,0.009848681,0.01648898,0.11969487,0.22913457,0.0083206715
ZJ020274,0.5969919,0.021149794,0.11715459,0.0076642237,0.12435654,0.026839755,0.046466988,0.059376195
ZJ020275,0.093457535,0.016713137,0.20891628,0.18277107,0.0044875266,0.4646235,0.013714873,0.015316117
ZJ020276,0.038422674,0.018092696,0.26596785,0.008692311,0.012191378,0.5897343,0.045665696,0.02123302
ZJ020277,0.32196066,0.085889876,0.2678861,0.017274382,0.09736697,0.060018513,0.066547394,0.083056085
ZJ020278,0.078385,0.78565377,0.04935448,0.013412704,0.0025633103,0.021887133,0.02274413,0.025999457
ZJ020279,0.08348359,0.12633924,0.16499072,0.038497794,0.008953263,0.028134406,0.44246945,0.10713153
ZJ020280,0.531534,0.035126872,0.2611442,0.008395174,0.02515931,0.036933612,0.046390425,0.055316363
ZJ020281,0.36404824,0.057149883,0.097301476,0.0060648704,0.01816952,0.053860314,0.35693726,0.046468414
ZJ020282,0.12851124,0.011572058,0.29900968,0.0515475,0.06768815,0.110079736,0.018822895,0.31276873
ZJ020283,0.06278927,0.03932177,0.7033897,0.0011481456,0.03627154,0.08046365,0.05627235,0.020343583
ZJ020284,0.06433632,0.3391367,0.22750838,0.013671829,0.15554701,0.03984984,0.14509055,0.014859418
ZJ020285,0.2245176,0.036071636,0.06950461,0.15911646,0.43477303,0.026531085,0.04112845,0.008357126
ZJ020286,0.0230842,0.09110202,0.0087066265,0.002657974,0.001391904,0.032136653,0.8176201,0.023300584
ZJ020287,0.1895685,0.53613746,0.03388428,0.017625798,0.012077603,0.012261162,0.16366158,0.03478354
ZJ020288,0.92975956,0.001989697,0.01826546,0.02953567,0.00052870193,0.0046303915,0.0015090469,0.013781497
ZJ020289,0.18087408,0.05377916,0.1455212,0.021226058,0.02161777,0.029577632,0.4598952,0.087508924
ZJ020290,0.82301325,0.004286503,0.030501211,0.07633902,0.00322162,0.010320081,0.00518332,0.047134984
ZJ020291,0.1707181,0.017426904,0.5512281,0.026093367,0.002215374,0.008924111,0.113878146,0.10951582
ZJ020292,0.8344384,0.12650748,0.0056305137,0.0036615212,0.0023442942,0.021621287,0.0022254537,0.0035711166
ZJ020293,0.19199933,0.022781577,0.3680498,0.07123306,0.038577016,0.046857912,0.07762501,0.18287624
ZJ020294,0.10659631,0.005852231,0.061720565,0.66035366,0.009315651,0.04796661,0.019151459,0.08904351
ZJ020295,0.044308957,0.7873375,0.11907933,0.00586857,0.0015132966,0.010938737,0.02688338,0.0040702526
ZJ020296,0.082511224,0.07156659,0.21047664,0.3556224,0.21055603,0.0151767,0.010265584,0.043824792
ZJ020297,0.2030638,0.13840015,0.18010248,0.036867894,0.02981407,0.09037152,0.14067851,0.1807016
ZJ020298,0.13353144,0.419712,0.09127446,0.028304791,0.0036993464,0.020618098,0.036143884,0.26671597
ZJ020299,0.28956908,0.0111427065,0.31678453,0.060425103,0.10583563,0.09844983,0.020057555,0.09773557
ZJ020300,0.04145056,0.04935377,0.030319497,0.010430853,0.0026068145,0.0031823532,0.8452435,0.017412696
ZJ020301,0.07035384,0.01960676,0.1308194,0.29673657,0.062032495,0.056068525,0.02897591,0.33540648
ZJ020302,0.06192365,0.061257783,0.019523619,0.02162232,0.0076479637,0.0019418334,0.8113726,0.014710236
ZJ020303,0.0812567,0.015371727,0.57912284,0.0035957808,0.049793143,0.156682,0.10496012,0.009217644
ZJ020304,0.21445324,0.01172293,0.4924022,0.013893575,0.033709742,0.08543037,0.035302605,0.11308539
ZJ020305,0.111590065,0.36994374,0.14325112,0.009053124,0.017187363,0.029136244,0.30852556,0.011312737
ZJ020306,0.08866374,0.04110933,0.7580384,0.004431029,0.0054520527,0.0328171,0.061379053,0.008109235
ZJ020307,0.24966557,0.04082091,0.40594196,0.014955974,0.007949775,0.05010105,0.19600427,0.03456049
ZJ020308,0.19079876,0.03311629,0.23215273,0.008914827,0.07692613,0.06540276,0.24007446,0.15261401
ZJ020309,0.32649502,0.12674111,0.2928845,0.008991212,0.07479417,0.01935248,0.10738105,0.04336041
ZJ020310,0.36055043,0.113321036,0.15954116,0.04873685,0.015233478,0.04401791,0.16665784,0.091941334
ZJ020311,0.025262853,0.019470563,0.035960082,0.010570621,0.0091813905,0.84098876,0.025683122,0.032882575
ZJ020312,0.27264765,0.02098668,0.3778568,0.010424756,0.007698251,0.069519795,0.14555208,0.09531397
ZJ020313,0.02573564,0.009058474,0.0141462255,0.0037955632,0.017662201,0.90310943,0.023374075,0.0031183998
ZJ020314,0.20016317,0.23105663,0.31836128,0.0024649065,0.016848685,0.0055494015,0.22177304,0.003782893
ZJ020315,0.0070049297,0.009863032,0.012154941,0.0125085935,0.009054167,0.93259937,0.005536192,0.011278744
ZJ020316,0.29590845,0.069774434,0.18926653,0.0020542948,0.017141193,0.06193808,0.32069147,0.043225557
ZJ020317,0.42470112,0.114949174,0.10907715,0.029458145,0.09930194,0.03227968,0.09795555,0.09227726
ZJ020318,0.21347174,0.45121342,0.06909417,0.009931451,0.052784912,0.06867223,0.10369108,0.031140964
ZJ020319,0.18672754,0.028689088,0.58582807,0.010436691,0.0066258917,0.07253986,0.08941775,0.019735055
ZJ020320,0.16728286,0.41008672,0.12040014,0.026760956,0.007227412,0.019223878,0.05579514,0.19322285
ZJ020321,0.06731497,0.4258503,0.11827874,0.009352414,0.0035157762,0.028756931,0.34126207,0.0056688283
ZJ020322,0.35440227,0.02258766,0.30991694,0.014816206,0.009127905,0.012752383,0.18017003,0.096226595
ZJ020323,0.1497987,0.026008504,0.32444525,0.007712513,0.20058681,0.15213269,0.06295437,0.076361194
ZJ020324,0.09120028,0.3543221,0.29828748,0.030320443,0.0055004787,0.011562745,0.11574693,0.09305955
ZJ020325,0.0088084815,0.0025295983,0.0048508807,0.008529543,0.0011476079,0.9595434,0.008420998,0.006169485
ZJ020326,0.22538841,0.041413296,0.26762065,0.012504398,0.0072591393,0.067871824,0.3337955,0.044146802
ZJ020327,0.909424,0.007824425,0.028717402,0.0051676156,0.0037449724,0.0091387415,0.015031875,0.02095096
ZJ020328,0.14470673,0.21323232,0.31428918,0.0072551174,0.056784548,0.05301704,0.19574021,0.014974905
ZJ020329,0.026170764,0.019327972,0.14612933,0.009141263,0.0074897506,0.7351949,0.036974855,0.019571181
ZJ020330,0.10528851,0.004897096,0.2636432,0.367039,0.0009775998,0.03427074,0.009043759,0.21484014
ZJ020331,0.18446591,0.022593908,0.17151988,0.2172478,0.02478192,0.009067065,0.011383167,0.35894033
ZJ020332,0.09391066,0.0039620926,0.6855547,0.0275468,0.0019487342,0.032086745,0.0042103007,0.15078
ZJ020333,0.10180398,0.003653881,0.29172933,0.07327216,0.00851556,0.48991287,0.008052914,0.023059316
ZJ020334,0.19144449,0.10241411,0.4025035,0.0062963874,0.0032543717,0.012892937,0.26493132,0.016262844
ZJ020335,0.28014323,0.17788538,0.10174237,0.036820523,0.023917979,0.033672214,0.29493308,0.050885182
ZJ020336,0.071165636,0.017335448,0.4062203,0.0060645584,0.08329133,0.029134065,0.012981606,0.37380704
ZJ020337,0.2034095,0.09716934,0.31859583,0.005016638,0.020118205,0.17676578,0.13801657,0.04090811
ZJ020338,0.21190049,0.0081919655,0.056950618,0.0016256301,0.69337934,0.008944643,0.016557187,0.0024501125
ZJ020339,0.087033875,0.019308915,0.29656318,0.10416116,0.106112294,0.07229333,0.06974764,0.24477954
ZJ020340,0.052431457,0.5132361,0.03573007,0.0066163726,0.006969711,0.04472701,0.2092183,0.13107103
ZJ020341,0.19591807,0.21042679,0.21005262,0.015735548,0.087730974,0.060646582,0.13934109,0.08014837
ZJ020342,0.39821866,0.071990855,0.2418034,0.0094752265,0.016962405,0.010071208,0.1886295,0.06284878
ZJ020343,0.4076658,0.089175954,0.1364827,0.020190326,0.18841179,0.010912194,0.08918179,0.057979446
ZJ020344,0.2691043,0.24786274,0.1241277,0.022083987,0.010255924,0.03908361,0.2662591,0.021222576
ZJ020345,0.12119493,0.7229933,0.05391062,0.006787964,0.01588404,0.0048024184,0.060839213,0.013587494
ZJ020346,0.1969537,0.43513522,0.084792644,0.005710132,0.022298303,0.0050957953,0.20241049,0.047603708
ZJ020347,0.07476655,0.010887219,0.11368605,0.014015518,0.006660137,0.030995762,0.73389536,0.015093272
ZJ020348,0.07989103,0.012284132,0.10040949,0.14874597,0.042902883,0.5591138,0.018263418,0.038389258
ZJ020349,0.46974242,0.047189597,0.119486675,0.012075508,0.021668065,0.035399776,0.27073166,0.023706295
ZJ020350,0.14830357,0.12368298,0.18565445,0.04771637,0.005027183,0.01835153,0.35762298,0.1136409
ZJ020351,0.22687829,0.058890104,0.19943778,0.015932519,0.122282006,0.02141417,0.26221812,0.092947006
ZJ020352,0.07059199,0.2994511,0.049427267,0.0039119343,0.232794,0.3089076,0.020088324,0.014827715
ZJ020353,0.27490819,0.009683484,0.3790931,0.019338667,0.08393367,0.16420837,0.023802796,0.04503167
ZJ020354,0.26962388,0.0647325,0.22181927,0.011392721,0.0026728325,0.0064315833,0.27237558,0.15095164
ZJ020355,0.08242088,0.62404126,0.1997097,0.011585747,0.0040342435,0.033728596,0.03920817,0.005271399
ZJ020356,0.26785043,0.002376011,0.14761779,0.43452096,0.02163,0.042742837,0.008344277,0.07491773
ZJ020357,0.13642173,0.040926058,0.4185761,0.021135168,0.027860165,0.08952164,0.24582157,0.019737609
ZJ020358,0.052093916,0.008415255,0.25168616,0.28330356,0.027244749,0.06718117,0.03117968,0.2788955
ZJ020359,0.09087744,0.027562797,0.6245438,0.009602055,0.00932034,0.03196774,0.11191827,0.09420754
ZJ020360,0.09422152,0.0658618,0.13046044,0.015423527,0.024344996,0.53745174,0.101738416,0.030497506
ZJ020361,0.22604956,0.47259313,0.09101353,0.017964616,0.049705233,0.009490012,0.071232595,0.061951317
ZJ020362,0.13922746,0.0031407734,0.15663223,0.6233829,0.009750909,0.012874915,0.004623084,0.050367724
ZJ020363,0.32019374,0.06257491,0.09280729,0.08369442,0.03602613,0.08286757,0.2402577,0.08157825
ZJ020364,0.16218041,0.0039292076,0.2998842,0.32793134,0.09079768,0.033778805,0.011434353,0.07006395
ZJ020365,0.01864093,0.010081808,0.010533669,0.004040736,0.012185056,0.92375594,0.016920399,0.0038414448
ZJ020366,0.341804,0.013191578,0.37142769,0.025538431,0.07207836,0.08598327,0.01841248,0.07156414
ZJ020367,0.07992282,0.012860824,0.3186904,0.03411923,0.004621755,0.008328928,0.50375533,0.0377008
ZJ020368,0.1647746,0.060947478,0.5098978,0.011194007,0.0046773735,0.012399501,0.184955,0.051154185
ZJ020369,0.11123036,0.7247798,0.051031858,0.020550717,0.019368682,0.008071889,0.029774604,0.035192166
ZJ020370,0.019232603,0.11952451,0.07351616,0.0049195806,0.003518827,0.66425335,0.080826804,0.03420818
ZJ020371,0.10843922,0.19004072,0.12370568,0.019859588,0.00751621,0.02352588,0.40008676,0.12682594
ZJ020372,0.42368713,0.048535902,0.09474004,0.0123361,0.01176745,0.012149552,0.31543294,0.081350915
ZJ020373,0.27694452,0.06653943,0.15826315,0.02624089,0.061055724,0.035936356,0.34747624,0.02754367
ZJ020374,0.22107665,0.0859663,0.21158591,0.003966402,0.04114555,0.06847665,0.30898064,0.058801856
ZJ020375,0.5389161,0.07048172,0.07310121,0.008941129,0.022118252,0.074564576,0.13990337,0.07197358
ZJ020376,0.08088245,0.15404369,0.06070393,0.0610525,0.028603649,0.029461512,0.53952026,0.045732018
ZJ020377,0.074071586,0.015010063,0.3241277,0.19115296,0.083487526,0.07359995,0.058648776,0.17990139
ZJ020378,0.3051244,0.062710695,0.20030111,0.0055714413,0.006587283,0.021255339,0.37730217,0.021147536
ZJ020379,0.20638986,0.030332088,0.2939338,0.013413312,0.013736839,0.025468951,0.40144777,0.015277373
ZJ020380,0.2044597,0.040328465,0.3771271,0.0032366524,0.05169927,0.025445256,0.284985,0.012718567
ZJ020381,0.017426562,0.00884385,0.016550215,0.02062124,0.010086192,0.9028665,0.01209122,0.011514213
ZJ020382,0.35545376,0.04796201,0.07025628,0.2533018,0.18423624,0.03987488,0.043006953,0.0059079914
ZJ020383,0.33675703,0.0039787698,0.027327005,0.0020899093,0.6028249,0.01877514,0.0038379508,0.004409324
ZJ020384,0.14053416,0.039858676,0.38561434,0.004886888,0.063995436,0.15716943,0.19475655,0.013184461
ZJ020385,0.038416576,0.8885582,0.021825235,0.0072965105,0.007040539,0.010835219,0.01939338,0.0066342955
ZJ020386,0.08833729,0.031408787,0.12543575,0.32976848,0.054584403,0.037195995,0.018963339,0.31430593
ZJ020387,0.025646403,0.25783467,0.0138019705,0.0029204476,0.0055671404,0.028613403,0.6320888,0.033527225
ZJ020388,0.43553388,0.054565977,0.24905527,0.004662317,0.03733739,0.12210523,0.08859728,0.0081426455
ZJ020389,0.14400302,0.013098961,0.62269247,0.0030398716,0.0012706324,0.0167227,0.18475841,0.014413961
ZJ020390,0.29413715,0.17717907,0.14237452,0.035103183,0.09903804,0.05346737,0.11480415,0.08389655
ZJ020391,0.325999,0.033501107,0.36341172,0.005187369,0.025207601,0.05243131,0.12526827,0.06899363
ZJ020392,0.22243305,0.11036112,0.25166368,0.0037300088,0.07984033,0.039215174,0.21086995,0.08188666
ZJ020393,0.11656988,0.2802538,0.11639799,0.17695546,0.0040456494,0.013650116,0.025531715,0.2665954
ZJ020394,0.39723638,0.13979489,0.17412277,0.020789294,0.08195516,0.049019717,0.10020872,0.036873065
ZJ020395,0.18929473,0.12352666,0.35827398,0.0706578,0.005625343,0.024790784,0.10070877,0.12712196
ZJ020396,0.11469731,0.022418346,0.38607737,0.013770352,0.027904546,0.03810476,0.38147005,0.015557272
ZJ020397,0.18840744,0.016154226,0.50458705,0.0062158247,0.0037123805,0.054362632,0.2196108,0.0069495984
ZJ020398,0.5836778,0.024890954,0.034498803,0.012212264,0.010599723,0.013444462,0.30789557,0.012780391
ZJ020399,0.025019005,0.0022177822,0.107982725,0.4307166,0.160148,0.06413716,0.005958235,0.2038205
ZJ020400,0.4877423,0.022418872,0.044196445,0.29220456,0.08541563,0.02076485,0.043605387,0.003651918
ZJ020401,0.15349428,0.055434097,0.46304673,0.005070978,0.060980182,0.05601094,0.19490916,0.011053661
ZJ020402,0.2714234,0.2528304,0.21064313,0.0116386805,0.06396926,0.021485314,0.11231918,0.05569066
ZJ020403,0.23811401,0.094882436,0.3510224,0.016243689,0.002664112,0.015597138,0.25941452,0.022061678
ZJ020404,0.3194098,0.056013145,0.1146657,0.009849146,0.03168511,0.12852688,0.29083478,0.04901542
ZJ020405,0.14786339,0.16084881,0.15364335,0.011621828,0.014976781,0.06580093,0.42488286,0.02036207
ZJ020406,0.107056096,0.67005783,0.06601917,0.008825685,0.0052731484,0.023044024,0.06979375,0.049930215
ZJ020407,0.28982827,0.069844745,0.32115573,0.007924324,0.038783066,0.08526138,0.14292905,0.044273384
ZJ020408,0.09319249,0.016754257,0.4828838,0.2279885,0.011086438,0.062351417,0.011845021,0.09389809
ZJ020409,0.14715566,0.03632456,0.3830312,0.019813247,0.02221985,0.056111988,0.30019268,0.0351508
ZJ020410,0.08811993,0.016725114,0.04378868,0.0041228146,0.018375097,0.035262622,0.77615905,0.017446725
ZJ020411,0.2995116,0.028759232,0.17410159,0.015165446,0.080199935,0.02187924,0.356996,0.023386922
ZJ020412,0.04594926,0.044904374,0.01927235,0.011991819,0.030653795,0.010004019,0.7679665,0.06925785
ZJ020413,0.412666,0.12234882,0.18169634,0.036944665,0.064904176,0.010004432,0.041310754,0.13012473
ZJ020414,0.101372495,0.04093078,0.18628918,0.018041201,0.015705172,0.07362676,0.5474818,0.01655267
ZJ020415,0.0062185163,0.0044986513,0.01071889,0.0017562385,0.040753637,0.011858956,0.9147755,0.009419679
ZJ020416,0.0416048,0.0036494536,0.29446965,0.2955399,0.03776536,0.057517726,0.0065976065,0.2628555
ZJ020417,0.031300638,0.05149975,0.6572571,0.00046987415,0.023479143,0.15938428,0.06486096,0.0117483325
ZJ020418,0.28795072,0.23361178,0.07745486,0.02878148,0.09061621,0.053036224,0.1427201,0.08582867
ZJ020419,0.49665263,0.009443718,0.27438292,0.021909252,0.06936884,0.052017577,0.03298702,0.043238044
ZJ020420,0.082929134,0.010545029,0.42726725,0.0059914864,0.21866329,0.13607635,0.030185807,0.08834161
ZJ020421,0.389298,0.02027783,0.30595556,0.045118492,0.072756946,0.06766982,0.037791837,0.061131515
ZJ020422,0.058008965,0.0128525775,0.30489522,0.022348484,0.008667504,0.011959555,0.52190435,0.05936336
ZJ020423,0.28825656,0.21268788,0.22137502,0.013563027,0.06993476,0.022575231,0.11433837,0.057269152
ZJ020424,0.7737649,0.015881225,0.03780745,0.016251415,0.09124372,0.004120591,0.014516604,0.046414148
ZJ020425,4.706986e-09,5.44916e-09,7.0176707e-06,2.2429045e-10,0.99999243,4.969978e-09,5.515323e-07,2.0944446e-10
ZJ020426,0.23513442,0.008293145,0.0370701,0.0024755623,0.67861587,0.031620324,0.004110622,0.00267993
ZJ020427,0.12336684,0.10174564,0.16281466,0.0027646006,0.1686577,0.052926976,0.3672607,0.020462865
ZJ020428,0.1362216,0.032890026,0.12225004,0.28716066,0.04562363,0.023065304,0.019958703,0.33283004
ZJ020429,0.07483535,0.060316216,0.10222131,0.020525264,0.037513025,0.5147514,0.067754276,0.12208321
ZJ020430,0.11898655,0.065602385,0.19537044,0.0070707765,0.026359571,0.48683834,0.08087167,0.018900223
ZJ020431,0.12166476,0.0061992845,0.3936705,0.23933396,0.0034014895,0.15994754,0.008616666,0.067165844
ZJ020432,0.20132188,0.30694705,0.13906384,0.013974866,0.07708092,0.075013705,0.09870083,0.087896936
ZJ020433,0.060449723,0.004343026,0.22868864,0.3454055,0.0061012306,0.0030139587,0.006069046,0.34592882
ZJ020434,0.04159158,0.030780945,0.027278656,0.01998614,0.00454746,0.02278842,0.82211286,0.030914003
ZJ020435,0.10217206,0.064790696,0.34950966,0.03521332,0.014623699,0.046610896,0.3694137,0.017666027
ZJ020436,0.28033775,0.28323194,0.11038638,0.008248337,0.018312484,0.024585616,0.18639052,0.08850695
ZJ020437,0.31958905,0.05937284,0.2677159,0.0033324487,0.022914574,0.046288256,0.2346869,0.046100087
ZJ020438,0.3511447,0.051649746,0.2575192,0.0041545485,0.04285884,0.07726705,0.068842776,0.14656319
ZJ020439,0.1662805,0.045567084,0.20228966,0.01301887,0.02108077,0.028008668,0.50185007,0.0219044
ZJ020440,0.17100868,0.026259286,0.046778474,0.4273104,0.21375343,0.064540915,0.045597717,0.0047510355
ZJ020441,0.008302276,0.005528512,0.0093331635,0.0013407804,0.012260574,0.00760741,0.94742614,0.008201167
ZJ020442,0.5275492,0.042376786,0.15162294,0.038261462,0.015884016,0.033155832,0.0343,0.15684977
ZJ020443,0.34077433,0.15644404,0.15548865,0.011595611,0.07353051,0.018469643,0.13362944,0.11006784
ZJ020444,0.67020774,0.021702584,0.09786411,0.017495714,0.03263818,0.017068965,0.040905453,0.10211719
ZJ020445,0.15212943,0.012396086,0.14213292,0.34577283,0.021785121,0.017915484,0.019635959,0.2882322
ZJ020446,0.23632458,0.098571725,0.074847616,0.03785305,0.020825231,0.042269602,0.4358374,0.053470805
ZJ020447,0.68661016,0.017086852,0.045890365,0.009474329,0.014149998,0.031976573,0.15778618,0.03702555
ZJ020448,0.13318089,0.012347885,0.53853834,0.07931482,0.050529502,0.06938138,0.023082584,0.093624614
ZJ020449,0.17779203,0.24604997,0.37159774,0.0052379384,0.004827368,0.06106849,0.12984754,0.0035789364
ZJ020450,0.22448626,0.10553189,0.3436596,0.002194855,0.05094461,0.053650796,0.17679998,0.04273198
ZJ020451,0.13175838,0.22652553,0.0646463,0.0029395209,0.004646642,0.008829558,0.54802793,0.0126262065
ZJ020452,0.35671565,0.13286541,0.10672633,0.026815232,0.06959127,0.071214244,0.16621296,0.069858894
ZJ020453,0.24841495,0.43557152,0.12649505,0.010939026,0.017667836,0.021283267,0.0894898,0.050138544
ZJ020454,0.70593375,0.015034691,0.0181157,0.0036165235,0.21435934,0.017487202,0.022870556,0.002582281
ZJ020455,0.009323254,0.0061897123,0.021700686,0.0123093175,0.010853646,0.91683936,0.0094195055,0.013364518
ZJ020456,0.24467853,0.0430029,0.32873175,0.007580156,0.045496497,0.04316022,0.20947656,0.077873394
ZJ020457,0.059855066,0.75498503,0.031971905,0.0055241575,0.0033052114,0.061689686,0.037740756,0.044928223
ZJ020458,0.084762864,0.016083919,0.45666453,0.08333155,0.038327187,0.06556664,0.015279863,0.23998342
ZJ020459,0.12303651,0.078256145,0.4160997,0.01967781,0.03949229,0.12228255,0.093530156,0.10762489
ZJ020460,0.20758574,0.05627601,0.25303432,0.030780926,0.007635675,0.13410386,0.16574676,0.14483675
ZJ020461,0.29964104,0.17548178,0.11835958,0.0057633556,0.01274712,0.033006106,0.16515277,0.18984829
ZJ020462,0.18586737,0.015865754,0.07290919,0.2007596,0.037577067,0.006199989,0.020021023,0.46080002
ZJ020463,0.06271187,0.040026177,0.026596935,0.009098749,0.012470379,0.80597836,0.02512086,0.017996663
ZJ020464,0.3694475,0.0558657,0.05818365,0.056603312,0.01241366,0.023867637,0.34214836,0.08147012
ZJ020465,0.09618599,0.014556724,0.75171745,0.0012419241,0.018789064,0.054807086,0.052131686,0.0105700195
ZJ020466,0.09923052,0.007814478,0.4606189,0.20462957,0.0040862495,0.12783745,0.0059744176,0.08980839
ZJ020467,0.71921384,0.019329058,0.041667752,0.008351127,0.026678879,0.01625841,0.03843743,0.13006353
ZJ020468,0.4059817,0.049259026,0.25520456,0.01810651,0.07846893,0.04920251,0.12618215,0.017594565
ZJ020469,0.0848475,0.26807463,0.037554484,0.005277969,0.0026064739,0.02820121,0.5600246,0.013413154
ZJ020470,0.40672627,0.049735367,0.050805807,0.22655845,0.20145875,0.03262633,0.025300672,0.0067884
ZJ020471,0.19345744,0.502247,0.100231,0.007685569,0.014512636,0.006911328,0.13826586,0.03668919
ZJ020472,0.05228085,0.014361292,0.08815795,0.22521947,0.03203316,0.011293109,0.008377938,0.56827617
ZJ020473,0.092797555,0.017587677,0.47822273,0.0035334197,0.020087186,0.0675383,0.31487557,0.0053576105
ZJ020474,0.515654,0.01369406,0.2096353,0.037105277,0.040474735,0.024043953,0.042080935,0.117311694
ZJ020475,0.12089488,0.14712684,0.4313049,0.005347883,0.010036326,0.06156436,0.20614964,0.017575078
ZJ020476,0.05772154,0.022855954,0.07191197,0.45381874,0.014769385,0.01253318,0.018071536,0.3483177
ZJ020477,0.09209981,0.009612539,0.40890235,0.1578073,0.01012163,0.03579136,0.023222102,0.26244286
ZJ020478,0.09177375,0.017348027,0.35552216,0.042706616,0.017589837,0.33489308,0.08721698,0.05294958
ZJ020479,0.0078300275,0.006082634,0.011454362,0.015211386,0.014796176,0.9326098,0.0037098983,0.0083056865
ZJ020480,0.15152834,0.0798742,0.5011507,0.012180254,0.0027421978,0.019395068,0.05538707,0.17774217
ZJ020481,0.04094723,0.015054036,0.44832703,0.033457287,0.008576343,0.052903835,0.3360764,0.06465782
ZJ020482,0.37741747,0.061506215,0.23186558,0.0052063684,0.020521611,0.013976613,0.24039,0.049116116
ZJ020483,0.23298109,0.0037315197,0.21996917,0.424719,0.0011668416,0.063792184,0.004387061,0.04925309
ZJ020484,0.08309155,0.022925682,0.2315827,0.017036922,0.015658159,0.55098766,0.047378026,0.031339273
ZJ020485,0.30994022,0.24158476,0.16349405,0.010586683,0.041569486,0.008269215,0.14411236,0.0804432
ZJ020486,0.18022925,0.03594054,0.56999135,0.0019685717,0.034686983,0.03826957,0.13559373,0.0033200125
ZJ020487,0.30842155,0.07305883,0.07785172,0.20413935,0.22436191,0.061551098,0.036829527,0.013785929
ZJ020488,0.029672265,0.0015782202,0.17536278,0.37695736,0.07295639,0.026527472,0.003921831,0.31302372
ZJ020489,0.092016146,0.002677933,0.3967126,0.402161,0.015241389,0.037326053,0.0129318265,0.040932994
ZJ020490,0.13325009,0.071342364,0.38761187,0.00460206,0.048409116,0.13075416,0.2036179,0.02041247
ZJ020491,0.011264441,0.0038763839,0.032507215,0.003282967,0.0081585245,0.9137209,0.014788272,0.012401381
ZJ020492,0.08479862,0.34745216,0.1619919,0.024807235,0.0073623606,0.023005363,0.28927818,0.061304174
ZJ020493,0.13735579,0.5542725,0.114060245,0.028217275,0.014747164,0.046446934,0.07571046,0.02918966
ZJ020494,0.23935409,0.18594073,0.2313514,0.008829129,0.041541055,0.13699944,0.094165646,0.061818503
ZJ020495,0.07231959,0.2755883,0.16804995,0.0073360675,0.002804472,0.0172131,0.4512684,0.0054200953
ZJ020496,0.22057886,0.026005555,0.10096364,0.19552149,0.03781656,0.010703044,0.021130001,0.38728085
ZJ020497,0.08143691,0.0024466065,0.19919872,0.20973325,0.007743179,0.4662458,0.0070858076,0.026109727
ZJ020498,0.17626458,0.6363589,0.09121486,0.0020881642,0.013746979,0.020853018,0.055966783,0.0035066865
ZJ020499,0.013845406,0.007602927,0.01999937,0.0028214452,0.01253636,0.010715842,0.92294884,0.009529809
ZJ020500,0.17138846,0.020305183,0.1714371,0.007363796,0.018827273,0.12044014,0.40079838,0.089439616
ZJ020501,0.060485642,0.0052562836,0.22627959,0.34521288,0.023039544,0.007607429,0.006338948,0.32577974
ZJ020502,0.051726736,0.571452,0.11602316,0.014242166,0.0031783795,0.009788605,0.22576483,0.007824146
ZJ020503,0.11649425,0.30424163,0.23596187,0.009303804,0.023855599,0.078417756,0.21583067,0.015894437
ZJ020504,0.1656817,0.006378063,0.4499857,0.020730695,0.03661212,0.22403498,0.019888243,0.07668843
ZJ020505,0.37878886,0.013534288,0.42053324,0.0038524603,0.066511706,0.0821958,0.0192454,0.015338287
ZJ020506,0.0079693915,0.0064119757,0.031697664,0.0014973897,0.006950346,0.9352295,0.004512143,0.0057316427
ZJ020507,0.08262241,0.016921945,0.6132647,0.0013919596,0.019702297,0.13031965,0.12284858,0.012928494
ZJ020508,0.30293694,0.045320578,0.048802655,0.38461468,0.1642997,0.024878534,0.023038324,0.0061086225
ZJ020509,0.40020746,0.08206475,0.18437155,0.030191954,0.0358369,0.047782596,0.082819276,0.13672553
ZJ020510,0.1013299,0.0074154385,0.19338068,0.58175856,0.023684278,0.045506913,0.015911357,0.031012842
ZJ020511,0.10629513,0.019034974,0.44325602,0.0063150655,0.0028657739,0.029276557,0.29213625,0.100820266
ZJ020512,0.08615781,0.0115014585,0.050595526,0.0097143175,0.011570522,0.7539707,0.04419087,0.03229881
ZJ020513,0.13358384,0.2659753,0.10605141,0.13915008,0.010966447,0.0057483036,0.032703295,0.30582133
ZJ020514,0.2375641,0.14265208,0.18484168,0.020794908,0.0072970125,0.0033337355,0.27441013,0.12910634
ZJ020515,0.27973282,0.03786489,0.20083213,0.0071378746,0.02515406,0.024647096,0.4043998,0.02023132
ZJ020516,0.35936508,0.027722545,0.32946515,0.033808943,0.010740315,0.11041748,0.07112809,0.057352494
ZJ020517,0.08939741,0.035454635,0.3849758,0.01045725,0.03254576,0.092220254,0.330134,0.02481489
ZJ020518,0.31880367,0.10513093,0.16596375,0.009625711,0.08296792,0.07607226,0.1425475,0.09888822
ZJ020519,0.2200306,0.508427,0.031021144,0.027569389,0.027886938,0.010101161,0.10978158,0.065182224
ZJ020520,0.10835437,0.031131944,0.020852448,0.020235943,0.007667581,0.0060498426,0.793096,0.012611877
ZJ020521,0.42269003,0.023257421,0.15224166,0.01150825,0.009179133,0.023668144,0.33666608,0.020789277
ZJ020522,0.37982357,0.13467301,0.08536634,0.034532588,0.08264357,0.054002192,0.14618336,0.082775325
ZJ020523,0.06642323,0.027022697,0.2876148,0.00792234,0.017794626,0.07168414,0.5011396,0.020398531
ZJ020524,0.045809947,0.02763976,0.018371569,0.0020240764,0.007689791,0.85404253,0.027123777,0.017298583
ZJ020525,0.11383318,0.040552706,0.4283379,0.00092607713,0.16584025,0.015151386,0.20158315,0.033775285
ZJ020526,0.18913655,0.014114078,0.3514296,0.034797788,0.14659217,0.18628742,0.033985045,0.043657366
ZJ020527,0.057093572,0.8151451,0.02595276,0.028969184,0.008291259,0.015182214,0.020338407,0.029027555
ZJ020528,0.013970203,0.0056267874,0.037048664,0.008388257,0.0016706982,0.90772617,0.0129278675,0.012641363
ZJ020529,0.01810114,0.008416334,0.021638006,0.008978145,0.007870995,0.9012688,0.016646504,0.017080063
ZJ020530,0.28345165,0.009424437,0.03947813,0.007512796,0.013959304,0.005240193,0.6337268,0.007206675
ZJ020531,0.19316392,0.29656848,0.24066415,0.010003711,0.017502958,0.114466175,0.09362381,0.034006767
ZJ020532,0.043080606,0.726105,0.04088278,0.012555114,0.00852932,0.009399505,0.051642936,0.10780481
ZJ020533,0.051139932,0.013742562,0.07651176,0.3091271,0.025245856,0.010834486,0.009968046,0.50343025
ZJ020534,0.3786994,0.04301695,0.051696874,0.17334507,0.2659602,0.036225997,0.046952914,0.0041026073
ZJ020535,0.16712634,0.013032264,0.15474439,0.08183414,0.34859386,0.13661964,0.032237504,0.06581187
ZJ020536,0.12749054,0.0029160636,0.21042535,0.25805882,0.013492809,0.32576585,0.008189551,0.053661056
ZJ020537,0.1324343,0.02222195,0.07856003,0.012991507,0.00884996,0.020420253,0.69639474,0.028127313
ZJ020538,0.18600799,0.055636156,0.2632655,0.015457674,0.015703376,0.041931827,0.40501958,0.016977927
ZJ020539,0.042838633,0.056970686,0.25125745,0.003986208,0.0074098646,0.5215559,0.10300451,0.012976848
ZJ020540,0.09196358,0.0051200544,0.39516038,0.021561641,0.000899825,0.00855573,0.009377356,0.4673614
ZJ020541,0.18732229,0.06990505,0.1785057,0.011981494,0.011415624,0.009794527,0.50762933,0.023445938
ZJ020542,0.08411059,0.012273866,0.3809886,0.11505181,0.0798531,0.098386355,0.060913756,0.16842191
ZJ020543,0.11086711,0.05811344,0.0150893135,0.6280477,0.061464135,0.06320037,0.05733255,0.0058853477
ZJ020544,0.122759946,0.24737626,0.1956171,0.012022356,0.0073886556,0.05313081,0.254693,0.107011884
ZJ020545,0.1580865,0.017651558,0.16963363,0.0072737318,0.020751817,0.027633082,0.58760893,0.011360784
ZJ020546,0.24707322,0.03281368,0.053401805,0.28187707,0.26568127,0.037711006,0.052115478,0.029326504
ZJ020547,0.76747596,0.02693021,0.04441886,0.010958682,0.01938884,0.022313409,0.08863354,0.019880516
ZJ020548,0.18054412,0.018784577,0.077634126,0.21220174,0.033787798,0.029919095,0.037615456,0.40951312
ZJ020549,0.29479477,0.06021347,0.2310016,0.08409395,0.011766703,0.07837905,0.19041178,0.049338665
ZJ020550,0.050672103,0.01461862,0.36814395,0.033579692,0.007838903,0.016561443,0.425666,0.08291924
ZJ020551,0.21028642,0.26161754,0.10415028,0.0429462,0.029995829,0.034994546,0.2107852,0.10522401
ZJ020552,0.776722,0.0015613677,0.12272258,0.021855075,0.009335889,0.008882407,0.008447536,0.050473068
ZJ020553,0.31265783,0.12482993,0.21966256,0.012933103,0.065105475,0.017778428,0.17377503,0.0732576
ZJ020554,0.18070757,0.11777637,0.29182982,0.011597891,0.0033115074,0.015912637,0.3628328,0.016031377
ZJ020555,0.40755647,0.033437267,0.22813648,0.009015278,0.010496778,0.040004462,0.24569033,0.025662934
ZJ020556,0.5234669,0.04542952,0.09760555,0.015735641,0.017473217,0.03062437,0.21225384,0.05741097
ZJ020557,0.09193716,0.030638346,0.23853931,0.027728911,0.04074715,0.49373987,0.04334758,0.033321682
ZJ020558,0.07120266,0.019445332,0.09813982,0.47658357,0.062471062,0.029508365,0.0285769,0.21407229
ZJ020559,0.32806864,0.034594987,0.15951589,0.01869752,0.019811567,0.06087983,0.3461439,0.03228763
ZJ020560,0.3583601,0.07062448,0.14008437,0.030705119,0.21233143,0.037427153,0.10503394,0.04543331
ZJ020561,0.37097278,0.017810816,0.09239958,0.0050306562,0.0046853446,0.0081768725,0.4927497,0.008174199
ZJ020562,0.121118,0.0139776375,0.55625767,0.0808641,0.05860957,0.06417393,0.026374474,0.07862462
ZJ020563,0.25504726,0.059416786,0.24376425,0.042575482,0.017349018,0.05418558,0.083914764,0.24374682
ZJ020564,0.31701502,0.08007427,0.13831455,0.09159736,0.24688762,0.09272202,0.019906797,0.013482424
ZJ020565,0.06983872,0.01001626,0.39552602,0.09789635,0.05908826,0.06172208,0.05053206,0.25538018
ZJ020566,0.18610324,0.006859956,0.1385719,0.014879604,0.33500665,0.26791558,0.01397172,0.036691286
ZJ020567,0.079598516,0.67679787,0.025959807,0.012741261,0.022184817,0.01799432,0.13636705,0.028356355
ZJ020568,0.3360295,0.11545455,0.13586259,0.015321447,0.23214835,0.026060998,0.08818083,0.050941713
ZJ020569,0.3349911,0.18073855,0.111416675,0.031504534,0.06304132,0.07118672,0.16676514,0.04035595
ZJ020570,0.21338762,0.116601825,0.07210068,0.2275192,0.1973272,0.11237091,0.04470519,0.015987348
ZJ020571,0.2458128,0.051485132,0.07604789,0.2539642,0.25361076,0.039426904,0.069284186,0.01036813
ZJ020572,0.3054383,0.0026028452,0.096454285,0.45288128,0.022597035,0.056427654,0.009485004,0.054113604
ZJ020573,0.024759945,0.006825521,0.24196634,0.0017608942,0.07339645,0.1384639,0.50954175,0.003285205
ZJ020574,0.1769183,0.022363106,0.034918644,0.39561105,0.01668789,0.0067757154,0.021186253,0.32553905
ZJ020575,0.09463789,0.005289307,0.08748822,0.0021654454,0.7133974,0.002140287,0.07836155,0.016519828
ZJ020576,0.2723346,0.082839765,0.109818615,0.022798087,0.03163724,0.068785235,0.34796977,0.06381668
ZJ020577,0.07479302,0.0042733243,0.065556675,0.006960521,0.0025513594,0.027466437,0.7824514,0.03594724
ZJ020578,0.21114103,0.23114966,0.14133437,0.0065833963,0.0070554274,0.014094049,0.28516388,0.1034782
ZJ020579,0.30797473,0.14453009,0.20246018,0.011861235,0.009490583,0.02161787,0.19570555,0.10635977
ZJ020580,0.22295627,0.09646086,0.22150996,0.02665534,0.112896204,0.06793137,0.13183832,0.11975167
ZJ020581,0.43809932,0.012601068,0.35231155,0.003213058,0.051512875,0.09033232,0.03396272,0.017967021
ZJ020582,0.14248872,0.03767762,0.36961955,0.018658858,0.05863335,0.044947267,0.31112996,0.016844653
ZJ020583,0.29967424,0.008557761,0.042932473,0.0021107155,0.6094378,0.007909971,0.024726084,0.0046509225
ZJ020584,0.37958255,0.05292485,0.058721792,0.2858869,0.051623944,0.017101822,0.057328634,0.09682949
ZJ020585,0.021722814,0.0072544734,0.73135304,0.00017365819,0.017189149,0.007374645,0.20538919,0.009543094
ZJ020586,0.045993928,0.029472718,0.116461694,0.009610487,0.009213448,0.688615,0.074467234,0.026165448
ZJ020587,0.029281773,0.009501548,0.032169078,0.0110048745,0.009366203,0.8618241,0.025030503,0.02182189
ZJ020588,0.036935035,0.017041488,0.47604522,0.01395244,0.0040653506,0.38291588,0.025635062,0.04340957
ZJ020589,0.23721398,0.02965135,0.24687971,0.0027996378,0.11413811,0.015904875,0.340535,0.012877291
ZJ020590,0.0135033885,0.012295483,0.082925215,0.004918426,0.20962238,0.6513849,0.011664335,0.0136859175
ZJ020591,0.16539289,0.17772675,0.25692028,0.009380269,0.03333559,0.0069291713,0.11249228,0.23782279
ZJ020592,0.5620316,0.020785157,0.26639894,0.0038549537,0.020109128,0.042841803,0.055694386,0.028283922
ZJ020593,0.11851769,0.02109026,0.058598466,0.014957679,0.012933767,0.6552484,0.059982527,0.05867119
ZJ020594,0.09054856,0.08962728,0.62249374,0.0038528545,0.0020448149,0.032673817,0.15545002,0.0033089367
ZJ020595,0.019037077,0.008753719,0.014742083,0.003999209,0.017523084,0.9166866,0.016495103,0.0027631442
ZJ020596,0.20118675,0.60928476,0.066637866,0.010231221,0.003764447,0.028891876,0.0728741,0.0071291043
ZJ020597,0.046898533,0.032066047,0.1114557,0.054616112,0.02054274,0.712051,0.017282397,0.0050874334
ZJ020598,0.04708962,0.009603985,0.24499494,0.23739575,0.007940434,0.015270302,0.004434206,0.43327078
ZJ020599,0.21775897,0.056836426,0.12008645,0.004515222,0.018876102,0.07558235,0.4521399,0.05420457
ZJ020600,0.8469438,0.0029964878,0.027388064,0.08807257,0.0073636863,0.007628469,0.012247415,0.007359501
ZJ020601,0.08498248,0.098382846,0.10618637,0.18867813,0.010298729,0.009088982,0.035877366,0.46650508
ZJ020602,0.16682677,0.33954012,0.08873394,0.0127557935,0.015090709,0.031587884,0.32880142,0.016663399
ZJ020603,0.30007592,0.036738805,0.3703104,0.017731553,0.0063873185,0.020506809,0.15021841,0.09803084
ZJ020604,0.011458911,0.0038753466,0.03917095,0.0057765525,0.0019668734,0.9064835,0.012384684,0.018883202
ZJ020605,0.5754021,0.013398027,0.22866936,0.010813045,0.0050010714,0.036100812,0.09804714,0.03256845
ZJ020606,0.34931678,0.13952294,0.105217025,0.0284128,0.10311246,0.057668358,0.13891943,0.07783024
ZJ020607,0.032809,0.038666837,0.5228731,0.0021097313,0.049970698,0.069743134,0.2697839,0.014043574
ZJ020608,0.1592665,0.04437144,0.30236936,0.010932367,0.028015362,0.083650954,0.36204723,0.009346793
ZJ020609,0.007155775,0.006660358,0.010500466,0.008062783,0.0071319933,0.9478207,0.0073162396,0.0053516836
ZJ020610,0.21156603,0.1660017,0.22056907,0.017050982,0.019036885,0.0119230505,0.33034208,0.023510167
ZJ020611,0.01953737,0.008687702,0.008620944,0.02412399,0.0017025613,0.9210337,0.01320304,0.0030906599
ZJ020612,0.15883034,0.08998283,0.26024273,0.0067616836,0.06325058,0.11465147,0.16203398,0.1442464
ZJ020613,0.35684156,0.04379697,0.3571564,0.012772698,0.04741709,0.022859987,0.06767884,0.09147649
ZJ020614,0.042066954,0.024110997,0.19273086,0.020791478,0.01618932,0.63775843,0.02447607,0.04187587
ZJ020615,0.10981286,0.07584469,0.2621018,0.20437245,0.087614655,0.046844114,0.028164268,0.18524517
ZJ020616,0.19334994,0.04760785,0.16360033,0.22861272,0.023945207,0.027701272,0.03775002,0.27743262
ZJ020617,0.30624527,0.42222205,0.08649851,0.01888994,0.016644184,0.01417563,0.100281775,0.035042647
ZJ020618,0.011063241,0.008362533,0.06819562,0.0053417217,0.018852396,0.8612459,0.017123666,0.0098149935
ZJ020619,0.2954357,0.11179006,0.28191066,0.0017846032,0.041902833,0.039906807,0.08459671,0.14267261
ZJ020620,0.014652678,0.0022061425,0.009604637,0.0025216478,0.0019347613,0.010450516,0.94788873,0.010740874
ZJ020621,0.10456255,0.0378538,0.033099815,0.029286368,0.13318196,0.010236626,0.5621695,0.08960928
ZJ020622,0.26582488,0.09452349,0.16164762,0.0074824034,0.0015928095,0.044672687,0.35935768,0.0648984
ZJ020623,0.19182664,0.18682778,0.1322059,0.18345432,0.002405582,0.00998828,0.022982989,0.27030846
ZJ020624,0.025918914,0.0320497,0.03395302,0.0067069037,0.007846091,0.81734234,0.029968068,0.04621497
ZJ020625,0.08802603,0.08342757,0.2643622,0.21891442,0.23515835,0.027610758,0.016674858,0.06582586
ZJ020626,0.11484082,0.22726971,0.27493152,0.034066796,0.007891817,0.017918834,0.20243424,0.12064621
ZJ020627,0.30014688,0.13146716,0.16092815,0.029382244,0.1384807,0.07846681,0.09099152,0.07013653
ZJ020628,0.08205262,0.08788824,0.1438796,0.018156072,0.02070104,0.059406444,0.5064721,0.081443876
ZJ020629,0.3608694,0.10183586,0.235827,0.014534216,0.029939305,0.02204973,0.22283775,0.012106734
ZJ020630,0.10038773,0.72987354,0.03145118,0.013275054,0.0064875064,0.011342457,0.081560075,0.02562249
ZJ020631,0.093603425,0.64783704,0.10401409,0.0039497833,0.015574283,0.06397906,0.06239821,0.008644168
ZJ020632,0.047998108,0.016213523,0.18263166,0.009188743,0.010228967,0.6394357,0.06442474,0.029878624
ZJ020633,0.025976023,0.020376414,0.01237066,0.0032220175,0.0020912976,0.8539839,0.06343631,0.018543351
ZJ020634,0.08206646,0.0070581883,0.42831716,0.14571731,0.06396362,0.07373196,0.058804266,0.14034101
ZJ020635,0.33146396,0.028012753,0.3645951,0.036444284,0.013956259,0.013579671,0.047801025,0.16414693
ZJ020636,0.11649361,0.045705557,0.3986753,0.015839906,0.008106186,0.04558463,0.33197054,0.037624292
ZJ020637,0.13557073,0.019339727,0.24093363,0.04546682,0.012224016,0.035328746,0.026668368,0.484468
ZJ020638,0.29653692,0.24549563,0.14931296,0.009317076,0.020484302,0.007753165,0.18904343,0.082056515
ZJ020639,0.15684798,0.5404922,0.07484644,0.020687511,0.010362995,0.021710232,0.098565064,0.07648755
ZJ020640,0.31131276,0.043996323,0.0789964,0.3711799,0.11283943,0.014572244,0.038099,0.029003927
ZJ020641,0.15752874,0.11054082,0.5160176,0.007260219,0.0043605887,0.010624894,0.15374644,0.039920703
ZJ020642,0.4927034,0.06235541,0.05764465,0.033106435,0.03236491,0.056490164,0.22541946,0.039915614
ZJ020643,0.08154902,0.030464983,0.37706995,0.09332899,0.010133219,0.03870493,0.27187678,0.09687209
ZJ020644,0.35446766,0.11696679,0.11083964,0.011333495,0.2659283,0.03924603,0.08562208,0.0155960005
ZJ020645,0.16100398,0.19365662,0.2142578,0.0041430187,0.00742994,0.036132902,0.3757362,0.007639526
ZJ020646,0.27400824,0.07160408,0.087602064,0.081543714,0.34613043,0.09529287,0.031067554,0.012751035
ZJ020647,0.053798407,0.0036653145,0.4448901,0.23515578,0.022247553,0.043143418,0.013551374,0.18354799
ZJ020648,0.023987766,0.51224136,0.374673,0.017438497,0.00051947724,0.004823156,0.058589242,0.0077275126
ZJ020649,0.19119011,0.22667475,0.18536016,0.006001484,0.00539768,0.035216168,0.29430923,0.05585042
ZJ020650,0.7826799,0.009295999,0.033645287,0.015427223,0.092589855,0.020927088,0.028959757,0.016474953
ZJ020651,0.02849192,0.8999723,0.014307476,0.005669838,0.011174443,0.013150637,0.013804483,0.013428874
ZJ020652,0.11779587,0.4358767,0.18036652,0.003405315,0.020063927,0.03178075,0.17060941,0.040101543
ZJ020653,0.09044338,0.012445563,0.25449735,0.16839865,0.00870597,0.037260834,0.023047017,0.4052012
ZJ020654,0.2640556,0.19343881,0.13577725,0.028273473,0.004402049,0.023340514,0.09959297,0.25111935
ZJ020655,0.008491289,0.06628231,0.020116787,0.0043345517,0.0056440895,0.0116641475,0.87401694,0.009449841
ZJ020656,0.09785104,0.020596242,0.06069878,0.0063993386,0.2268322,0.023072198,0.49310514,0.07144511
ZJ020657,0.22196513,0.03604567,0.46193352,0.0062980005,0.02723172,0.09204854,0.10464799,0.049829442
ZJ020658,0.75898814,0.048561115,0.02995686,0.015380445,0.055392195,0.014804368,0.058514364,0.01840252
ZJ020659,0.40636122,0.032484967,0.108683966,0.0047871317,0.012311009,0.08296681,0.31481782,0.037587084
ZJ020660,0.22796541,0.2295662,0.20238131,0.012636742,0.07038126,0.03097472,0.10971373,0.116380684
ZJ020661,0.19138294,0.54168665,0.05744736,0.016357899,0.020556213,0.023738986,0.12219788,0.026632085
ZJ020662,0.031053916,0.0073347636,0.015775114,0.009051467,0.010280581,0.90387547,0.009667268,0.0129613485
ZJ020663,0.18261406,0.2940241,0.16916914,0.020442454,0.06707402,0.061618894,0.19417757,0.010879795
ZJ020664,0.13219336,0.012255211,0.47367483,0.043550394,0.03784273,0.034694772,0.023827551,0.24196114
ZJ020665,0.21401055,0.21654044,0.06410622,0.024704123,0.10534048,0.02610152,0.25376767,0.095429
ZJ020666,0.13442005,0.029381761,0.34588623,0.01768446,0.016066648,0.25959176,0.18228902,0.014680099
ZJ020667,0.05139939,0.11385857,0.71075183,0.005851316,0.0020600182,0.004740968,0.10085104,0.010486898
ZJ020668,0.09667409,0.0035660514,0.096934125,0.009218282,0.002010459,0.031271625,0.7348048,0.025520584
ZJ020669,0.07672452,0.07225477,0.10073205,0.14841628,0.01920094,0.026119383,0.03120951,0.5253426
ZJ020670,0.043852877,0.02724896,0.022140399,0.026096085,0.042387646,0.78616333,0.02420267,0.027907971
ZJ020671,0.23566392,0.12237745,0.2669042,0.0058816085,0.023472795,0.04679602,0.2821058,0.01679821
ZJ020672,0.026029479,0.021700526,0.030739171,0.018020872,0.024247162,0.82651144,0.01710441,0.035646845
ZJ020673,0.05893224,0.0062622116,0.3607719,0.1314333,0.07991752,0.19644195,0.0129842395,0.15325664
ZJ020674,0.22394542,0.06827714,0.3291908,0.0039922274,0.06434646,0.048628926,0.20077282,0.060846243
ZJ020675,0.25614625,0.1258501,0.3577538,0.004884006,0.038395807,0.0789892,0.12936,0.008620885
ZJ020676,0.12975287,0.01053105,0.33870593,0.20752306,0.0170854,0.13176058,0.016530717,0.14811039
ZJ020677,0.57338935,0.0173186,0.056201857,0.055348556,0.010400991,0.011393194,0.018344454,0.257603
ZJ020678,0.29057148,0.07177811,0.34612417,0.008526353,0.030496472,0.053323627,0.120173,0.079006806
ZJ020679,0.39377832,0.023062695,0.036095146,0.35397664,0.13683674,0.025856575,0.026993321,0.003400606
ZJ020680,0.62799144,0.007942371,0.06363422,0.044102427,0.09176195,0.04583797,0.025619544,0.093110025
ZJ020681,0.065272495,0.40613168,0.09610558,0.017267182,0.0058628544,0.07190152,0.31299654,0.024462167
ZJ020682,0.14890745,0.055041883,0.4129839,0.017680641,0.024135934,0.0680311,0.25858632,0.014632761
ZJ020683,0.05965924,0.03726189,0.123155646,0.38451383,0.026820373,0.014338344,0.012207849,0.3420428
ZJ020684,0.24691994,0.004291571,0.16092601,0.18423091,0.0011926738,0.06884945,0.012928369,0.32066107
ZJ020685,0.27459243,0.04237679,0.36424476,0.008031576,0.006771112,0.01640167,0.25207013,0.035511483
ZJ020686,0.11816396,0.7492527,0.0519842,0.004830193,0.01199141,0.008032384,0.03586948,0.019875737
ZJ020687,0.04050744,0.019891322,0.05919714,0.011793537,0.0042718947,0.7774689,0.058384348,0.028485434
ZJ020688,0.024856301,0.0606184,0.18241912,0.009428488,0.019027593,0.6913554,0.008119245,0.004175456
ZJ020689,0.22121006,0.040810514,0.07471751,0.39001638,0.15837337,0.056129646,0.05052555,0.008216934
ZJ020690,0.052782267,0.046379212,0.04325308,0.0017388274,0.01128692,0.76627046,0.06658229,0.011706992
ZJ020691,0.20347166,0.41851142,0.031342495,0.010537516,0.013067819,0.02970436,0.23542538,0.05793929
ZJ020692,0.13432819,0.021179415,0.13319078,0.28621012,0.025585564,0.03136119,0.024370287,0.34377447
ZJ020693,0.65894306,0.019831628,0.1470944,0.006289655,0.028573932,0.020448688,0.105104186,0.013714422
ZJ020694,0.2878529,0.15904221,0.08054589,0.050056152,0.06566324,0.09639291,0.14476258,0.11568415
ZJ020695,0.19024427,0.07384405,0.3352629,0.0116670495,0.07220045,0.11000901,0.16034035,0.046431944
ZJ020696,0.42160338,0.090793535,0.089263774,0.021379875,0.061121073,0.109396815,0.13959341,0.066848174
ZJ020697,0.10967813,0.0046211123,0.5543803,0.030167164,0.0003525088,0.01030221,0.009615613,0.28088295
ZJ020698,0.2685718,0.2774059,0.07059358,0.028494526,0.013979923,0.014177436,0.24780245,0.07897441
ZJ020699,0.20132005,0.06396721,0.32053316,0.010642651,0.02147074,0.10461243,0.26175627,0.015697466
ZJ020700,0.1901438,0.16588683,0.26694858,0.019148452,0.0070531988,0.017311972,0.062636,0.27087113
ZJ020701,0.03304625,0.014940037,0.035902698,0.013960833,0.011100843,0.8477757,0.026371647,0.016901962
ZJ020702,0.41435522,0.065435365,0.11262924,0.034081407,0.057860825,0.097545676,0.14331995,0.07477233
ZJ020703,0.34594858,0.04306986,0.06434986,0.1953761,0.26827046,0.036756597,0.039180852,0.007047726
ZJ020704,0.42139444,0.15696046,0.092349954,0.032818157,0.04431533,0.110601716,0.10920905,0.03235089
ZJ020705,0.4456572,0.10410173,0.14434512,0.02158196,0.048464306,0.047857493,0.15926851,0.028723685
ZJ020706,0.340722,0.009890035,0.3840475,0.010710467,0.09830014,0.0957263,0.03366912,0.026934512
ZJ020707,0.33037457,0.020671986,0.079288125,0.27478242,0.1958283,0.0518037,0.040625434,0.0066253883
ZJ020708,0.27051154,0.010562759,0.018962659,0.009375823,0.027650611,0.0086849155,0.62801576,0.026235951
ZJ020709,0.10900629,0.038233884,0.06843481,0.011438027,0.21857005,0.04042165,0.40065894,0.1132363
ZJ020710,0.024230393,0.0015905171,0.17653759,0.4938597,0.050915778,0.09667951,0.0056079705,0.15057854
ZJ020711,0.28957668,0.15932243,0.13385531,0.03657274,0.05831744,0.07960911,0.17663525,0.066111036
ZJ020712,0.15205057,0.04995798,0.18751632,0.23836143,0.036143064,0.07077327,0.049735025,0.21546236
ZJ020713,0.1201863,0.011913763,0.4866506,0.07768678,0.03503932,0.026938504,0.012541858,0.22904292
ZJ020714,0.44138694,0.04980596,0.12341438,0.030867144,0.031284653,0.039405208,0.10854261,0.17529309
ZJ020715,0.099406034,0.5572305,0.101978034,0.008860694,0.012636272,0.01808744,0.18810606,0.013694943
ZJ020716,0.397382,0.019730834,0.11377842,0.010556804,0.012192874,0.032452393,0.39829302,0.015613618
ZJ020717,0.23183933,0.048420824,0.11383071,0.06549714,0.12763971,0.017384574,0.31702656,0.078361094
ZJ020718,0.29280698,0.04231794,0.082265645,0.24846357,0.23143078,0.04971734,0.04366379,0.009333925
ZJ020719,0.3878633,0.11458024,0.09962088,0.027140962,0.06846376,0.04352893,0.21740258,0.04139927
ZJ020720,0.09059892,0.046193756,0.47577938,0.0069226488,0.046347547,0.03972658,0.25930956,0.035121612
ZJ020721,0.3578928,0.09847295,0.12467166,0.03217163,0.048374858,0.08650878,0.16174386,0.09016345
ZJ020722,0.05138439,0.01372396,0.14635791,0.013976481,0.011479522,0.65857995,0.060561888,0.043935895
ZJ020723,0.41889477,0.065024905,0.1032981,0.023005355,0.19107813,0.037456047,0.14185226,0.019390475
ZJ020724,0.08792042,0.015781512,0.5566694,0.117193714,0.088572994,0.065791205,0.008347726,0.059722934
ZJ020725,0.18249717,0.6652832,0.02105105,0.035708115,0.021363726,0.0089958785,0.01748393,0.04761686
ZJ020726,0.16231221,0.013668806,0.5883449,0.0030124565,0.0033271206,0.078091376,0.13450384,0.016739316
ZJ020727,0.07257022,0.009527134,0.060539793,0.014725969,0.013775223,0.734149,0.051142644,0.043570016
ZJ020728,0.13747798,0.04753834,0.3460156,0.04360308,0.07461221,0.08424994,0.05302355,0.21347924
ZJ020729,0.19541684,0.19320966,0.19357039,0.010738263,0.011549792,0.08592131,0.28148246,0.028111245
ZJ020730,0.17837861,0.01556581,0.10702899,0.016919384,0.024228076,0.0065777022,0.6072183,0.044083133
ZJ020731,0.10098009,0.018890955,0.17890188,0.55462396,0.0020446167,0.029393256,0.020902438,0.09426273
ZJ020732,0.20337842,0.11818955,0.26010054,0.01670588,0.02134189,0.09704666,0.21064323,0.0725938
ZJ020733,0.15984654,0.049080137,0.03889642,0.2809604,0.39342418,0.048856575,0.024485609,0.0044501075
ZJ020734,0.10119084,0.004498969,0.34110853,0.15452084,0.029068474,0.07827769,0.019531934,0.27180266
ZJ020735,0.01846926,0.010241243,0.034582965,0.013960216,0.015521884,0.87878954,0.014282064,0.014152782
ZJ020736,0.26342455,0.13803689,0.21144092,0.016314931,0.07086866,0.10528316,0.08349148,0.111139424
ZJ020737,0.32612842,0.045787368,0.09059961,0.17743215,0.27380326,0.049342703,0.030471869,0.0064345533
ZJ020738,0.36190838,0.21077429,0.08832054,0.019493287,0.0808321,0.12514454,0.07323555,0.040291287
ZJ020739,0.34897658,0.16666657,0.1842444,0.021762365,0.036374006,0.020131899,0.09887756,0.122966595
ZJ020740,0.32707044,0.036613468,0.15161413,0.017700847,0.023268592,0.042708475,0.3676088,0.033415258
ZJ020741,0.23734583,0.033074737,0.16349275,0.153337,0.20318466,0.07154906,0.09897344,0.039042503
ZJ020742,0.11612848,0.045114093,0.22857033,0.022089178,0.024293516,0.04101613,0.4563878,0.0664004
ZJ020743,0.060805224,0.011953528,0.43393546,0.042661376,0.14903244,0.08620956,0.011431516,0.20397088
ZJ020744,0.41993544,0.050587706,0.035464335,0.015401898,0.07570057,0.023261992,0.3250877,0.054560408
ZJ020745,0.24380405,0.08946156,0.29497126,0.0071596904,0.032709967,0.12754187,0.1722089,0.032142706
ZJ020746,0.099234186,0.054228786,0.035982065,0.02101848,0.023730455,0.010260459,0.6766537,0.07889186
ZJ020747,0.18582079,0.04850023,0.15951474,0.23322797,0.027337886,0.04876227,0.05019896,0.24663718
ZJ020748,0.029438118,0.8756629,0.0053715953,0.0072412104,0.05712541,0.0062690494,0.014884734,0.0040070117
ZJ020749,0.120059825,0.09351682,0.18167573,0.0081819175,0.05330012,0.28772,0.15784429,0.09770132
ZJ020750,0.12015444,0.16849127,0.093422346,0.0053228857,0.008496282,0.027299598,0.53055924,0.0462539
ZJ020751,0.40710208,0.059176154,0.2186267,0.025449753,0.095173724,0.055615153,0.10923558,0.029620906
ZJ020752,0.09351782,0.024595376,0.12034293,0.2704313,0.04849302,0.017600518,0.021448465,0.40357062
ZJ020753,0.3840976,0.094344094,0.073829725,0.047126774,0.013477784,0.019672317,0.29023382,0.07721787
ZJ020754,0.23548952,0.020321557,0.06293851,0.02210394,0.015574792,0.019552175,0.3602796,0.26374
ZJ020755,0.19003408,0.12560938,0.32652712,0.0023077526,0.031319782,0.09186734,0.1801588,0.05217575
ZJ020756,0.18254125,0.025766818,0.12205078,0.010980927,0.36699414,0.19058023,0.03979737,0.061288513
ZJ020757,0.01254306,0.010945788,0.046259023,0.008895331,0.004124316,0.02035631,0.8814843,0.01539187
ZJ020758,0.121585585,0.2000293,0.10309556,0.17721312,0.026561704,0.020432029,0.08520181,0.2658809
ZJ020759,0.25893167,0.18653224,0.13793941,0.010229112,0.021023065,0.057325464,0.15128116,0.17673784
ZJ020760,0.0381953,0.01215042,0.110001445,0.0087708775,0.008620063,0.74532145,0.043720752,0.03321969
ZJ020761,0.3862915,0.076939754,0.07424278,0.012766294,0.3211229,0.01566808,0.060436934,0.05253178
ZJ020762,0.093131274,0.1315432,0.17007598,0.054468974,0.23160231,0.20042923,0.08099402,0.03775498
ZJ020763,0.10881094,0.27815342,0.31120986,0.00780444,0.006262542,0.17219095,0.11174637,0.0038214994
ZJ020764,0.08139314,0.024309758,0.31715366,0.019941445,0.0070547457,0.012217417,0.47939184,0.05853794
ZJ020765,0.22878392,0.05549008,0.28006077,0.008270623,0.06919847,0.060614027,0.2675581,0.03002403
ZJ020766,0.36593023,0.040677022,0.03955848,0.30482244,0.19934915,0.022690656,0.022913128,0.004058897
ZJ020767,0.03749161,0.14522427,0.71508074,0.0073958463,0.001223173,0.011963172,0.06997304,0.011648109
ZJ020768,0.20461957,0.12859318,0.16601034,0.020161435,0.009871674,0.011915867,0.11911453,0.33971342
ZJ020769,0.09279029,0.0028076745,0.22612439,0.42139298,0.003725868,0.020524412,0.004293137,0.2283413
ZJ020770,0.07531732,0.8101633,0.022145087,0.0102599505,0.0066184634,0.0113930395,0.026064098,0.038038734
ZJ020771,0.1259526,0.042524125,0.123457685,0.39948058,0.014483817,0.044924125,0.032947216,0.2162299
ZJ020772,0.11019887,0.030691767,0.1030558,0.007942512,0.022691121,0.46949792,0.09165461,0.16426747
ZJ020773,0.15443225,0.02774868,0.23301886,0.007135184,0.027852206,0.07835891,0.24132082,0.23013306
ZJ020774,0.16319376,0.34937584,0.120433845,0.006274265,0.0371709,0.012571934,0.2960819,0.01489753
ZJ020775,0.11484541,0.01004573,0.21827221,0.3211406,0.010294701,0.011619904,0.0073592095,0.30642226
ZJ020776,0.15369472,0.00647733,0.1729285,0.4184662,0.01485046,0.013197957,0.0090086805,0.21137615
ZJ020777,0.18047577,0.10916556,0.3255006,0.0049227457,0.058677334,0.041086867,0.25797203,0.022199089
ZJ020778,0.17320052,0.0027487841,0.23279758,0.51248425,0.006536417,0.021058641,0.0066986214,0.04447513
ZJ020779,0.27502036,0.04470811,0.1304594,0.015792567,0.018270286,0.06449584,0.42939237,0.021861069
ZJ020780,0.02539692,0.9199081,0.01893142,0.009270362,0.0039306306,0.0036457917,0.01009223,0.008824532
ZJ020781,0.08508737,0.022021048,0.10368484,0.37591773,0.0089541245,0.0069769365,0.01580469,0.3815533
ZJ020782,0.097854346,0.012518612,0.38175648,0.024392823,0.0069535132,0.011143477,0.4319605,0.03342028
ZJ020783,0.305057,0.23085469,0.18954164,0.010436736,0.0638367,0.008802519,0.1404733,0.0509974
ZJ020784,0.37445042,0.05728859,0.19964921,0.0134017,0.036998004,0.10831275,0.18694955,0.022949735
ZJ020785,0.32861093,0.13075744,0.20035078,0.019922914,0.13810845,0.042319432,0.09087614,0.049053866
ZJ020786,0.1730934,0.47572783,0.09350457,0.00763418,0.11716888,0.032736376,0.046927042,0.053207725
ZJ020787,0.037195724,0.007543063,0.033501346,0.022002887,0.0091691,0.8377342,0.02182553,0.031028152
ZJ020788,0.1643518,0.041299466,0.14587598,0.22910711,0.08228267,0.03295355,0.04226872,0.26186067
ZJ020789,0.11549643,0.56308395,0.094418414,0.006513952,0.011573238,0.0037032524,0.102975026,0.10223574
ZJ020790,0.049780264,0.78120154,0.019290224,0.007999414,0.0668066,0.011430985,0.045451906,0.01803905
ZJ020791,0.27748105,0.32308245,0.21564673,0.00389382,0.018263653,0.06976142,0.08488551,0.0069853733
ZJ020792,0.15548149,0.1491022,0.2845642,0.07085245,0.002680452,0.09605052,0.16727014,0.07399856
ZJ020793,0.1948717,0.19776724,0.05501915,0.010649535,0.38090453,0.07366472,0.06558832,0.021534828
ZJ020794,0.27489775,0.016980408,0.3050965,0.0013748553,0.121973865,0.034687012,0.23815726,0.006832326
ZJ020795,0.1987321,0.5468055,0.10180613,0.0073989835,0.015361128,0.00830154,0.0998575,0.021737065
ZJ020796,0.40209785,0.05229687,0.15707804,0.0034224004,0.016225459,0.11377893,0.1881934,0.066906996
ZJ020797,0.091923684,0.013557231,0.5415298,0.10040272,0.087439306,0.071018495,0.027372893,0.066755876
ZJ020798,0.44424057,0.13087013,0.11167416,0.028003138,0.02000789,0.037967976,0.1516321,0.075604014
ZJ020799,0.5565028,0.0104236975,0.15749763,0.102133915,0.059452474,0.066684276,0.016797775,0.030507453
ZJ020800,0.7862971,0.0035918672,0.059640404,0.0059573413,0.07552711,0.03255746,0.010932853,0.025495918
ZJ020801,0.55198646,0.006112836,0.2050666,0.009288749,0.12415068,0.05582366,0.019401394,0.028169563
ZJ020802,0.02125564,0.00624025,0.021206705,0.012338907,0.006709205,0.89815533,0.019462468,0.0146315
ZJ020803,0.029167103,0.004838881,0.25788945,0.34875238,0.022358976,0.023443382,0.019246293,0.2943036
ZJ020804,0.07672833,0.033518214,0.12370339,0.3481231,0.02983054,0.028895874,0.024268676,0.33493182
ZJ020805,0.30325082,0.04450323,0.040619276,0.26072773,0.27297822,0.05211439,0.018622613,0.0071837506
ZJ020806,0.016823674,0.0067469487,0.015424056,0.010150336,0.0039708633,0.9154466,0.015510161,0.01592743
ZJ020807,0.1793049,0.019490661,0.24536057,0.3214782,0.007833949,0.05863121,0.019720988,0.14817959
ZJ020808,0.22068585,0.576828,0.04673677,0.014744394,0.023312781,0.02713735,0.08543794,0.0051168986
ZJ020809,0.38750368,0.08369665,0.16407786,0.019782,0.021816758,0.037530575,0.184684,0.10090851
ZJ020810,0.048064608,0.026442561,0.24502383,0.013927929,0.011586235,0.5259206,0.088079914,0.040954303
ZJ020811,0.07849208,0.076089375,0.3571913,0.005554263,0.086327225,0.20042357,0.12204317,0.073879056
ZJ020812,0.10317306,0.008254501,0.5182075,0.041913398,0.0007473087,0.013399087,0.0071260035,0.30717906
ZJ020813,0.41536856,0.026077744,0.30182478,0.005627506,0.052361764,0.029561961,0.087614626,0.08156304
ZJ020814,0.0719512,0.057314258,0.74341315,0.0053614294,0.0125594,0.047423694,0.056188907,0.0057879654
ZJ020815,0.044476118,0.057905074,0.21752658,0.003754196,0.36753696,0.24456279,0.048036944,0.016201345
ZJ020816,0.192938,0.06471938,0.21433446,0.0075089284,0.03253679,0.24861494,0.16086513,0.07848232
ZJ020817,0.25404942,0.09498728,0.21026322,0.0039535076,0.027826093,0.02660436,0.29762197,0.08469423
ZJ020818,0.10413343,0.00464009,0.119184636,0.2570617,0.014135053,0.0068251193,0.006851639,0.48716834
ZJ020819,0.30961165,0.19260345,0.08746501,0.028076928,0.06420735,0.10348108,0.14758565,0.066968866
ZJ020820,0.4309167,0.077595994,0.14418852,0.013239683,0.029785506,0.14150995,0.12362258,0.03914104
ZJ020821,0.38072067,0.056673042,0.15843551,0.0045086527,0.014634423,0.11894259,0.23055054,0.035534617
ZJ020822,0.37727484,0.16311286,0.17937152,0.00884014,0.05408329,0.010720791,0.10868845,0.0979081
ZJ020823,0.19147508,0.06259184,0.07999668,0.09161908,0.40596083,0.123341955,0.035701845,0.009312688
ZJ020824,0.30203277,0.20909514,0.10423189,0.013441575,0.20185381,0.026049485,0.10510194,0.03819338
ZJ020825,0.2647089,0.10811607,0.11581381,0.030613188,0.20522167,0.049408782,0.102462515,0.12365506
ZJ020826,0.10582989,0.010911718,0.45543647,0.098110415,0.08524433,0.15703225,0.022855911,0.06457905
ZJ020827,0.1622008,0.127306,0.4530885,0.0017753033,0.020165227,0.05626,0.12521277,0.05399142
ZJ020828,0.052522197,0.1752306,0.046073303,0.017067228,0.01891088,0.62020504,0.039346624,0.030644173
ZJ020829,0.03676224,0.20193109,0.2769759,0.0013626693,0.0057414942,0.3536046,0.09888499,0.024737043
ZJ020830,0.70495015,0.050734736,0.05356544,0.0151001075,0.00153296,0.055225767,0.10707596,0.011814898
ZJ020831,0.021546695,0.00971514,0.014437033,0.0022967497,0.013137112,0.91563714,0.020239031,0.0029910763
ZJ020832,0.1502083,0.073527895,0.12856223,0.2590167,0.0696858,0.06630534,0.04101782,0.21167588
ZJ020833,0.101924345,0.04802347,0.34859878,0.0068771783,0.037452918,0.016487021,0.41218653,0.028449748
ZJ020834,0.3424834,0.0075103333,0.34136787,0.0048128106,0.01133286,0.0068507916,0.26377755,0.021864457
ZJ020835,0.30181965,0.08240584,0.28816324,0.012018812,0.028211568,0.029510517,0.24445464,0.013415716
ZJ020836,0.21370949,0.07196221,0.29893,0.015301106,0.015394516,0.031609245,0.33397275,0.019120691
ZJ020837,0.23856044,0.15275782,0.18748584,0.010782642,0.016062768,0.036668625,0.27781278,0.07986905
ZJ020838,0.08261429,0.014369674,0.0911777,0.31114164,0.023991367,0.02007044,0.012428894,0.44420603
ZJ020839,0.11304913,0.18398322,0.05225369,0.006171159,0.010557402,0.052810226,0.55302334,0.028151846
ZJ020840,0.16709091,0.03242196,0.32562152,0.009532481,0.075181484,0.080458805,0.15645067,0.15324222
ZJ020841,0.83264136,0.003523775,0.03258352,0.04739462,0.011043932,0.00827822,0.014157384,0.05037723
ZJ020842,0.27218425,0.0879719,0.39976558,0.0018000216,0.015701964,0.031882532,0.15141016,0.039283615
ZJ020843,0.058594447,0.018406305,0.16276,0.21525656,0.18999314,0.010887577,0.007070268,0.33703178
ZJ020844,0.15834554,0.08326069,0.28536716,0.013569049,0.016982537,0.101910114,0.32134983,0.019215066
ZJ020845,0.071798526,0.2115529,0.1730143,0.022121813,0.17483808,0.19024003,0.1326022,0.023832146
ZJ020846,0.03922905,0.0119636785,0.056275573,0.006764197,0.006475286,0.017571403,0.8427149,0.019005902
ZJ020847,0.13369161,0.39829352,0.29099798,0.008455337,0.011470322,0.046751715,0.093501866,0.016837608
ZJ020848,0.31403503,0.19263929,0.2016079,0.021393407,0.005486522,0.15549651,0.09524915,0.014092189
ZJ020849,0.0429953,0.86495614,0.038683325,0.003742388,0.0037102138,0.010679251,0.02420311,0.011030297
ZJ020850,0.19315013,0.04916644,0.16932823,0.0049366523,0.11910038,0.06199462,0.31623995,0.0860836
ZJ020851,0.12891734,0.60464126,0.108692646,0.011158242,0.006120959,0.02583765,0.089421615,0.025210306
ZJ020852,0.13540962,0.06522798,0.37638947,0.057983138,0.007812647,0.013608023,0.09846651,0.24510252
ZJ020853,0.10533975,0.08344733,0.6508842,0.0045634876,0.0018695653,0.011108972,0.13470948,0.008077142
ZJ020854,0.021515692,0.008760063,0.032089386,0.007399315,0.008016645,0.88787514,0.019553594,0.014790168
ZJ020855,0.10199397,0.0035096048,0.7268286,0.015540166,0.002049896,0.016844604,0.0026726995,0.1305605
ZJ020856,0.33153817,0.052708615,0.071136825,0.1780379,0.29143673,0.03280648,0.035254754,0.007080541
ZJ020857,0.05939232,0.8044625,0.022650061,0.011275857,0.023685945,0.027882863,0.047463275,0.0031871991
ZJ020858,0.2377894,0.0047364715,0.3158017,0.25905097,0.072530486,0.038326442,0.0130587,0.058705814
ZJ020859,0.6855042,0.025848085,0.053510547,0.045241628,0.03018196,0.02290833,0.01697973,0.11982546
ZJ020860,0.17263837,0.004203648,0.67965055,0.013503274,0.0018236978,0.03156668,0.0045206225,0.09209317
ZJ020861,0.11718971,0.0030253462,0.21791956,0.56555027,0.009385241,0.03819482,0.008064566,0.040670484
ZJ020862,0.13266444,0.029838905,0.07456699,0.09881291,0.028076017,0.5338544,0.07210006,0.03008633
ZJ020863,0.14593884,0.005918876,0.1808,0.24844171,0.0108227385,0.024412088,0.008905785,0.37475994
ZJ020864,0.38463813,0.09459551,0.3374646,0.002846508,0.01856626,0.07084523,0.0806373,0.010406382
ZJ020865,0.3382635,0.18101276,0.06285263,0.040299926,0.0357395,0.0407184,0.22512633,0.07598698
ZJ020866,0.17491214,0.12610899,0.36284488,0.00206792,0.02450558,0.06498137,0.15453142,0.09004767
ZJ020867,0.011224781,0.0059274016,0.059415404,0.0038776111,0.016474197,0.8811989,0.012701094,0.009180698
ZJ020868,0.19370225,0.02739515,0.35766083,0.014107522,0.0035551218,0.17572105,0.13190562,0.09595246
ZJ020869,0.38456395,0.024029164,0.08184085,0.10025079,0.012964727,0.011035627,0.02823395,0.3570809
ZJ020870,0.22188759,0.31532544,0.05977645,0.035694093,0.03919389,0.05839631,0.21579985,0.053926393
ZJ020871,0.31036717,0.23931703,0.10544249,0.006034492,0.058141805,0.040254753,0.087068625,0.15337363
ZJ020872,0.100559935,0.039750356,0.19745867,0.023159742,0.007140878,0.035280127,0.5759737,0.02067653
ZJ020873,0.066486284,0.010241908,0.056927275,0.013088798,0.01833984,0.7660728,0.03385708,0.034985993
ZJ020874,0.4491501,0.061972067,0.1260109,0.027599009,0.14048803,0.010275239,0.14813109,0.036373578
ZJ020875,0.3400495,0.026150685,0.026870428,0.009411544,0.026591087,0.013070199,0.5470663,0.010790279
ZJ020876,0.14749107,0.024981344,0.30526367,0.0023097065,0.21523508,0.031079352,0.2585294,0.015110371
ZJ020877,0.42040357,0.041749448,0.20242436,0.04157101,0.018556226,0.03407954,0.113109134,0.12810677
ZJ020878,0.48015508,0.017506849,0.22955479,0.044900823,0.045922227,0.0017371982,0.1475184,0.03270462
ZJ020879,0.07826968,0.004347956,0.2929357,0.41901872,0.0009301778,0.032134645,0.0054202816,0.16694285
ZJ020880,0.36330634,0.053294692,0.14482476,0.013970363,0.023200054,0.08986479,0.25027135,0.061267648
ZJ020881,0.44294754,0.018649926,0.31455213,0.053982466,0.02998672,0.002041462,0.11396733,0.023872366
ZJ020882,0.12034202,0.00586509,0.165316,0.2601818,0.070559904,0.012243599,0.00878003,0.3567115
ZJ020883,0.22579096,0.18026364,0.20982157,0.050882455,0.033848617,0.07680773,0.103571154,0.119013906
ZJ020884,0.25185075,0.1568356,0.09418475,0.050723,0.06796469,0.08972061,0.16156715,0.12715346
ZJ020885,0.6505153,0.03880179,0.043681283,0.06645556,0.101610824,0.049199626,0.043069024,0.0066665653
ZJ020886,0.12920329,0.024411846,0.3575667,0.014893685,0.029911933,0.35615015,0.05931122,0.02855117
ZJ020887,0.076079085,0.1735882,0.21245469,0.005421498,0.0007840477,0.04723191,0.4126894,0.07175124
ZJ020888,0.06256101,0.33496994,0.061321586,0.009300081,0.04922062,0.33996937,0.061907817,0.080749564
ZJ020889,0.23608285,0.0038527339,0.08190033,0.013057398,0.5489037,0.070650585,0.018569984,0.026982382
ZJ020890,0.32963175,0.03516261,0.42021793,0.00415933,0.0057795686,0.06357231,0.1102904,0.031186167
ZJ020891,0.1318572,0.6433174,0.08556533,0.014464729,0.011009995,0.029523442,0.0569238,0.027338102
ZJ020892,0.0104968,0.018007297,0.25686863,0.00056864246,0.0064925714,0.66055036,0.033445768,0.013569889
ZJ020893,0.061054848,0.01379035,0.015160977,0.024163958,0.04649086,0.018958367,0.7791135,0.041267138
ZJ020894,0.044677746,0.0074334075,0.13807166,0.19882964,0.0015794327,0.0038523774,0.006032352,0.59952337
ZJ020895,0.07777895,0.024863051,0.15108326,0.34185898,0.04421161,0.16007352,0.0312855,0.16884513
ZJ020896,0.25518656,0.09090858,0.19603111,0.01289343,0.071430616,0.029641768,0.14815426,0.19575362
ZJ020897,0.23814182,0.21696924,0.11037871,0.09590727,0.026570331,0.024279302,0.11251505,0.17523828
ZJ020898,0.035730362,0.015142122,0.15637031,0.0142166605,0.03172041,0.69819117,0.029473947,0.019155007
ZJ020899,0.09158616,0.006873392,0.49168545,0.035965636,0.088319525,0.02255658,0.011358968,0.25165433
ZJ020900,0.08606832,0.33700752,0.027008722,0.009642743,0.0037821254,0.080208085,0.43365547,0.022626953
ZJ020901,0.16296653,0.17799564,0.07962622,0.016232813,0.014519656,0.02519143,0.5004147,0.023052935
ZJ020902,0.08256217,0.0029128455,0.17955676,0.53933173,0.0025859878,0.011738549,0.0044999565,0.17681205
ZJ020903,0.34269655,0.09131505,0.21704696,0.020909358,0.014160079,0.13144764,0.16993384,0.012490485
ZJ020904,0.19247216,0.037319634,0.0952791,0.21789232,0.03713766,0.013093537,0.01746152,0.38934407
ZJ020905,0.22142808,0.4121333,0.049750354,0.023880502,0.031771906,0.027731247,0.16841047,0.064894095
ZJ020906,0.081765875,0.010502293,0.44578883,0.06504405,0.07484358,0.02881873,0.010127129,0.28310952
ZJ020907,0.3031142,0.034871887,0.31286734,0.024903936,0.0062803808,0.02908321,0.24214467,0.04673433
ZJ020908,0.22953881,0.053768504,0.19089253,0.16333844,0.026740866,0.023496294,0.056259558,0.255965
ZJ020909,0.29143414,0.0025113563,0.15115216,0.32234272,0.004100065,0.023136282,0.024684988,0.18063828
ZJ020910,0.023160648,0.0062330463,0.012144473,0.016166767,0.03508232,0.0047126818,0.85078114,0.051718947
ZJ020911,0.13883829,0.06417114,0.2272972,0.004463689,0.040988334,0.020477075,0.4963459,0.007418338
ZJ020912,0.43036717,0.0166549,0.12686165,0.0049972087,0.17930724,0.12001877,0.107859775,0.013933336
ZJ020913,0.015394331,0.005573632,0.05960142,0.0071558123,0.0027694213,0.86622554,0.018426659,0.024853235
ZJ020914,0.4374975,0.044854823,0.14410388,0.0076022167,0.039607383,0.033470914,0.24574362,0.047119725
ZJ020915,0.29758316,0.007342125,0.06317073,0.01103342,0.010441352,0.020875093,0.57833904,0.011215062
ZJ020916,0.40834725,0.037434965,0.19263771,0.013205083,0.029228093,0.04842909,0.2256532,0.045064572
ZJ020917,0.22656909,0.10427953,0.11715308,0.023096777,0.24348252,0.03610007,0.21273509,0.036583822
ZJ020918,0.17294028,0.680436,0.026832432,0.012330536,0.040208172,0.014046609,0.028523719,0.02468224
ZJ020919,0.091487706,0.006630374,0.023030672,0.005828582,0.0015341163,0.008762698,0.857074,0.0056518377
ZJ020920,0.064306274,0.050807137,0.23388141,0.3330625,0.20228867,0.018092753,0.014455808,0.08310542
ZJ020921,0.053127244,0.27553633,0.18341199,0.03224089,0.20884012,0.07799218,0.09492636,0.07392488
ZJ020922,0.33530596,0.133081,0.2590141,0.014268744,0.048861858,0.03269665,0.12803899,0.0487327
ZJ020923,0.029038535,0.014844364,0.102069,0.01010393,0.022286367,0.7700446,0.03008419,0.021528983
ZJ020924,0.0363021,0.03262928,0.52931076,0.0030789815,0.073989026,0.070957996,0.23582865,0.01790317
ZJ020925,0.26509514,0.050203364,0.2820834,0.009042211,0.043474305,0.09476209,0.14542152,0.10991805
ZJ020926,0.5301047,0.0046991357,0.15806669,0.0049588624,0.14377381,0.067262575,0.06605417,0.025080098
ZJ020927,0.3059855,0.18038349,0.17051134,0.055833213,0.13304906,0.018626086,0.05130504,0.08430628
ZJ020928,0.028199598,0.009938656,0.03382214,0.00845653,0.009943464,0.8770573,0.022231707,0.010350583
ZJ020929,0.119984195,0.03767179,0.20937523,0.020905858,0.021959696,0.43420517,0.021710668,0.13418736
ZJ020930,0.058369156,0.0748802,0.7708568,0.004751173,0.0019446763,0.025737932,0.056115646,0.0073443423
ZJ020931,0.16507427,0.48306715,0.11118152,0.01588751,0.006228597,0.0527622,0.06837772,0.09742102
ZJ020932,0.2610322,0.12607877,0.20562498,0.008778004,0.030023746,0.061506044,0.23439981,0.07255642
ZJ020933,0.20045161,0.0073928745,0.2046634,0.32047346,0.010832939,0.22144179,0.012690505,0.022053456
ZJ020934,0.6813803,0.0028069695,0.022231894,0.006113236,0.24369064,0.027238483,0.010796315,0.0057421913
ZJ020935,0.05973358,0.009446174,0.24335796,0.18995781,0.007437502,0.0992696,0.016750934,0.3740465
ZJ020936,0.12048038,0.009663364,0.56365424,0.009100338,0.013073302,0.024318468,0.20559785,0.05411202
ZJ020937,0.11772405,0.151446,0.06922196,0.170655,0.020938175,0.011079726,0.032207496,0.42672762
ZJ020938,0.15434879,0.12366142,0.16238385,0.02199342,0.008500603,0.012827327,0.339333,0.17695159
ZJ020939,0.15463468,0.0052110287,0.12076105,0.36429152,0.00737184,0.008541034,0.013174356,0.32601446
ZJ020940,0.4446337,0.014186401,0.13817729,0.012212989,0.061089594,0.16520959,0.11427952,0.050210956
ZJ020941,0.09218067,0.34433064,0.19631019,0.015107438,0.006827871,0.004844491,0.3273536,0.013045112
ZJ020942,0.05952513,0.009674704,0.18367922,0.0053532054,0.0018776184,0.089348555,0.6301865,0.020355107
ZJ020943,0.84095216,0.0058436655,0.023935482,0.0020601081,0.0111706,0.003749642,0.1058117,0.0064766495
ZJ020944,0.26436436,0.06878016,0.10005234,0.09093507,0.35377952,0.073209375,0.03101017,0.017869037
ZJ020945,0.3642747,0.035919428,0.14101784,0.0140280025,0.032292087,0.08918665,0.29105788,0.032223456
ZJ020946,0.42181712,0.04251389,0.08495682,0.014546737,0.3025906,0.03426678,0.070898056,0.028410053
ZJ020947,0.16983399,0.3135837,0.1993189,0.010826125,0.030366758,0.029092334,0.23666686,0.010311359
ZJ020948,0.30023056,0.06522204,0.07507536,0.012891233,0.025861269,0.12382046,0.33867472,0.05822431
ZJ020949,0.08836594,0.016459072,0.17271325,0.31569776,0.02905479,0.25172186,0.019069493,0.10691787
ZJ020950,0.17815997,0.32806978,0.12218731,0.005853692,0.0036278814,0.024749879,0.2598927,0.07745882
ZJ020951,0.04248695,0.02288068,0.18637915,0.013363007,0.028210435,0.6389925,0.037822623,0.029864674
