id,antelope_duiker,bird,blank,civet_genet,hog,leopard,monkey_prosimian,rodent
ZJ016488,0.07933122,0.0322141,0.3198391,0.1432221,0.0014228446,0.3433519,0.0058484436,0.07477039
ZJ016489,0.50619054,0.30260766,0.046809398,0.04167355,0.036263425,0.0017233626,0.038798492,0.025933558
ZJ016490,0.5017322,0.027475657,0.05960898,0.2654781,0.12760055,0.002246731,0.0065827956,0.009275056
ZJ016491,0.0004667615,0.00076195155,0.0027900196,0.0001853331,0.00063263194,0.9940748,0.00038794996,0.00070055114
ZJ016492,0.2601474,0.024744997,0.03255233,0.11150185,0.011835221,0.0011296932,0.27083704,0.28725144
ZJ016493,0.3319725,0.2861806,0.14534438,0.00095874164,0.011408723,0.0039171563,0.20040417,0.019813761
ZJ016494,0.2516183,0.06184448,0.34225202,0.0019874058,0.0032008614,0.00881823,0.2962062,0.03407245
ZJ016495,0.08671296,0.028579565,0.0845081,0.027172528,0.06599695,0.086731166,0.48985666,0.13044213
ZJ016496,0.10616486,0.67112195,0.040017247,0.012700112,0.022456607,0.03742729,0.06916838,0.040943507
ZJ016497,0.14248672,0.21801552,0.17317323,0.0023767648,0.009895015,0.11124499,0.29495442,0.047853332
ZJ016498,0.43417907,0.10583747,0.0715469,0.0107560605,0.04442834,0.09078587,0.175857,0.06660926
ZJ016499,0.29171634,0.33425915,0.07531988,0.010272419,0.005670371,0.0806556,0.19988649,0.0022197582
ZJ016500,0.52005357,0.06109263,0.12827386,0.005718089,0.016177982,0.0180365,0.21602796,0.03461939
ZJ016501,0.1933417,0.041845057,0.38803947,0.09431373,0.22449361,0.013190052,0.0058576143,0.03891879
ZJ016502,0.110773794,0.15209258,0.3964299,0.1729886,0.12052356,0.0057284776,0.010973145,0.030489951
ZJ016503,0.17298941,0.25880438,0.21737975,0.0027162607,0.0007439975,0.0019259579,0.26624212,0.079198115
ZJ016504,0.25137937,0.18880752,0.2850384,0.0027630683,0.10711191,0.009238126,0.122747764,0.03291384
ZJ016505,0.30828416,0.09162263,0.2253695,0.11281545,0.013502045,0.034926094,0.020430034,0.19305009
ZJ016506,0.24820535,0.23295514,0.16445622,0.0011015808,0.0064850636,0.00411138,0.30715445,0.035530727
ZJ016507,0.30625227,0.051136293,0.40801305,0.010367238,0.01216012,0.03390477,0.10140656,0.07675971
ZJ016508,0.1962275,0.014206459,0.44486928,0.092211336,0.0069384645,0.0043884963,0.01519177,0.2259667
ZJ016509,0.021637253,0.9420194,0.0135484,0.00355011,0.00013237463,0.0004335649,0.00085618574,0.017822763
ZJ016510,0.23186359,0.032474454,0.15569615,0.111228175,0.025335696,0.008540432,0.007366597,0.42749485
ZJ016511,0.19028436,0.0045375437,0.64089847,0.008746866,0.004827315,0.010680188,0.0048970454,0.13512819
ZJ016512,0.14724088,0.46640778,0.1788425,0.0017739502,0.00594236,0.013001357,0.18315169,0.003639455
ZJ016513,0.13150817,0.288185,0.11112518,0.0016408066,0.027814053,0.003642473,0.3943938,0.041690536
ZJ016514,0.53454524,0.060209803,0.047811233,0.23498,0.10465576,0.008622621,0.0037225478,0.0054527908
ZJ016515,0.09751978,0.06557648,0.20853029,0.0007110922,0.009414721,0.3902059,0.20731701,0.02072479
ZJ016516,0.39976963,0.008660528,0.17095275,0.24937299,0.0072860145,0.006332703,0.011102283,0.14652318
ZJ016517,0.23776038,0.17694771,0.33716667,0.0049385866,0.05657211,0.014424184,0.046219483,0.12597086
ZJ016518,0.9545674,0.00020070131,0.009132817,0.0018135848,0.0015528629,0.00067045435,0.0009369757,0.031125262
ZJ016519,0.15394625,0.0009152286,0.5044532,0.038757008,0.09312223,0.08823137,0.0073433905,0.11323139
ZJ016520,0.47418934,0.0009079163,0.06076351,0.40071744,0.0059121368,0.018673176,0.0050363997,0.03380007
ZJ016521,0.17723422,0.14198324,0.13257802,0.00066962565,0.0022671118,0.013195662,0.4935322,0.038539916
ZJ016522,0.9365434,0.0065434566,0.02524759,0.00025472668,0.013171268,0.005277342,0.0037459976,0.009216219
ZJ016523,0.035121594,0.91165644,0.01805851,0.00079363654,0.002396465,0.00015802411,0.02572087,0.0060945214
ZJ016524,0.17721249,0.0025850555,0.5296891,0.029689813,0.0002971626,0.007233231,0.0062517948,0.24704145
ZJ016525,0.1403329,0.0025679222,0.24328142,0.025975898,0.33461243,0.14911821,0.012246409,0.09186484
ZJ016526,0.42453957,0.16805312,0.095092684,0.013931153,0.04446493,0.0023442786,0.12948412,0.1220902
ZJ016527,0.084229305,0.0014292952,0.102748334,0.6247277,0.00086738105,0.0036976421,0.0026317865,0.17966852
ZJ016528,0.15730745,0.09950135,0.29712668,0.0015126254,0.00062179763,0.08704303,0.3238173,0.033069793
ZJ016529,0.2109083,0.0073225563,0.030072806,0.0043200315,0.0057233404,0.28920126,0.37691146,0.0755403
ZJ016530,0.09593611,0.09624061,0.25005248,0.05098364,0.025071438,0.33654878,0.14001374,0.005153287
ZJ016531,0.22283444,0.0072976197,0.4952984,0.1334559,0.038670905,0.040039457,0.011608421,0.050794806
ZJ016532,0.0010722029,0.00014162959,0.002375749,6.008098e-05,0.00849956,0.986,0.0016499672,0.000200803
ZJ016533,0.4250189,0.051811635,0.11668369,0.0040480145,0.06094903,0.0061247516,0.27989864,0.055465363
ZJ016534,0.14551641,0.004097276,0.2739362,0.24578863,0.0073671713,0.006519449,0.0084564695,0.30831838
ZJ016535,0.023859719,0.0058299224,0.058789615,0.000916865,0.0007578788,0.00028027323,0.9054999,0.004065839
ZJ016536,0.14662981,0.2090293,0.26002946,0.0003835025,0.0016480354,0.004382739,0.3339922,0.04390494
ZJ016537,0.4371701,0.008552781,0.078055955,0.001971865,0.0061549325,0.03666558,0.41108173,0.020347064
ZJ016538,0.14681725,0.48507273,0.08655333,0.0005996114,0.0032856734,0.022010483,0.24716419,0.00849671
ZJ016539,0.26351658,0.10734302,0.4041035,0.0008049034,0.0020043883,0.0051065683,0.106091306,0.11102973
ZJ016540,0.10327407,0.24490102,0.061836977,0.0020277607,0.0028504217,0.0074552335,0.08449816,0.49315634
ZJ016541,0.23070985,0.033531748,0.34002206,0.0009962294,0.073267676,0.1312272,0.15146369,0.038781535
ZJ016542,0.060443405,0.0046871696,0.111502394,0.51808393,0.0117741125,0.019283012,0.0037829191,0.27044314
ZJ016543,0.46141794,0.03268035,0.05261904,0.29348716,0.14943245,0.0021229666,0.0042390055,0.004001021
ZJ016544,0.9924789,0.00096674875,0.0008893676,3.7096283e-06,0.00039407559,4.7130165e-05,0.0032803894,0.001939649
ZJ016545,0.33797646,0.05493017,0.27698258,0.009096578,0.009679041,0.02605159,0.27120483,0.014078828
ZJ016546,0.13705964,0.0018961688,0.25514057,0.09303738,0.019750422,0.35217208,0.006914893,0.1340289
ZJ016547,0.07789385,0.0040455647,0.73773146,0.05120425,0.02528781,0.08184446,0.0021310337,0.019861525
ZJ016548,0.24968812,0.048249904,0.270944,0.04944257,0.024720116,0.0010705065,0.032860518,0.3230242
ZJ016549,0.13022302,0.057071827,0.15258515,0.00033128477,0.0011218548,0.007092142,0.639823,0.011751651
ZJ016550,0.37329283,0.09554946,0.09309653,0.01188321,0.055029266,0.0029659702,0.10495966,0.26322305
ZJ016551,0.4885548,0.18546252,0.12793645,0.001946098,0.0005743147,0.035782073,0.15758687,0.0021568167
ZJ016552,0.039924078,0.0027408162,0.33704305,0.0020397925,0.004361393,0.083889805,0.520936,0.009065119
ZJ016553,0.23653981,0.0422043,0.4949137,0.0040487666,0.0027835653,0.0410524,0.1352217,0.043235753
ZJ016554,0.41267887,0.16094477,0.055052668,0.0016689824,0.0016139691,0.13684553,0.22787558,0.0033196646
ZJ016555,0.42974117,0.02096738,0.1634565,0.063254416,0.026198413,0.0025043453,0.12459837,0.1692794
ZJ016556,0.29026374,0.47279096,0.009417485,0.0003727071,0.0014023812,0.15023656,0.07473242,0.00078373466
ZJ016557,0.25299907,0.29730323,0.19292736,0.007446776,0.036627494,0.007325191,0.10880586,0.09656505
ZJ016558,0.0003574562,0.0015431979,0.0007177522,0.0001971898,0.001664213,0.99497914,0.00037223406,0.00016887226
ZJ016559,0.49207377,0.11482847,0.1636887,0.01798003,0.015900059,0.011583198,0.10109456,0.0828512
ZJ016560,0.20433548,0.13752201,0.42269146,0.0031770694,0.014874277,0.026585633,0.18617512,0.004638938
ZJ016561,0.42257133,0.020484619,0.14872211,0.00021111862,0.068432555,0.00039703885,0.32621592,0.012965283
ZJ016562,0.18946873,0.35230175,0.11898066,0.0009854134,0.0020400146,0.009859583,0.3162702,0.0100937
ZJ016563,0.24353695,0.23645337,0.20484081,0.08327114,0.008449339,0.035262715,0.0907751,0.09741062
ZJ016564,0.044780657,0.87600785,0.01542855,0.0002139505,0.0007461395,0.00095762825,0.026365148,0.035500035
ZJ016565,0.0243309,0.0009814379,0.0057049347,0.009551964,0.006351793,0.95008653,0.0012653099,0.0017271626
ZJ016566,0.03983191,0.04041974,0.16643567,0.0014048746,0.0008978062,0.005963456,0.69928795,0.04575851
ZJ016567,0.29151484,0.019924765,0.18956512,0.08657776,0.008211783,0.009178728,0.035375435,0.35965163
ZJ016568,0.0005327427,0.002700342,0.014758743,3.620888e-05,0.00038871606,0.9799392,0.00027763436,0.0013663704
ZJ016569,0.16520366,0.06708698,0.4332313,0.0009809886,0.004501576,0.0010707214,0.31327614,0.014648624
ZJ016570,0.057915762,0.7601668,0.04141711,0.00091554725,0.0245059,0.0025034223,0.09006289,0.022512505
ZJ016571,0.043652486,0.0032872793,0.5339246,0.011461216,0.11173114,0.2615965,0.0017452644,0.032601543
ZJ016572,0.24158075,0.5439469,0.08238836,0.001400045,0.0005764754,0.008263055,0.099511586,0.022332763
ZJ016573,0.19429532,0.00640614,0.6771013,0.005900644,0.0008148827,0.014441534,0.012892474,0.08814768
ZJ016574,0.06696955,0.00075281685,0.4683225,0.15757068,0.00020423105,0.011575115,0.00068549864,0.2939196
ZJ016575,0.046169404,0.0004387089,0.36197153,0.045816697,0.036950126,0.28039,0.0014270158,0.2268365
ZJ016576,0.6484082,0.120231695,0.054634497,0.034685314,0.00076362956,0.0020480957,0.007973325,0.13125525
ZJ016577,0.3076064,0.15963842,0.25825092,0.0003759602,0.0014522618,0.007258335,0.1966162,0.06880156
ZJ016578,0.39287806,0.08887179,0.21027778,0.0019065939,0.013685576,0.0075938837,0.2323304,0.05245594
ZJ016579,0.3580147,0.24359158,0.2070493,0.0022036368,0.001014858,0.058247797,0.12803687,0.0018412475
ZJ016580,0.2000178,0.07193938,0.14850396,0.0014166066,0.0019415586,0.0033254032,0.42294338,0.14991195
ZJ016581,0.14613044,0.33404094,0.07252923,0.000717797,0.0014687609,0.003053403,0.121700585,0.32035878
ZJ016582,0.0015627823,0.00014412578,0.0024212608,7.189219e-05,0.00948365,0.98453456,0.0015731436,0.0002084493
ZJ016583,0.37389386,0.013750442,0.24014005,0.0012401566,0.012903686,0.005074842,0.27290952,0.080087446
ZJ016584,0.19134624,0.023093186,0.10340972,0.24652997,0.0005966728,0.3913099,0.0042143967,0.03949999
ZJ016585,0.0030793159,0.00055843464,0.008693268,0.00042715826,0.0026377647,0.98269594,0.0004003138,0.0015077612
ZJ016586,0.35710686,0.038249988,0.31582072,0.0003508185,0.0009795106,0.0021230658,0.19466385,0.09070518
ZJ016587,0.044535518,0.020131031,0.8308657,0.00070394046,0.0011276625,0.019669848,0.050745893,0.032220453
ZJ016588,0.65686524,0.007206027,0.024501164,0.27238846,0.025893915,0.0023050937,0.003485336,0.0073547815
ZJ016589,0.08864233,0.01741691,0.105741106,0.0016143656,0.001205306,0.16643327,0.61357176,0.0053749997
ZJ016590,0.27988738,0.04627514,0.30683878,0.0076648225,0.11790944,0.024725689,0.10651564,0.11018313
ZJ016591,0.13434263,0.012889285,0.034662712,0.00037948898,0.020087872,0.070773475,0.72411805,0.0027464116
ZJ016592,0.28722134,0.045285955,0.07331436,0.014178702,0.032087166,0.005961425,0.4005777,0.14137335
ZJ016593,0.33675808,0.17366743,0.24324954,0.023478858,0.014671103,0.01509002,0.042481825,0.15060315
ZJ016594,0.53439784,0.24837227,0.06071842,0.012885352,0.028357798,0.0031689731,0.03115997,0.08093939
ZJ016595,0.15916441,0.08002178,0.15642767,0.0011245715,0.0075438316,0.04091181,0.5459693,0.008836572
ZJ016596,0.70840204,0.006525106,0.22077064,0.0013039006,0.0011295797,0.035577606,0.022215232,0.0040758876
ZJ016597,0.1028261,0.4091949,0.09809081,0.0017008446,0.0046181106,0.00056927715,0.37544048,0.00755944
ZJ016598,0.0017999432,0.00020745589,0.0026439163,0.00012245805,0.008677614,0.9845657,0.0017605049,0.00022234218
ZJ016599,0.14343822,0.09811709,0.27081513,0.0028729262,0.016153315,0.015648946,0.37310392,0.07985048
ZJ016600,0.20455278,0.6047816,0.027223088,0.00019817527,0.0039997883,0.0045687263,0.15224636,0.0024294478
ZJ016601,0.2757214,0.10956962,0.22799432,0.0022185666,0.1643044,0.008463517,0.1823751,0.029353037
ZJ016602,0.28396887,0.03866449,0.15400678,0.008783754,0.018982591,0.0042992355,0.3642069,0.12708738
ZJ016603,0.055178378,0.0065739756,0.029425092,0.02024551,0.03047224,0.0007083609,0.8284789,0.028917555
ZJ016604,0.19044966,0.010378703,0.3160592,0.169965,0.005686364,0.0057479707,0.0035538233,0.29815927
ZJ016605,0.044470362,0.05737474,0.21777503,0.004774837,0.0005530699,0.15942992,0.2850052,0.23061682
ZJ016606,0.32869262,0.21024932,0.17355996,0.008872202,0.05904758,0.017553994,0.12538463,0.07663967
ZJ016607,0.0033317967,9.601904e-05,0.08486752,0.53064984,1.7119517e-05,0.379941,0.00028162263,0.0008150807
ZJ016608,0.11032858,0.0028100566,0.153845,0.5005755,0.017585268,0.09006692,0.0039734417,0.12081522
ZJ016609,0.20703782,0.0151489265,0.21568929,0.008099752,0.050447967,0.08951485,0.041191775,0.3728696
ZJ016610,0.31747085,0.16578694,0.31597057,0.006572931,0.026548842,0.010315718,0.08061374,0.07672044
ZJ016611,0.13148019,0.06251675,0.34737402,0.004232813,0.0012192567,0.08393152,0.18793388,0.18131165
ZJ016612,0.15585376,0.00863449,0.44575867,0.2576866,0.059154697,0.0056696422,0.012768153,0.054474004
ZJ016613,0.0012134375,0.0020995436,0.00046605553,0.0011180659,0.00011422926,0.99346435,0.0009971167,0.0005272483
ZJ016614,0.53291726,0.018078743,0.053697642,0.31226704,0.05078974,0.007737757,0.006227862,0.018283967
ZJ016615,0.10381197,0.07197524,0.11607188,0.0024563193,0.00186393,0.012082348,0.19606422,0.4956741
ZJ016616,0.26667088,0.008771104,0.42455465,0.0016054788,0.005812884,0.052533887,0.23629794,0.0037532293
ZJ016617,0.17060274,0.06571933,0.10072043,0.0034532913,0.0011911698,0.0018239517,0.41668612,0.23980294
ZJ016618,0.29939032,0.03809336,0.09165392,0.020269126,0.027439129,0.0030264712,0.37801948,0.14210814
ZJ016619,0.49509966,0.02431148,0.044526692,0.30778334,0.11342075,0.002964362,0.005501365,0.0063923593
ZJ016620,0.53169847,0.093259186,0.09002557,0.13550393,0.05250872,0.013419778,0.016584069,0.067000344
ZJ016621,0.5886106,0.015510443,0.05128388,0.19731031,0.12890013,0.0031529604,0.0077507338,0.007480952
ZJ016622,0.24843432,0.040881347,0.4114004,0.0147617925,0.0120982295,0.024707584,0.2351303,0.012586074
ZJ016623,0.060881983,0.008059349,0.09405258,0.45223165,0.01707096,0.027451182,0.004122597,0.3361297
ZJ016624,0.37021652,0.05956829,0.19765651,0.0013294984,0.0133358855,0.01753947,0.2707488,0.069605045
ZJ016625,0.46229246,0.0009322932,0.046133008,0.019689692,0.42012808,0.005260183,0.0030259101,0.042538434
ZJ016626,0.5095337,0.074443564,0.13473085,0.11470706,0.06708589,0.0070822923,0.008661954,0.0837547
ZJ016627,0.015780624,0.00077284436,0.033807,0.0011097576,4.1456435e-05,0.0014652722,0.90165854,0.045364525
ZJ016628,0.7997529,0.00800807,0.029791739,0.0011882663,0.014999187,0.0023029125,0.07915179,0.06480516
ZJ016629,0.28291443,0.07723451,0.0979139,0.42724985,0.070294514,0.017230576,0.01147385,0.01568834
ZJ016630,0.15961407,0.0051125675,0.5924986,0.08708205,0.0010545215,0.001819909,0.13827957,0.014538735
ZJ016631,0.49242032,0.007754152,0.2643887,0.10655797,0.003960868,0.0038311293,0.008846478,0.112240426
ZJ016632,0.3427023,0.094347045,0.058031663,0.42694417,0.04514067,0.0064799283,0.014951798,0.011402434
ZJ016633,0.15969484,0.032037564,0.7113409,0.000106013176,0.00039066232,0.0050206734,0.091218114,0.00019120719
ZJ016634,0.2684929,0.13929,0.16800919,0.017736543,0.14467856,0.016573861,0.1269871,0.11823181
ZJ016635,0.39879742,0.21224369,0.067383476,0.00223987,0.021555116,0.025953121,0.2473128,0.024514541
ZJ016636,0.33449557,0.010847172,0.09332352,0.18818022,0.02038889,0.007392531,0.01812131,0.3272508
ZJ016637,0.40288723,0.0077781677,0.21297793,0.0027718742,0.10353076,0.05736377,0.027807767,0.18488254
ZJ016638,0.32256195,0.04342483,0.087208554,0.008167605,0.017929064,0.0013815488,0.38498104,0.13434535
ZJ016639,0.23447067,0.00024149494,0.04437958,0.5410747,0.0052138423,0.00095206115,0.005726919,0.16794069
ZJ016640,0.20625934,0.394854,0.14431301,0.015723629,0.0008086133,0.00069744175,0.010381495,0.2269625
ZJ016641,0.55853045,0.016558765,0.057462417,0.20396458,0.14105617,0.0016458425,0.009799866,0.010981869
ZJ016642,0.4570912,0.032118082,0.060863603,0.34853816,0.07938828,0.0073902416,0.0077912607,0.0068190624
ZJ016643,0.26245722,0.24204852,0.28735292,0.004939661,0.015232462,0.00301662,0.12456972,0.060382918
ZJ016644,0.31841946,0.010426316,0.38059577,0.001800382,0.0037030375,0.010808656,0.10218576,0.17206068
ZJ016645,0.89584655,0.00454338,0.0029504423,1.7601249e-05,0.03674008,0.0013817599,0.05714103,0.0013791511
ZJ016646,0.084687896,0.013022591,0.014883073,0.049639564,0.07064085,0.0017044456,0.68050236,0.084919184
ZJ016647,0.11657909,0.0016254982,0.14945531,0.40309826,0.004112427,0.0014958099,0.006883608,0.31675008
ZJ016648,0.17937203,0.011707682,0.41293657,0.00042856226,0.0016222142,0.0015998919,0.3841906,0.00814247
ZJ016649,0.089683816,0.011825171,0.33336595,0.31120715,0.17791493,0.008699884,0.00328421,0.064018875
ZJ016650,0.2886331,0.122065105,0.3472243,0.011073018,0.005282099,0.02268844,0.02663991,0.176394
ZJ016651,0.4094827,0.08703248,0.27500442,0.0022995353,0.05133235,0.0012446262,0.114553384,0.059050534
ZJ016652,0.1920774,0.15522653,0.47433728,0.0004789767,0.00071789336,0.054906283,0.11050182,0.011753827
ZJ016653,0.25053558,0.0018860331,0.01110011,0.00036888788,0.7311516,0.0019020146,0.0021527116,0.00090310426
ZJ016654,0.19833326,0.30075166,0.14464009,0.0034861306,0.015401567,0.008711468,0.25196385,0.07671196
ZJ016655,0.93963546,0.018039804,0.0032254155,7.9275e-05,0.0019958366,0.01339759,0.021055808,0.0025708345
ZJ016656,0.0031652732,0.9892477,0.0028316088,3.7486454e-05,0.0018680195,0.00013104745,0.002414425,0.0003045354
ZJ016657,0.07076302,0.6668545,0.061646227,0.0017088637,0.0004209326,0.0005380452,0.18092139,0.017147068
ZJ016658,0.04749501,0.030069388,0.4541386,0.06012638,0.0037766418,0.0017593303,0.020118114,0.3825165
ZJ016659,0.016377531,0.0074876277,0.50235575,0.0009824154,0.009914563,0.4365009,0.010558844,0.015822394
ZJ016660,0.45442027,0.007775572,0.17907876,0.00053220964,0.008306294,0.0054359143,0.327606,0.016845003
ZJ016661,0.32035682,0.015210749,0.47934982,0.04280892,0.0020540215,0.009430693,0.0065605,0.12422846
ZJ016662,0.05172712,0.0015508423,0.0033612202,0.0047508082,0.102992825,0.79411983,0.03684348,0.004653897
ZJ016663,0.0035701818,0.0030083351,0.016440928,4.4493743e-05,0.0003889306,0.97193176,0.00097368326,0.0036416403
ZJ016664,0.06753213,0.0010646478,0.26830435,0.36216912,0.1722403,0.015189552,0.0014358588,0.11206405
ZJ016665,0.14370427,0.045894854,0.502328,0.0008075493,0.0022582402,0.0025856325,0.2740165,0.028404938
ZJ016666,0.49739042,0.06958883,0.10179997,0.009343943,0.035228733,0.015180628,0.12129175,0.15017568
ZJ016667,0.5275215,0.04927441,0.07238182,0.016990151,0.037683837,0.0039004753,0.19527799,0.09696978
ZJ016668,0.40721804,0.037685707,0.2791906,0.029095218,0.07035424,0.009944748,0.04653181,0.1199796
ZJ016669,0.113138825,0.012647048,0.67076755,0.058982193,0.0013537742,0.013227729,0.11860658,0.011276251
ZJ016670,0.26239958,0.0014989884,0.30743864,0.18548502,0.001376579,0.004780074,0.0015148197,0.23550624
ZJ016671,0.24076587,0.0047133914,0.6619833,0.01985246,0.0006894779,0.007956084,0.0071481066,0.05689128
ZJ016672,0.12841213,0.00093947124,0.053946204,0.0039239554,0.7949627,0.010392728,0.0044503477,0.0029724196
ZJ016673,0.13216278,0.0074580866,0.6700431,0.000982719,0.018354256,0.001704744,0.11722543,0.052068908
ZJ016674,0.0064672083,0.00033765676,0.0031757206,0.00017925234,0.0002933717,0.0003060193,0.98511744,0.004123335
ZJ016675,0.08249232,0.03975828,0.003432407,0.0002372651,0.0005299847,5.9356677e-05,0.8716611,0.001829261
ZJ016676,0.2806094,0.12079356,0.2605728,0.0007540645,0.0046284995,0.0028730268,0.32511327,0.0046554613
ZJ016677,0.4060946,0.03897111,0.13420257,0.34403926,0.022270871,0.028542357,0.007616018,0.018263232
ZJ016678,0.049106993,0.08254337,0.031258915,0.0041946173,0.010806768,0.0111201685,0.7949741,0.015995046
ZJ016679,0.53018713,0.03110013,0.19500005,0.00030954767,0.0051982854,0.037563287,0.17489427,0.025747312
ZJ016680,0.26031053,0.07889237,0.11461997,0.026555147,0.026886163,0.0044797305,0.36526656,0.12298951
ZJ016681,0.15159275,0.057893332,0.123529114,0.0010986405,0.0036872628,0.002835922,0.64595836,0.013404622
ZJ016682,0.056083888,0.06780046,0.04803996,0.0005704251,0.0011175766,0.0034246338,0.81501293,0.007950132
ZJ016683,0.32671353,0.043797884,0.23323019,0.02089682,0.013311348,0.07376926,0.16896309,0.11931784
ZJ016684,0.55838865,0.018418567,0.037850372,0.3321889,0.036897294,0.0057715587,0.0031458822,0.007338817
ZJ016685,0.08630663,0.23148264,0.058527134,0.0013433234,0.017155576,0.0010750018,0.5672011,0.036908615
ZJ016686,0.11679595,0.059301984,0.18084629,0.0008976061,0.032369483,0.063281536,0.50805676,0.03845033
ZJ016687,0.48190868,0.019849498,0.37004885,0.0005437709,0.0030744488,0.012176989,0.044180505,0.06821732
ZJ016688,0.44299015,0.027185982,0.12732275,0.0040915958,0.018739795,0.092916645,0.24459027,0.04216276
ZJ016689,0.44037727,0.16417705,0.17289612,0.026416732,0.03932594,0.0067589353,0.07157539,0.078472555
ZJ016690,0.0787752,0.0028325683,0.37748617,0.07467161,0.03495799,0.21677509,0.0036770003,0.2108244
ZJ016691,0.007745125,0.00073575444,0.006183511,0.0002179273,0.011549284,0.0011057383,0.9723133,0.00014942158
ZJ016692,0.04220261,0.01790721,0.8388606,0.00088239904,0.0012936917,0.027056469,0.039490774,0.03230627
ZJ016693,0.009658584,0.0063720974,0.05414561,0.0018088996,0.0044952626,0.9087537,0.0101307845,0.0046351072
ZJ016694,0.29515237,0.05309805,0.15518107,0.011747181,0.019149322,0.0059931194,0.28216493,0.17751394
ZJ016695,0.12295246,0.039961305,0.29945278,0.0016490472,0.07869244,0.0040234486,0.40988818,0.04338031
ZJ016696,0.08861479,0.007828269,0.50436574,0.0005664374,0.00145514,0.17405212,0.20521523,0.01790223
ZJ016697,0.0874369,0.8020901,0.05463307,0.0030954059,0.006847194,0.00037877948,0.025266394,0.020252144
ZJ016698,0.36205152,0.02405394,0.013360673,0.00032790654,0.5670302,0.031793635,0.0010202983,0.0003617434
ZJ016699,0.64136565,0.079655394,0.15356731,0.009132306,0.03701085,0.004910496,0.039709523,0.03464846
ZJ016700,0.001982221,0.0014092855,0.0039333953,0.00022778378,0.00024684108,0.9884032,0.0003831445,0.0034140656
ZJ016701,0.15858652,0.44859934,0.085184515,0.0006129665,0.022370579,0.0063094907,0.043896798,0.23443979
ZJ016702,0.16304345,0.032432508,0.31378853,0.00036607814,0.00035194698,0.063549526,0.4031209,0.023347026
ZJ016703,0.028238872,0.7912155,0.12660135,0.00020451978,0.0004444283,0.004586411,0.044524163,0.0041847527
ZJ016704,0.10372801,0.015462372,0.007348999,0.02954657,0.035404276,0.77859855,0.009238733,0.020672526
ZJ016705,0.3437142,0.036211774,0.02936172,0.011591777,0.034806356,0.00020237963,0.29518947,0.24892232
ZJ016706,0.39191818,0.0014356007,0.42702052,0.016743084,0.032494675,0.071629025,0.007327285,0.051431645
ZJ016707,0.17169206,0.094490655,0.34737533,0.001250183,0.0018667688,0.013968852,0.33138543,0.037970725
ZJ016708,0.33449337,0.038477037,0.098366514,0.1468525,0.08315625,0.009136566,0.029477196,0.2600406
ZJ016709,0.19181678,0.36276227,0.09234075,0.0062490795,0.05905267,0.092594266,0.086604945,0.10857924
ZJ016710,0.35366863,0.06765226,0.20440437,0.03912651,0.020113084,0.004075985,0.12649322,0.18446591
ZJ016711,0.018943604,0.09070947,0.15339872,0.0009780079,0.000444398,0.5495025,0.042005613,0.14401768
ZJ016712,0.24836336,0.20512868,0.10920366,0.006061979,0.065833345,0.01185835,0.21337204,0.14017855
ZJ016713,0.1398558,0.0671265,0.3846452,0.0016099896,0.08901447,0.0008069382,0.25300366,0.06393742
ZJ016714,0.08685458,0.00037709335,0.759168,0.041078348,0.0027099508,0.018493682,0.0007569902,0.09056132
ZJ016715,0.5674365,0.0029571895,0.18166278,0.017570777,0.10368208,0.017410122,0.045979526,0.06330103
ZJ016716,0.049232077,0.062604085,0.30627778,0.0029136667,0.0009820226,0.01880644,0.5111326,0.048051327
ZJ016717,0.34884417,0.0016646904,0.018178146,0.00026827978,0.00075146795,0.001578486,0.6249405,0.0037742646
ZJ016718,0.06765239,0.07606571,0.43082806,0.0016675101,0.0009251114,0.2536911,0.06704821,0.10212186
ZJ016719,0.18154469,0.12277175,0.2399113,0.0007104225,0.0023056255,0.06622617,0.31772277,0.0688072
ZJ016720,0.39121562,0.115888104,0.08053137,0.011994763,0.025322098,0.0032652053,0.20506167,0.16672114
ZJ016721,0.13731796,0.0059756595,0.3284318,0.00031450542,0.0005224005,0.34669018,0.1461937,0.03455381
ZJ016722,0.02841363,0.008295322,0.122914754,0.00028323318,0.0064862217,0.7938538,0.036720507,0.0030325097
ZJ016723,0.40696812,0.036819115,0.121647954,0.2619973,0.08320864,0.0048352974,0.015817849,0.0687057
ZJ016724,0.16608712,0.02351325,0.19533329,0.00025637145,0.0011228503,0.00789178,0.599674,0.00612139
ZJ016725,0.06264279,0.0034737005,0.02650461,0.006549471,0.0021206576,0.86864495,0.025064344,0.004999422
ZJ016726,0.15695469,0.13191408,0.120976955,0.0010383078,0.0049806987,0.003573336,0.5692278,0.011334126
ZJ016727,0.028347114,0.016874706,0.007226434,4.9265553e-05,0.007430393,0.9387364,0.0007595558,0.00057611725
ZJ016728,0.48505157,0.012667775,0.03767039,0.37207982,0.059670832,0.011880903,0.011670349,0.009308335
ZJ016729,0.26707965,0.16390741,0.21909972,0.0010657009,0.007510137,0.014959752,0.30468568,0.021691922
ZJ016730,0.0853431,0.0019834372,0.21794291,0.40403745,0.026833914,0.050910264,0.0038166323,0.20913231
ZJ016731,0.4787892,0.042159744,0.10920738,0.26982096,0.0628949,0.010307493,0.010211186,0.016609127
ZJ016732,0.19951825,0.20590907,0.34558386,0.0018081267,0.022761943,0.020800065,0.19457746,0.009041242
ZJ016733,0.35067186,0.36142105,0.08815705,0.0008502224,0.013787725,0.0029979132,0.16931708,0.012797099
ZJ016734,0.29563054,0.040906176,0.060678016,0.011385593,0.046120834,0.00119457,0.30473852,0.23934571
ZJ016735,0.025095804,0.0030498116,0.012081336,0.0005648292,0.0140607925,0.0030753962,0.9417293,0.00034269667
ZJ016736,0.39290115,0.23655167,0.09619796,0.00077688583,0.0023376422,0.007856122,0.2038949,0.059483703
ZJ016737,0.21819678,0.18737142,0.075683005,0.022283388,0.02011234,0.0013820152,0.25875196,0.21621911
ZJ016738,0.026987541,0.102463454,0.1640629,0.0006731095,0.00047503112,0.5132149,0.050097134,0.14202598
ZJ016739,0.19987388,0.051348526,0.01001002,0.0019148818,0.0008894044,0.0016809358,0.731108,0.0031743268
ZJ016740,0.49780244,0.042674135,0.046282176,0.29146567,0.10223197,0.0069287973,0.009336193,0.0032786173
ZJ016741,0.3049194,0.09459927,0.07184109,0.013196725,0.017816547,0.0022604605,0.37019044,0.12517606
ZJ016742,0.4565425,0.0814173,0.09820284,0.0127463695,0.041396905,0.0010970543,0.13495927,0.17363776
ZJ016743,0.39444113,0.02353952,0.11625968,0.005820547,0.020135347,0.028728064,0.33465022,0.076425456
ZJ016744,0.8899207,0.000106736996,0.0069400654,0.07615669,0.002268058,0.00022637052,0.0014780179,0.022903357
ZJ016745,0.21665289,0.19432887,0.16941099,0.03284068,0.00069575675,0.0011292844,0.0055056177,0.37943584
ZJ016746,0.6716318,0.05032556,0.056702003,0.002390722,0.12604745,0.0046033426,0.03780303,0.050496157
ZJ016747,0.23422901,0.0043049525,0.011466953,0.00025794306,0.0026287686,0.0017261636,0.74018645,0.0051997844
ZJ016748,0.05534072,0.79075605,0.034536514,0.0011247508,0.0015037935,0.0043228953,0.036498353,0.07591696
ZJ016749,0.037772324,0.11872417,0.1974201,0.0002795505,0.00045342362,0.00010400267,0.5344397,0.11080669
ZJ016750,0.27311784,0.1225842,0.124199875,0.0022024827,0.005948719,0.03362586,0.12148256,0.31683844
ZJ016751,0.040744845,0.5051564,0.17095394,0.00081589253,0.0005620712,0.0017366079,0.23768231,0.042347975
ZJ016752,0.04905227,0.7863556,0.048557367,0.0005210638,0.013578098,0.0018956834,0.08578884,0.014251072
ZJ016753,0.039189883,0.86896396,0.02984893,0.0013434921,0.0049498174,0.004324677,0.029039562,0.022339651
ZJ016754,0.24967043,0.0004817067,0.45083395,0.016705591,0.10387936,0.13881446,0.0047617634,0.034852713
ZJ016755,0.099888064,0.021953689,0.10814441,0.0007555996,0.0016088805,0.0040783808,0.7467428,0.01682822
ZJ016756,0.0679112,0.027776297,0.6502663,0.0004145168,0.0022351705,0.01228453,0.18349306,0.055618916
ZJ016757,0.052467886,0.7660216,0.048551705,0.00047314723,0.0074836346,0.017285975,0.09775304,0.009962942
ZJ016758,0.04055964,0.0047499007,0.009107833,0.0021582125,0.0040477454,0.007945217,0.93040955,0.0010218978
ZJ016759,0.50193405,0.07295807,0.0598559,0.16911921,0.17819194,0.003800186,0.0050319177,0.009108654
ZJ016760,0.17471613,0.023573978,0.25533798,0.0026023479,0.0010558435,0.0013166716,0.5358077,0.0055893357
ZJ016761,0.5084514,0.105895355,0.1724567,0.0027720488,0.014928638,0.008057913,0.11037648,0.07706145
ZJ016762,0.12923391,0.015722657,0.14292148,0.31805018,0.02108874,0.021572875,0.0061528035,0.3452573
ZJ016763,0.043725062,0.080485724,0.010176756,7.007728e-05,0.004458757,0.85949486,0.0011341152,0.00045469517
ZJ016764,0.2728569,0.04268226,0.42228302,0.015088456,0.010289238,0.027416818,0.18843773,0.020945607
ZJ016765,0.36702517,0.008816023,0.11585741,0.0019333761,0.0106137935,0.028137842,0.4430822,0.024534171
ZJ016766,0.21802033,0.03684725,0.17616874,0.0005332101,0.002636893,0.0024138023,0.5558129,0.0075668767
ZJ016767,0.2795534,0.07046564,0.20282769,0.008784315,0.21252409,0.005498831,0.1610694,0.05927668
ZJ016768,0.20637785,0.11873831,0.16290827,0.0036382824,0.0069076093,0.018655928,0.2131267,0.26964703
ZJ016769,0.32119966,0.107430585,0.34506527,0.00343141,0.0073602507,0.037160616,0.11168014,0.066672124
ZJ016770,0.29921246,0.086903594,0.113197036,0.022326797,0.024644487,0.0032078265,0.30818805,0.14231975
ZJ016771,0.13299602,0.008219342,0.14117348,0.37308273,0.043635797,0.0027841004,0.0062887343,0.29181978
ZJ016772,0.0018629163,0.0016831898,0.014306405,8.458924e-05,0.00092704303,0.9795975,0.00035331526,0.0011849981
ZJ016773,0.5534923,0.054539453,0.18479905,0.030886972,0.021085309,0.024264868,0.04035046,0.09058161
ZJ016774,0.16246842,0.07730391,0.2752302,0.00038157703,0.0015211265,0.187196,0.2713495,0.024549333
ZJ016775,0.07494241,0.056633666,0.575152,0.0049518193,0.0060664015,0.10255344,0.15608199,0.023618301
ZJ016776,0.14573243,0.008066338,0.10747517,0.23562577,0.00042605633,0.000717336,0.012063732,0.4898932
ZJ016777,0.0030612887,0.0010803748,0.0024885244,0.0006091192,0.0012392377,0.0032159663,0.98798436,0.00032116123
ZJ016778,0.07406421,0.0013532849,0.25823227,0.31202462,0.016382944,0.006351593,0.0036788657,0.3279122
ZJ016779,0.15759541,0.63241196,0.07907758,0.0025323194,0.002439002,0.0068552666,0.026734523,0.09235391
ZJ016780,0.11192398,0.022370256,0.1407157,0.00054323097,0.0022339006,0.0026195953,0.71095586,0.008637491
ZJ016781,0.16325541,0.37665296,0.29397994,0.0031429522,0.00922573,0.011840585,0.100837015,0.04106544
ZJ016782,0.32586664,0.013189171,0.25371638,0.021901488,0.04705495,0.16307856,0.056023657,0.11916915
ZJ016783,0.15981042,0.14601079,0.1187532,0.0017015863,0.00083406677,0.0023067505,0.23345847,0.3371247
ZJ016784,0.4100317,0.08139305,0.08724344,0.028392885,0.07058586,0.011221565,0.15178779,0.15934373
ZJ016785,0.026408225,0.0025688214,0.03167981,0.0038198398,0.00035415727,0.0036009604,0.80526936,0.12629882
ZJ016786,0.10284787,0.0047257906,0.26889455,0.29700094,0.004066983,0.0022417267,0.007914351,0.31230772
ZJ016787,0.23878406,0.012456201,0.43314356,0.0012388219,0.0013052397,0.13597873,0.12544952,0.0516438
ZJ016788,0.6315905,0.043490455,0.11352378,0.003983605,0.01771849,0.0026970557,0.124516696,0.062479336
ZJ016789,0.06229795,0.83274275,0.054348275,5.396905e-05,0.00065537344,0.0029550672,0.03501925,0.011927361
ZJ016790,0.3965968,0.05157132,0.3181811,0.0031869162,0.008408162,0.0023892927,0.03826034,0.18140607
ZJ016791,0.5505883,0.09968817,0.15336008,0.0012632762,0.0031763872,0.046934046,0.14023387,0.0047558458
ZJ016792,0.16296075,0.014695051,0.2005191,0.00024945807,0.0026393046,0.001459807,0.5904395,0.027037049
ZJ016793,0.45643535,0.061619073,0.182168,0.0024029135,0.018411525,0.025046246,0.23199081,0.021926058
ZJ016794,0.26279745,0.0018488793,0.29816374,0.23678137,0.00395396,0.026281355,0.008080642,0.16209257
ZJ016795,0.18816516,0.0523745,0.22357692,0.08436697,0.002012084,0.0020675433,0.021793868,0.42564297
ZJ016796,0.041059364,0.048831347,0.020653134,0.003606467,0.0021987616,0.009145306,0.869024,0.005481662
ZJ016797,0.16173093,0.007448879,0.017842203,0.0005317531,0.0035575684,0.00474035,0.79904115,0.005107169
ZJ016798,0.09002749,0.51415586,0.0072024283,9.9553385e-05,0.03028588,0.34917024,0.002062209,0.006996418
ZJ016799,0.22137132,0.40621328,0.09845539,0.0053525404,0.002764576,0.0017912727,0.24067126,0.023380417
ZJ016800,0.26349863,0.25409135,0.16376506,0.0019452283,0.0035788266,0.004904424,0.04186303,0.2663534
ZJ016801,0.27531013,0.005820263,0.26545188,0.014115261,0.26578182,0.03918374,0.046196353,0.088140525
ZJ016802,0.054303516,0.011722837,0.019103892,0.012134133,0.007923617,0.85450286,0.027648896,0.01266028
ZJ016803,0.2661074,0.13763666,0.27766833,0.003351558,0.021478685,0.02089121,0.11265744,0.16020863
ZJ016804,0.4748623,0.01618256,0.13666002,0.2552707,0.055117592,0.016875038,0.009126363,0.03590543
ZJ016805,0.04054575,0.0019425799,0.14978269,0.041318502,0.006529782,0.024749434,0.0029311895,0.7322
ZJ016806,0.90125656,0.0013844116,0.013715493,0.017554833,0.030627336,0.00082621904,0.0035549097,0.031080283
ZJ016807,0.28996414,0.11425101,0.16915113,0.003556481,0.04542699,0.0040055206,0.3482714,0.02537333
ZJ016808,0.34542784,0.007296362,0.25078213,4.874273e-05,0.005127521,0.31446,0.07072876,0.0061285766
ZJ016809,0.179871,0.0017213855,0.10416149,0.37689078,0.011416585,0.0008811181,0.013816417,0.3112412
ZJ016810,0.09412524,0.06403489,0.22065432,0.0038585854,0.39323708,0.16852863,0.03201151,0.02354974
ZJ016811,0.13130186,0.6310917,0.04317334,0.0033791354,0.0051451055,0.020639159,0.14265822,0.0226115
ZJ016812,0.11761035,0.036708787,0.024403006,0.015868066,0.010486763,0.78014404,0.0065196147,0.0082594585
ZJ016813,0.11227803,0.051469643,0.13009574,0.00096989487,0.00086660415,0.027903114,0.38556772,0.2908493
ZJ016814,0.4157732,0.003555823,0.18800214,0.2970638,0.010603395,0.00675755,0.014879824,0.06336427
ZJ016815,0.2174665,0.114490286,0.16897042,0.0012009443,0.0028218431,0.0025624265,0.47593766,0.01654996
ZJ016816,0.3434497,0.03623785,0.38868427,0.014550123,0.028910903,0.0087946765,0.0660655,0.11330694
ZJ016817,0.3173338,0.012222153,0.011196033,0.027611306,0.12528269,0.00033566408,0.48019314,0.025825268
ZJ016818,0.38993064,0.051139995,0.221978,0.07514023,0.17038476,0.0174653,0.020118209,0.05384288
ZJ016819,0.527252,0.07842377,0.11266907,0.021109791,0.01614214,0.010846952,0.1357623,0.09779397
ZJ016820,0.0781541,0.029614694,0.59281635,0.0012663034,0.0021421565,0.013719119,0.11878553,0.16350168
ZJ016821,0.8037098,0.0006484962,0.04912262,0.0007847693,0.13306901,0.0063354536,0.0018295264,0.0045003593
ZJ016822,0.5548793,0.07980102,0.16214897,0.0055183084,0.019157052,0.009639579,0.042223174,0.12663259
ZJ016823,0.4295572,0.1346662,0.027252063,0.0016968378,0.0025893098,0.00089979265,0.39198905,0.0113495905
ZJ016824,0.08564843,0.0007974504,0.57292503,0.054155443,0.0020106987,0.016262328,0.000967811,0.2672328
ZJ016825,0.1352546,0.0038509397,0.25969324,0.36525798,0.0049985037,0.0064124204,0.003249847,0.22128242
ZJ016826,0.6881925,0.017958079,0.05216268,0.002027691,0.18080449,0.00085333025,0.03528081,0.022720462
ZJ016827,0.15863378,0.27299848,0.24483311,0.01098693,0.014849011,0.06959266,0.22313109,0.0049749585
ZJ016828,0.21237403,0.0026053772,0.13292848,0.32896534,0.011741573,0.012858424,0.010340774,0.28818604
ZJ016829,0.72329724,0.009099086,0.043319948,0.022997545,0.10212214,0.0016883059,0.003860782,0.093614906
ZJ016830,0.07612517,0.0063064108,0.451883,0.3174622,0.0061232448,0.00825302,0.0037383467,0.13010861
ZJ016831,0.0021871168,0.001812792,0.009283967,0.0004857532,0.0004912195,0.97900826,0.00064891955,0.006081987
ZJ016832,0.20386063,0.00071774126,0.056385443,0.0054632854,0.7189669,0.00596962,0.005385899,0.0032504376
ZJ016833,0.78437364,0.006262045,0.060599353,0.010068658,0.005157554,0.0048591257,0.007711162,0.120968476
ZJ016834,0.20801611,0.031516515,0.035008736,0.035386585,0.011254986,0.0017825664,0.53207254,0.14496195
ZJ016835,0.5040696,0.037177507,0.15798624,0.0011456249,0.006121618,0.013719396,0.17269886,0.10708114
ZJ016836,0.9126059,0.00027444508,0.006221843,0.057672843,0.00065807597,0.00011589548,0.002153981,0.020297024
ZJ016837,0.22209875,0.023556752,0.24746357,0.001602395,0.0047596465,0.0755798,0.16567466,0.2592644
ZJ016838,0.06446704,0.7805753,0.07765023,0.0010025233,0.018095948,0.0047377986,0.043769028,0.009702113
ZJ016839,0.045692705,0.017746348,0.4770264,0.0025146792,0.0007632424,0.07236683,0.34763232,0.036257442
ZJ016840,0.2226759,0.057617575,0.21710603,0.00052945357,0.0021959783,0.0029505228,0.4795133,0.017411254
ZJ016841,0.946689,0.010638362,0.010335566,0.00038701942,0.0062838444,0.0017962519,0.008034035,0.015835892
ZJ016842,0.34160078,0.1518325,0.24377339,0.003645716,0.045216218,0.016016198,0.12969446,0.06822074
ZJ016843,0.07232412,0.025424112,0.17591435,0.4405045,0.0053298795,0.16883342,0.007791355,0.103878334
ZJ016844,0.20285578,0.17610285,0.26955274,0.0010671256,0.002347023,0.15470402,0.17093973,0.022430725
ZJ016845,0.10152973,0.0048492425,0.5036804,0.05123255,0.04007375,0.13611588,0.0034139869,0.15910447
ZJ016846,0.053027183,0.031605054,0.8234282,0.0008189105,0.0015791522,0.013496134,0.04848827,0.027557112
ZJ016847,0.70340043,0.0042211735,0.1809473,0.0065352083,0.0017184832,0.017888218,0.016043345,0.06924582
ZJ016848,0.5047754,0.10183259,0.22392334,0.017501002,0.024208413,0.016045839,0.047754757,0.06395863
ZJ016849,0.095277995,0.0024576674,0.023564309,0.842121,0.010687292,0.019254813,0.0052489038,0.001388066
ZJ016850,0.32872683,0.070953935,0.02290402,0.40209857,0.15596794,0.002249698,0.009264116,0.007834867
ZJ016851,0.17056258,0.0013738744,0.6552262,0.026843408,0.03226443,0.011323917,0.0029112906,0.09949425
ZJ016852,0.06372434,0.0021199563,0.5354983,0.3079725,0.020754693,0.011107092,0.004531971,0.05429118
ZJ016853,0.0012260744,0.00011758055,0.00223417,7.9633915e-05,0.0063779447,0.9878208,0.0019340622,0.0002095847
ZJ016854,0.38328445,0.041757528,0.23314768,0.0016689207,0.06389846,0.0105319945,0.2542151,0.011495857
ZJ016855,4.882336e-06,4.6344336e-05,0.15973586,0.83929354,3.1248786e-05,0.0006676439,0.00010487804,0.00011559633
ZJ016856,0.4500195,0.046871442,0.24448805,0.008133143,0.059790827,0.057608973,0.025550826,0.107537255
ZJ016857,0.108782366,0.010153691,0.23142953,0.41110343,0.003115905,0.00095514755,0.011473616,0.22298631
ZJ016858,0.11631061,0.008358114,0.49719036,0.00025225067,0.0008948069,0.0025889357,0.36773065,0.006674345
ZJ016859,0.22315167,0.0024350546,0.13355412,0.42763144,0.010135013,0.0015101612,0.005086333,0.19649619
ZJ016860,0.0014477299,0.0013331833,0.030957188,0.00018892782,0.008298745,0.95230275,0.00063496095,0.004836521
ZJ016861,0.14015241,0.009691097,0.17202438,0.39800194,0.0018904211,0.0016411128,0.012217061,0.2643816
ZJ016862,0.018963365,0.9225075,0.01382181,0.00022307671,0.00024092301,0.0111626,0.025544832,0.007535842
ZJ016863,0.2219913,0.4559267,0.11125683,0.0018865103,0.0012027017,0.0058910204,0.017199311,0.18464561
ZJ016864,0.107994616,0.24593309,0.53107876,0.00040889918,0.0001965464,0.000314776,0.11056937,0.003504006
ZJ016865,0.048915602,0.037124913,0.031348273,0.0037693947,0.10531568,0.033243634,0.7127381,0.027544366
ZJ016866,0.42109492,0.08787235,0.15774763,0.056749236,0.022153094,0.0038247257,0.090828076,0.15972996
ZJ016867,0.48216954,0.028191986,0.21246894,0.0018978239,0.006559879,0.00680016,0.23121771,0.030694012
ZJ016868,0.36010182,0.06618356,0.278352,0.0013442568,0.0024570457,0.005703974,0.26798832,0.017869063
ZJ016869,0.25068215,0.037611276,0.25149778,0.0025056412,0.018005138,0.0031843886,0.34303293,0.09348073
ZJ016870,0.22397774,0.23820993,0.27873892,0.003435911,0.0019737375,0.0068174438,0.22825715,0.0185892
ZJ016871,0.6983283,0.058188275,0.052292302,0.000737738,0.025170527,0.036683742,0.11473469,0.013864478
ZJ016872,1.8117818e-08,1.7313276e-06,0.12277937,0.8772138,5.881961e-09,4.085774e-06,7.9605553e-07,1.1675421e-07
ZJ016873,0.37558082,0.08602346,0.13639991,0.007400664,0.02318016,0.0016131884,0.1716154,0.19818634
ZJ016874,0.10940461,0.12827718,0.4413786,0.057159666,0.00124674,0.08053134,0.16961922,0.012382684
ZJ016875,0.08644803,0.15473393,0.16069977,0.007962467,0.0027861188,0.0071118767,0.5145156,0.0657422
ZJ016876,0.20973392,0.3671947,0.17932409,0.0017017189,0.011896236,0.0019228368,0.20000777,0.028218685
ZJ016877,0.9068695,0.00048516662,0.01785011,0.0032807756,0.018224092,0.00082088687,0.0003446282,0.05212486
ZJ016878,0.08093785,0.0017175009,0.47972748,0.019141393,0.010770566,0.015243617,0.0025287364,0.3899328
ZJ016879,0.25806203,0.3390491,0.11546962,0.021453427,0.04322207,0.008181252,0.025560549,0.18900196
ZJ016880,0.37066656,0.20203684,0.10196265,0.0019854556,0.027482066,0.015561732,0.20627114,0.074033536
ZJ016881,0.007738493,0.94194007,0.0032590067,5.2783224e-05,0.041099086,0.0021831715,0.0036418522,8.556851e-05
ZJ016882,0.050866462,0.034724098,0.38078412,0.0007847821,0.0026772243,0.1667332,0.31067896,0.052751146
ZJ016883,0.1475482,0.25415802,0.2864603,0.0023764055,0.001698961,0.008868753,0.2438045,0.055084784
ZJ016884,0.3261139,0.019580618,0.030512383,0.015459871,0.02269165,0.0007240651,0.5558186,0.029098898
ZJ016885,0.4931275,0.15981893,0.054389756,0.07086134,0.009021234,0.0027071992,0.08399603,0.12607796
ZJ016886,0.74054945,0.0042727105,0.009074125,0.0003133555,0.012821043,0.002473827,0.22943783,0.001057674
ZJ016887,0.35857236,0.11153216,0.06780682,0.023854658,0.097401164,0.05217974,0.08894586,0.19970721
ZJ016888,0.12071036,0.0011107391,0.29280403,0.11910148,0.004257661,0.018440094,0.00281318,0.4407625
ZJ016889,0.32971644,0.17072648,0.26721698,0.0037028405,0.041435853,0.001373959,0.11619609,0.06963141
ZJ016890,0.13360538,0.0025826802,0.4789365,0.044046987,0.028731987,0.0111428965,0.003723001,0.29723045
ZJ016891,0.23889923,0.2776585,0.20971508,0.011410556,0.047661725,0.025797434,0.091689326,0.09716812
ZJ016892,0.32601586,0.033066977,0.38069797,0.0070562,0.12141375,0.015342536,0.05028961,0.06611717
ZJ016893,0.56839246,0.0079862,0.21656132,0.017308796,0.03605317,0.0052427924,0.059882052,0.08857324
ZJ016894,0.107127555,0.005726228,0.19228226,0.03390419,0.17288432,0.42648435,0.022101602,0.039489456
ZJ016895,0.2517493,0.44210178,0.015929291,0.00047881497,0.06700238,0.18500015,0.006446679,0.0312916
ZJ016896,0.11320864,0.04946058,0.14965804,0.0008773055,0.08436876,0.019857196,0.5791623,0.0034072117
ZJ016897,0.2306333,0.021093642,0.065198846,0.00038225632,0.023435514,0.0056376997,0.65010154,0.003517134
ZJ016898,0.23145598,0.0107286535,0.5321446,0.042532623,0.028984018,0.074047685,0.011566004,0.06854037
ZJ016899,0.25771627,0.06878487,0.17276187,0.0017935603,0.007523678,0.14962344,0.3180282,0.023768047
ZJ016900,0.08577068,0.0011540746,0.62214434,0.03868522,0.0012387362,0.018399272,0.0007795729,0.23182817
ZJ016901,0.002133936,0.0017949183,0.011010187,0.00030287445,0.00040925658,0.9819952,0.001263259,0.0010903542
ZJ016902,0.9229476,0.0017367913,0.023293136,0.00023027831,0.0029112697,0.0007874063,0.029832324,0.018261107
ZJ016903,0.17091897,0.1646833,0.2123728,0.00040071536,0.00368439,0.0056468635,0.3876458,0.05464715
ZJ016904,0.65449446,0.006325265,0.19692443,0.014018852,0.012244813,0.010725925,0.0046535023,0.10061277
ZJ016905,0.24585849,0.022904387,0.2998381,0.21294528,0.02253099,0.009429146,0.016832782,0.16966078
ZJ016906,0.21952479,0.06486889,0.27359486,0.0006868439,0.0022825059,0.034110874,0.3381761,0.06675517
ZJ016907,0.7373881,0.0073724533,0.032968134,0.0010829421,0.20483917,0.0034278273,0.010523566,0.0023978227
ZJ016908,0.007902557,0.0045143333,0.006692817,0.001458651,0.0018935415,0.0074027563,0.9664142,0.0037211291
ZJ016909,0.030614242,0.0017522365,0.20514984,0.000118116564,0.00028741505,0.69447166,0.04082065,0.026785811
ZJ016910,0.6062826,0.001867872,0.17766155,0.18397228,0.0009228217,0.0025423414,0.0019992085,0.024751311
ZJ016911,0.03604197,0.90391105,0.031828724,0.0005661696,0.0018361881,0.0007163004,0.017136775,0.007962784
ZJ016912,0.2603534,0.023985676,0.47820187,0.0024711965,0.00044940825,0.001661983,0.213414,0.019462483
ZJ016913,0.23409912,0.19201198,0.17279866,0.0012062037,0.0016487126,0.055778835,0.33996865,0.0024877305
ZJ016914,0.16384237,0.060664926,0.27632305,0.12342058,0.006119459,0.0005402072,0.04156528,0.32752416
ZJ016915,0.44557452,0.16392116,0.09027468,0.0007204372,0.005700323,0.052874207,0.21644332,0.024491351
ZJ016916,0.13794813,0.031775713,0.238448,0.06174686,0.19765614,0.036280934,0.010709267,0.28543496
ZJ016917,0.35960704,0.09324371,0.102153026,0.010579359,0.07729598,0.0017074724,0.18153568,0.17387776
ZJ016918,0.46855897,0.01933246,0.1403373,0.099175856,0.0672315,0.005949276,0.02768744,0.17172715
ZJ016919,0.72786635,0.005072969,0.02285014,0.003745811,0.22082417,0.00039160726,0.009741146,0.009507801
ZJ016920,0.0016919976,0.00069874205,0.0123696355,7.0439346e-05,0.0008059613,0.98248863,0.00069216115,0.0011824125
ZJ016921,0.406595,0.087441385,0.27625427,0.049405478,0.03738028,0.0057421923,0.01284681,0.12433454
ZJ016922,0.54363704,0.010765538,0.26554957,0.00026339153,0.0038607386,0.07893009,0.06627219,0.030721487
ZJ016923,0.7203598,0.0017230721,0.066691026,0.011262921,0.15208662,0.0075891754,0.02218204,0.018105367
ZJ016924,0.18472451,0.06474286,0.06847276,0.0041485336,0.031835888,0.0031315878,0.20915318,0.43379068
ZJ016925,0.0012602269,0.00017218976,0.0026263655,0.0004534006,0.007643321,0.98542523,0.0020542284,0.00036506774
ZJ016926,0.43981463,0.0035533337,0.35934812,0.027779343,0.009502994,0.110205784,0.020649185,0.02914662
ZJ016927,0.12425804,0.022045135,0.086565934,0.0004565173,0.006235757,0.00624804,0.74571633,0.008474237
ZJ016928,0.4137574,0.119606994,0.052354116,0.002537166,0.01036038,0.00044355338,0.37435248,0.026587881
ZJ016929,0.31852704,0.17073327,0.10320515,0.0020394775,0.009420151,0.0063798632,0.29748642,0.09220857
ZJ016930,0.054674696,0.20590681,0.06801848,0.0069559077,0.010258553,0.00040609718,0.532131,0.12164841
ZJ016931,0.040294066,0.0041973228,0.19515543,0.030440269,0.0014995877,0.013461898,0.0023812861,0.7125702
ZJ016932,0.5162764,0.030587405,0.14636563,0.15228766,0.05165735,0.002104704,0.011170908,0.089549996
ZJ016933,0.07155038,0.20136118,0.06420916,0.002354679,0.0016747417,0.007269054,0.6038347,0.04774615
ZJ016934,0.099046335,0.01540265,0.7853165,0.011070589,0.0014186798,0.015710618,0.0060129077,0.06602173
ZJ016935,0.03157151,0.88930994,0.011784102,9.867813e-05,0.000775749,0.0010205514,0.0608822,0.0045573306
ZJ016936,0.3637325,0.04527756,0.061034206,0.03312432,0.053061467,0.0020890106,0.23612307,0.20555788
ZJ016937,0.04511563,0.90458095,0.014012739,0.00048727728,0.008547931,0.00020178246,0.014588592,0.01246504
ZJ016938,0.003503771,0.0077467794,0.018432776,0.049428485,0.0012633571,0.914334,0.0048515615,0.00043928646
ZJ016939,0.36291692,0.18077889,0.17899142,0.0042911433,0.07129386,0.013836087,0.17666203,0.011229679
ZJ016940,0.69821185,0.001393553,0.07691976,0.048801437,0.029937917,0.0023307926,0.002776482,0.13962817
ZJ016941,0.11644555,0.0015311532,0.123805925,0.27878013,0.0034884694,0.0025612437,0.004234801,0.46915272
ZJ016942,0.057079833,0.073474646,0.52472764,0.00035228464,0.00030102883,0.020422185,0.19226685,0.13137548
ZJ016943,0.42861584,0.031231835,0.17732714,0.007548779,0.013655026,0.02111913,0.06330137,0.25720093
ZJ016944,0.23115729,0.1918595,0.13908176,0.0063713905,0.083481036,0.016946483,0.11047111,0.22063148
ZJ016945,0.17828424,0.098420486,0.19641344,0.0011049814,0.0056899916,0.004098246,0.48832485,0.027663803
ZJ016946,0.039219946,0.06588002,0.35946032,0.00055670686,0.0052562016,0.17918341,0.3155006,0.034942724
ZJ016947,0.05865589,0.07314977,0.16222797,0.0030664706,0.001071794,0.0056666434,0.668192,0.02796944
ZJ016948,0.16407193,0.08669465,0.39003938,0.02576414,0.0101164505,0.012254218,0.08318284,0.22787638
ZJ016949,0.12361445,0.015620742,0.48831394,0.03784297,0.05282353,0.027656546,0.021398365,0.23272938
ZJ016950,0.44291785,0.0110231545,0.0420158,0.00021976752,0.4645988,0.0017807765,0.034995902,0.0024479388
ZJ016951,0.15980978,0.0012113218,0.1782169,0.27825004,0.007924066,0.0025271964,0.004514642,0.36754602
ZJ016952,0.37949857,0.056313228,0.42109394,0.0034088632,0.03447116,0.0016787736,0.037865885,0.06566958
ZJ016953,0.34858155,0.20029657,0.14355756,0.0008387135,0.00092316297,0.036298785,0.2682686,0.0012351002
ZJ016954,0.20021743,0.10824393,0.2754547,0.0020332288,0.002696477,0.05119773,0.250631,0.109525464
ZJ016955,0.9350827,0.0018524332,0.003702431,3.8642484e-05,0.03472718,0.007894569,0.016530067,0.00017198292
ZJ016956,0.17022316,0.058586374,0.25632426,0.00038408788,0.00080035534,0.028783146,0.43216953,0.052729122
ZJ016957,0.0037659197,0.014359604,0.15138428,0.79226834,0.00015062361,0.0022940277,0.021866998,0.013910201
ZJ016958,0.0011504426,0.0002918694,0.0019108373,0.00014782236,0.0005570778,0.9954074,0.00032951875,0.0002050121
ZJ016959,0.11183134,0.003558874,0.65395814,0.019598506,0.050886404,0.08875699,0.0024787544,0.06893098
ZJ016960,0.54403293,0.0088026775,0.103118435,0.000564831,0.030748261,0.01648584,0.28319415,0.013052895
ZJ016961,0.02345548,0.5518366,0.39345902,0.0001843476,1.9922178e-05,0.0005267509,0.029877938,0.00063996593
ZJ016962,0.014660049,0.002641207,0.041348517,0.089365,0.0028276357,0.035400692,0.00081528735,0.81294155
ZJ016963,0.115530655,0.35507283,0.2044875,0.0014004974,0.0062472583,0.003808812,0.3102166,0.0032358393
ZJ016964,0.14046668,0.6224791,0.1105047,0.0036822231,0.006177937,0.009657871,0.04136826,0.065663256
ZJ016965,0.3039414,0.10440923,0.22861688,0.00199889,0.0035548452,0.0063209133,0.271367,0.07979084
ZJ016966,0.44308966,0.054221507,0.043395776,0.34178507,0.09733523,0.0041778255,0.005109976,0.010884906
ZJ016967,0.20391783,0.032528877,0.02562389,0.00030191304,0.0030842589,0.6271209,0.09895605,0.008466341
ZJ016968,0.06087489,0.23011395,0.02544938,0.0045815124,0.004750221,0.007341692,0.65795064,0.008937768
ZJ016969,0.421814,0.04400533,0.24017912,0.0028335394,0.029940402,0.009153159,0.23069017,0.021384263
ZJ016970,0.085071236,0.073267445,0.667725,0.00024276304,0.00086753635,0.0027335354,0.16972217,0.00037033937
ZJ016971,0.39459512,0.04758988,0.18785265,0.010762737,0.016933477,0.03651573,0.24817982,0.057570536
ZJ016972,0.15004218,0.009454828,0.53798735,0.12696114,0.0025138177,0.012358241,0.0061170096,0.15456542
ZJ016973,0.07742219,0.38783824,0.058605634,0.002081139,0.0022406422,0.018499317,0.43977925,0.013533562
ZJ016974,0.06892474,0.025502289,0.62852424,0.0003969681,0.00069606537,0.003701621,0.17273252,0.09952159
ZJ016975,0.05792382,0.04694423,0.52467096,0.00038560625,0.00014295218,0.032361582,0.260459,0.077111855
ZJ016976,0.23882848,0.22145008,0.046847478,0.003344823,0.11704877,0.0012830002,0.2693056,0.1018918
ZJ016977,0.03584277,0.00061691017,0.048529923,0.18258199,0.0046765055,0.7044126,0.0016471223,0.021692157
ZJ016978,0.3978855,0.010614663,0.21229751,6.0943883e-05,0.0014617372,0.2386927,0.124843106,0.014143847
ZJ016979,0.26599836,0.14176765,0.38039353,0.002473028,0.032373607,0.028239002,0.09084991,0.057904914
ZJ016980,0.009760792,0.96423113,0.0024037084,0.00012983938,0.010525472,0.00082161167,0.011334342,0.00079308345
ZJ016981,0.45218894,0.029386777,0.09760086,0.1212909,0.029429628,0.0060807155,0.024966385,0.23905584
ZJ016982,0.24742875,0.31635374,0.21227941,0.02729685,0.027685465,0.02177108,0.046466034,0.10071873
ZJ016983,0.041619517,0.00558869,0.20062798,0.17243263,0.00022659477,0.0011025757,0.0018630384,0.576539
ZJ016984,0.39678288,0.016270818,0.053016935,0.45044687,0.04366134,0.009891544,0.0046829507,0.025246631
ZJ016985,0.4805134,0.049348783,0.19600189,0.00046720458,0.001802399,0.05278257,0.19105527,0.02802857
ZJ016986,0.19418156,0.015107373,0.008999707,0.71403307,0.057444315,0.0021574928,0.005196096,0.002880391
ZJ016987,0.42312533,0.034258656,0.13342805,0.003911037,0.012933142,0.076323695,0.15669343,0.15932663
ZJ016988,0.6326508,0.032464333,0.025697466,0.26988855,0.03067032,0.0023964592,0.0030898515,0.0031421836
ZJ016989,0.08201825,0.0057314304,0.0085712625,0.012346781,0.012493952,0.81109226,0.0581113,0.009634736
ZJ016990,0.28181487,0.07982188,0.095037006,0.01048409,0.05626367,0.0022549697,0.22496288,0.24936064
ZJ016991,0.0006852509,0.0021099625,0.0100652985,3.6656504e-05,0.00066421647,0.9849039,0.00024646972,0.0012882672
ZJ016992,0.027223513,0.0013454694,0.034537327,0.0012182714,5.6249995e-05,0.0035640574,0.86936945,0.06268564
ZJ016993,0.56851727,0.030692097,0.102428645,0.0020775965,0.005586996,0.02490005,0.24474527,0.021052066
ZJ016994,0.17698163,0.048907056,0.56796706,0.000971089,0.00045760302,0.011725088,0.19129698,0.0016934758
ZJ016995,0.032290243,0.36036047,0.29514992,0.0021502753,0.11129249,0.03495385,0.1348704,0.028932376
ZJ016996,0.17260042,0.22685978,0.24560972,0.0022531191,0.005980071,0.026241876,0.23795265,0.08250234
ZJ016997,0.16912954,0.12331904,0.29140374,0.022227142,0.058188148,0.06532471,0.2670781,0.0033296156
ZJ016998,0.30037385,0.0998741,0.18394956,0.00555342,0.04261819,0.09026149,0.17161453,0.105754875
ZJ016999,0.03277193,0.002777424,0.1572209,0.00066927256,0.00019037846,0.7186554,0.06299497,0.024719737
ZJ017000,0.019012827,0.8153428,0.12288005,0.000117190866,0.000113474,0.012725149,0.02820956,0.0015989513
ZJ017001,0.11738077,0.0055260304,0.44865733,0.14360708,0.0036579676,0.016788691,0.0058951923,0.2584869
ZJ017002,0.33511364,0.00040745817,0.012875209,0.0002681037,0.6484585,0.00062349613,0.0005240474,0.0017295612
ZJ017003,0.13552186,0.0006143089,0.511426,0.047898404,0.09616994,0.098288015,0.0035992486,0.10648225
ZJ017004,0.6361901,0.09111605,0.10304042,0.00027300374,0.014327223,0.03077762,0.106277294,0.017998355
ZJ017005,0.14993708,0.3222496,0.22694221,0.0038230899,0.00051357166,0.0017831741,0.05140982,0.24334149
ZJ017006,0.32929763,0.055092063,0.14865938,0.009241047,0.03222608,0.0035487043,0.28932115,0.13261397
ZJ017007,0.48691702,0.0017249876,0.2921799,0.01887402,0.008768326,0.1119636,0.033085108,0.04648701
ZJ017008,0.49845287,0.041100472,0.17301266,0.0011229798,0.009086058,0.027499437,0.20695227,0.04277324
ZJ017009,0.21274388,0.057924513,0.18233664,0.0051069725,0.018006045,0.004577557,0.4688777,0.050426695
ZJ017010,0.15583637,0.00024610996,0.1753105,0.3563514,0.09403492,0.0117184,0.001867318,0.20463495
ZJ017011,0.25569844,0.052299403,0.0420417,0.0008991693,0.007258579,0.0028836608,0.6010754,0.037843633
ZJ017012,0.16136621,0.041465417,0.15385276,0.0018807974,0.021625135,0.3964464,0.21665266,0.0067106225
ZJ017013,0.0861227,0.0026434616,0.13129267,0.3639487,0.0026151217,0.004597847,0.004323069,0.40445644
ZJ017014,0.5087163,0.050236553,0.13047534,0.007520184,0.013602032,0.015261535,0.11511474,0.1590734
ZJ017015,0.07313481,0.11099802,0.31017143,0.001018327,0.001341398,0.0033479407,0.4632301,0.036757965
ZJ017016,0.0033528926,0.9438035,0.0134952525,0.0001848771,0.00026216955,0.0085982615,0.028721174,0.0015819372
ZJ017017,0.26864874,0.016746044,0.03013466,0.50133395,0.16911753,0.0022566856,0.0076767607,0.0040855957
ZJ017018,0.20290518,0.052268498,0.2062781,0.0033903616,0.0068272017,0.029764973,0.4408194,0.05774627
ZJ017019,0.38393432,0.088842176,0.22550851,0.0015158181,0.013521778,0.007372943,0.23313868,0.04616581
ZJ017020,0.99344885,0.00036708193,0.0029964147,0.00019032518,0.0003804705,4.7542824e-05,0.0006835525,0.0018857908
ZJ017021,0.16982967,0.14826515,0.05833778,0.0010233795,0.004130296,0.0016532529,0.6026349,0.014125618
ZJ017022,0.36879593,0.042056616,0.1951763,0.005462133,0.005044413,0.05763217,0.027594248,0.29823822
ZJ017023,0.06533304,0.0128278155,0.44352967,0.0026851892,0.00047525342,0.02662243,0.40273502,0.04579156
ZJ017024,0.035014294,0.1384858,0.6997481,0.0001740391,8.629566e-05,0.014501323,0.1033502,0.008639994
ZJ017025,0.3766483,0.04161666,0.22897272,0.0009928156,0.007027765,0.0027501956,0.29837438,0.04361715
ZJ017026,0.12976258,0.47437096,0.24303155,0.001261531,0.0029502655,0.02142125,0.117437504,0.009764397
ZJ017027,0.25043494,0.0027944315,0.5650407,0.060450494,0.0015161295,0.004242124,0.004325465,0.1111958
ZJ017028,0.10572666,0.30329975,0.25871563,0.0031127348,0.0031576888,0.022405362,0.24246661,0.061115548
ZJ017029,0.22467034,0.006229866,0.25784394,0.27828053,0.06018846,0.009747955,0.018602882,0.14443605
ZJ017030,0.52203953,0.014094718,0.09316324,0.004153972,0.009802171,0.002949761,0.2103717,0.14342487
ZJ017031,0.3153134,0.05128147,0.3489174,0.06577173,0.03133335,0.011826052,0.049285665,0.1262709
ZJ017032,0.51405597,0.0036310614,0.16559571,0.18376887,0.0016224283,0.062980115,0.002738989,0.06560689
ZJ017033,0.21858494,0.334578,0.17325865,0.0060167285,0.03346751,0.0008512357,0.11450109,0.118741885
ZJ017034,0.35876152,0.0025782844,0.11647686,0.09097285,0.29746377,0.045221638,0.010334829,0.07819023
ZJ017035,0.36318922,0.06274989,0.29831213,0.0015641577,0.0017318082,0.0077638524,0.2522865,0.012402483
ZJ017036,0.15913434,0.30726087,0.17138544,0.00058366254,0.0041476144,0.040989142,0.30935606,0.00714292
ZJ017037,0.09784948,0.0047047623,0.64120543,0.01581585,0.0022150348,0.022007849,0.20532645,0.010875183
ZJ017038,0.51351005,0.25943676,0.039903197,0.0069874716,0.0019251946,0.0010073892,0.01238476,0.16484515
ZJ017039,0.033709764,0.0113859,0.025148787,0.00023694697,0.0012949128,0.0037388385,0.9197136,0.0047712172
ZJ017040,0.2923189,0.15053573,0.13080287,0.006948293,0.012810315,0.01981046,0.15137069,0.23540273
ZJ017041,0.73790485,0.037644,0.0060221064,9.204648e-05,0.026064228,0.005505237,0.18607087,0.0006966495
ZJ017042,0.077882476,0.004242306,0.29612163,0.13128291,0.122352116,0.024255477,0.0013500808,0.34251297
ZJ017043,0.01477233,0.002292632,0.7621451,0.00040537704,0.011859031,0.17919996,0.012438428,0.016887091
ZJ017044,0.2358944,0.3709258,0.109705724,0.026036516,0.027230907,0.007982044,0.021449592,0.20077504
ZJ017045,0.19524094,0.33737952,0.24349675,0.00077387557,0.0016016901,0.012909668,0.07583164,0.1327659
ZJ017046,0.10112371,0.007259652,0.25900066,0.001831532,0.08854727,0.52677083,0.010988054,0.004478294
ZJ017047,0.00076465466,0.0002573766,0.0053903894,0.00019418767,0.00017154544,0.99263626,0.0005542443,3.142236e-05
ZJ017048,0.04746421,0.13680938,0.0041218107,0.00080484763,0.0013643202,0.0001575885,0.8075369,0.0017408942
ZJ017049,0.4425562,0.1476496,0.05793373,0.017964697,0.0886372,0.00206782,0.09833143,0.14485933
ZJ017050,0.27279678,0.019120015,0.21758713,0.334237,0.059703734,0.007651915,0.011153049,0.07775039
ZJ017051,0.4860857,0.04349938,0.09801465,0.25183138,0.090069614,0.007101774,0.01048273,0.0129147265
ZJ017052,0.39517048,0.014899553,0.32978538,0.0016635993,0.011725309,0.018534461,0.08942682,0.1387944
ZJ017053,0.3524233,0.03848204,0.25593683,0.13071594,0.02811839,0.003907898,0.018881362,0.17153421
ZJ017054,0.24741693,0.010644636,0.22068238,0.06545669,0.010422196,0.010563702,0.016597502,0.41821596
ZJ017055,0.024674335,0.0033691435,0.03976063,0.005455793,0.0029363823,0.91680545,0.0015395202,0.0054586735
ZJ017056,0.11810064,0.45462525,0.26112252,0.0015921525,0.0040524346,0.009232204,0.1462473,0.005027445
ZJ017057,0.3486652,0.08879646,0.07406355,0.0076582655,0.05521749,0.0010657966,0.26205465,0.16247858
ZJ017058,0.13565248,0.059832323,0.33954403,0.001080012,0.01384094,0.07841501,0.3236033,0.04803195
ZJ017059,0.27489647,0.0015752304,0.32906407,0.051541574,0.11728837,0.103461415,0.005948171,0.1162247
ZJ017060,0.017690726,0.01085702,0.30025947,0.62073886,0.003299723,0.004990676,0.034484163,0.0076793255
ZJ017061,0.3648661,0.020361722,0.08312466,0.44627193,0.04643701,0.005777124,0.0045029605,0.028658513
ZJ017062,0.000621689,0.00024351157,0.023193398,4.267389e-05,0.0005878634,0.9746725,0.00013072447,0.0005076316
ZJ017063,0.44395673,0.010300652,0.05496104,0.0031249614,0.012591301,0.012712038,0.40559858,0.05675473
ZJ017064,0.5167235,0.018106515,0.037372075,0.31131276,0.10595687,0.0030515578,0.0032760578,0.0042005903
ZJ017065,0.13733469,0.0063698427,0.09411122,0.47237122,0.026935903,0.012806286,0.003027279,0.24704349
ZJ017066,0.15548427,0.003646936,0.5257735,0.14178702,0.0012640606,0.008966276,0.0035756892,0.15950224
ZJ017067,0.027726471,0.0019435972,0.10291477,0.07324034,0.036029432,0.24560313,0.0094171995,0.5031251
ZJ017068,0.05866524,0.027205331,0.23347092,0.00051961356,0.0017569502,0.0016931553,0.6558073,0.020881468
ZJ017069,0.12166405,0.01158104,0.25134826,0.37498564,0.005520511,0.042791106,0.004070224,0.18803912
ZJ017070,0.76419723,0.0049825395,0.06985623,0.0009391503,0.010107126,0.002611495,0.027431244,0.11987497
ZJ017071,0.3386084,0.083177954,0.057524405,0.0010473755,0.012909497,0.072181754,0.4121217,0.022428835
ZJ017072,0.28776124,0.21158062,0.2842222,0.0009001076,0.0067256684,0.0074608675,0.19017787,0.011171403
ZJ017073,0.34485114,0.051106505,0.018027302,0.0005570158,0.0019452042,0.0118145505,0.5623049,0.009393365
ZJ017074,0.09662352,0.34025827,0.38330725,0.00064661,0.00066176936,0.015178588,0.1580442,0.00527985
ZJ017075,0.14328374,0.014690687,0.18874334,0.0006352145,0.013235506,0.02604515,0.56880265,0.044563666
ZJ017076,0.07640365,0.025781153,0.2235439,0.00040394222,0.002547793,0.034231137,0.6215341,0.015554274
ZJ017077,0.06438387,0.024695275,0.38196096,0.0015189857,0.0022736175,0.2712916,0.16064663,0.093228996
ZJ017078,0.024836184,0.0019150873,0.06554585,0.00017537539,0.00037098068,0.8686498,0.028878562,0.009628196
ZJ017079,0.28688127,0.046078216,0.23854999,0.09360195,0.0036413006,0.002073499,0.011177456,0.31799632
ZJ017080,0.019607246,0.005993381,0.06848539,0.094948426,0.0071013505,0.78581226,0.011448948,0.006602989
ZJ017081,0.049904905,0.0023538242,0.41502798,0.00021943184,0.002674825,0.41686803,0.05219909,0.060751915
ZJ017082,0.234557,0.035737332,0.3661437,0.0014888531,0.0017504854,0.0069076247,0.33171484,0.021700203
ZJ017083,0.18383743,0.64203554,0.061284322,0.007079217,0.0015425389,0.009726743,0.037723035,0.05677112
ZJ017084,0.109476335,0.59166205,0.116048,0.0009292417,0.016699934,0.008294849,0.10683287,0.050056733
ZJ017085,0.046220273,0.7236178,0.055843193,0.0032351923,0.0019190699,0.01656279,0.078582436,0.07401921
ZJ017086,0.120338954,0.4495111,0.26166806,0.0020575714,0.0033086748,0.006220368,0.14930817,0.0075871246
ZJ017087,0.7577097,0.07726376,0.039094683,0.0006400956,0.001290995,0.008964117,0.105872124,0.009164576
ZJ017088,0.0061489656,0.01371995,0.001725208,0.00057622965,0.00023247571,0.97042936,0.006150102,0.001017701
ZJ017089,0.3957005,0.019098133,0.3116213,0.0017452147,0.010076064,0.027490785,0.17304482,0.061223146
ZJ017090,0.105711825,0.005332202,0.22387135,0.01717434,0.39745724,0.08543503,0.017059095,0.14795898
ZJ017091,0.11455038,0.7216318,0.053280175,0.0024357622,0.0012739861,0.0030584577,0.026219962,0.077549376
ZJ017092,0.08118421,0.00070699124,0.6389478,0.06957406,0.15386367,0.008557228,0.0026462714,0.044519786
ZJ017093,0.081797324,0.01084632,0.08532194,0.71815395,0.00052799575,0.0026317823,0.006759803,0.09396088
ZJ017094,0.19392946,0.013599063,0.49094665,0.03437237,0.0537383,0.1021427,0.010649191,0.100622304
ZJ017095,0.49063137,0.044034705,0.29033723,0.0009449488,0.0015284766,0.021677073,0.14690794,0.0039382395
ZJ017096,0.30796215,0.12903152,0.059899814,0.40251565,0.044701368,0.011397318,0.016680442,0.027811764
ZJ017097,0.53649825,0.043073233,0.05958838,0.26302367,0.07866186,0.0042610285,0.0057055075,0.009188073
ZJ017098,0.10174507,0.001045125,0.516188,0.1190066,0.00022649446,0.006753207,0.0008050849,0.25423044
ZJ017099,0.2099892,0.082759395,0.5231151,0.0013761811,0.0010433607,0.0038218806,0.17299783,0.004897058
ZJ017100,0.04993147,0.02378964,0.075062916,0.00994045,0.0022892386,0.7708044,0.04258929,0.02559261
ZJ017101,0.48091725,0.041275095,0.22516865,0.0019611665,0.008221343,0.09426454,0.1322746,0.015917337
ZJ017102,0.09920416,0.00066286785,0.12159461,0.38066167,0.001464854,0.0015507744,0.0022259585,0.39263514
ZJ017103,0.05110529,0.102273926,0.6938197,0.00027331003,8.6703665e-05,0.008770443,0.078109935,0.06556069
ZJ017104,0.070815936,0.00026334493,0.23088005,0.3529367,0.0707325,0.028836071,0.00085602177,0.24467938
ZJ017105,0.10311711,0.41656652,0.07918498,0.0053869276,0.004217716,0.0012574116,0.38357478,0.006694596
ZJ017106,0.19098984,0.043944065,0.44913116,0.00017850994,0.00042879191,0.18318833,0.12666608,0.0054732333
ZJ017107,0.99749404,0.00020767645,0.001376817,5.4118764e-06,0.00010098008,1.8935978e-05,0.00047440483,0.00032170422
ZJ017108,0.0018508803,0.0012765856,0.0034098534,4.8107315e-05,0.0019559197,0.9872661,0.0038349782,0.00035756902
ZJ017109,0.034582533,0.013786146,0.8433596,0.0007613621,0.0018300532,0.045752417,0.030954849,0.028973045
ZJ017110,0.27665436,0.033388462,0.146357,0.001001243,0.032856192,0.010619212,0.38438955,0.11473395
ZJ017111,0.11008806,0.2549556,0.08666025,0.0009263608,0.0013634112,0.0020705753,0.5404122,0.0035235581
ZJ017112,0.14765753,0.22058308,0.086336985,0.00019570444,0.0019346819,0.0014369356,0.53798234,0.0038727345
ZJ017113,0.015162375,0.85319465,0.009195995,0.00012044169,0.013433894,0.0034004466,0.10508176,0.00041047868
ZJ017114,0.021209335,0.73580503,0.00862889,0.001243049,0.0070908195,0.041330326,0.1843054,0.00038705172
ZJ017115,0.10294933,0.020626975,0.0443573,0.014910482,0.1169583,0.6173652,0.07044798,0.012384507
ZJ017116,0.22965623,0.2052215,0.31431603,0.00045220493,0.0017184092,0.018803386,0.12527832,0.10455395
ZJ017117,0.2828822,0.1361121,0.0661367,0.37815544,0.1041759,0.007531152,0.01330927,0.011697207
ZJ017118,0.07490875,0.0326976,0.14875534,0.0032496953,0.0017717392,0.025572143,0.6086023,0.10444246
ZJ017119,0.09201843,0.0006471637,0.2207483,0.45080158,0.03172602,0.008747093,0.0019309946,0.19338043
ZJ017120,0.30211398,0.09108086,0.15571105,0.06771813,0.024432192,0.009854434,0.02430128,0.32478803
ZJ017121,0.49194607,0.023474203,0.06563615,0.34049624,0.016741319,0.022812417,0.009437717,0.029455917
ZJ017122,0.13384145,0.0027025447,0.7134552,0.018253528,0.00033826218,0.010737575,0.003549499,0.11712198
ZJ017123,0.072862424,0.03182922,0.5263218,0.0004951541,0.0013137569,0.1161406,0.18075235,0.0702846
ZJ017124,0.28292888,0.14643706,0.211572,0.01651139,0.06755809,0.01825255,0.10469516,0.15204488
ZJ017125,0.034588967,0.0023957237,0.5962402,0.099908896,0.02279271,0.00880934,0.0013340218,0.23393007
ZJ017126,0.48029146,0.0052335993,0.33589366,0.01584116,0.053926595,0.035309665,0.034862183,0.038641624
ZJ017127,0.12153342,0.13534598,0.1829007,0.00027988572,0.0025071348,0.023943353,0.50760007,0.025889432
ZJ017128,0.17333804,0.11303179,0.26062736,0.0017550875,0.0047236024,0.021985045,0.4219691,0.0025699611
ZJ017129,0.0026114183,0.0042098924,0.0037680587,0.00033727795,0.00010404508,0.9851728,0.0027714183,0.0010251622
ZJ017130,0.09935111,0.012903737,0.019881673,0.018418573,0.020854829,0.79061645,0.029238563,0.008735041
ZJ017131,0.21122533,0.14575604,0.27156737,0.004293066,0.0046407003,0.021693641,0.21109411,0.12972972
ZJ017132,0.17999071,0.12127552,0.19644818,0.0010777249,0.0009197757,0.0021950265,0.49239838,0.0056947065
ZJ017133,0.599451,0.051021773,0.12282534,0.0021686696,0.021602046,0.0319704,0.12839907,0.042561684
ZJ017134,0.006792506,0.0049295174,0.045776885,9.941894e-05,0.14786175,0.7875579,0.005336097,0.0016459179
ZJ017135,0.04121946,0.0013509054,0.10477194,0.101647824,0.0051592127,0.019639382,0.0011651749,0.7250461
ZJ017136,0.022844724,0.033447232,0.010911964,0.00040930853,0.00022961757,0.7976816,0.099729486,0.034746073
ZJ017137,0.0013661442,0.006142854,0.008044845,0.0005939426,0.003788289,0.9749923,0.0018820653,0.0031896255
ZJ017138,0.3864689,0.08342141,0.12578958,0.015329773,0.013955259,0.020192934,0.06312092,0.29172128
ZJ017139,0.28833163,0.16422133,0.36777958,0.0015372924,0.016671749,0.0035829388,0.092863835,0.065011665
ZJ017140,0.03084199,0.018761963,0.8041218,0.00021395933,0.0010083904,0.041315332,0.04313436,0.06060221
ZJ017141,0.23737276,0.36046806,0.068354025,0.0015066769,0.000956756,0.0030166025,0.32547525,0.0028498336
ZJ017142,0.13675036,0.00238935,0.14974491,0.3573873,0.010805026,0.0014995028,0.00896309,0.3324604
ZJ017143,0.14368157,0.0031840315,0.31264985,0.32175216,0.12758642,0.012197426,0.00497139,0.07397706
ZJ017144,0.060477532,0.06955249,0.2285728,0.00086010125,0.0067424052,0.21636713,0.38552573,0.031901848
ZJ017145,0.027987871,0.8982933,0.027241057,0.0017785466,0.00048059042,0.001348056,0.007611133,0.03525944
ZJ017146,0.12132749,0.5263122,0.071762644,0.001155143,0.043750275,0.017985404,0.20867471,0.009032164
ZJ017147,0.39660954,0.15588629,0.19137624,0.0018026257,0.004556521,0.0038711478,0.22775687,0.018140811
ZJ017148,0.5108521,0.010923424,0.19334854,0.00012721155,0.0014142988,0.11040737,0.1555331,0.0173939
ZJ017149,0.18837373,0.17763405,0.33990645,0.0027929188,0.012618452,0.0049790377,0.25075197,0.022943364
ZJ017150,0.48594013,0.026508704,0.05648237,0.28359956,0.13268358,0.0020450368,0.0052076597,0.0075329137
ZJ017151,0.07675061,0.045208324,0.6651596,0.00072925695,0.06784485,0.0014129304,0.09206314,0.050831307
ZJ017152,1.5048816e-10,2.5071872e-13,0.10191826,0.89808124,9.0418204e-08,1.3669242e-07,1.2012478e-07,1.3516576e-07
ZJ017153,0.29727525,0.042357117,0.15055172,0.2604083,0.07844351,0.015449217,0.007128768,0.14838608
ZJ017154,0.12793699,0.008250525,0.32322532,0.00035593085,0.0016302014,0.06061022,0.42974234,0.04824852
ZJ017155,0.1785074,0.02544953,0.53295106,0.0010218443,0.018806795,0.11084096,0.070407614,0.0620148
ZJ017156,0.0037469575,0.0003056886,0.0044317683,0.00012840144,0.00025117595,0.00023445289,0.9906476,0.0002538764
ZJ017157,0.66940916,0.018436534,0.16538158,0.013586985,0.0060952106,0.0069655576,0.06314729,0.056977697
ZJ017158,0.059145257,0.8025148,0.05563372,4.9586088e-05,0.00028288117,0.048773248,0.028418524,0.0051819338
ZJ017159,0.12212102,0.43232855,0.118699156,0.0010207332,0.0052803434,0.005102508,0.068155445,0.2472922
ZJ017160,0.11727204,0.045837518,0.14089705,0.00013906774,0.000550312,0.0024644362,0.6891056,0.0037340145
ZJ017161,0.086823,0.05613989,0.6320744,0.0007264971,0.0006453097,0.0016077037,0.15368837,0.06829479
ZJ017162,0.11277601,0.008838067,0.3515266,0.08239899,0.00130499,0.39520562,0.0048038205,0.043145865
ZJ017163,0.2703947,0.0045403284,0.13330786,0.23769212,0.016447626,0.0014083739,0.012673447,0.32353556
ZJ017164,0.64294034,0.008323746,0.031146757,0.25916892,0.04605353,0.002484,0.0055027804,0.0043799067
ZJ017165,0.3751726,0.014060757,0.25571385,0.0022975157,0.003903705,0.03811375,0.2962694,0.014468493
ZJ017166,0.37687045,0.02538157,0.29275647,0.0026061316,0.0012516911,0.0054565575,0.2605756,0.03510153
ZJ017167,0.49178255,0.017738417,0.057954356,0.2596903,0.15297721,0.0053662853,0.0048432755,0.009647638
ZJ017168,0.51125705,0.028712032,0.07674561,0.3060135,0.051186938,0.005244608,0.00433703,0.016503252
ZJ017169,0.17676407,0.02474397,0.3544829,0.00090766326,0.00213299,0.051875,0.2884778,0.100615606
ZJ017170,0.5750407,0.08440811,0.07990342,0.014554063,0.043794338,0.0043867757,0.07156861,0.12634403
ZJ017171,0.008618817,0.47723204,0.08690429,0.00069487706,0.39134902,0.00047486386,0.02408596,0.010640146
ZJ017172,0.5090071,0.06126802,0.17484532,0.037829287,0.00069207966,0.0014960925,0.00919495,0.2056672
ZJ017173,0.105735965,0.0026896573,0.20251855,0.49159053,0.015738783,0.029142966,0.0033053737,0.14927821
ZJ017174,0.110020176,0.004060668,0.13414405,0.0076156217,0.5859064,0.030788668,0.020698288,0.106766135
ZJ017175,0.098751195,0.016864922,0.20645009,0.41808242,0.0020982686,0.18080853,0.0058697206,0.071074806
ZJ017176,0.34277114,0.010635855,0.5344254,0.01789224,0.0014876378,0.018581234,0.007638031,0.06656851
ZJ017177,0.0024753434,0.05111223,0.0097135315,0.00028546012,0.008180283,0.92284995,0.002264964,0.0031181911
ZJ017178,0.12459387,0.07492715,0.42606127,0.00079906895,0.0026729174,0.0033866495,0.35037756,0.017181551
ZJ017179,0.18043983,0.16489583,0.15346338,0.00071517436,0.0005805369,0.0074906293,0.41198856,0.08042608
ZJ017180,0.15240632,0.4786458,0.2175529,0.002283731,0.0018482864,0.0034031763,0.13841581,0.0054439106
ZJ017181,0.17709853,0.08174117,0.21899773,0.0011598557,0.0064144214,0.023199175,0.403384,0.08800508
ZJ017182,0.0715801,0.0150962155,0.35358706,0.0015303043,0.0020689738,0.31998342,0.1341949,0.10195895
ZJ017183,0.2087211,0.10159371,0.098234326,0.0023059363,0.0057853614,0.034249544,0.4783054,0.07080464
ZJ017184,0.4833403,0.039428335,0.26500326,0.005457367,0.064791225,0.023332689,0.07608723,0.042559665
ZJ017185,0.28903756,0.047636878,0.31531814,0.012573759,0.0118138185,0.07112117,0.2330896,0.019409034
ZJ017186,0.16480458,0.0013696556,0.13349709,0.3707281,0.01873647,0.0015913441,0.009928406,0.29934433
ZJ017187,0.06694036,0.053879403,0.23084083,0.0024307808,0.0012150768,0.006212652,0.59347564,0.045005262
ZJ017188,0.27537698,0.009093365,0.1638488,0.0026315148,0.051377967,0.05693728,0.094757535,0.34597653
ZJ017189,0.12669294,0.7213631,0.06396863,0.006120754,0.0057416786,0.0058908383,0.056525655,0.013696446
ZJ017190,0.5577697,0.030692514,0.03829504,0.00011849391,0.0072062556,0.003750879,0.33796936,0.024197716
ZJ017191,0.9502332,0.0052245334,0.015162798,2.963367e-05,0.023190118,0.00015642255,0.0051661003,0.0008371158
ZJ017192,0.27634034,0.17752083,0.19685712,0.0038506754,0.006081248,0.0026022457,0.2963262,0.04042125
ZJ017193,0.3733223,0.04719412,0.12355573,0.05762739,0.0105585,0.015257714,0.019713087,0.35277113
ZJ017194,0.006951081,0.01364181,0.077935584,0.0003697299,0.0025326752,0.8904931,0.0032061785,0.004869819
ZJ017195,0.5453733,0.026331292,0.029722475,0.29683965,0.08818549,0.0007220541,0.006687782,0.006137978
ZJ017196,0.05097577,0.006238919,0.19470933,0.17662178,0.00041753732,0.0003257432,0.0019616443,0.56874925
ZJ017197,0.13592511,0.1001634,0.44335225,0.009682788,0.0046875826,0.02014535,0.28116772,0.004875685
ZJ017198,0.28191414,0.06011016,0.37721965,0.0020935454,0.0009358286,0.014882349,0.17561436,0.08722997
ZJ017199,0.15464921,0.0013827035,0.24547072,0.1517752,0.020943822,0.13581514,0.051177643,0.23878561
ZJ017200,0.074601576,0.00053367385,0.22838047,0.3788199,0.00082719536,0.00026769645,0.002862762,0.31370676
ZJ017201,0.67131805,0.005051794,0.11820961,0.049283277,0.11022968,0.002249209,0.0071973,0.036461055
ZJ017202,0.28758234,0.06301933,0.13105543,0.01506231,0.015533288,0.005191494,0.2849861,0.19756974
ZJ017203,0.2859337,0.27625534,0.04293866,0.00016816334,0.00028798706,0.04310208,0.34909868,0.002215336
ZJ017204,0.12364781,0.03976317,0.7255807,0.00017912107,0.00024441656,0.0027995456,0.10712934,0.000655891
ZJ017205,0.17915308,0.03997463,0.19214405,0.0030876307,0.0028162205,0.06415891,0.49481127,0.023854228
ZJ017206,0.3378264,0.09007024,0.21300861,0.00071082864,0.002324262,0.0062646335,0.33784232,0.011952663
ZJ017207,0.16661057,0.16838074,0.22693975,0.0035933072,0.005773884,0.017893208,0.027094023,0.3837145
ZJ017208,0.24877615,0.0071417578,0.08665036,0.15353093,0.0695356,0.009134167,0.02178652,0.40344453
ZJ017209,0.0007578536,0.00027144115,0.023528544,7.567037e-05,0.0006865444,0.9738251,0.00023041131,0.0006244947
ZJ017210,0.2763447,0.21948291,0.33429903,0.0017582373,0.005032473,0.009887785,0.09944627,0.053748634
ZJ017211,0.09494969,0.002682483,0.15116987,0.5416114,0.016926123,0.0130284615,0.003402199,0.17622979
ZJ017212,0.12300022,0.046687365,0.5263039,0.004076324,0.0011698888,0.017577002,0.19459271,0.086592615
ZJ017213,0.10305292,0.010344723,0.40237683,0.2622978,0.0043367282,0.0017430956,0.00495817,0.21088976
ZJ017214,0.07628196,0.05752011,0.23183781,0.10603706,0.0013632963,0.46135244,0.0066069136,0.05900045
ZJ017215,0.6729822,0.09155929,0.07966043,0.0024032982,0.0046915407,0.018881306,0.046044122,0.083777755
ZJ017216,0.15411325,0.29432744,0.15057702,0.002437257,0.02375982,0.033159457,0.11658491,0.22504084
ZJ017217,0.42549136,0.0064896806,0.020242942,0.064415775,0.3885213,0.00086264295,0.008632567,0.08534372
ZJ017218,0.15177925,0.15142748,0.26833454,0.0028803446,0.0057335026,0.015233176,0.21862294,0.1859888
ZJ017219,0.26353154,0.096936345,0.23591411,0.001320963,0.0066220374,0.0035216005,0.37820587,0.013947575
ZJ017220,0.04819681,0.6015901,0.2262987,0.00044682264,0.00069171126,0.0033510847,0.073405966,0.046018798
ZJ017221,0.4320904,0.035645705,0.11204359,0.007946733,0.022928054,0.0066147367,0.3179881,0.064742684
ZJ017222,0.049892124,0.035250396,0.11988894,0.13566874,0.0020106628,0.57112545,0.00911352,0.07705021
ZJ017223,0.22537181,0.05663486,0.38611603,0.003069309,0.048415888,0.0016213909,0.20669816,0.072072536
ZJ017224,0.06862975,0.0169253,0.4126935,0.0010844108,0.005943803,0.013382777,0.47980878,0.0015316866
ZJ017225,0.5158643,0.017280234,0.041394763,0.26063505,0.1568437,0.0016299669,0.0037062475,0.0026456928
ZJ017226,0.42541426,0.037203997,0.06420173,0.012845545,0.05328195,0.0030373533,0.18426763,0.21974753
ZJ017227,0.0012444616,0.002006751,0.023576526,0.017858014,0.00047265552,0.95318645,0.00042584896,0.0012292648
ZJ017228,0.014940006,0.9106355,0.0060432605,0.00018228167,2.8030558e-05,0.0009497953,0.06646119,0.0007599543
ZJ017229,0.39552468,0.004093327,0.06407538,0.063057914,0.38875264,0.011520892,0.01017222,0.06280298
ZJ017230,0.0033571608,0.003940298,0.035685387,0.00012871713,0.0025354556,0.9521546,0.00053690304,0.0016615195
ZJ017231,0.025774552,0.004035835,0.7127805,0.00018478814,0.00140685,0.1420641,0.063981295,0.049772132
ZJ017232,0.30812204,0.019412959,0.046439525,0.0020655792,0.4667216,0.146801,0.0027549535,0.0076823635
ZJ017233,0.0026639076,0.0018840152,0.0063337553,0.00026578252,0.0006225835,0.9837892,0.0012685971,0.0031721448
ZJ017234,0.43562382,0.03498348,0.058885936,0.26251408,0.18818912,0.004217655,0.006630397,0.008955483
ZJ017235,0.24626097,0.14378361,0.07829235,0.022429528,0.01776526,0.003513968,0.2139444,0.27400988
ZJ017236,0.05955288,0.002612525,0.33659938,0.117704436,0.018660191,0.00279211,0.0087600555,0.45331845
ZJ017237,0.04879047,0.008712965,0.76415884,0.00088974036,0.012813528,0.0966261,0.039729405,0.028279025
ZJ017238,0.07889825,0.018917535,0.29563272,0.20821612,0.0020869314,0.33080646,0.005954375,0.059487525
ZJ017239,0.09919188,0.32502705,0.1744356,0.0012815419,0.00487275,0.0016377999,0.3901639,0.0033894707
ZJ017240,0.3804227,0.1441712,0.09470543,0.022401085,0.016893962,0.0018023378,0.19698165,0.14262162
ZJ017241,0.1758464,0.046297394,0.029685073,0.00090041425,0.005646037,0.008118005,0.7234102,0.010096489
ZJ017242,0.58625925,0.038720813,0.071068585,0.0004960982,0.0036700733,0.0025024689,0.29352593,0.0037568263
ZJ017243,0.0502572,0.007864203,0.019751463,0.00042379354,0.002327126,0.0004590973,0.9150576,0.0038595116
ZJ017244,0.1074749,0.03285206,0.6654545,0.0004629009,0.0017900045,0.0014602891,0.14903843,0.041466936
ZJ017245,0.25112802,0.03593016,0.37988207,0.05330079,0.003248525,0.010812233,0.01602723,0.24967101
ZJ017246,0.20398356,0.04204518,0.32364607,0.00043013098,0.00018229744,0.0029484702,0.4064741,0.020290175
ZJ017247,0.33580458,0.056644965,0.12943268,0.0033673937,0.014472451,0.008238316,0.3742118,0.07782782
ZJ017248,0.25305197,0.003729238,0.30142304,0.2288418,0.0030070252,0.0039828354,0.006733069,0.19923104
ZJ017249,0.15079477,0.0013483048,0.35725048,0.067209356,0.124186486,0.03862468,0.00055798044,0.26002792
ZJ017250,0.26546657,0.30885652,0.1293568,0.018801635,0.047961704,0.0051596924,0.023044901,0.20135225
ZJ017251,0.62484807,0.045657873,0.090731956,0.0013202052,0.0009465842,0.033919133,0.20119664,0.0013795921
ZJ017252,0.41367018,0.14626606,0.051320333,0.007038241,0.042871118,0.0022655076,0.09861746,0.23795107
ZJ017253,0.12859507,0.016946891,0.33523571,0.002844987,0.00062463625,0.00526498,0.2898997,0.22058794
ZJ017254,0.056665387,0.00076493836,0.16742703,0.07545025,0.22084394,0.24085641,0.0031467539,0.23484525
ZJ017255,0.2739783,0.07771582,0.34457678,0.01972947,0.01961679,0.036787134,0.19016443,0.037431307
ZJ017256,0.17431618,0.0027399242,0.100378536,0.0008175777,0.000957654,0.017718175,0.6316181,0.071453765
ZJ017257,0.012630101,0.0021295932,0.0495813,0.00018107319,0.0076093166,0.9205254,0.0058674295,0.0014758266
ZJ017258,0.26247302,0.16960293,0.21573775,0.00034164044,0.0031196983,0.00063656765,0.31932104,0.02876734
ZJ017259,0.14997394,0.08560767,0.37135968,0.1316146,0.22248225,0.010080814,0.008395065,0.020486053
ZJ017260,0.31479144,0.17216972,0.2920085,0.0015607328,0.032127514,0.0017886221,0.10747413,0.07807927
ZJ017261,0.46232337,0.03401262,0.101982154,0.0018328885,0.007194952,0.022611154,0.25194874,0.11809408
ZJ017262,0.11703476,0.14630646,0.14780638,0.004719229,0.008640112,0.0003864992,0.39174917,0.18335737
ZJ017263,0.18022819,0.038346495,0.24876834,0.009096662,0.007002152,0.2913418,0.17679857,0.048417844
ZJ017264,0.32328385,0.075147144,0.17117932,0.0002710436,0.005364835,0.012775977,0.39032617,0.021651646
ZJ017265,0.24180633,0.3248575,0.19643576,0.009674987,0.0018369261,0.0058300206,0.0464165,0.17314203
ZJ017266,0.11095144,0.0020814554,0.15780967,0.10106331,0.16991074,0.2082811,0.004662705,0.24523957
ZJ017267,0.0011846942,0.00015502141,0.00222961,0.00011157598,0.0075665116,0.986407,0.002080739,0.00026494323
ZJ017268,0.46456367,0.0101013705,0.046406064,0.24087246,0.22383787,0.0030262356,0.0059915255,0.0052007823
ZJ017269,0.06828417,0.0019993377,0.20089874,0.5482302,0.06512101,0.021909947,0.0030018818,0.09055472
ZJ017270,0.38384396,0.1090342,0.26101735,0.036730736,0.03520579,0.0060375584,0.035980184,0.1321502
ZJ017271,0.07146956,0.87993777,0.011021943,0.0017059484,0.0017422406,0.00046209202,0.003586635,0.030073732
ZJ017272,0.76713127,0.0004129434,0.027355962,0.0019516659,0.1808434,0.0032026055,0.00075817114,0.018343901
ZJ017273,0.52504027,0.2743137,0.06988435,6.941599e-05,5.1479245e-05,0.11291918,0.013789875,0.0039317296
ZJ017274,0.3234457,0.26036662,0.1392091,0.0010397554,0.0029357343,0.033237685,0.14417116,0.09559421
ZJ017275,0.18405138,0.0057980837,0.26573226,0.0009965766,0.007846522,0.102040134,0.4047274,0.028807595
ZJ017276,0.069223255,0.06478677,0.12300625,0.00083592464,0.00060252525,0.6873073,0.02128623,0.032951746
ZJ017277,0.07295803,0.009100808,0.2393141,0.38879856,0.0077141523,0.0006816181,0.008854634,0.27257818
ZJ017278,0.087885454,0.0024518843,0.16315338,0.2562718,0.004127061,0.010006852,0.0049254093,0.47117823
ZJ017279,0.4284813,0.05344421,0.1761944,0.00019128025,0.0039130524,0.11524232,0.19725771,0.025275687
ZJ017280,0.16156761,0.0019425503,0.61879575,0.027235562,0.009360952,0.00465102,0.0039073103,0.17253922
ZJ017281,0.019561825,0.005676561,0.010522094,0.00017588079,0.00029243022,0.00073425495,0.959545,0.00349195
ZJ017282,0.28820676,0.016466547,0.15685539,0.0023656357,0.0067663537,0.007981382,0.26312938,0.25822854
ZJ017283,0.061999366,0.08318305,0.44654658,0.1151038,0.00045738995,0.025704078,0.25810027,0.008905479
ZJ017284,0.22975926,0.0029703623,0.39927307,0.085432865,0.06770031,0.0076447595,0.0024359303,0.2047834
ZJ017285,0.19408385,0.15214235,0.22604659,0.0045607104,0.003131475,0.020699607,0.2369834,0.16235203
ZJ017286,0.5145372,0.017684884,0.073529206,0.0026839124,0.010438915,0.008145882,0.3153136,0.05766633
ZJ017287,0.18995427,0.55216044,0.1118264,0.00089265185,0.0004982246,0.017610084,0.11564316,0.011414806
ZJ017288,0.98080176,0.0021780562,0.0041705873,1.5235716e-05,0.0025388582,0.00011125573,0.0032990882,0.006885117
ZJ017289,0.3313049,0.089925215,0.4103273,0.0059463186,0.027715288,0.0084658265,0.042179704,0.08413538
ZJ017290,0.58159167,0.019132005,0.051498517,0.23525533,0.096640654,0.0076520215,0.0037018862,0.0045278813
ZJ017291,0.20804462,0.3094387,0.25527406,0.008641595,0.00848145,0.064151965,0.10872519,0.03724247
ZJ017292,0.1141075,0.0006331841,0.61839736,0.0290126,0.00253538,0.017395083,0.00055949006,0.21735944
ZJ017293,0.34276512,0.087178975,0.08376116,0.015091253,0.015393949,0.0023417575,0.16002674,0.29344103
ZJ017294,0.1222037,0.010364815,0.554008,0.00014341495,0.00050284347,0.0013312558,0.3078548,0.0035911635
ZJ017295,0.4037021,0.071968555,0.14927241,0.0037760097,0.020048145,0.022957597,0.2843238,0.04395136
ZJ017296,0.024646375,0.0003511149,0.1750692,0.34332067,0.0004429917,0.38337663,0.00237037,0.070422634
ZJ017297,0.2066763,0.01461387,0.40633568,0.0010861815,0.0016191734,0.17799617,0.15433754,0.03733511
ZJ017298,0.011383209,0.8608793,0.0010932288,2.41712e-05,0.12435212,0.0008158394,0.0012643172,0.00018781061
ZJ017299,0.1977102,0.01747826,0.31929672,0.000688785,0.0046806466,0.03180389,0.38016945,0.048172075
ZJ017300,0.17075495,0.53088176,0.09557941,0.014973754,0.0005112232,0.00072258554,0.002866848,0.18370952
ZJ017301,0.13714732,0.03285509,0.3781235,0.00026696085,0.0030754132,0.011133612,0.42014825,0.017249864
ZJ017302,0.27620155,0.13163827,0.2820418,0.00090736797,0.0022203808,0.046079688,0.07459087,0.18632005
ZJ017303,0.18332973,0.054883644,0.34671158,0.00044588285,0.0005452892,0.15106173,0.23368941,0.029332722
ZJ017304,0.22089969,0.015756974,0.031025263,0.040952798,0.050195634,0.62424964,0.007185842,0.009734199
ZJ017305,0.18272553,0.097791314,0.34899276,0.00070858374,0.010325391,0.0014245233,0.042209353,0.31582248
ZJ017306,0.28355455,0.025812037,0.1077986,0.23887816,0.045923058,0.006876769,0.019258557,0.27189818
ZJ017307,0.5509256,0.08469055,0.12011,0.004343992,0.006067208,0.10126562,0.12346516,0.009131839
ZJ017308,0.06755215,0.00017390086,0.46429077,0.2045485,0.056674086,0.16960996,0.0025674533,0.034583163
ZJ017309,0.88139623,0.016325299,0.042188976,8.0253645e-05,0.002411908,0.0018369064,0.029586725,0.02617373
ZJ017310,0.04079511,0.0278874,0.52520484,0.0030125028,0.06542394,0.28465688,0.018404387,0.03461493
ZJ017311,0.11487246,0.003018692,0.3928324,0.116704635,0.10201639,0.024309753,0.0011869774,0.24505873
ZJ017312,0.3979831,0.024675358,0.13149211,0.06762319,0.027091162,0.011758399,0.029670589,0.30970606
ZJ017313,0.13022362,0.034051236,0.30911916,0.0011917133,0.002168599,0.0017534627,0.51691914,0.004573105
ZJ017314,0.26745793,0.03394389,0.3218277,0.008409228,0.00637969,0.015777258,0.31593195,0.030272413
ZJ017315,0.17264332,0.07765216,0.15022075,0.002077848,0.17995138,0.0027119599,0.39485037,0.019892214
ZJ017316,0.34136865,0.09380382,0.10493135,0.019269904,0.0226708,0.0026771214,0.20853066,0.20674768
ZJ017317,0.24402687,0.14248835,0.13198699,0.06014924,0.006489271,0.0038331654,0.014391118,0.39663494
ZJ017318,0.21088108,0.012363131,0.14543486,0.00027297856,0.00014308715,0.0022143256,0.6192233,0.009467227
ZJ017319,0.05851696,0.013300297,0.025104584,0.0059705335,0.007683483,0.7576658,0.10696023,0.02479809
ZJ017320,0.19269048,0.042272966,0.48440093,0.008367569,0.0075412006,0.018429657,0.028401693,0.21789552
ZJ017321,0.08848474,0.030116005,0.03744169,0.00012690213,0.21117769,0.5215307,0.105665095,0.005457175
ZJ017322,0.7867899,0.010530553,0.091720164,0.000110699264,0.010219408,0.0046231207,0.09234329,0.0036628214
ZJ017323,0.031766247,0.4662728,0.015911706,0.0006323826,0.00884704,0.47486475,0.0011767733,0.0005282398
ZJ017324,0.005990731,0.077267006,0.02265589,0.00029202213,0.01354789,0.8707591,0.006009737,0.0034776249
ZJ017325,0.057270266,0.0007080923,0.48293352,0.03546111,0.07351662,0.024210399,0.00046158594,0.3254384
ZJ017326,0.015079615,0.0016866617,0.014219697,0.0004486119,0.01134845,0.002658494,0.95389193,0.0006665932
ZJ017327,0.20087717,0.024993839,0.46223918,0.028646436,0.0025976333,0.06274215,0.20666549,0.011238115
ZJ017328,0.24855056,0.022951419,0.5486244,0.00031279374,0.0025583792,0.008365717,0.16726731,0.001369433
ZJ017329,0.1383904,0.0024878914,0.3199734,0.32835162,0.0051525882,0.05452531,0.0031370046,0.14798181
ZJ017330,0.054979607,0.0007325509,0.07761663,0.028543824,0.0132023245,0.013313691,0.0014029804,0.8102083
ZJ017331,0.0011715109,0.0005486276,0.0076938327,4.826129e-05,0.00085763785,0.9888295,0.0003356783,0.0005150344
ZJ017332,0.3163903,0.09462546,0.1620688,0.0025862972,0.020695152,0.006383051,0.17006624,0.22718473
ZJ017333,0.46340355,0.082373634,0.073865004,0.00097632385,0.0068159574,0.009371907,0.3392717,0.023921875
ZJ017334,0.003277146,0.00025554092,0.0040590246,0.0005875591,0.0025640721,0.9873815,0.0010916465,0.0007835096
ZJ017335,0.23137186,0.078573525,0.1221416,0.042477492,0.019510435,0.0060874135,0.3821947,0.117643
ZJ017336,0.2729918,0.040307608,0.12399823,0.02705461,0.048496597,0.0018794255,0.16669986,0.3185718
ZJ017337,0.06763547,0.0037548847,0.14575727,0.00029373172,0.00011383667,0.054613054,0.7036474,0.024184363
ZJ017338,0.45052215,0.09618567,0.16892105,0.001201005,0.0058079488,0.09019828,0.18279748,0.0043663722
ZJ017339,0.5293916,0.07444244,0.13930427,0.009391405,0.024809597,0.0021888057,0.1109451,0.10952678
ZJ017340,0.18346685,0.66243196,0.06722524,0.0035674777,0.004546466,0.00056925847,0.03457255,0.04362021
ZJ017341,0.15371698,0.045831632,0.25058278,0.47314242,0.008417665,0.019813562,0.0030975093,0.045397393
ZJ017342,0.2305871,0.12865469,0.13372228,0.016521767,0.028488062,0.008959588,0.16864243,0.28442404
ZJ017343,0.12625372,0.011455312,0.13657026,0.0006858003,0.0003992026,0.010620605,0.701862,0.012153119
ZJ017344,0.031375393,0.86466676,0.016506216,0.00048212722,0.0028976882,0.009947643,0.011329339,0.06279491
ZJ017345,0.19636706,0.02205161,0.36770406,0.078471445,0.0011560585,0.041217078,0.24650098,0.046531677
ZJ017346,0.04509383,0.0979818,0.17165303,0.00224707,0.09395725,0.14249992,0.42857063,0.017996471
ZJ017347,0.36846402,0.05673933,0.13321541,0.003908238,0.008489808,0.035371855,0.21504718,0.17876421
ZJ017348,0.32024375,0.26371884,0.04401573,0.003290923,0.01352383,0.013865585,0.28114557,0.06019572
ZJ017349,0.005472869,0.0033799973,0.002812185,0.00040619538,0.00049409864,0.9852214,0.0012969747,0.0009163266
ZJ017350,0.37444362,0.05267558,0.26126465,0.0011692289,0.050715733,0.0060578636,0.20703211,0.04664124
ZJ017351,0.16270772,0.0009993367,0.18891883,0.19663762,0.003177782,0.0023269649,0.0017844959,0.44344732
ZJ017352,0.12757692,0.10251346,0.34869796,0.14694294,0.21941414,0.0076284907,0.005921327,0.041304667
ZJ017353,0.3377464,0.02661463,0.3037522,0.00022703444,0.00028046523,0.24142684,0.08742763,0.0025248344
ZJ017354,0.11915622,0.00061034615,0.09595014,0.17967945,0.0027283712,0.0017351746,0.0041489084,0.5959913
ZJ017355,0.10608757,0.006918654,0.37886003,0.091949455,0.00087000977,0.38155997,0.004632248,0.02912209
ZJ017356,0.317328,0.24388729,0.2133226,0.00037648523,0.0010319012,0.025193576,0.09525608,0.10360406
ZJ017357,0.58558244,0.0970149,0.14814185,0.0021708128,0.06629895,0.007957072,0.06296582,0.029868126
ZJ017358,0.06054217,0.21371992,0.17419793,0.003472594,0.00423745,0.14293812,0.31544578,0.08544602
ZJ017359,0.4282252,0.017671995,0.18070377,0.0019025662,0.032925975,0.030695975,0.2690375,0.038837027
ZJ017360,0.006505975,0.9828915,0.003170842,0.00017634021,0.00017277642,0.00015238361,0.0022274482,0.004702746
ZJ017361,0.13765633,0.014844239,0.69633245,0.013736285,0.00045563665,0.018980946,0.0082941055,0.109699935
ZJ017362,0.15683568,0.5294758,0.060134873,0.00019320597,0.00021594523,0.20836784,0.034196522,0.010580124
ZJ017363,0.23108952,0.015580593,0.029427655,0.0006105024,0.05189146,0.499721,0.159745,0.011934281
ZJ017364,0.32036307,0.10638642,0.33971012,0.011406305,0.007477211,0.021094792,0.047934093,0.14562802
ZJ017365,0.21215998,0.33519465,0.26976317,0.0023534843,0.009215771,0.0299472,0.13057631,0.010789486
ZJ017366,0.292228,0.10103374,0.19204415,0.010145049,0.001581931,0.0169672,0.30793312,0.07806674
ZJ017367,0.1273518,0.0010921074,0.14474037,0.30559888,0.0045448933,0.0027886035,0.0062018307,0.40768144
ZJ017368,0.05322412,0.0006528549,0.21642672,0.011005698,0.00023351228,0.71433824,0.0012533084,0.00286555
ZJ017369,0.0016719184,0.0017420092,0.018530736,0.0010277603,0.0012456491,0.9745605,0.00037180088,0.00084970053
ZJ017370,0.17104541,0.10301505,0.21723951,0.0008065985,0.0069826227,0.05918141,0.37702307,0.06470632
ZJ017371,0.110601306,0.12914017,0.22472492,0.0017475436,0.0016532107,0.002364284,0.49924418,0.030524394
ZJ017372,0.10206081,0.042386487,0.05900707,0.010278765,0.0016523845,0.17488198,0.57074785,0.038984645
ZJ017373,0.16590476,0.045383215,0.26735583,0.19951655,0.0022279543,0.23218867,0.009007101,0.078415886
ZJ017374,0.14935017,0.010028917,0.018321024,0.00047029412,0.0042134533,0.0025737172,0.80848706,0.006555414
ZJ017375,0.004973712,0.025174208,0.09295956,8.7546454e-05,0.0011059727,0.8720459,0.0033980627,0.00025501524
ZJ017376,0.11455761,0.028006593,0.20044467,0.0022715598,0.0011082077,0.0012443471,0.5801011,0.072265945
ZJ017377,0.3747789,0.034764305,0.1809463,0.027036581,0.100464135,0.0027252664,0.16373071,0.11555385
ZJ017378,0.17118125,0.49215412,0.15552597,0.0056879874,0.00077448325,0.0011475105,0.15028319,0.023245443
ZJ017379,0.43824732,0.0012869507,0.014712492,0.0009670076,0.0005625714,0.00034004098,0.54034716,0.0035364637
ZJ017380,0.2440193,0.08602866,0.33496925,0.030439194,0.0010330817,0.022741321,0.048894174,0.23187503
ZJ017381,0.30444142,0.05140134,0.07587957,0.013598345,0.03029635,0.0014047528,0.22419922,0.29877904
ZJ017382,0.26825178,0.0046334974,0.20044093,0.36200282,0.022809952,0.011529846,0.008902935,0.12142826
ZJ017383,0.22565702,0.0034654024,0.67248166,0.03046194,0.00071349985,0.013780253,0.006786113,0.046654154
ZJ017384,0.0233599,0.9517853,0.01329504,0.00028173794,0.00043861347,0.00060334156,0.0028869507,0.0073491866
ZJ017385,0.3193738,0.11416898,0.1907454,0.0018754783,0.0032687387,0.0032879887,0.324361,0.042918578
ZJ017386,0.056925833,0.6430903,0.013033481,0.003706398,0.010886881,0.0007487215,0.16556063,0.10604769
ZJ017387,0.17983863,0.06312624,0.013982216,0.0015361713,0.0013428237,0.00021785384,0.73645145,0.003504608
ZJ017388,0.37549776,0.066930644,0.08685242,0.003578222,0.00037632525,0.010951061,0.4535568,0.002256761
ZJ017389,0.11118962,0.02468127,0.68560296,0.00065145554,0.02465738,0.02339552,0.10270411,0.027117675
ZJ017390,0.12322317,0.27182192,0.039529536,0.0010242971,0.0018474836,0.042183705,0.50670415,0.013665717
ZJ017391,0.26049066,0.15670715,0.066187404,0.018103205,0.0626776,0.0018650986,0.2815682,0.15240069
ZJ017392,0.17056456,0.0060677775,0.65265656,0.016665183,0.0005550411,0.017381921,0.0037748716,0.13233411
ZJ017393,0.0014247383,0.002886717,0.0011221056,0.0054994794,0.0001597528,0.9873542,0.0012404621,0.0003125471
ZJ017394,0.097871855,0.26571524,0.13307287,0.0048216647,0.0010236504,0.002106191,0.28325558,0.21213293
ZJ017395,0.079238445,0.0091942,0.014331115,0.045427904,0.03146737,0.7420831,0.06873668,0.009521265
ZJ017396,0.07754308,0.0070838816,0.12744366,0.45155105,0.002582455,0.0015013539,0.008919186,0.3233753
ZJ017397,0.032016106,0.009512747,0.057837535,0.00035280798,0.0003783419,0.0018224568,0.8946863,0.0033936785
ZJ017398,0.3396194,0.066564016,0.09268524,0.033982765,0.03260488,0.0034795448,0.1439153,0.28714886
ZJ017399,0.62375987,0.015089972,0.07541006,0.0009352368,0.025832038,0.007207701,0.24654177,0.0052233846
ZJ017400,0.6631798,0.0038872438,0.05909716,0.10235441,0.03319761,0.03185556,0.007389614,0.09903854
ZJ017401,0.09345387,0.0034566547,0.2673359,0.00029545132,0.00032560006,0.03296851,0.58808434,0.014079721
ZJ017402,0.44019517,0.014344969,0.11536418,0.0024154892,0.017094098,0.011451549,0.3516882,0.047446333
ZJ017403,0.7906176,0.008077137,0.0347062,0.00025060645,0.008772601,0.00043304524,0.15626776,0.00087510137
ZJ017404,0.28261414,0.0961457,0.0737934,0.010135934,0.019443877,0.0019791524,0.37819332,0.13769454
ZJ017405,0.12815203,0.064567395,0.41737515,0.004174613,0.0027196119,0.0043763826,0.34485057,0.033784267
ZJ017406,0.26754296,0.029376308,0.46302924,0.0040223473,0.00089993444,0.0022651162,0.070875995,0.16198811
ZJ017407,0.5034435,0.009247774,0.07561587,0.18801431,0.0013801595,0.035361532,0.0142546,0.17268227
ZJ017408,0.24642332,0.31838432,0.1451993,0.0022591988,0.029964792,0.023232711,0.201709,0.03282735
ZJ017409,0.52840036,0.0019692692,0.17075786,0.0052451277,0.24279718,0.027518673,0.0045443517,0.018767158
ZJ017410,0.08657515,0.1592976,0.39326543,0.002059638,0.0037641947,0.025506364,0.28030038,0.049231306
ZJ017411,0.8322134,0.0014201261,0.026233684,0.034528624,0.020320164,0.0023828887,0.0056023793,0.077298716
ZJ017412,0.2979345,0.059408586,0.34115127,0.009521345,0.029703546,0.020289192,0.06507263,0.17691895
ZJ017413,0.15323874,0.33953097,0.14799272,0.002119589,0.0074546337,0.003707451,0.34278727,0.0031686712
ZJ017414,0.48170128,0.03315126,0.12562445,0.22896935,0.058422145,0.0030569686,0.015104082,0.053970367
ZJ017415,0.39328298,0.033990636,0.10880391,0.0021584881,0.103135645,0.0080459,0.27655324,0.07402916
ZJ017416,0.2533327,0.019841073,0.39481506,0.20070003,0.017187137,0.004375403,0.010833118,0.09891541
ZJ017417,0.15758461,0.22085969,0.1653383,0.00037464287,0.0017168033,0.0013856371,0.43707734,0.015663017
ZJ017418,0.3618466,0.14063287,0.25903836,0.002371201,0.10614561,0.0009334535,0.08199974,0.0470321
ZJ017419,0.28286463,0.08003684,0.076319695,0.017478775,0.039216705,0.0016017042,0.24480543,0.25767627
ZJ017420,0.28922188,0.04811604,0.0628696,0.026830811,0.04088093,0.0042076074,0.37544972,0.15242341
ZJ017421,0.5298996,0.03231014,0.040612306,0.21714683,0.16341218,0.0017424086,0.005522688,0.009353831
ZJ017422,0.35130695,0.03274103,0.2916078,0.06522079,0.036520693,0.005489586,0.021770364,0.19534273
ZJ017423,0.47926822,0.039804295,0.14204761,0.096053466,0.030389601,0.0029259159,0.033072732,0.1764382
ZJ017424,0.11645143,0.013319293,0.80573714,0.008799051,0.000251933,0.0150264995,0.0065687993,0.03384583
ZJ017425,0.119664274,0.016608479,0.03740502,0.006038814,0.035468843,0.73411816,0.029412095,0.021284297
ZJ017426,0.041823305,0.094504185,0.09452561,0.00289231,0.009198231,0.0005364373,0.657039,0.09948084
ZJ017427,0.110473804,0.13936615,0.16975859,0.0027603076,0.0002329443,0.004392441,0.5102252,0.0627906
ZJ017428,0.041486517,0.016478015,0.8352004,0.00087456824,0.001406841,0.0357793,0.03471683,0.034057487
ZJ017429,0.52414626,0.078377135,0.22762989,0.0004565875,0.002323262,0.05399826,0.062295962,0.050772626
ZJ017430,0.30301413,0.15009105,0.0880479,0.005188176,0.07740301,0.042408552,0.26516655,0.068680614
ZJ017431,0.17698428,0.0060560247,0.50200564,0.20548543,0.000486292,0.030311627,0.07754025,0.0011304274
ZJ017432,0.19624954,0.14943995,0.21878698,0.028834967,0.0052612154,0.035398126,0.039315123,0.32671413
ZJ017433,0.29669756,0.0013076888,0.0073092645,0.00038149976,0.010386799,0.013942774,0.66864264,0.0013317403
ZJ017434,0.18933313,0.1316698,0.021269593,0.001358195,0.00080671225,0.00064384745,0.6481024,0.006816256
ZJ017435,0.09560729,0.00259928,0.10876523,0.29971197,0.027129587,0.0028893307,0.006118328,0.45717898
ZJ017436,0.08626136,0.04897465,0.44797173,0.119166225,0.002844177,0.0071293036,0.01377587,0.27387673
ZJ017437,0.9148157,0.007609271,0.0074994704,5.857668e-05,0.009933399,0.002113621,0.011840993,0.046128955
ZJ017438,0.22879668,0.001255038,0.2334993,0.33044901,0.013274196,0.029588249,0.0021991325,0.1609384
ZJ017439,0.18912227,0.13353029,0.121074624,0.0020797353,0.004131152,0.006554272,0.23001434,0.3134933
ZJ017440,0.63575673,0.0009879647,0.0036043369,1.3987914e-05,0.35448614,0.0009982286,0.0040792716,7.32391e-05
ZJ017441,0.121957585,0.53473186,0.21829474,0.0019476988,0.00146645,0.0068932152,0.10902798,0.005680469
ZJ017442,0.00052010256,0.0013392834,0.01287032,3.8813003e-05,0.00034741662,0.9838561,0.00021661926,0.00081138255
ZJ017443,0.2248881,0.15956554,0.22670881,0.0048902994,0.0012041421,0.0030106532,0.26389167,0.115840755
ZJ017444,0.109084375,0.007255971,0.28797904,0.00055076473,0.0013652422,0.32581678,0.17297332,0.094974525
ZJ017445,0.56415516,0.005271763,0.27633128,0.014238142,0.009453783,0.009786686,0.005342979,0.1154202
ZJ017446,0.14661571,0.085638285,0.19232135,0.00046710184,0.00079818215,0.0024545372,0.064007975,0.5076969
ZJ017447,0.22094043,0.036131904,0.26827365,0.0035922315,0.029015312,0.0059296023,0.17954057,0.25657636
ZJ017448,0.1759659,0.0029354484,0.67418987,0.007664272,0.0003134263,0.0041249534,0.005907721,0.12889846
ZJ017449,0.17039827,0.03664749,0.44467145,0.00017187781,0.00052876316,0.1649638,0.17787579,0.004742597
ZJ017450,0.21902598,0.5669082,0.06645967,0.0018597073,0.021388052,0.0015575135,0.075853184,0.046947703
ZJ017451,0.1933751,0.3540569,0.20838897,0.0042499783,0.026308674,0.012013804,0.12949295,0.072113566
ZJ017452,0.2050254,0.0029426361,0.57659173,0.014346942,0.00036233058,0.009222699,0.0054382687,0.18606997
ZJ017453,0.24815983,0.0051343897,0.13132757,0.024864217,0.04263393,0.091903865,0.02877053,0.42720565
ZJ017454,0.614671,0.017795447,0.059095737,7.3221614e-05,0.01317737,0.007830822,0.0414629,0.24589351
ZJ017455,0.10975766,0.0035598185,0.16190974,0.0011547547,0.153908,0.0034225723,0.08692542,0.47936204
ZJ017456,0.21211657,0.006995056,0.5499203,0.06873633,0.0011660547,0.013390637,0.010125854,0.13754912
ZJ017457,0.057845045,0.048573885,0.16424334,0.0036980757,0.025313254,0.5895299,0.059731517,0.051065
ZJ017458,0.23483646,0.14497878,0.083826676,0.036700822,0.015874675,0.0025891007,0.18366839,0.29752514
ZJ017459,0.1714458,0.12981512,0.22074203,0.0019480006,0.0013344607,0.004217058,0.4589166,0.011580935
ZJ017460,0.03747175,0.00419396,0.17010695,0.2842407,0.00010303752,0.00042613538,0.0009754702,0.50248194
ZJ017461,0.4827829,0.031600293,0.3266527,0.00035455072,0.008520814,0.028065503,0.057832852,0.0641904
ZJ017462,0.043920234,0.0011864941,0.3722337,0.2907581,0.000875462,0.24352555,0.0060944115,0.04140604
ZJ017463,0.041646946,0.03206894,0.05965782,0.005815805,0.00024585726,0.0062893676,0.6878774,0.1663979
ZJ017464,0.40045282,0.14371395,0.074296206,0.008217057,0.053587757,0.002787052,0.1685737,0.14837147
ZJ017465,0.108572185,0.71092415,0.079652965,0.0012117843,0.0074292896,0.0019148189,0.07199313,0.018301725
ZJ017466,0.7432782,0.009631746,0.07156156,0.025552707,0.07142113,0.0022712862,0.0054683257,0.07081506
ZJ017467,0.05961263,0.0006665018,0.47805822,0.02037244,0.004361189,0.0058564874,0.0015160999,0.42955646
ZJ017468,0.033947036,0.0010685559,0.009163812,0.007372236,0.005838946,0.93273807,0.00299269,0.0068786805
ZJ017469,0.6055635,0.043672502,0.04744329,0.14941862,0.13341844,0.0061438293,0.008122823,0.0062170024
ZJ017470,0.0447976,0.028598329,0.3731554,0.0006223956,0.00048126225,0.39746952,0.07383727,0.08103826
ZJ017471,0.4012602,0.0061231423,0.5280653,0.0020591235,0.0009481591,0.01613925,0.01429497,0.03110983
ZJ017472,0.0040391306,0.00064397306,0.17754886,0.8019125,2.462219e-05,0.008784742,0.0044812537,0.0025649536
ZJ017473,0.06506652,0.002243751,0.100729324,0.00036846314,0.00013627583,0.023296539,0.7929848,0.015174407
ZJ017474,0.0841822,0.46929926,0.07608989,0.0013423662,0.0011748389,0.016278982,0.3309283,0.020704225
ZJ017475,0.3868972,0.05063986,0.21527681,0.0020287263,0.010386375,0.005188857,0.3072478,0.022334363
ZJ017476,0.030093655,0.00049791404,0.0074355123,0.00023410551,0.00085225963,0.0008108937,0.9582008,0.0018748825
ZJ017477,0.08573743,0.005062479,0.3044341,0.30762705,0.004398611,0.0027551113,0.0061793593,0.28380582
ZJ017478,0.17115854,0.017404791,0.1745216,0.0028199696,0.038168322,0.40375015,0.1878952,0.0042814156
ZJ017479,0.017961008,0.79940426,0.11634854,0.00035112636,0.00026589847,0.008330621,0.05498542,0.0023530803
ZJ017480,0.05981994,0.0054983906,0.0029481307,4.6156227e-05,0.00040502474,0.0014010761,0.9292961,0.00058524293
ZJ017481,0.21042828,0.41722775,0.23466443,0.0020700993,0.0038509544,0.0086973775,0.11945175,0.0036092927
ZJ017482,0.1492298,0.15835246,0.121399075,0.012820643,0.14565583,0.25822225,0.13252561,0.021794325
ZJ017483,0.47339973,0.047587164,0.10042204,0.0051662973,0.015320234,0.011696727,0.29725286,0.049154975
ZJ017484,0.04459093,0.1593524,0.10624099,0.0009688514,0.0014013731,0.18446736,0.477636,0.02534213
ZJ017485,0.14601591,0.30660015,0.1694211,0.0008351004,0.0010007578,0.025667964,0.25741524,0.09304376
ZJ017486,0.5797427,0.13133954,0.13556564,0.017182471,0.028914196,0.0046775476,0.040086985,0.062490836
ZJ017487,0.30617687,0.027220573,0.059524693,0.4796727,0.08702725,0.003639129,0.025576139,0.011162583
ZJ017488,0.51402485,0.1338341,0.11358601,0.0026635437,0.12361781,0.0064561334,0.040261112,0.06555643
ZJ017489,0.2050898,0.02089769,0.61256486,0.0035436528,0.00048525073,0.0056894287,0.030528653,0.12120066
ZJ017490,0.1474721,0.0019170116,0.14709078,0.447571,0.0048754397,0.0032393632,0.0067372657,0.24109706
ZJ017491,0.33938187,0.14925316,0.15140341,0.02611397,0.017749133,0.004813978,0.19840561,0.11287887
ZJ017492,0.28149605,0.3699685,0.25808504,0.0012564709,0.0005082454,0.026411053,0.05301132,0.009263281
ZJ017493,0.3316154,0.10366621,0.11619495,0.03230571,0.015751468,0.004995413,0.2598265,0.1356443
ZJ017494,0.1853566,0.056435082,0.23467389,0.003963972,0.0008968795,0.019550871,0.30594367,0.19317909
ZJ017495,0.031057322,0.64287764,0.23899473,0.00028732288,0.00030616648,0.020942152,0.058860447,0.0066742455
ZJ017496,0.395078,0.032908134,0.11619137,0.0006100852,0.0066342056,0.015738996,0.32137376,0.111465394
ZJ017497,0.17630641,0.012183574,0.3687787,0.00019478297,0.0003314525,0.0039135767,0.23492432,0.20336722
ZJ017498,0.22496341,0.07548418,0.13846529,0.0009113114,0.07689347,0.010652224,0.42193076,0.050699383
ZJ017499,0.37178817,0.057578385,0.07716463,0.014856161,0.022551648,0.0034969782,0.13984941,0.31271467
ZJ017500,0.18846506,0.0029092461,0.1029807,0.41835824,0.011827053,0.0014519863,0.0092084585,0.2647992
ZJ017501,0.22248039,0.08501482,0.26115885,0.003028435,0.006593358,0.01802715,0.35011196,0.053585034
ZJ017502,0.27053836,0.03433285,0.0430235,0.025484549,0.1731251,0.0015087081,0.1862452,0.2657417
ZJ017503,0.22651729,0.26216406,0.29229912,0.0014610711,0.031522077,0.00093783304,0.1498956,0.03520301
ZJ017504,0.17516148,0.01868207,0.15738519,0.00076996646,0.00041478942,0.025693884,0.61429715,0.0075954287
ZJ017505,0.18050945,0.05084653,0.4803106,0.0004461443,0.001051576,0.0031848485,0.26382774,0.019823195
ZJ017506,0.5625831,0.13632637,0.034148004,0.16271512,0.091970704,0.0032997704,0.0042726914,0.0046842927
ZJ017507,0.26596707,0.25150684,0.2755436,0.0018916326,0.049017917,0.0018468723,0.10134601,0.052880097
ZJ017508,0.14054409,0.016483564,0.36449036,0.16741355,0.0016099075,0.2566197,0.008345766,0.044493023
ZJ017509,0.0037453298,7.361926e-05,0.009181524,0.010004742,1.6523401e-05,0.9760632,0.00058583956,0.00032921982
ZJ017510,0.164433,0.07013812,0.24199511,0.0014855539,0.00043227928,0.010981425,0.49329692,0.01723759
ZJ017511,0.38234928,0.002219715,0.02185735,0.0009451573,0.089337334,0.018034779,0.482925,0.0023313847
ZJ017512,0.108936876,0.0075782253,0.010810238,0.01862867,0.09808511,0.00030080686,0.7426017,0.013058433
ZJ017513,0.037751958,0.12281581,0.037568294,0.0031450328,0.0005321884,0.7612967,0.021333328,0.015556666
ZJ017514,0.10317774,0.015147205,0.47662812,0.0005523518,0.018080046,0.04228751,0.2922432,0.05188384
ZJ017515,0.28649005,0.095013216,0.03899779,0.023958715,0.10542878,0.0011769703,0.1757916,0.27314284
ZJ017516,0.11364609,0.0016444573,0.25031903,0.38993326,0.1337172,0.010616782,0.004161544,0.09596159
ZJ017517,0.07771239,0.007689203,0.015744237,0.00017913924,0.0021178343,0.008943174,0.8868661,0.0007479552
ZJ017518,0.30451742,0.035562627,0.39769614,0.0036208518,0.0015256506,0.040022936,0.15120922,0.06584519
ZJ017519,0.18409042,0.072319224,0.13194376,0.0014186015,0.02481152,0.32192475,0.23490106,0.028590633
ZJ017520,0.27119642,0.01575181,0.22461516,0.28578523,0.023374,0.0073560732,0.006981714,0.16493961
ZJ017521,0.05412198,0.04126706,0.19684294,0.14296481,0.0012861021,0.49260643,0.0070273653,0.06388337
ZJ017522,0.21456057,0.228357,0.26641107,0.0010419147,0.0020371114,0.03203478,0.21257254,0.042985067
ZJ017523,0.11844673,0.0005139622,0.18872543,0.20253386,0.0031507516,0.0067145084,0.0013985084,0.47851625
ZJ017524,0.1790565,0.029602794,0.06251013,0.0002968929,0.0006668821,0.0041283467,0.717802,0.0059365034
ZJ017525,0.18624,0.11875303,0.22557393,0.00030239407,0.0014426777,0.0016567713,0.4493756,0.016655631
ZJ017526,0.21648286,0.045163356,0.17288773,0.0013827503,0.012441588,0.005674687,0.52713805,0.018828917
ZJ017527,0.05397245,0.89786834,0.006143228,0.0041842335,0.0006981053,0.026522143,0.010377028,0.00023443077
ZJ017528,0.22938403,0.09973413,0.22322556,0.0003560209,0.0015197742,0.024289377,0.41622707,0.005264016
ZJ017529,0.11833545,0.14554691,0.18256031,0.0030123019,0.00838288,0.00827127,0.47843495,0.055456005
ZJ017530,0.8131979,0.011407157,0.06184531,0.026079891,0.031256918,0.0044282787,0.0060317866,0.04575277
ZJ017531,0.00047023044,0.0011017139,0.02262884,5.9026053e-05,0.0011938558,0.97402287,9.916535e-05,0.00042431883
ZJ017532,0.09595173,0.010207134,0.1400544,0.00041519784,0.00059466786,0.0004091026,0.7511292,0.0012385482
ZJ017533,0.29205704,0.058013562,0.08005694,0.0025224201,0.027892172,0.030999102,0.3519358,0.15652293
ZJ017534,0.15778665,0.22517292,0.28276485,0.0010976008,0.0022059348,0.003082583,0.29764724,0.03024219
ZJ017535,0.109743655,0.2790208,0.34334707,0.0017301223,0.0037199766,0.011919603,0.20847824,0.042040605
ZJ017536,0.54777545,0.035163414,0.20341647,0.019998908,0.03637253,0.012648432,0.079512,0.06511281
ZJ017537,0.18868567,0.0029490376,0.6019141,0.016607221,0.00040989317,0.009109141,0.006779937,0.173545
ZJ017538,0.3439653,0.05525731,0.12199929,0.011600634,0.016457794,0.0072230245,0.32405815,0.11943859
ZJ017539,0.09339649,0.15125464,0.03879698,0.008185663,0.014376815,0.032238245,0.6539762,0.007774958
ZJ017540,0.10130602,0.015958706,0.61989397,0.00023732056,0.001946965,0.041043803,0.20340952,0.016203692
ZJ017541,0.2929748,0.060132638,0.2615373,0.036299575,0.0876726,0.0059477133,0.068245314,0.18719006
ZJ017542,0.19240783,0.110664174,0.16736013,0.007062828,0.01798064,0.19197625,0.31079093,0.001757241
ZJ017543,0.32959813,0.12318153,0.085024014,0.014966558,0.0621721,0.0031194661,0.2274837,0.15445448
ZJ017544,0.73264456,0.024884779,0.0955275,0.00020741571,0.015236305,0.014631846,0.014000496,0.102867156
ZJ017545,0.075318985,0.017790847,0.12336967,0.00033315146,0.0027327805,0.008145937,0.76998794,0.0023207006
ZJ017546,0.11332493,0.013190368,0.7382027,0.010719575,0.0005659202,0.017703569,0.007233114,0.09905983
ZJ017547,0.11009053,0.04217993,0.17518522,0.0026588656,0.00026677494,0.030718401,0.5549892,0.08391104
ZJ017548,0.3442986,0.12603445,0.3633231,0.0027707962,0.019942243,0.002811274,0.05156351,0.08925597
ZJ017549,0.0022674461,0.002654615,0.0053444817,4.8192225e-05,0.0015382655,0.98351544,0.0042744894,0.00035709774
ZJ017550,0.09869428,0.00020505098,0.1850491,0.23509786,0.17923886,0.02495202,0.0016603974,0.2751024
ZJ017551,0.4221045,0.0604446,0.29739952,0.0038714511,0.009656427,0.0019048316,0.024753647,0.17986503
ZJ017552,0.008300566,0.017591862,0.002320064,0.0007728766,0.000999996,0.03566387,0.9291636,0.005187192
ZJ017553,0.09440357,0.03335963,0.54435277,0.027160618,0.0051675183,0.0033684555,0.022043018,0.27014443
ZJ017554,0.02589402,0.8668095,0.023841465,0.007506935,4.1147538e-05,0.0005651242,0.0015084174,0.07383339
ZJ017555,0.35770208,0.014843112,0.32808957,0.0014877326,0.010465151,0.025255559,0.20203143,0.06012539
ZJ017556,0.06685271,0.064100996,0.06898947,0.0020170093,0.0033006012,0.7261601,0.02086381,0.047715284
ZJ017557,0.55498546,0.05514369,0.07578487,0.098628156,0.010669912,0.00835491,0.018466275,0.17796676
ZJ017558,0.09114863,0.014614969,0.10521186,0.00466781,0.0050889906,0.30693474,0.4408178,0.03151516
ZJ017559,0.13227569,0.011093485,0.44679013,0.03478909,0.014501077,0.3048827,0.008811582,0.046856225
ZJ017560,0.11209825,0.040442437,0.17171083,0.0038960439,0.00935515,0.005025851,0.6510822,0.006389145
ZJ017561,0.5435138,0.020120593,0.029650481,0.3119434,0.082529075,0.0016539434,0.0028463656,0.007742388
ZJ017562,0.07628334,0.0026610377,0.14356484,0.42041117,0.020239277,0.0034341817,0.004610256,0.3287959
ZJ017563,0.000807621,7.410869e-05,0.0018211234,4.074628e-05,0.004925989,0.9907949,0.0013877519,0.0001477576
ZJ017564,0.30503199,0.08653396,0.40842783,0.006053798,0.044812076,0.005157475,0.039962042,0.10402077
ZJ017565,0.22300464,0.0018787314,0.6596668,0.022400117,0.00044376124,0.007039773,0.004262787,0.081303395
ZJ017566,0.17877811,0.0054153283,0.22573198,0.35811025,0.00069896877,0.0028560823,0.0060959803,0.22231326
ZJ017567,0.0023849425,0.0018948407,0.037644457,3.760032e-05,0.0011171387,0.95517486,0.0005895014,0.0011566649
ZJ017568,0.015039982,0.010080334,0.044781487,0.0007387238,9.16482e-05,0.0021511107,0.6536833,0.27343342
ZJ017569,0.49125394,0.021378903,0.06334661,0.31835848,0.074603036,0.003135397,0.018318897,0.00960473
ZJ017570,0.0013680033,0.00014143043,0.0026344974,0.0001396162,0.0049493476,0.988997,0.0014701899,0.00030000546
ZJ017571,0.6634197,0.011949564,0.07298816,0.0018047469,0.00803363,0.0069637005,0.21129864,0.023541788
ZJ017572,0.3582889,0.08366475,0.07246167,0.3593504,0.06167014,0.030212859,0.016227696,0.018123457
ZJ017573,0.5454216,0.046656836,0.25783503,0.0006739797,0.0013335018,0.035935976,0.106707595,0.005435521
ZJ017574,0.13484345,0.72053623,0.05368582,0.0031851255,0.00794055,0.010118984,0.034257688,0.03543219
ZJ017575,0.0894303,0.08051317,0.31892794,0.18701135,0.005522857,0.031692516,0.2833183,0.0035835516
ZJ017576,0.11548368,0.014601789,0.39977098,0.050928023,0.22279015,0.062347677,0.0062483796,0.12782937
ZJ017577,0.1011405,0.009128177,0.009457031,0.00029664303,0.020681478,0.0002682438,0.8408594,0.018168522
ZJ017578,0.09832608,0.28452998,0.0409284,0.0008375201,0.00084671105,0.020150147,0.54226196,0.012119192
ZJ017579,0.09056148,0.42590693,0.28097096,0.0006521941,0.0006187614,0.0043756934,0.18995443,0.0069595748
ZJ017580,0.1551589,0.057053044,0.1855098,0.0018551575,0.0055925646,0.011166153,0.545651,0.03801334
ZJ017581,0.27169767,0.0723126,0.032834187,0.016123882,0.0532813,0.00034263477,0.34123802,0.21216968
ZJ017582,0.012571857,0.025443917,0.023610154,0.0003011169,0.0020172682,0.9042634,0.023382861,0.008409343
ZJ017583,0.024727745,0.16311282,0.7106907,0.00014777777,9.68076e-05,0.00023206038,0.0944344,0.006557677
ZJ017584,0.07822296,0.056567814,0.19070639,0.00083695253,0.0010418076,0.075645044,0.543303,0.053676046
ZJ017585,0.057077717,0.012773743,0.019660873,0.003192107,0.061740827,0.00021546213,0.8152285,0.03011065
ZJ017586,0.059779476,0.83124083,0.05541366,3.8757873e-05,0.00042314705,0.017380703,0.032831956,0.0028914167
ZJ017587,0.57457656,0.083957635,0.07374246,0.016976118,0.052134406,0.0011881554,0.08189893,0.11552568
ZJ017588,0.12275519,0.084888585,0.05919512,0.0012194394,0.0052541993,0.1942719,0.49365705,0.038758516
ZJ017589,0.22851536,0.25516626,0.13529287,0.0016530986,0.0017393312,0.008094255,0.024944091,0.34459478
ZJ017590,0.20802402,0.2727026,0.113977015,0.0055517545,0.0056734816,0.018124806,0.037207063,0.33873928
ZJ017591,0.18698484,0.00043432426,0.438739,0.0049072234,0.048889004,0.29176983,0.009154329,0.019121453
ZJ017592,0.28977087,0.15211423,0.40613937,0.0018501303,0.049270008,0.0012699947,0.05015169,0.04943364
ZJ017593,0.05501219,0.14116165,0.00858839,0.000101353726,0.09875299,0.6940546,0.0011605247,0.0011682877
ZJ017594,0.30677804,0.05658892,0.12123023,0.0021826269,0.009491606,0.010455498,0.42927346,0.06399966
ZJ017595,0.12937407,0.06739939,0.6162326,0.0010355338,0.0006712491,0.006363239,0.15143082,0.027493112
ZJ017596,0.0011794379,0.00018267758,0.0019808933,0.00012923231,0.0059865494,0.9888858,0.0014540612,0.00020135427
ZJ017597,0.1824568,0.013144955,0.22973292,0.00025442903,0.00039571055,0.09652785,0.39806294,0.079424374
ZJ017598,0.049371272,0.009745006,0.010993868,0.02558507,0.17929885,0.7031456,0.01639217,0.005468103
ZJ017599,0.0001933779,0.004827117,0.0012186219,0.0001496539,0.0001689209,0.9921957,0.00089271547,0.0003538951
ZJ017600,0.36518583,0.14981878,0.08696272,0.012980515,0.026196148,0.0019613567,0.16578227,0.19111237
ZJ017601,0.21088132,0.050332576,0.313044,0.0047514713,0.109774455,0.0030386266,0.13298579,0.17519176
ZJ017602,0.385924,0.05141206,0.27657154,0.00043962226,0.0036314644,0.021720236,0.12404511,0.13625593
ZJ017603,0.042636212,0.013625216,0.8338215,0.0007904246,0.0029019958,0.043460615,0.030918349,0.031845726
ZJ017604,0.28446475,0.06425647,0.31432924,0.0041128723,0.015689943,0.040170178,0.27236998,0.0046066255
ZJ017605,0.7959341,0.020361457,0.010920103,9.964457e-05,0.00051991787,0.004736591,0.13787006,0.02955813
ZJ017606,0.040478654,0.0026647947,0.15232198,0.00023835484,0.00018515586,0.020750916,0.73176783,0.05159234
ZJ017607,0.3110579,0.030793572,0.2539294,0.07519668,0.076864965,0.0059339614,0.02008626,0.22613727
ZJ017608,0.13081108,0.6386133,0.13108529,0.00038202573,0.00078453345,0.013675519,0.03731292,0.047335383
ZJ017609,0.15713803,0.22342102,0.4056381,0.00090644305,0.0012255647,0.015569174,0.1280496,0.06805215
ZJ017610,0.18655512,0.04021678,0.27806354,0.023875672,0.01733966,0.014591208,0.017012006,0.42234606
ZJ017611,0.27403438,0.0017005947,0.2818758,0.095268145,0.0077692345,0.050628345,0.003225031,0.28549847
ZJ017612,0.39203542,0.0005857917,0.03546737,0.00044329243,0.50538504,0.0033365733,0.05682639,0.0059200553
ZJ017613,0.5298627,0.22629894,0.12423867,0.009613863,0.022855913,0.0059863995,0.03566034,0.04548314
ZJ017614,0.90944976,0.0026244277,0.03072172,0.0002482292,0.049343303,0.0058074677,0.0013179545,0.00048711186
ZJ017615,0.31876248,0.16628957,0.40498424,0.0017126139,0.008609259,0.01042165,0.025247676,0.06397247
ZJ017616,0.06599645,0.0060715675,0.00580936,0.00012709334,0.00046028258,0.0013644018,0.9197229,0.0004479863
ZJ017617,0.090947606,0.5350623,0.01695144,0.0013920827,0.002871857,0.019338673,0.33176827,0.0016678028
ZJ017618,0.6535396,0.0315378,0.058963906,0.15577248,0.085408,0.005475078,0.00278128,0.006521859
ZJ017619,0.21868412,0.003616068,0.116453625,0.27301604,0.010189723,0.0014432977,0.011440294,0.36515683
ZJ017620,0.027031945,0.031836048,0.0066880914,9.23187e-05,0.0009911568,0.00070841826,0.9316457,0.0010062781
ZJ017621,0.3131863,0.072387435,0.13327111,0.0041232333,0.0091941105,0.019607367,0.3533423,0.094888136
ZJ017622,0.37527767,0.058491904,0.18400797,0.002609813,0.00046748764,0.028691176,0.34641555,0.0040384117
ZJ017623,0.157563,0.047478132,0.23633827,0.003938735,0.007456309,0.06321851,0.3877799,0.09622716
ZJ017624,0.08159799,0.031383745,0.2135636,0.0061719613,0.0019645148,0.017426735,0.49027905,0.15761244
ZJ017625,0.32939345,0.027211713,0.14780745,0.0017249591,0.0017183591,0.00111321,0.4813188,0.009712077
ZJ017626,0.49336752,0.09454535,0.08341725,0.034571074,0.008675226,0.0023513625,0.11883691,0.1642353
ZJ017627,0.048021547,0.022681903,0.29384154,0.0006378845,0.0005340801,0.0034307137,0.15303104,0.47782138
ZJ017628,0.013197672,0.3384182,0.16101585,0.0038911784,0.41232318,0.01684471,0.012222463,0.04208678
ZJ017629,0.3198679,0.0058516515,0.31893754,0.22343504,0.001076756,0.005009662,0.012394924,0.113426514
ZJ017630,0.016273325,0.00276833,0.04427226,0.0006411407,0.00041659325,0.0003422307,0.93385565,0.0014304314
ZJ017631,0.13071989,0.0055647735,0.5958647,0.054321434,0.011621972,0.1201421,0.0031947445,0.07857036
ZJ017632,0.2883919,0.57331425,0.07631319,0.00014811101,0.0005443558,0.0070673195,0.035367977,0.018852921
ZJ017633,0.6456611,0.0046153953,0.011622566,0.0006397015,0.0013412656,0.0005535589,0.33260822,0.0029581275
ZJ017634,0.38867283,0.017157864,0.1621616,0.0029974098,0.028303195,0.060395792,0.29812136,0.042189937
ZJ017635,0.16878124,0.0033187086,0.020224825,0.00083542184,0.002496971,0.75895685,0.037609033,0.007776935
ZJ017636,0.13161607,0.0012309026,0.09175263,0.4439505,0.024650253,0.00070449716,0.008126742,0.29796842
ZJ017637,0.1924386,0.24061835,0.22323512,0.008243612,0.0027381526,0.007592377,0.2946889,0.03044488
ZJ017638,0.15483601,0.4138461,0.15354608,0.00065976055,0.002724737,0.0028892665,0.25790682,0.01359118
ZJ017639,0.20301983,0.0124437865,0.018903567,0.0002903541,0.013785397,0.0011298459,0.74620813,0.004219079
ZJ017640,0.09258925,0.07672685,0.11597977,0.05859578,0.004668694,0.004131972,0.55313027,0.094177425
ZJ017641,0.020590123,0.92491156,0.0076400735,0.00079693354,0.022206156,0.002585687,0.016363343,0.0049060863
ZJ017642,0.1768615,0.0014527717,0.1155814,0.17634326,0.0044949986,0.003450636,0.0040777996,0.51773775
ZJ017643,0.51112443,0.035151906,0.11747545,0.20186079,0.049232047,0.030011937,0.010312351,0.044831056
ZJ017644,0.53062373,0.047876775,0.087858394,0.16773401,0.11969208,0.02379736,0.0053472375,0.017070455
ZJ017645,0.27863294,0.23977612,0.17550829,0.006457609,0.11310975,0.003871131,0.094439335,0.08820481
ZJ017646,0.029216638,0.90816665,0.034355488,4.5328023e-05,0.00043219575,0.0050608125,0.017505012,0.0052178833
ZJ017647,0.17055061,0.0339506,0.34210196,0.03408787,0.06684935,0.056236614,0.019241003,0.2769819
ZJ017648,0.48006815,0.052229997,0.145083,0.17324483,0.019315643,0.010915366,0.011741195,0.107401796
ZJ017649,0.036462013,0.0021867019,0.11033812,0.039191905,0.040890932,0.031836014,0.0042300625,0.73486423
ZJ017650,0.38728443,0.0849909,0.19538815,0.018559122,0.03040716,0.07778217,0.13486716,0.07072094
ZJ017651,0.039361954,0.62936854,0.19734837,0.00062778476,0.0004815147,0.03838477,0.089925945,0.0045010652
ZJ017652,0.08184522,0.64937776,0.047040187,0.012207718,0.0059552123,0.0015912881,0.099740334,0.102242306
ZJ017653,0.77315736,0.016830044,0.06890602,0.0008997975,0.04965637,0.029825823,0.058672383,0.0020522047
ZJ017654,0.024236426,0.0011569582,0.003509947,0.02372492,0.0031516487,0.93229765,0.002453419,0.009469076
ZJ017655,0.1421379,0.01103977,0.32671311,0.23060523,0.008790412,0.0051373793,0.0054950863,0.27008107
ZJ017656,0.064497605,0.036777705,0.47325897,0.0008270087,0.0007537878,0.07699378,0.14742567,0.19946541
ZJ017657,0.038064044,0.027133953,0.33762082,0.0004447215,0.0005182165,0.42644486,0.06885805,0.10091526
ZJ017658,0.36443883,0.0743729,0.23801884,0.0039541437,0.14626369,0.013040221,0.08004537,0.079866
ZJ017659,0.18121444,0.0020925773,0.4854015,0.017533662,0.0016884308,0.011874884,0.0038691387,0.29632545
ZJ017660,0.77093637,0.012615216,0.07077439,0.014953223,0.029153507,0.009276794,0.008240218,0.084050275
ZJ017661,0.25367042,0.0018609412,0.16990702,0.3729485,0.015936555,0.003408787,0.0076017915,0.174666
ZJ017662,0.24985795,0.0025874397,0.4313219,0.002757632,0.0029011292,0.17826891,0.12577395,0.006531123
ZJ017663,0.39651838,0.15779355,0.07365499,0.0075217886,0.017233312,0.0012332381,0.14390634,0.20213845
ZJ017664,0.20384178,0.10648486,0.3263719,0.00023672903,0.00062041014,0.004705539,0.35193864,0.005800126
ZJ017665,0.13585408,0.20346023,0.43603617,0.0002785817,0.00085107354,0.012952836,0.2069422,0.0036248588
ZJ017666,0.5457883,0.0066888155,0.09510045,0.00020031062,0.006060895,0.0054879854,0.3304888,0.010184468
ZJ017667,0.036021255,0.025509818,0.097570635,0.00034541538,0.013973425,0.8059321,0.014915213,0.005732154
ZJ017668,0.23392208,0.33617598,0.15446864,0.0059049893,0.005228157,0.008237716,0.18904108,0.06702138
ZJ017669,0.13407886,0.042234246,0.34590146,0.001322039,0.0013142247,0.01175147,0.43226507,0.031132685
ZJ017670,0.09354526,0.0040241866,0.15865597,0.30680284,0.015812421,0.012331514,0.004821669,0.40400612
ZJ017671,0.7235531,0.15704337,0.03229325,0.0006084466,0.005830684,0.015832996,0.060523573,0.004314593
ZJ017672,0.28752476,0.076154105,0.20942499,0.014855057,0.005932991,0.023688363,0.11572105,0.26669866
ZJ017673,0.12934521,0.00407291,0.15316467,0.5151801,0.0136625925,0.003053024,0.0051998664,0.17632167
ZJ017674,0.011096227,0.012545203,0.071105115,0.001365786,0.026147893,0.8719985,0.0015260385,0.004215207
ZJ017675,0.73413604,0.015719756,0.070725344,0.00023329131,0.12175614,0.0035010437,0.050015826,0.0039126202
ZJ017676,0.24415973,0.08149119,0.30432498,0.0015455725,0.0034870761,0.005069081,0.3431246,0.016797744
ZJ017677,0.13765348,0.06324092,0.2502129,0.003078781,0.022671012,0.04600298,0.3329223,0.14421766
ZJ017678,0.006357477,0.9870251,0.0025405153,1.7430002e-05,3.2710206e-05,0.0010325152,0.0024856946,0.000508536
ZJ017679,0.015382847,0.47672036,0.41999614,0.00014362785,0.00011677299,0.00010385858,0.08531707,0.0022193165
ZJ017680,0.21771923,0.02524738,0.3886422,0.002161326,0.024728945,0.004988177,0.29757586,0.038936883
ZJ017681,0.3729663,0.035701986,0.21294694,0.00021851301,0.007896364,0.017483868,0.33786207,0.014923934
ZJ017682,0.22569847,0.31679434,0.2279328,0.0020383867,0.0869513,0.0015609309,0.07360567,0.065418094
ZJ017683,0.55615216,0.0111238975,0.08354745,0.2117824,0.072687574,0.0062991157,0.011306174,0.047101222
ZJ017684,0.20633356,0.029950265,0.320299,0.0020243104,0.0074900026,0.013746111,0.18113896,0.23901774
ZJ017685,0.28330737,0.0028682528,0.6255494,0.013387993,0.00094847643,0.0076158103,0.0060225106,0.060300253
ZJ017686,0.018813163,0.009118285,0.7342592,0.00018408115,0.0019813892,0.17153049,0.032792646,0.031320702
ZJ017687,0.014939369,0.007794664,0.430999,0.0001111345,0.00070440065,0.49844435,0.013580758,0.03342633
ZJ017688,0.4275876,0.012332389,0.051409714,0.33370757,0.15119798,0.009320103,0.0041235504,0.010321061
ZJ017689,0.33319223,0.038452566,0.205032,0.002415674,0.0011028296,0.012426478,0.40244135,0.0049368655
ZJ017690,0.5121148,0.04136712,0.20699874,0.015771763,0.011535368,0.0065975077,0.079230204,0.1263845
ZJ017691,0.032398667,0.00060414535,0.091557704,0.0127068795,0.0007035301,0.16059954,0.6994683,0.0019612387
ZJ017692,0.19433111,0.00052779634,0.493474,0.016901538,0.10556167,0.15140863,0.0066062547,0.03118904
ZJ017693,0.0009563065,0.00019713135,0.002048696,8.4716106e-05,0.006497123,0.9885625,0.0013327783,0.00032073434
ZJ017694,0.03810748,0.019104311,0.24735409,0.0017245342,0.0009138175,0.010586317,0.6455687,0.036640685
ZJ017695,0.15003702,0.47201002,0.20704149,0.0020219416,0.007601049,0.008457426,0.14610563,0.006725425
ZJ017696,0.0006103611,0.00050534954,0.00092139,0.0006849233,0.0005909805,0.9957408,0.00017785544,0.0007683828
ZJ017697,0.06552156,0.005347397,0.016270347,0.02426544,0.07675021,0.00056232593,0.7719102,0.03937246
ZJ017698,0.5520108,0.011713598,0.076573916,0.00020802983,0.00023546228,0.0016450569,0.34692082,0.010692401
ZJ017699,0.2813382,0.22171728,0.25519502,0.0077903625,0.058971234,0.004130087,0.07989092,0.0909669
ZJ017700,0.06036954,0.0008328469,0.33472243,0.22675352,0.039204467,0.031964075,0.0044242665,0.3017288
ZJ017701,0.33971325,0.036582317,0.084548,0.007332182,0.033662986,0.0031529346,0.2392101,0.25579825
ZJ017702,0.117020145,0.013447227,0.3972888,0.22595179,0.14074223,0.04017413,0.0054858318,0.059889827
ZJ017703,0.4658582,0.026042642,0.28894365,0.00083919486,0.0024367021,0.03291634,0.15714608,0.025817227
ZJ017704,0.45074,0.009985053,0.24419181,0.00053155504,0.009173038,0.0046240212,0.26368594,0.017068492
ZJ017705,0.07840731,0.4018073,0.15969574,0.0042255195,0.0019039634,0.09806801,0.24890086,0.006991295
ZJ017706,0.05624029,0.85008645,0.054039303,0.0009349827,0.0038150938,0.00029664108,0.01501234,0.019574827
ZJ017707,0.21542673,0.07165558,0.15913777,0.15312709,0.02025074,0.011413626,0.009720506,0.35926795
ZJ017708,0.45650026,0.12093446,0.06675472,0.015731208,0.046702176,0.0062768147,0.1210806,0.16601977
ZJ017709,0.37076774,0.016765106,0.056809213,0.3130409,0.21275844,0.012810378,0.008543361,0.008504764
ZJ017710,0.23934807,0.23498042,0.15225762,0.002113925,0.0036178697,0.0049688052,0.17847897,0.18423432
ZJ017711,0.4515317,0.06381777,0.12205708,0.020627238,0.03866686,0.005007691,0.12465241,0.17363928
ZJ017712,0.38782823,0.035543524,0.23613675,0.0021240718,0.005717009,0.011612845,0.23707622,0.08396141
ZJ017713,0.10811311,0.48682582,0.22735213,0.0018540794,0.0017599224,0.018296137,0.14751124,0.008287514
ZJ017714,0.9447795,0.0020731238,0.01556932,0.002929299,0.027418556,0.003180582,0.0015779074,0.0024716358
ZJ017715,0.3003114,0.02767176,0.3726545,0.0067131403,0.0040384894,0.17083389,0.034323283,0.08345359
ZJ017716,0.54269785,0.03375645,0.050220344,0.0030155755,0.094330795,0.004770905,0.25205427,0.019153783
ZJ017717,0.5334773,0.0030650434,0.07768163,0.1085171,0.0016599521,0.0016334546,0.0028847419,0.2710807
ZJ017718,0.90511054,0.002511057,0.0033159403,7.633234e-05,9.715898e-05,0.001011235,0.08761404,0.00026373327
ZJ017719,0.0034876387,0.9754196,0.0032962698,1.4672457e-05,2.229712e-05,0.011794108,0.00249454,0.003470872
ZJ017720,0.03582381,0.94531393,0.002732365,1.597742e-05,0.00076842186,0.002348247,0.01244793,0.00054933823
ZJ017721,0.27678204,0.22498643,0.32126975,0.0044359127,0.020932348,0.001115942,0.09387539,0.056602154
ZJ017722,0.19862187,0.25721392,0.17033213,0.00085277745,0.005463464,0.040450413,0.10683635,0.22022909
ZJ017723,0.34750155,0.16284083,0.25696358,0.0009404639,0.006883592,0.0077471933,0.20715791,0.00996487
ZJ017724,0.0005604067,0.0014814674,0.0002948478,0.00036052312,5.1805964e-05,0.9966014,0.00048470826,0.00016479907
ZJ017725,0.11775803,0.0098498,0.13227063,0.5050254,0.014661707,0.0030777443,0.0050769965,0.21227969
ZJ017726,0.43500412,0.01486959,0.14941676,0.0031820405,0.011269111,0.04293259,0.23093298,0.11239281
ZJ017727,0.113433234,0.003097222,0.25056103,0.45046887,0.06494722,0.0049770703,0.0035889405,0.1089264
ZJ017728,0.30973095,0.06010039,0.21541636,0.0009924435,0.004305624,0.0076069506,0.3875368,0.014310528
ZJ017729,0.7901148,0.00026772008,0.035686113,0.08106459,0.0014821094,0.00060600723,0.0005219288,0.09025676
ZJ017730,0.15778008,0.011744017,0.7129468,0.008892835,0.0008404826,0.015767444,0.009641224,0.08238718
ZJ017731,0.040164985,0.3772925,0.31698027,0.0014669814,0.103854716,0.0071156323,0.13916978,0.013955176
ZJ017732,0.63342464,0.10509005,0.08849753,0.002082931,0.012345126,0.033061076,0.09306411,0.0324345
ZJ017733,0.033841435,0.019183667,0.663263,0.000951054,0.0021521528,0.22438715,0.03019609,0.026025428
ZJ017734,0.024098603,0.020723315,0.061660405,0.0004261687,0.0024414104,0.6940284,0.18474984,0.011871903
ZJ017735,0.14326143,0.0028316844,0.5800728,0.037805106,0.00016740515,0.005017454,0.010145113,0.22069895
ZJ017736,0.44373927,0.021543263,0.17906107,0.0015803727,0.03881804,0.0073511894,0.1992807,0.10862608
ZJ017737,0.3558423,0.03890219,0.03876084,0.018359657,0.029772082,0.0006040177,0.26511258,0.2526464
ZJ017738,0.28865212,0.072264194,0.16287522,0.014541005,0.011554983,0.00287961,0.28106394,0.16616893
ZJ017739,0.19519544,0.016101385,0.01836103,0.70246875,0.055634707,0.0039068065,0.00220924,0.0061225947
ZJ017740,0.05984078,0.04500537,0.15039863,0.14324762,0.0014832183,0.52791965,0.007311674,0.06479312
ZJ017741,0.41384286,0.06482414,0.107900485,0.24839143,0.082117274,0.03200632,0.016386006,0.034531493
ZJ017742,0.023010198,0.9616379,0.0044833855,0.00019603514,0.00020458402,9.5026975e-05,0.0043752766,0.005997636
ZJ017743,0.13512783,0.36754876,0.052352715,0.010424504,0.024201255,0.0012040833,0.28245932,0.12668154
ZJ017744,0.08969907,0.0027647384,0.5526753,0.019077579,0.0028340092,0.013572462,0.0031473453,0.31622952
ZJ017745,0.029387875,0.8799551,0.016151406,0.0022089244,0.001918758,0.00044375527,0.051564682,0.018369464
ZJ017746,0.30348969,0.21234472,0.2829369,0.0037566663,0.012314827,0.002550415,0.112591565,0.07001525
ZJ017747,0.17505263,0.002317138,0.46279994,0.035338573,0.042299826,0.03819487,0.008784987,0.23521206
ZJ017748,0.16026174,0.36555293,0.11344364,0.00064168003,0.007792434,0.08210689,0.1397206,0.13048004
ZJ017749,0.255904,0.037325058,0.15411526,0.003827409,0.023743771,0.01217241,0.24390177,0.26901028
ZJ017750,0.22883481,0.06534326,0.12897106,0.00020911165,0.0047879624,0.0062639923,0.5395926,0.025997186
ZJ017751,0.4268621,0.23284803,0.07036853,0.068984866,0.011727312,0.0026687132,0.07711962,0.109420784
ZJ017752,0.13643833,0.014461315,0.023349497,0.00022769847,0.00017598007,0.0015486127,0.82261175,0.0011868076
ZJ017753,0.4882365,0.17009583,0.086888164,0.00034066045,0.0027884871,0.007258289,0.21500959,0.029382523
ZJ017754,0.020297762,0.9466893,0.011427615,2.0957747e-05,7.116503e-05,0.016466815,0.0029059297,0.0021204636
ZJ017755,0.30870402,0.058692526,0.07309119,0.019374175,0.0128461085,0.0026153289,0.3875812,0.13709547
ZJ017756,0.22159714,0.0015771899,0.008315536,8.5035004e-05,0.021731662,0.00010582726,0.73848325,0.008104417
ZJ017757,0.17123732,0.09958003,0.2587578,0.0013748455,0.012944059,0.03670584,0.34089538,0.07850471
ZJ017758,0.0035855856,0.005171044,0.028553737,0.09112506,0.0021100717,0.8611028,0.0026435705,0.005708179
ZJ017759,0.19166672,0.00033802885,0.011647913,0.00036466718,0.7864391,0.0009346106,0.0074329516,0.001176063
ZJ017760,0.29875895,0.08566684,0.18542264,0.002057176,0.0065393765,0.03289412,0.21270151,0.1759594
ZJ017761,0.09601588,0.7403907,0.05731302,0.0016357572,0.0041987295,0.0022856612,0.080840856,0.017319378
ZJ017762,0.17980643,0.015735783,0.06844267,0.0029233487,0.007970058,0.13466126,0.5297529,0.060707536
ZJ017763,0.2799911,0.032966707,0.4131093,0.087468244,0.038464993,0.04263693,0.0139944805,0.091368236
ZJ017764,0.100175515,0.2544775,0.06569532,0.0004964765,0.0003199985,0.029207533,0.5395867,0.010040931
ZJ017765,0.14813152,0.02858516,0.5483131,0.0031574143,0.0032112908,0.13388585,0.06675612,0.06795958
ZJ017766,0.20811762,0.10578787,0.3123081,0.018562505,0.00091598753,0.007914209,0.06824627,0.2781474
ZJ017767,0.77247053,0.01252266,0.0085747,0.0015863217,0.0014685836,0.004108556,0.19609645,0.003172154
ZJ017768,0.039416675,0.7732902,0.033585474,0.0003605861,0.001247696,0.014470846,0.016551187,0.12107731
ZJ017769,0.31387958,0.14960526,0.089917466,0.027116613,0.017729664,0.0034336043,0.13720721,0.2611106
ZJ017770,0.22445998,0.035032455,0.47148407,0.0020650984,0.0014917176,0.05020773,0.15147913,0.06377987
ZJ017771,0.066585705,0.2789136,0.05154483,0.0018209934,0.0017534354,0.0051112263,0.57672375,0.017546566
ZJ017772,0.12385599,0.004532805,0.13825479,0.22101471,0.09410277,0.25931364,0.0076670875,0.15125823
ZJ017773,0.14226541,0.07279597,0.25398818,0.0053497013,0.01960562,0.005347708,0.481538,0.019109346
ZJ017774,0.2726308,0.117206275,0.23631303,0.006121537,0.002953871,0.019459737,0.2548019,0.090512805
ZJ017775,0.05536061,0.022619003,0.28247395,0.008147518,0.0014339131,0.007824401,0.5170746,0.105065964
ZJ017776,0.1562128,0.005360258,0.16264716,0.35431388,0.007775085,0.0013631005,0.011569091,0.3007586
ZJ017777,0.48565364,0.0030799855,0.06590677,0.20010278,0.13741232,0.013670521,0.01923147,0.07494246
ZJ017778,0.2312756,0.0066650067,0.09740427,0.28435844,0.002921943,0.0003317681,0.0052213804,0.37182164
ZJ017779,0.042286374,0.017837754,0.83914447,0.0008675831,0.0012266164,0.027548853,0.039583437,0.031504992
ZJ017780,0.1105954,0.13783072,0.14503783,0.12821896,0.010599666,0.013189064,0.04225542,0.41227293
ZJ017781,0.79151016,0.05614371,0.015128586,0.00043627672,0.025461087,0.0062908796,0.08965024,0.015379014
ZJ017782,0.47008768,0.07859432,0.23497438,0.0030761566,0.0049125818,0.01356287,0.16642189,0.028370162
ZJ017783,0.31008384,0.046496972,0.40576684,0.0059462413,0.0004193112,0.0048239077,0.21535937,0.011103458
ZJ017784,0.29365408,0.024194542,0.04190436,0.0068220873,0.0032558087,0.55376136,0.05931177,0.017096005
ZJ017785,0.14806657,0.07450955,0.23837636,0.0017316757,0.0077266023,0.009392821,0.45252746,0.06766898
ZJ017786,0.088972665,0.005122335,0.133163,0.37266245,0.0026880002,0.00063420954,0.0075123576,0.3892449
ZJ017787,0.18294539,0.0026633618,0.6635192,0.019146796,0.00015440238,0.011410033,0.0044091493,0.11575163
ZJ017788,0.005364208,0.0007555591,0.0054262895,6.3179745e-05,3.6483605e-05,0.00021716845,0.98790586,0.00023121748
ZJ017789,0.19179825,0.0033785382,0.21437024,0.08983961,0.10433382,0.20616332,0.009243197,0.1808731
ZJ017790,0.72893715,0.0018246685,0.09949515,0.0082391575,0.13543509,0.0082892,0.0062300824,0.011549493
ZJ017791,0.38843554,0.035379052,0.18893065,0.012171822,0.011999206,0.03232366,0.04841405,0.28234604
ZJ017792,0.17637067,0.09387838,0.41315162,0.0017435823,0.0009165222,0.017641734,0.18229772,0.11399972
ZJ017793,0.24376342,0.0031376178,0.0093111945,6.503108e-05,0.005400103,0.0004175411,0.7353423,0.002562821
ZJ017794,0.1413468,0.5204237,0.061089903,0.0030635837,0.01913346,0.001865695,0.18877421,0.0643026
ZJ017795,0.081257746,0.5900466,0.20875646,0.001024353,0.0034899267,0.0063051456,0.10517641,0.0039432975
ZJ017796,0.12958986,0.008100423,0.3584615,0.0011945993,0.0007102058,0.039921258,0.29212058,0.16990156
ZJ017797,0.07487297,0.039076775,0.24304931,0.001287376,0.00018311842,0.29481634,0.20767663,0.1390374
ZJ017798,0.767989,0.00024125657,0.08204089,0.026476908,0.006969647,0.010952996,0.0009254824,0.10440378
ZJ017799,0.31638557,0.17977631,0.23400395,0.006670274,0.07541517,0.0013588887,0.13806441,0.048325405
ZJ017800,0.4829096,0.044487543,0.10808955,0.013396261,0.020329515,0.0014386183,0.18180126,0.14754763
ZJ017801,0.052829027,0.010607243,0.056758977,0.004518947,0.0012132679,0.8013068,0.031301748,0.04146404
ZJ017802,0.4432157,0.08454816,0.21230887,0.00021029571,0.00093000615,0.06340315,0.14590742,0.04947641
ZJ017803,0.48603532,0.049770012,0.089016214,0.004826962,0.025210256,0.0025470168,0.07841409,0.26418015
ZJ017804,0.22721563,0.0154708605,0.44193998,0.00053118425,0.005020333,0.006064514,0.26935926,0.034398153
ZJ017805,0.04450883,0.014504882,0.8247115,0.0010641115,0.0024194617,0.042173434,0.034186833,0.03643094
ZJ017806,0.2085785,0.119506225,0.17297901,0.00032746623,0.0010099218,0.016648551,0.3979284,0.08302199
ZJ017807,0.30779076,0.19649902,0.1091587,0.14826578,0.048425145,0.0016960119,0.04938658,0.13877799
ZJ017808,0.10806895,0.029785477,0.28357464,0.004609189,0.013205316,0.012419813,0.5295263,0.01881039
ZJ017809,0.74767035,0.0045022205,0.045659382,0.00019240216,0.008232708,0.0010342065,0.17891741,0.013791323
ZJ017810,0.017838199,0.0011665763,0.0011998726,8.537466e-05,3.376276e-05,0.00042778798,0.9792051,4.3298056e-05
ZJ017811,0.25300205,0.042386174,0.41694027,0.004215315,0.0020799167,0.025570668,0.23543929,0.020366274
ZJ017812,0.1435864,0.46175128,0.25043464,0.0014907962,0.005404649,0.011665187,0.118122615,0.0075444453
ZJ017813,0.5403604,0.031434663,0.23139402,0.00048694166,0.011788044,0.099739045,0.06261742,0.022179512
ZJ017814,0.37149397,0.009601209,0.11319844,0.1525222,0.039185684,0.019680692,0.01647369,0.27784413
ZJ017815,0.0015438654,0.00020086674,0.0032247007,0.0002962782,0.0049548373,0.98749936,0.0018303527,0.00044973727
ZJ017816,0.07665991,0.0004007421,0.2125306,0.5719276,0.0038921419,0.0041792616,0.0017496039,0.12866016
ZJ017817,0.39664772,0.12343193,0.18144818,0.0016772491,0.0036458601,0.036147397,0.22457086,0.032430857
ZJ017818,0.14266106,0.023245445,0.65552026,0.00082462776,0.007964511,0.021726945,0.13389018,0.014166981
ZJ017819,0.108836785,0.05163896,0.5701377,0.0992386,0.00094658637,0.009907902,0.013976798,0.14531668
ZJ017820,0.48289564,0.046398725,0.031228036,0.33637917,0.08993235,0.0056573716,0.0040240884,0.0034846389
ZJ017821,0.26931795,0.09847783,0.12391142,0.004530451,0.00865321,0.0127676,0.31218532,0.17015623
ZJ017822,0.04650864,0.19640195,0.1345064,0.0014110287,0.069027804,0.44296476,0.07550031,0.033679035
ZJ017823,0.2757311,0.1473714,0.22840616,0.020467252,0.110443026,0.0036062822,0.07013151,0.14384328
ZJ017824,0.07736113,0.37117136,0.017147705,0.0033395872,0.0124485465,0.00013839065,0.5120201,0.0063732173
ZJ017825,0.2506331,0.049971003,0.49837416,0.030829942,0.0033449086,0.014094965,0.11009145,0.042660512
ZJ017826,0.06828835,0.00045242143,0.35799563,0.26814353,0.0025354908,0.26615646,0.0020182747,0.03440988
ZJ017827,0.22210908,0.098566905,0.31294522,0.002433935,0.0010148021,0.011410724,0.28079152,0.07072777
ZJ017828,0.041900832,0.016829144,0.83235437,0.00085224875,0.0013754442,0.034278937,0.038343538,0.034065533
ZJ017829,0.17319572,0.53942746,0.17516422,0.0020037172,0.011647558,0.00030762918,0.06445138,0.033802334
ZJ017830,0.23900177,0.06632176,0.10933747,0.010270965,0.021468967,0.0033806632,0.22310017,0.32711828
ZJ017831,0.06483161,0.82339215,0.043303177,0.0001721733,0.0011370333,0.0439914,0.010619713,0.012552765
ZJ017832,0.23379436,0.013790617,0.5147968,0.0078291735,0.0016889367,0.048829824,0.15903534,0.020234875
ZJ017833,0.0015632923,0.00014594723,0.002636129,4.568333e-05,0.0061687026,0.98748195,0.0017625319,0.00019582883
ZJ017834,0.26410064,0.09568333,0.33903462,0.00057986315,0.0012858788,0.011918456,0.21711491,0.070282325
ZJ017835,0.15802363,0.005944513,0.014589624,0.0003220658,0.011339328,0.0031097208,0.80268717,0.0039840136
ZJ017836,0.01055009,0.97397745,0.0042720092,2.1339796e-05,9.51605e-05,0.005000989,0.00503301,0.0010499138
ZJ017837,0.210414,0.21166833,0.22578049,0.013282811,0.0025935639,0.037589654,0.103189684,0.19548151
ZJ017838,0.2653548,0.00937474,0.12038874,0.38458592,0.0011149192,0.0032436026,0.0065251905,0.2094121
ZJ017839,0.26201615,0.032772675,0.5364944,0.00184075,0.0016023447,0.058224726,0.094571225,0.012477721
ZJ017840,0.47306252,0.03439073,0.20110165,0.013861396,0.013781964,0.045590784,0.051333208,0.16687779
ZJ017841,0.08117829,0.02094004,0.6799074,0.00042136604,0.007674159,0.062145375,0.11820573,0.029527653
ZJ017842,0.081787854,0.007887838,0.12773494,0.0003393278,0.0077020735,0.037920993,0.724705,0.011921957
ZJ017843,0.18490475,0.012929307,0.3874404,0.0055320966,0.06721746,0.1449688,0.14954317,0.047464024
ZJ017844,0.1737265,0.10605912,0.061383408,0.019661954,0.08380814,0.0020561337,0.29233068,0.2609741
ZJ017845,0.018310323,0.0010849759,0.11680176,0.010305194,0.03342598,0.20963952,0.004170742,0.6062615
ZJ017846,0.1016831,0.021915834,0.20342144,0.12040389,0.0014738136,0.0008630128,0.019979086,0.5302598
ZJ017847,0.5011963,0.0025644146,0.26301408,0.03836455,0.062415622,0.029658051,0.006227857,0.09655911
ZJ017848,0.05461812,0.03307599,0.7705094,0.00013265543,0.0018616101,0.117355004,0.01939035,0.003056871
ZJ017849,0.18690278,0.04559162,0.54647005,0.0032667487,0.0007350901,0.0036764487,0.046337683,0.16701956
ZJ017850,0.033956904,0.0222359,0.2305356,0.002673178,0.0006477834,0.0017249818,0.66586846,0.042357195
ZJ017851,0.115117215,0.45012468,0.23448622,0.0014942309,0.0042064064,0.0036920435,0.18566936,0.0052098385
ZJ017852,0.48557955,0.016194226,0.06621177,0.28618926,0.12666933,0.0038584333,0.00666433,0.008633073
ZJ017853,0.05323279,0.0022027544,0.16558008,0.0006072498,0.00032249014,0.079860434,0.6819525,0.016241783
ZJ017854,0.27763078,0.020140119,0.47289222,0.0046888846,0.0018609581,0.007951799,0.2003301,0.014505181
ZJ017855,0.18550539,0.054410774,0.3132827,0.0010564376,0.0075378455,0.16535026,0.20464562,0.06821098
ZJ017856,0.100415565,0.005508892,0.24860474,0.015660724,0.36596227,0.07448888,0.038965747,0.15039319
ZJ017857,0.34069252,0.0006443484,0.0034051584,0.00014613409,0.65313077,0.0003368791,0.00018350333,0.0014606225
ZJ017858,0.3548821,0.11669762,0.10504474,0.015214671,0.01407551,0.0018768469,0.16891786,0.22329064
ZJ017859,0.85948944,0.0015243322,0.07123545,0.0030104062,0.012979228,0.016899211,0.0040661367,0.030795725
ZJ017860,0.054744195,0.030753143,0.36481965,0.0007665575,0.005761131,0.20493992,0.31047314,0.027742269
ZJ017861,0.06718148,0.038760874,0.0042797932,0.0004972827,0.0007698848,0.00023994962,0.8854768,0.0027938774
ZJ017862,0.00440211,0.8365998,0.0017998904,0.00014714058,0.15166433,0.00047044636,0.0043308646,0.00058538973
ZJ017863,0.31587395,0.07679248,0.075907,0.00031689092,0.0038250282,0.028205244,0.46847606,0.030603372
ZJ017864,0.08560062,0.0038942397,0.17013985,0.27212644,0.026156286,0.006294722,0.004346915,0.431441
ZJ017865,0.0023955777,0.0034711892,0.013070952,0.00016661506,0.00039979126,0.9775258,0.001708525,0.0012615725
ZJ017866,0.31597722,0.045855373,0.38449246,0.00076232635,0.0011144583,0.001578549,0.116473906,0.1337457
ZJ017867,0.32330042,0.26389444,0.25307828,0.0014343054,0.004291116,0.028190425,0.05150355,0.074307464
ZJ017868,0.1494817,0.0075761136,0.37866208,0.0003275023,0.00088203547,0.19814219,0.19028218,0.074646235
ZJ017869,0.17612067,0.0014726693,0.15432385,0.284136,0.0029725598,0.0089742625,0.007780867,0.36421916
ZJ017870,0.50565344,0.08817133,0.047029477,0.22081544,0.11742981,0.005001887,0.008942402,0.006956239
ZJ017871,0.63867724,0.008936624,0.08445735,0.00055574306,0.0128581,0.018094176,0.23053189,0.005888849
ZJ017872,0.16534664,0.49325776,0.078111224,0.014970394,0.0026986573,0.018184314,0.017695785,0.20973514
ZJ017873,0.048972953,0.012330916,0.074294426,0.0005177973,0.0012224292,0.001636441,0.85897547,0.0020494997
ZJ017874,0.34992066,0.08863696,0.12818074,0.0008720202,0.0026641681,0.0042553125,0.39659196,0.02887822
ZJ017875,0.28762308,0.10484256,0.2228501,0.0013325294,0.002950503,0.020299615,0.35541523,0.004686345
ZJ017876,0.0023548317,0.0031648865,0.014942815,5.505591e-05,0.0018169013,0.9729204,0.0011112911,0.0036337809
ZJ017877,0.26382494,0.013624831,0.20438148,0.0034057994,0.08436299,0.046926115,0.02128417,0.36218968
ZJ017878,0.30835462,0.1632281,0.36781192,0.002416393,0.04587496,0.0030538507,0.076873526,0.032386642
ZJ017879,0.024287626,0.0073685376,0.057766646,0.0009438314,0.0009860868,0.00011238583,0.9061265,0.002408385
ZJ017880,0.09891815,0.027372766,0.57001096,0.00030402496,0.0006814755,0.012428738,0.28051138,0.009772472
ZJ017881,0.26465046,0.17316185,0.19843893,0.000510552,0.0018520085,0.004606882,0.34515992,0.011619381
ZJ017882,0.20485435,0.019964773,0.22116618,0.043996166,0.028157705,0.0063695307,0.007026636,0.46846464
ZJ017883,0.091010086,0.007643646,0.20088248,0.00058550644,0.0018056282,0.46518227,0.122222774,0.11066754
ZJ017884,0.18705384,0.24865384,0.070040844,0.016101308,0.042322002,0.0016259834,0.2018275,0.23237464
ZJ017885,0.19537824,0.0001724968,0.16935107,0.0031525914,0.5698083,0.048632327,0.0026332587,0.010871682
ZJ017886,0.09301769,0.00053562585,0.4035063,0.008398962,0.046108633,0.42871925,0.008870895,0.010842663
ZJ017887,0.1326565,0.04370248,0.62776226,0.00038822353,0.0013417834,0.004768417,0.18148004,0.007900245
ZJ017888,0.37772277,0.16023722,0.10654509,0.017962685,0.014613505,0.0012937592,0.1957777,0.12584725
ZJ017889,0.18016806,0.026272614,0.12319852,0.41026175,0.0009966021,0.20224199,0.004171256,0.052689184
ZJ017890,0.20560701,0.0124669345,0.66524124,0.015094806,0.0011533962,0.0083134575,0.011686585,0.08043657
ZJ017891,0.15174648,0.04871585,0.22274931,0.0066468916,0.021064524,0.004911697,0.5245555,0.019609723
ZJ017892,0.17467198,0.001018723,0.06720685,0.2714964,0.009764305,0.0011734297,0.0050500683,0.46961823
ZJ017893,0.13748722,0.0030587483,0.3903807,0.034925014,0.16956158,0.04935502,0.02975175,0.18547997
ZJ017894,0.34602183,0.025913777,0.23242918,0.0035096027,0.02305441,0.047149874,0.30822322,0.013698078
ZJ017895,0.47389442,0.1254416,0.14182618,0.0035494398,0.025510712,0.015146742,0.17256884,0.042062037
ZJ017896,0.25559166,0.015117846,0.18120037,0.10523313,0.009582887,0.015992954,0.023277253,0.3940038
ZJ017897,0.08072736,0.0012939796,0.009694718,0.00031149082,0.0066180197,0.005354278,0.8916732,0.0043268786
ZJ017898,0.99051166,0.00021140793,0.005277971,3.9967475e-05,0.0004701355,0.00095129776,0.0010720629,0.001465425
ZJ017899,0.18623377,0.21083988,0.13831238,0.0040506055,0.017391792,0.0045874254,0.40505493,0.033529207
ZJ017900,0.12995934,0.40847793,0.1251503,0.0023095186,0.0035336192,0.007606797,0.29734826,0.025614174
ZJ017901,0.17800769,0.0016912359,0.14349508,0.3642118,0.019549293,0.0018993097,0.0093893185,0.28175625
ZJ017902,0.15871449,0.12527783,0.19317532,0.0003985494,0.0023554652,0.009581089,0.50575095,0.0047462434
ZJ017903,0.23248962,0.073419295,0.14109941,0.0032769055,0.003421749,0.007329595,0.34168977,0.19727369
ZJ017904,0.15305586,0.0015165267,0.53092694,0.03242083,0.00032697615,0.00614854,0.0055020135,0.27010238
ZJ017905,0.5189564,0.21048713,0.06678699,0.00080788,0.0008595737,0.041894097,0.15584171,0.0043662065
ZJ017906,0.008549136,0.21275663,0.108192146,0.0003461614,0.00093683874,0.45013085,0.20512863,0.013959621
ZJ017907,0.0011642929,0.00035043663,0.0018472016,0.0003494199,0.008177075,0.9861169,0.0015572617,0.0004373331
ZJ017908,0.28987935,0.09067856,0.20762272,0.00759893,0.025118694,0.003975374,0.31987977,0.055246614
ZJ017909,0.1571607,0.26022172,0.19927262,0.002660027,0.0065241004,0.0016777021,0.36961183,0.0028712975
ZJ017910,0.9688347,0.00026833866,0.004943778,0.009128403,0.014394704,0.00015223982,0.0005977561,0.0016800524
ZJ017911,0.05084177,0.0013665259,0.54832923,0.014897544,0.043845393,0.28313336,0.02100005,0.036586132
ZJ017912,0.5297622,0.08164678,0.117426336,0.0007285443,0.0010016148,0.0024687785,0.051150028,0.21581575
ZJ017913,0.15627818,0.03853027,0.4447633,0.08065212,0.009525521,0.003038376,0.07772495,0.18948732
ZJ017914,0.30560246,0.14634344,0.08566953,0.026338456,0.04895504,0.0027954062,0.20866571,0.17562997
ZJ017915,0.5813675,0.043155853,0.10692444,0.0038898657,0.0551742,0.044141926,0.11588107,0.04946516
ZJ017916,0.062495243,0.028404897,0.21047485,0.0011074146,0.004882631,0.0034593937,0.6235389,0.06563669
ZJ017917,0.14638346,0.069634624,0.10986959,0.00315193,0.0021583082,0.0027014695,0.4367235,0.22937708
ZJ017918,0.15906034,0.0019128578,0.12601073,0.006522394,0.5587634,0.09970936,0.009198982,0.038821883
ZJ017919,0.14750263,0.4431932,0.1266769,0.0014955809,0.011818659,0.0016849367,0.26100692,0.0066212136
ZJ017920,0.28994572,0.015504389,0.050080538,0.0028442661,5.3351712e-05,0.018441183,0.6208034,0.0023271365
ZJ017921,0.037521116,0.884868,0.027875641,0.0010259113,0.0042782123,0.0014901586,0.032995306,0.009945608
ZJ017922,0.5734519,0.0017339746,0.07440504,0.07594363,0.1346513,0.014037444,0.008096947,0.11767978
ZJ017923,0.5486809,0.069450825,0.22042115,0.00983127,0.018902771,0.0077978987,0.05497979,0.06993538
ZJ017924,0.25490627,0.050745625,0.42970824,0.0022507873,0.000696225,0.0050486894,0.06892167,0.18772241
ZJ017925,0.011071127,0.0018788923,0.009556553,0.00052419683,0.0006911789,0.00015026514,0.9741053,0.0020224727
ZJ017926,0.19808832,0.17720725,0.24083786,0.00020177415,0.0009570597,0.0068744714,0.36979705,0.0060362797
ZJ017927,0.37059444,0.06412932,0.40451884,0.00084163796,0.011269355,0.026083915,0.07536876,0.04719372
ZJ017928,0.20838158,0.19132003,0.2803591,0.0017378235,0.080487326,0.0024559079,0.18011588,0.05514237
ZJ017929,0.10833795,0.052668482,0.16963454,0.21731368,0.0033335378,0.36569327,0.013038149,0.069980405
ZJ017930,0.09680197,0.026803793,0.37054148,0.14367671,0.008456263,0.010923487,0.010100372,0.33269596
ZJ017931,0.17443117,0.012173559,0.47656292,0.21508726,0.03439756,0.00491837,0.008646844,0.073782235
ZJ017932,0.41881722,0.2740181,0.08469297,0.03946192,0.066657655,0.009661622,0.047730576,0.058959916
ZJ017933,0.4071987,0.053553544,0.086822726,0.011813249,0.018602666,0.002398306,0.26171505,0.15789576
ZJ017934,0.17935905,0.28285587,0.30377582,0.0005867009,0.00010435365,0.0023520675,0.17298059,0.057985507
ZJ017935,0.094471514,0.0031407576,0.20068239,0.44190973,0.015025882,0.006428925,0.0041548586,0.23418596
ZJ017936,0.26504713,0.0042569246,0.2363799,0.3056197,0.020141086,0.015729927,0.0096553415,0.14317003
ZJ017937,0.06718783,0.013406718,0.035790823,0.028125206,0.0075897397,0.78374636,0.042951345,0.021201905
ZJ017938,0.14154695,0.0048261997,0.45944786,0.00066627533,0.0023585788,0.24586101,0.13276997,0.0125231035
ZJ017939,0.12176677,0.04224783,0.010161635,0.00053358247,0.00045159756,0.00027923583,0.8234344,0.001124887
ZJ017940,0.0027988171,0.0013585562,0.002697289,0.011735367,0.0005511887,0.980146,0.00043485416,0.00027797557
ZJ017941,0.41683373,0.08666447,0.24180152,0.023166731,0.022572726,0.03368847,0.044295676,0.1309767
ZJ017942,0.37290335,0.039125662,0.21687822,0.006099683,0.0074759736,0.01551341,0.09383903,0.2481647
ZJ017943,0.02698158,0.00062729546,0.00358118,0.940328,0.00090879184,0.02460218,0.0023028504,0.00066809065
ZJ017944,0.20515421,0.030513689,0.05793895,0.010070066,0.082202844,0.00069960114,0.43090665,0.18251397
ZJ017945,0.20101538,0.0027528107,0.6997185,0.018837335,0.0004926752,0.010708412,0.0063987602,0.060076155
ZJ017946,0.14627998,0.014370419,0.16773327,0.0007181053,0.006270188,0.063247815,0.5849058,0.016474389
ZJ017947,0.07298067,0.011542594,0.061738037,0.00085297704,0.030106237,0.7964195,0.0029438732,0.023416111
ZJ017948,0.015385971,0.9469927,0.006411311,4.384004e-05,0.00016131136,0.001721352,0.02896592,0.00031763964
ZJ017949,0.2486302,0.0923657,0.29834124,0.00072299206,0.0026631975,0.03799497,0.30733523,0.011946555
ZJ017950,0.043179374,0.037840646,0.6314832,0.001713567,0.005931892,0.1872343,0.06877668,0.023840332
ZJ017951,0.11248357,0.037175447,0.48935556,0.0015839726,0.013810873,0.21520968,0.04511143,0.085269436
ZJ017952,0.43618307,0.06471822,0.108398326,0.010576269,0.0662138,0.0016573292,0.13928859,0.17296436
ZJ017953,0.13160339,0.84119225,0.0095158685,0.00028013973,0.0014439581,0.0045972727,0.00423352,0.007133699
ZJ017954,0.0015608383,0.0005368611,0.023197925,6.67284e-05,0.0009697047,0.9722353,0.0005401726,0.0008924068
ZJ017955,0.016925614,0.0021971883,0.0047787325,0.001484316,0.00047727255,0.9610386,0.008347074,0.004751166
ZJ017956,0.17265221,0.12200875,0.5094944,0.007280836,0.002357869,0.019310083,0.068087965,0.09880783
ZJ017957,0.18475007,0.022068258,0.32875618,0.124346316,0.0024090572,0.25266838,0.007084344,0.077917434
ZJ017958,0.025340505,0.9018797,0.036587067,0.00040139188,0.0013183753,0.0064106053,0.019851,0.008211336
ZJ017959,0.56086916,0.03014812,0.066491924,0.15312392,0.16269182,0.008463013,0.0042538196,0.013958244
ZJ017960,0.18086484,0.4027968,0.1316909,0.00049095746,0.0006229155,0.021188917,0.19579114,0.06655357
ZJ017961,0.48655006,0.03589397,0.13046253,0.01628011,0.011627316,0.014904707,0.048763238,0.25551805
ZJ017962,0.029636286,0.0016180986,0.00087352557,0.96107876,0.00094899285,0.005043812,0.00068838074,0.00011217111
ZJ017963,0.2790475,0.18391779,0.35443476,0.0018156659,0.034163434,0.037293896,0.08865701,0.020669997
ZJ017964,0.011767734,0.00080145674,0.029816667,0.03753691,0.001094342,0.85740006,0.0007239164,0.06085892
ZJ017965,0.15815973,0.046034683,0.3384948,0.0007202509,0.0037149047,0.0013675068,0.43086162,0.02064651
ZJ017966,0.36717615,0.08234355,0.36260292,0.0047799638,0.050667558,0.0031034837,0.037714332,0.09161202
ZJ017967,0.17376946,0.006014139,0.09887451,0.000518274,0.0004255345,0.024028294,0.6533099,0.04305991
ZJ017968,0.020252908,0.026840448,0.017772615,0.0029805552,0.011824836,0.0137838535,0.8868941,0.019650644
ZJ017969,0.002774955,0.00045390212,0.002653199,7.000944e-05,0.0021940938,0.98894006,0.0024650556,0.00044871226
ZJ017970,0.0044498337,0.0038503387,0.018949227,0.0005470462,0.0031047328,0.96179724,0.002574598,0.0047269803
ZJ017971,0.36949956,0.074946694,0.21168332,0.0021949366,0.09097108,0.008183906,0.22804576,0.0144747645
ZJ017972,0.48741695,0.03993493,0.08073003,0.29111606,0.06941475,0.016386267,0.0074681477,0.0075328317
ZJ017973,0.0305218,0.009153882,0.1149591,0.0003390955,0.0007401309,0.00037634204,0.83859134,0.0053183357
ZJ017974,0.32830247,0.012974495,0.03126009,0.52325135,0.070347115,0.01942046,0.008702302,0.0057417266
ZJ017975,0.22698471,0.25529143,0.07997926,0.020021517,0.022593841,0.0012936469,0.21480747,0.17902811
ZJ017976,0.28588742,0.082114786,0.2058739,0.0026959036,0.03906587,0.012969926,0.34622648,0.025165683
ZJ017977,0.23293243,0.43610507,0.10443782,0.007934198,0.0052998587,0.003429354,0.18547852,0.024382694
ZJ017978,0.2666777,0.22986868,0.14913861,0.004808144,0.08976043,0.024803495,0.2135629,0.021379977
ZJ017979,0.06676224,0.026357958,0.4578103,0.040591408,0.0030618291,0.0007634327,0.012003013,0.3926498
ZJ017980,0.35953003,0.14100356,0.074535266,0.0010856272,0.054040655,0.05202572,0.29163507,0.026144067
ZJ017981,0.27303657,0.48363388,0.096658625,0.0015259412,0.00033013764,0.020101024,0.119173005,0.005540779
ZJ017982,0.40981165,0.047884706,0.19486372,0.0050147823,0.008328323,0.025311448,0.030371634,0.2784138
ZJ017983,0.48902616,0.017997205,0.12872234,0.0049461154,0.115986034,0.000947595,0.18834552,0.054029014
ZJ017984,0.46627825,0.104097106,0.09893921,0.04981456,0.058616217,0.0029636472,0.067516044,0.15177488
ZJ017985,0.34605908,0.17557141,0.12566492,0.036751974,0.010930883,0.019001184,0.03148191,0.25453866
ZJ017986,0.22955889,0.045131817,0.50323236,0.002538065,0.0011734837,0.06924016,0.121077076,0.028048165
ZJ017987,0.24539061,0.085848235,0.26592326,0.0008313014,0.11869137,0.19886333,0.064862765,0.019589104
ZJ017988,0.29585284,0.024129253,0.13041015,0.0007681013,0.005468612,0.0039703236,0.5178514,0.021549266
ZJ017989,0.2641499,0.11540389,0.0719344,0.011554403,0.059224546,0.0014589562,0.22370999,0.25256392
ZJ017990,0.010382783,0.0014426792,0.006992719,0.00026576183,0.0007464949,0.0028143239,0.97703403,0.00032124214
ZJ017991,0.5601819,0.033543915,0.11588211,0.0027927945,0.011377277,0.012986186,0.22333191,0.039903905
ZJ017992,0.25544938,0.00023646347,0.018143022,0.00027664026,0.71797276,0.000531872,0.0065750633,0.0008147856
ZJ017993,0.25612864,0.048648205,0.25707287,0.002348458,0.04374955,0.057070494,0.20311236,0.13186944
ZJ017994,0.001910651,0.00347533,0.045593295,0.00012518794,0.00030869828,0.9464669,0.00092373247,0.0011961511
ZJ017995,0.04106736,0.00067179033,0.3750239,0.034558788,0.025804522,0.0068560704,0.002346718,0.51367086
ZJ017996,0.082647145,0.01432835,0.009006915,0.84228134,0.02021156,0.02404029,0.0023219502,0.0051624207
ZJ017997,0.5083468,0.089444175,0.24799934,0.0034811143,0.007801393,0.008681597,0.07734554,0.056899972
ZJ017998,0.4892466,0.06744058,0.057558224,0.28426325,0.07999941,0.0074536307,0.007380133,0.0066581657
ZJ017999,0.09873992,0.541543,0.039990164,0.0006193838,0.016876243,0.0041330657,0.28991342,0.008184785
ZJ018000,0.07044228,0.007596079,0.29273123,0.0008454032,0.0001981885,0.45583537,0.08565563,0.086695865
ZJ018001,0.0227496,0.21579106,0.66423446,0.00017311804,3.747177e-05,0.0015016187,0.08047247,0.015040164
ZJ018002,0.2905353,0.05072908,0.27067903,0.0013892382,0.007201327,0.010860048,0.1862952,0.1823108
ZJ018003,0.408042,0.023104355,0.26314217,0.0005280216,0.029180404,0.1887251,0.0414753,0.04580258
ZJ018004,0.22260451,0.050786417,0.163741,0.0062196236,0.011453635,0.0028893247,0.472361,0.06994447
ZJ018005,0.041093625,0.00023763259,0.23856117,0.3919733,0.07731952,0.019189736,0.0018917745,0.22973323
ZJ018006,0.029692749,0.00031760667,0.18564552,0.043593504,0.00013324396,0.73770154,0.001310069,0.0016057946
ZJ018007,0.7261733,0.043920614,0.023078239,0.0021555638,0.10833138,0.044087876,0.0402323,0.012020722
ZJ018008,0.2839871,0.01971097,0.47599158,0.031793978,0.028021738,0.06054413,0.013168862,0.08678167
ZJ018009,0.6252569,0.043465327,0.12518278,0.087827094,0.027988803,0.0042851735,0.018259937,0.06773399
ZJ018010,0.02639044,0.35609642,0.5595234,0.00018501953,7.549679e-05,0.0003154287,0.049788058,0.0076258597
ZJ018011,0.44990727,0.062083807,0.13461985,0.00656982,0.027818622,0.0022338429,0.10625508,0.21051174
ZJ018012,0.03577629,0.18202217,0.68325424,0.00015814467,0.00026856756,0.0048128986,0.09129257,0.002415024
ZJ018013,0.3049042,0.009307718,0.2022545,0.003432418,0.020795299,0.19875282,0.028253479,0.23229958
ZJ018014,0.35855085,0.05841501,0.044549,0.018618776,0.018400548,0.0006760701,0.26156297,0.23922683
ZJ018015,0.9706274,0.0016118407,0.01835375,0.0015229337,0.00031807742,0.0019855627,0.0054859244,9.448968e-05
ZJ018016,0.855439,0.089407735,0.011433438,0.0003177369,0.0032340644,0.0124524515,0.023100426,0.00461507
ZJ018017,0.1348166,0.0031638166,0.11978606,0.48706838,0.0038571472,0.0010363661,0.0049580745,0.24531357
ZJ018018,0.23088527,0.1925165,0.13106778,0.013281925,0.014471696,0.035909403,0.38074505,0.0011223665
ZJ018019,0.21275935,0.011599924,0.072942525,0.0068269726,0.012107063,0.008375134,0.5767544,0.098634586
ZJ018020,0.37219578,0.13572991,0.22446367,0.0030727715,0.04483836,0.018952463,0.18300195,0.017745076
ZJ018021,0.27389234,0.24875715,0.21665773,0.0014173369,0.007859353,0.010882479,0.10176742,0.13876621
ZJ018022,0.047213677,0.006457719,0.28651318,0.0023227893,0.0008437015,0.025020568,0.5788932,0.052735165
ZJ018023,0.5162891,0.12258588,0.108268596,0.002757758,0.025878895,0.018225193,0.15455714,0.051437356
ZJ018024,0.10848427,0.5855966,0.10705541,0.0010286492,0.0011340295,0.026157334,0.08998362,0.08056001
ZJ018025,0.20879611,0.38169143,0.028264325,0.0010643661,0.1379034,0.00055970356,0.112232104,0.12948853
ZJ018026,0.09624748,0.0038476519,0.39256534,0.0003247936,0.0014441344,0.01650482,0.4809442,0.008121507
ZJ018027,0.24318765,0.026223319,0.5291569,0.0057022837,0.004885723,0.010290925,0.15245336,0.028099807
ZJ018028,0.2519498,0.052259568,0.063765384,0.55892855,0.034705795,0.01002466,0.01392076,0.014445463
ZJ018029,0.4887718,0.2309947,0.13895671,0.0006823884,0.00041011555,0.033713397,0.10565995,0.0008109432
ZJ018030,0.10106098,0.19394468,0.56359684,0.0021553491,0.0021733434,0.009617356,0.12252871,0.004922707
ZJ018031,0.39276406,0.079828754,0.16983102,0.018894164,0.019654464,0.02697764,0.19755204,0.09449792
ZJ018032,0.16225876,0.3264897,0.19889332,0.0022584316,0.0005130622,0.0060709976,0.23587915,0.067636535
ZJ018033,0.88777286,0.005312421,0.022707587,0.0003804737,0.0069890185,0.0071884184,0.052500434,0.017148817
ZJ018034,0.86699957,0.0029187049,0.069767155,0.002473488,0.002758559,0.017852925,0.036359288,0.0008703945
ZJ018035,0.43834227,0.11435771,0.142243,0.0030068124,0.0056252405,0.18205868,0.032995306,0.08137101
ZJ018036,0.0106347455,0.0008319064,0.48369548,0.47954652,0.00026853642,0.0030017116,0.017802196,0.0042189406
ZJ018037,0.06255255,0.55081224,0.157581,0.0006417385,0.0009177757,0.008442188,0.21526293,0.003789596
ZJ018038,0.0024863374,0.0030427603,0.035118505,0.00011777488,0.0012331478,0.95445937,0.0019864426,0.0015555829
ZJ018039,0.25811648,0.12314356,0.08537419,0.0024359126,0.006847312,0.003878372,0.4496343,0.070569806
ZJ018040,0.05985001,0.0014230002,0.2615896,0.23584148,0.022905588,0.010351714,0.0030465014,0.40499213
ZJ018041,0.02561645,0.023987807,0.025737142,0.006265624,0.07222745,0.8362191,0.0026591653,0.0072873216
ZJ018042,0.059041876,0.004910957,0.33039626,0.22991931,0.15362625,0.0811874,0.0040783845,0.13683957
ZJ018043,0.5840682,0.12257321,0.05296142,0.0096684415,0.00087747065,0.0021520245,0.00978525,0.21791399
ZJ018044,0.4751335,0.0584881,0.104732215,0.21759298,0.06718632,0.002378169,0.02114845,0.053340245
ZJ018045,0.23600858,0.14647594,0.3415244,0.007636498,0.0049042567,0.023774965,0.23641548,0.0032598486
ZJ018046,0.18978505,0.041100845,0.050749913,0.0019197618,0.0188811,0.42497042,0.20747422,0.06511866
ZJ018047,0.27040738,0.028279843,0.38578358,0.0069427863,0.1408022,0.050846763,0.038214672,0.07872277
ZJ018048,0.28803554,0.116205566,0.36918494,0.002002663,0.0039799903,0.08202897,0.08291617,0.055646077
ZJ018049,0.14114895,0.037438806,0.15986715,0.00043963204,0.00392548,0.0017354677,0.6309435,0.024501052
ZJ018050,0.4057977,0.14165854,0.09952683,0.028493945,0.06346892,0.0030368434,0.07952981,0.17848745
ZJ018051,0.09930063,0.013548393,0.6065992,0.00036882414,0.0033557618,0.03902619,0.22391376,0.013887242
ZJ018052,0.060328268,0.011485774,0.03121375,0.0009157749,0.0008991952,0.00025251412,0.8940093,0.0008954464
ZJ018053,0.10091885,0.21431533,0.10339238,0.0040755975,0.004178924,0.0031940336,0.32377884,0.24614602
ZJ018054,0.22022529,0.1855253,0.27414706,0.008601081,0.0017626958,0.029934587,0.14725472,0.13254926
ZJ018055,0.38821873,0.029396342,0.09111059,0.27093524,0.19593653,0.005027084,0.0076177903,0.011757653
ZJ018056,0.05402672,0.049027335,0.6107478,0.0008440797,0.0033641222,0.042372055,0.11388308,0.1257348
ZJ018057,0.085749716,0.64330196,0.061126187,0.0013160146,0.0014086446,0.0043486874,0.05051963,0.1522291
ZJ018058,0.015405555,0.0015296901,0.0296946,0.00038875372,0.0008204844,0.0001411428,0.95055914,0.0014605979
ZJ018059,0.00800497,0.9834692,0.0020745273,5.7859852e-05,0.0016039183,0.00027354356,0.0041217674,0.00039430297
ZJ018060,0.31756908,0.1560273,0.20014669,0.01689161,0.011269365,0.00389576,0.08905386,0.2051463
ZJ018061,0.47820637,0.043845307,0.16035193,0.17401399,0.063734986,0.019232577,0.011761576,0.048853215
ZJ018062,0.8425944,0.008229937,0.036473494,0.0003654897,9.11841e-05,0.0009992188,0.10675971,0.0044865916
ZJ018063,0.069698,0.00016065863,0.19089508,0.46685386,0.03431484,0.042086896,0.0010607879,0.19492991
ZJ018064,0.071959734,0.06925353,0.03781654,0.77979594,0.005977561,0.017895753,0.013131227,0.0041697477
ZJ018065,0.41256568,0.3222463,0.09622963,0.042470243,0.032001227,0.014270303,0.02618051,0.054036133
ZJ018066,0.047715466,0.030752014,0.02462431,0.00027201753,0.0021055895,0.88884395,0.0022860644,0.0034005705
ZJ018067,0.025943492,0.13048737,0.09651984,0.00050720945,0.011345323,0.6731909,0.052697856,0.009308017
ZJ018068,0.40483162,0.11123898,0.16373879,0.00042325733,0.0018117441,0.005702823,0.25182837,0.060424503
ZJ018069,0.17714329,0.03611715,0.25268322,0.013340357,0.050016686,0.003733763,0.10671342,0.36025205
ZJ018070,0.3991354,0.008478871,0.14995132,0.00043898367,0.0037386518,0.023476182,0.033634942,0.38114563
ZJ018071,0.29243788,0.1338556,0.053242832,0.015309452,0.0969693,0.0020302248,0.15240149,0.25375327
ZJ018072,0.06343242,0.049929775,0.2030047,0.0033323104,0.0011726188,0.00893221,0.6331085,0.037087437
ZJ018073,0.6784671,0.004222682,0.022951037,0.0012648529,0.28424287,0.0010885209,0.0017448157,0.00601801
ZJ018074,0.5636395,0.001959484,0.023265757,0.00026355553,0.0002634969,0.0014474445,0.407839,0.0013217181
ZJ018075,0.3447706,0.08015201,0.055276245,0.0022769254,0.010149144,0.19887093,0.30625424,0.0022499308
ZJ018076,0.22214225,0.0020784168,0.6105721,0.017787065,0.00029302816,0.0051492034,0.003993831,0.1379841
ZJ018077,0.030741256,0.05547326,0.3874703,0.0013714568,0.0052228314,0.14295195,0.32527122,0.05149764
ZJ018078,0.31177363,0.0054549384,0.12270987,0.3676736,0.007699023,0.006043545,0.0043125595,0.17433278
ZJ018079,0.07358568,0.49181074,0.25188038,0.0010187905,0.004651441,0.0127111925,0.15934952,0.004992256
ZJ018080,0.3002806,0.08610212,0.35011515,0.0038491054,0.02906499,0.00076285755,0.1814244,0.048400767
ZJ018081,0.2715767,0.005673129,0.081613965,0.0016958223,0.024146872,0.0024948213,0.55954295,0.053255644
ZJ018082,0.391372,0.14242215,0.37784842,0.0006088269,0.010344421,0.010617877,0.022711048,0.044075217
ZJ018083,0.096960045,0.78073984,0.016869588,0.00016067235,0.00017895056,0.002456772,0.10029986,0.0023343146
ZJ018084,0.107939675,0.7429937,0.05730101,0.0035053196,0.00825387,0.0014997259,0.05188332,0.026623374
ZJ018085,0.28692967,0.042493206,0.04219171,0.53650165,0.06711758,0.0042810445,0.005980163,0.0145049235
ZJ018086,0.47025692,0.017903186,0.03143884,0.2668003,0.19867396,0.004631607,0.0036635671,0.0066315485
ZJ018087,0.14359319,0.0049358574,0.16744976,0.002877864,0.020014277,0.18936048,0.055607777,0.4161608
ZJ018088,0.4313683,0.085900694,0.11576739,0.026536178,0.01754555,0.0015476722,0.14513865,0.17619559
ZJ018089,0.06655057,0.060628597,0.6979522,0.00060827227,0.00050152227,0.0012140671,0.13923544,0.03330929
ZJ018090,0.023018043,0.0077156136,0.15973893,0.22462054,0.00021370871,0.00062432,0.0011195784,0.5829493
ZJ018091,0.5613319,0.058142263,0.11578254,0.10471842,0.091058746,0.003072016,0.014421919,0.051472154
ZJ018092,0.19718717,0.17113853,0.29674834,0.00036838412,0.0007513713,0.009321782,0.26522422,0.059260197
ZJ018093,0.07588337,0.03519726,0.053548843,0.01177261,0.05560874,0.0034043803,0.5180646,0.2465202
ZJ018094,0.04202042,0.013849657,0.8130012,0.00097215717,0.005716888,0.050991233,0.044249605,0.029198857
ZJ018095,0.7912917,0.0062031457,0.06508685,0.0008024251,0.004408624,0.0010885955,0.11730988,0.01380872
ZJ018096,0.27230564,0.040186048,0.45086694,0.0035622641,0.0011610499,0.008623225,0.20704445,0.01625035
ZJ018097,0.13842608,0.09051083,0.14510602,0.0040777912,0.0002764498,0.008806868,0.545983,0.066812985
ZJ018098,0.052471872,0.07594996,0.3944595,0.000881685,0.0052611437,0.13608919,0.29768556,0.037201155
ZJ018099,0.002438106,8.4378145e-05,0.113124646,0.4616864,6.124314e-06,0.41995478,0.00017914592,0.0025263894
ZJ018100,0.74215996,0.15895608,0.012206433,0.0088207545,0.0017372754,0.00089020113,0.006561275,0.068668
ZJ018101,0.5120693,0.08233955,0.12994322,0.07600608,0.011575448,0.0040813996,0.037748154,0.1462369
ZJ018102,0.0533308,0.0011366266,0.07317887,0.035230607,0.036939275,0.25898993,0.0051515047,0.5360424
ZJ018103,0.97658235,0.002325226,0.0028853784,1.9598623e-05,0.0007587274,0.00015991079,0.014933619,0.002335138
ZJ018104,0.0019583737,0.0015869235,0.103149876,8.938e-05,0.0029076512,0.8880608,0.0013868592,0.0008601447
ZJ018105,0.29690158,0.1512254,0.22284016,0.0018375642,0.009958304,0.11704482,0.18827622,0.011915886
ZJ018106,0.004817386,0.003827677,0.00298453,0.000570454,5.7200075e-05,0.983504,0.0018315925,0.0024071527
ZJ018107,0.11985335,0.110795766,0.09457772,0.0003794082,0.0007751222,0.004526843,0.49138138,0.17771041
ZJ018108,0.22281432,0.1705217,0.27426866,0.0119286105,0.0067313057,0.003002388,0.15515058,0.15558243
ZJ018109,0.0794139,0.0032261102,0.14495192,0.46622577,0.00071578415,0.0014629362,0.007990178,0.29601336
ZJ018110,0.33146295,0.050336633,0.26403886,0.0022668373,0.013161999,0.006956273,0.24468581,0.08709064
ZJ018111,0.13999298,0.0033189482,0.21419908,0.3978449,0.032113254,0.024964767,0.0051102852,0.1824558
ZJ018112,0.042888943,0.0058563314,0.04074754,0.00038349783,0.0042365775,0.7667794,0.12240316,0.01670455
ZJ018113,0.34937435,0.00048767534,0.13895974,0.035346646,0.0022618845,0.02105608,0.0011438489,0.45136976
ZJ018114,0.94030714,0.00097163167,0.003066279,0.00014673422,0.029925108,0.0018991826,0.021760998,0.0019228916
ZJ018115,0.27322778,0.07020897,0.16495347,0.002461859,0.022241674,0.010118701,0.35688296,0.09990462
ZJ018116,0.19706391,0.1379693,0.08088392,0.00568396,0.013236739,0.017869439,0.46815193,0.07914079
ZJ018117,0.23829985,0.02420365,0.10108688,0.0045717447,0.2932788,0.0062023937,0.24695605,0.08540063
ZJ018118,0.5037032,0.14392003,0.16606568,0.0021554034,0.00768637,0.016620135,0.12069317,0.039156128
ZJ018119,0.19449231,0.025049,0.023245418,0.00024785017,0.0070297173,0.025896631,0.7169815,0.007057564
ZJ018120,0.38045678,0.07112561,0.08068126,0.012395469,0.04709626,0.002535917,0.19841848,0.20729023
ZJ018121,0.1754887,0.0030403927,0.017365336,0.00039560258,0.036143355,0.018875062,0.7446784,0.0040131835
ZJ018122,0.31929994,0.22263974,0.16147499,0.0029023814,0.010356201,0.0024312197,0.2457869,0.035108674
ZJ018123,0.29615182,0.028775679,0.22730765,0.0032181474,0.0077926363,0.0023461157,0.36894256,0.06546545
ZJ018124,0.22448511,0.09187595,0.033341803,0.0280413,0.02195655,0.00022307209,0.42522877,0.17484741
ZJ018125,0.98140174,0.005607477,0.003175832,0.00012525501,0.0033987819,0.0022576232,0.0030519643,0.0009813161
ZJ018126,0.36741,0.056453165,0.16200244,0.0029613087,0.013569684,0.004994864,0.32666764,0.065940954
ZJ018127,0.38275054,0.08446046,0.11533799,0.012832609,0.034174938,0.00309185,0.27860412,0.088747494
ZJ018128,0.25640872,0.025047855,0.20596318,0.13323596,0.008774111,0.011812878,0.013626317,0.34513104
ZJ018129,0.6780835,0.06407927,0.07218059,0.00048935274,0.0024322972,0.001163,0.023915356,0.15765667
ZJ018130,0.07720414,0.74217755,0.038535006,0.0027770246,0.0011101345,0.00905619,0.016423183,0.11271674
ZJ018131,0.2558166,0.38421834,0.08960667,0.0014274311,0.014576786,0.023743171,0.22765745,0.0029535843
ZJ018132,0.18510255,0.0035767222,0.67511153,0.029121393,0.0013076799,0.02067954,0.0041753803,0.080925226
ZJ018133,0.09176219,0.21197216,0.3607694,0.00094765995,0.0013866911,0.008567226,0.19588524,0.1287094
ZJ018134,0.36604577,0.032488022,0.21960522,0.08340165,0.09834731,0.005947111,0.020060847,0.174104
ZJ018135,0.43825573,0.043123215,0.0812042,0.0064493055,0.06125139,0.0025271964,0.08514131,0.2820477
ZJ018136,0.008964474,0.9883661,0.001536897,2.0408786e-05,0.00012356638,0.00014180674,0.00022550343,0.000621153
ZJ018137,0.022041788,0.46034393,0.3530667,0.0006452256,0.13113585,0.003645725,0.015225605,0.013895169
ZJ018138,0.04090602,0.049580447,0.11206111,0.0024663762,0.029852893,0.21258521,0.47618848,0.076359496
ZJ018139,0.5344179,0.18428351,0.08672648,0.019013423,0.01617775,0.0020822461,0.09532215,0.061976563
ZJ018140,0.2921803,0.08326739,0.04308722,0.04865832,0.048744984,0.0011439067,0.25434414,0.22857371
ZJ018141,0.15826127,0.059933357,0.28428543,0.000734347,0.0036068857,0.08282517,0.36618936,0.04416425
ZJ018142,0.13755961,0.01635341,0.14776546,0.0005366983,0.00045563522,0.019539706,0.6683365,0.009452958
ZJ018143,0.08780533,0.25097743,0.35084718,0.004448669,0.0024328814,0.02093068,0.19653521,0.08602256
ZJ018144,0.7249813,0.056529444,0.1454041,0.0021407162,0.0007173063,0.0022501445,0.063874595,0.004102461
ZJ018145,0.1613357,0.05889389,0.26510328,0.011011005,0.008081945,0.03442701,0.44737422,0.013772941
ZJ018146,0.27309763,0.018948901,0.37076396,0.0013231388,0.04213139,0.0036043974,0.25788945,0.0322412
ZJ018147,0.18008524,0.030358434,0.2760686,0.2046939,0.008091689,0.016744506,0.013342732,0.27061486
ZJ018148,0.47031087,0.06534582,0.19220552,0.0063168164,0.007950697,0.038238198,0.049978647,0.16965342
ZJ018149,0.09001704,0.040812425,0.2563393,0.28912833,0.00338283,0.20189992,0.0082829585,0.11013719
ZJ018150,0.34469578,0.050114155,0.2585086,0.002559913,0.007445648,0.08733088,0.18926114,0.060083855
ZJ018151,0.7683426,0.001832813,0.007740283,0.0035791732,0.19255774,0.000562939,0.001475203,0.023909252
ZJ018152,0.08803357,0.52071303,0.24155289,0.0020937321,0.008807701,0.01091613,0.12250524,0.005377679
ZJ018153,0.77167416,0.02466357,0.14235575,0.0010860439,0.005809695,0.00066622935,0.015362933,0.03838166
ZJ018154,0.046399437,0.0042594527,0.0067401486,0.0002796983,0.008826459,0.92767316,0.0024603435,0.0033613143
ZJ018155,0.31163403,0.12698081,0.2328846,0.0018776242,0.010241883,0.010903691,0.24673462,0.05874273
ZJ018156,0.042113163,0.016821744,0.83559066,0.00082387164,0.0013489687,0.032978836,0.036598854,0.033723902
ZJ018157,0.25347948,0.011182375,0.2853368,0.22979423,0.104839005,0.008567936,0.010097797,0.09670242
ZJ018158,0.04767846,0.006163639,0.2650772,0.0014246731,0.2051189,0.0310038,0.0013618039,0.44217148
ZJ018159,0.240254,0.028277436,0.18546994,0.25749174,0.14736843,0.03315134,0.007475312,0.100511804
ZJ018160,0.055454925,0.014657969,0.03966619,0.003183094,0.00029744118,0.77521604,0.09165618,0.01986822
ZJ018161,0.14305207,0.01454418,0.5383073,0.06327007,0.03173209,0.113683484,0.007895159,0.08751561
ZJ018162,0.092533015,0.72986865,0.07578455,0.00094141305,0.038723726,0.0090666,0.044852793,0.008229279
ZJ018163,0.027552301,0.0035554108,0.09843093,0.00018026782,0.002674941,0.7222797,0.06085377,0.08447262
ZJ018164,0.22342029,0.0810787,0.39598173,0.0007458646,0.0005799659,0.14147742,0.14286332,0.013852715
ZJ018165,0.13689674,0.6036634,0.10735343,0.0031036315,0.039566256,0.0021099658,0.025398167,0.081908315
ZJ018166,0.8395862,0.017308524,0.05537647,0.004469785,0.00731198,0.012996797,0.056312528,0.0066376864
ZJ018167,0.36855805,0.031852342,0.21238689,0.0024312185,0.05226942,0.009647311,0.118203275,0.20465142
ZJ018168,0.16305855,0.090538695,0.29306725,0.025191605,0.12807938,0.06871543,0.009290187,0.22205888
ZJ018169,0.32376733,0.04575577,0.049232252,0.48309794,0.053048722,0.024669213,0.015019596,0.0054092077
ZJ018170,0.2823167,0.1329706,0.082333565,0.017588425,0.054837536,0.0014194841,0.2635179,0.1650158
ZJ018171,0.15076968,0.09407222,0.18041709,0.00045221293,0.014757449,0.0024715066,0.5426563,0.014403588
ZJ018172,0.042105354,0.14485337,0.12011563,0.0011351526,0.22801447,0.43247387,0.020563673,0.010738459
ZJ018173,0.0011427872,0.00074412127,0.008551507,0.00058415846,0.002336331,0.98391086,0.0005056503,0.0022246644
ZJ018174,0.08803118,0.00095350755,0.48056632,0.07569571,0.10492551,0.20618846,0.003491617,0.040147714
ZJ018175,0.2222059,0.5253262,0.06795488,0.0036416522,0.01379317,0.031491257,0.061106574,0.07448033
ZJ018176,0.2993903,0.025464602,0.2324085,0.0012429227,0.019534072,0.008657373,0.39109373,0.022208493
ZJ018177,0.31479785,0.08035463,0.09347969,0.013045341,0.073714994,0.0024645063,0.078503914,0.3436391
ZJ018178,0.82701194,0.015599319,0.05986627,0.006675261,0.0033103789,0.011820989,0.007229961,0.068485856
ZJ018179,0.04765957,0.016025271,0.03421577,0.00019342614,0.0016672637,0.00029081208,0.8713916,0.028556257
ZJ018180,0.52382725,0.059432108,0.050217595,0.21406238,0.13717134,0.0023955572,0.008229487,0.0046642506
ZJ018181,0.22139154,0.22723845,0.07966312,0.0095633,0.016933754,0.0020997426,0.18070903,0.26240107
ZJ018182,0.3258085,0.12816228,0.18545102,0.0006778172,0.009996067,0.004716664,0.16119082,0.18399686
ZJ018183,0.067064345,0.014176655,0.74102724,0.00062900013,0.028943108,0.024067748,0.09785762,0.026234344
ZJ018184,0.09736165,0.031546142,0.0066850036,0.00086358195,0.0018016483,0.0005171103,0.8586195,0.0026053137
ZJ018185,0.07484832,0.80236053,0.04535372,0.002603975,0.013243829,0.00023943133,0.051667858,0.009682246
ZJ018186,0.011827621,0.01007371,0.01116972,0.00020317845,0.00015831614,0.8720667,0.03539232,0.05910852
ZJ018187,0.0045510605,0.0025295566,0.0034537292,0.0009840538,0.00024138794,0.9861125,0.0014852679,0.00064240204
ZJ018188,0.15920576,0.033623084,0.4789083,0.00019647884,0.00028760434,0.0732686,0.23760793,0.016902192
ZJ018189,0.03593831,0.10685681,0.00818398,0.0005776431,0.00040717446,0.024930375,0.82160956,0.0014961448
ZJ018190,0.10002629,0.2874539,0.10471538,0.0044205072,0.0039514014,0.2890273,0.1603506,0.050054662
ZJ018191,0.26521906,0.17009628,0.11722425,0.022021262,0.0027685126,0.014130485,0.40079573,0.007744403
ZJ018192,0.10499908,0.0039432994,0.37772238,0.00084196497,0.010567724,0.0077249417,0.4813994,0.01280115
ZJ018193,0.04330637,0.049372382,0.2335177,0.0018074652,0.0031954069,0.0035341296,0.636681,0.028585518
ZJ018194,0.0012703232,0.000742627,0.0021418347,7.3446405e-05,0.00031179,0.99304914,0.0003404006,0.0020704395
ZJ018195,0.00047741237,0.0006795302,0.022359444,6.5541986e-05,0.00031121954,0.97506845,0.00024175567,0.0007966588
ZJ018196,0.08369539,0.0053250263,0.16949964,0.30056536,0.011526187,0.006632789,0.003879286,0.41887632
ZJ018197,0.19859909,0.04414965,0.23464926,0.0074245916,0.072385654,0.001136531,0.3631906,0.07846464
ZJ018198,0.3224756,0.018610531,0.32992268,0.0039906343,0.0012957704,0.008873957,0.2915654,0.023265453
ZJ018199,0.165857,0.002737687,0.1928605,0.47048473,0.0028962235,0.002309505,0.0051661413,0.15768816
ZJ018200,0.13607739,0.7558509,0.030556701,0.00062562356,0.0014518024,0.0007902168,0.068732895,0.005914401
ZJ018201,0.33468825,0.00354717,0.28573114,0.28718883,0.0027909407,0.010191066,0.002346719,0.07351584
ZJ018202,0.13549212,0.002864051,0.11754132,0.33969098,0.0078103757,0.003617767,0.01294468,0.38003874
ZJ018203,0.15286286,0.043259293,0.25115043,0.0023450223,0.0014705367,0.0024345543,0.52714676,0.019330561
ZJ018204,0.2253817,0.004497354,0.11220729,0.36435667,0.004904636,0.0011906894,0.011465607,0.2759961
ZJ018205,0.7116231,0.00409734,0.09007545,0.0028235791,0.112608835,0.0051995474,0.02512311,0.048449103
ZJ018206,0.4185757,0.044799455,0.3231033,0.0019642154,0.044796146,0.0050644646,0.11020204,0.0514947
ZJ018207,0.25403407,0.10158186,0.086979866,0.00035309047,0.028566845,0.256208,0.18864122,0.08363506
ZJ018208,0.19480163,0.048037127,0.17090844,0.0038021575,0.0058401143,0.016319377,0.53946733,0.020823779
ZJ018209,0.12222819,0.020349355,0.05787309,0.0010522883,0.006325983,0.09894192,0.677919,0.015310256
ZJ018210,0.20167758,0.13388859,0.14994313,0.001396395,0.0033819536,0.05851081,0.19731143,0.25389016
ZJ018211,0.18669958,0.10210951,0.09788142,0.0024137255,0.0018740294,0.0018251372,0.21704268,0.39015394
ZJ018212,0.14632776,0.00030339725,0.28282502,0.13913521,0.25223818,0.04117408,0.001560283,0.13643605
ZJ018213,0.42001924,0.022652535,0.30652046,0.0008244449,0.010754174,0.025605906,0.1889817,0.024641605
ZJ018214,0.28126845,0.085267104,0.3011949,0.0032764855,0.078298084,0.024410136,0.1672157,0.059069186
ZJ018215,0.22162844,0.081242494,0.132867,0.0010336305,0.002749224,0.008944475,0.3563065,0.19522822
ZJ018216,0.18112354,0.18471898,0.01592364,0.00028253277,0.009662575,0.5923295,0.0037611132,0.012198109
ZJ018217,0.914499,0.0010841023,0.05966995,0.00033134004,0.0041007707,0.0010877599,0.006707642,0.012519469
ZJ018218,0.015664738,0.46792427,0.4569541,0.00020633198,0.00010201595,0.00010822578,0.057904564,0.00113567
ZJ018219,0.04143236,0.9216706,0.018767633,0.0009012306,0.0006568863,0.0012305368,0.009084566,0.0062562446
ZJ018220,0.21627375,0.10081295,0.20846185,0.0006225829,0.003255926,0.029458564,0.40604627,0.035068076
ZJ018221,0.020121252,0.33019346,0.5721639,0.00015847143,3.694394e-05,0.00042534788,0.06650376,0.010396872
ZJ018222,0.81669766,0.010325418,0.040642608,0.00036098412,0.03941332,0.0017248865,0.07689585,0.013939289
ZJ018223,0.20046012,0.1158537,0.16742565,0.004382569,0.00090413075,0.008182899,0.2615577,0.24123318
ZJ018224,0.22507955,0.019691398,0.25655743,0.33765113,0.0028743993,0.011405997,0.017917614,0.12882246
ZJ018225,0.15870754,0.20303416,0.20415027,0.0016544178,0.0012773629,0.0019153972,0.417271,0.011989885
ZJ018226,0.14061348,0.030064287,0.2028331,0.00042010404,0.0026912617,0.015351994,0.59202975,0.015996069
ZJ018227,0.34427777,0.035591085,0.0715394,0.00059325463,0.0055367528,0.023228317,0.517369,0.001864436
ZJ018228,0.46888337,0.0030210298,0.3771779,0.020589028,0.025306161,0.01519369,0.00632823,0.08350051
ZJ018229,0.16759796,0.005573698,0.32462117,0.00076296343,0.0609275,0.056663338,0.363572,0.020281352
ZJ018230,0.06774158,0.028138194,0.08248626,0.0004954442,0.0016856559,0.7965599,0.007362947,0.0155300535
ZJ018231,0.2483788,0.04548465,0.18979973,0.00086839567,0.0058096796,0.01987631,0.4866765,0.003105928
ZJ018232,0.15817536,0.20776366,0.17278983,0.012451503,0.0037372902,0.009450084,0.19908741,0.23654488
ZJ018233,0.23107521,0.010838512,0.25471088,0.24517831,0.017579168,0.012288364,0.0074144932,0.22091502
ZJ018234,0.02391977,0.0011565182,0.0962307,0.026260842,0.0045259646,0.058162484,0.0028983322,0.78684545
ZJ018235,0.0865643,0.0006720697,0.6758188,0.038138058,0.001980477,0.015435305,0.0007318486,0.18065916
ZJ018236,0.02451399,0.018390467,0.51562333,0.0008861843,0.032935128,0.3749388,0.011732511,0.020979565
ZJ018237,0.15031712,0.0017666252,0.3054611,0.060415514,0.000972324,0.013249898,0.0014598394,0.4663576
ZJ018238,0.08445999,0.001915812,0.25280792,0.22611149,0.017476749,0.0064523323,0.003942158,0.4068335
ZJ018239,0.0839616,0.108851984,0.28566998,0.0005035288,0.00085077295,0.030962707,0.4006817,0.08851774
ZJ018240,0.27424115,0.07516894,0.08509447,0.023098161,0.03375457,0.0031708926,0.24380006,0.26167175
ZJ018241,0.07632779,0.0020422933,0.48753738,0.051393047,0.32329154,0.023418711,0.005201192,0.030788023
ZJ018242,0.31698185,0.011853322,0.45655718,0.0018020852,0.0020883584,0.038898434,0.14407285,0.027745971
ZJ018243,0.008824358,0.01583452,0.24589847,0.00013293499,0.013681495,0.7005471,0.010739019,0.0043420894
ZJ018244,0.04667862,0.001174315,0.5652299,0.05332261,0.00044874975,0.010821204,0.00066372263,0.32166088
ZJ018245,0.091199346,0.265221,0.4637924,0.00053720485,0.001241864,0.01837723,0.15473035,0.0049005924
ZJ018246,0.0053229784,0.0010658312,0.0020686665,0.0034982967,0.00030583655,0.9870311,0.00038379553,0.0003235204
ZJ018247,0.43062878,0.06837835,0.18625377,0.0011519825,0.16381453,0.002135403,0.11999698,0.027640212
ZJ018248,0.17429273,0.023559026,0.20694907,0.0013972336,0.48449102,0.059143346,0.04345191,0.0067156265
ZJ018249,0.26872116,0.0588611,0.119694635,0.001673766,0.064887784,0.006112378,0.41730532,0.06274387
ZJ018250,0.24458289,0.30821943,0.22832456,0.0025006563,0.0070464723,0.016238574,0.19125272,0.0018347048
ZJ018251,0.049709342,0.0023195262,0.510239,0.22788258,0.0020490494,0.025542788,0.0030020585,0.17925563
ZJ018252,0.07120108,0.020334987,0.3553743,0.006660407,0.0016878978,0.04275803,0.4185324,0.083450966
ZJ018253,0.08019726,0.7188283,0.039322954,0.0068202857,0.015195732,0.0009777211,0.049191315,0.089466386
ZJ018254,0.07037552,0.06905706,0.45739907,0.05520018,0.0037382627,0.0011383875,0.027073126,0.31601837
ZJ018255,0.96250796,0.002749607,0.008254029,0.00011524204,0.0019539224,0.001914611,0.020419946,0.0020846517
ZJ018256,0.115113035,0.001550667,0.42061433,0.014256119,0.015653145,0.012485257,0.0032747053,0.41705275
ZJ018257,0.20903401,0.08663929,0.122785136,0.00094035576,0.0035649734,0.043181308,0.51315963,0.02069532
ZJ018258,0.019347738,0.9215249,0.011407463,0.00012471214,0.00035787647,0.0044361055,0.010134173,0.032667123
ZJ018259,0.09174795,0.054704357,0.07323968,0.0015687891,0.0001398209,0.03951183,0.72490025,0.014187336
ZJ018260,0.15953518,0.002493632,0.5127794,0.08,0.0009073548,0.019076772,0.0028986945,0.22230893
ZJ018261,0.48074365,0.23805341,0.111618325,0.00162572,0.00079553947,0.03067451,0.13128507,0.0052037276
ZJ018262,0.05814386,0.02601352,0.0079946695,0.00044820545,0.3143466,0.585091,0.0056896163,0.002272531
ZJ018263,0.30931565,0.25280282,0.18716045,0.0016244273,0.07709249,0.011505639,0.13902281,0.02147576
ZJ018264,0.1987488,0.7253131,0.020191701,0.00021788961,0.0052447375,0.00035277865,0.030919611,0.019011306
ZJ018265,0.09681973,0.08087923,0.27539176,0.002638695,0.0025336456,0.0031055373,0.48813012,0.05050129
ZJ018266,0.15477158,0.00085598935,0.11390253,0.38252363,0.0108655365,0.004580305,0.008911024,0.32358935
ZJ018267,0.14406985,0.005740207,0.21122691,0.32364795,0.015440459,0.008340758,0.00522707,0.28630686
ZJ018268,0.112274356,0.05688802,0.3986514,0.00069291756,0.0035871486,0.06593316,0.34452742,0.017445602
ZJ018269,0.19748467,0.005339438,0.28767505,0.38843268,0.00057360396,0.0024077536,0.006891659,0.11119523
ZJ018270,0.09250035,0.0023406455,0.1774065,0.025370201,0.45878112,0.10484668,0.015648173,0.12310625
ZJ018271,0.1260569,0.027925562,0.19944401,0.2515274,0.0019233491,0.2932963,0.009773468,0.09005301
ZJ018272,0.9790307,0.0011238127,0.004037066,0.00019598182,0.013018257,0.00053303345,0.0018346485,0.00022643912
ZJ018273,0.11787316,0.015962936,0.027178582,0.011695882,0.027801948,0.7705391,0.016774181,0.012174272
ZJ018274,0.47430006,0.0907579,0.12547086,0.0024582564,0.000516206,0.06216409,0.23516253,0.009170087
ZJ018275,0.38516235,0.043171756,0.13338836,0.005283147,0.005373879,0.014319578,0.027916014,0.38538486
ZJ018276,0.37385836,0.00621728,0.07737023,0.00043283674,0.24161789,0.00743462,0.28183857,0.011230213
ZJ018277,0.25369975,0.059845783,0.31547284,0.0017708224,0.02306524,0.017674388,0.19521883,0.13325234
ZJ018278,0.59405416,0.018225316,0.23954393,0.005065978,0.041478306,0.021519357,0.05497656,0.025136374
ZJ018279,0.22041294,0.18295701,0.24427648,0.0014367474,0.0063579944,0.004497015,0.13354585,0.20651603
ZJ018280,0.12177017,0.0030264417,0.48494908,0.00028341878,0.0027741478,0.016795134,0.3625712,0.007830328
ZJ018281,0.60980624,0.040053993,0.18459992,0.0030185396,0.007940036,0.035316397,0.086416975,0.03284784
ZJ018282,0.351303,0.11519569,0.22509715,0.0009009637,0.0054929117,0.02254825,0.27591884,0.0035431667
ZJ018283,0.3180601,0.16022797,0.29203278,0.0003330858,0.0023403119,0.049515247,0.12764163,0.04984893
ZJ018284,0.568475,0.005892551,0.09904577,0.21978168,0.0017935021,0.018230326,0.011535008,0.07524614
ZJ018285,0.371356,0.16847637,0.11175909,0.0016182833,0.00050675846,0.03535572,0.30822223,0.0027055007
ZJ018286,0.45672297,0.29507023,0.0498826,0.022614686,0.03873321,0.0050500454,0.05492728,0.07699897
ZJ018287,0.42580777,0.029895386,0.06229203,0.3380888,0.12615377,0.0069289748,0.0052736537,0.0055595483
ZJ018288,0.15780202,0.001580779,0.4644336,0.010247256,0.21188645,0.06521074,0.016284198,0.07255497
ZJ018289,0.2921003,0.035833724,0.22575292,0.0009852761,0.0048401537,0.0062521435,0.4179613,0.016274214
ZJ018290,0.22098814,0.31864563,0.13872911,0.0025799696,0.010152369,0.0014878388,0.29339626,0.014020697
ZJ018291,0.41978833,0.0005880106,0.014835877,0.0070818355,0.5475146,0.0018119814,0.0005420003,0.007837297
ZJ018292,0.13342938,0.0071852216,0.33615652,0.00035486039,0.002166027,0.22745383,0.21454512,0.07870904
ZJ018293,0.22643876,0.08627253,0.22644517,0.0011204117,0.025724743,0.0038383203,0.37164098,0.05851912
ZJ018294,0.10574809,0.0011851251,0.17170882,0.45536694,0.001946076,0.09690205,0.002850801,0.16429205
ZJ018295,0.07659462,0.0007863317,0.17949519,0.61458784,0.0042082127,0.0011679137,0.0023567071,0.12080326
ZJ018296,0.13987383,0.3872437,0.09672929,0.0068993224,0.009017332,0.028089756,0.3042164,0.027930357
ZJ018297,0.3738696,0.018122425,0.033468567,0.5033994,0.058789995,0.0023601134,0.005905531,0.0040843603
ZJ018298,0.09042499,0.014917371,0.35674354,0.12966332,0.1902323,0.03701264,0.0056471205,0.17535864
ZJ018299,0.42152336,0.007631413,0.100523196,0.1121374,0.14958674,0.017869255,0.035323866,0.15540473
ZJ018300,0.18166885,0.00032787968,0.054239742,0.0046999827,0.74231124,0.006742868,0.005843598,0.0041658324
ZJ018301,0.22692236,0.1686229,0.077874176,0.022838939,0.009142964,0.0015221777,0.3836719,0.109404564
ZJ018302,0.060017936,0.007365302,0.10233767,0.58544034,0.011501951,0.028344242,0.0029382177,0.20205438
ZJ018303,0.31688607,0.048225172,0.35064426,0.0003551547,0.0004036814,0.0361642,0.23557588,0.011745644
ZJ018304,0.08694296,0.48714972,0.05952766,0.001073987,0.00048244165,0.036151137,0.30296397,0.025708077
ZJ018305,0.0065494813,0.0008736067,0.0047953245,0.0016240347,0.0016615842,0.0002342968,0.98006636,0.004195319
ZJ018306,0.24019171,0.0566288,0.17632347,0.004574587,0.10156483,0.0117041925,0.4032991,0.0057133366
ZJ018307,0.037354518,0.021527167,0.14231017,0.0013868582,0.00212439,0.00056951144,0.7234394,0.07128802
ZJ018308,0.24404502,0.059042946,0.029274106,0.005626479,0.032381568,0.0047281277,0.567937,0.056964677
ZJ018309,0.20638926,0.2741786,0.21460915,0.0037572482,0.00045071266,0.037864935,0.14311557,0.119634576
ZJ018310,0.25378364,0.29279387,0.10890593,0.010426598,0.0016266959,0.0021247694,0.0047004707,0.32563803
ZJ018311,0.07302983,0.022881843,0.5297302,0.033935383,0.0025953325,0.0009838197,0.008507045,0.3283366
ZJ018312,0.2394606,0.043822948,0.4032696,0.0010974165,0.001603354,0.021602293,0.22176243,0.06738136
ZJ018313,0.19479817,0.08893111,0.13093057,0.0006622992,0.01777106,0.0037006354,0.5425963,0.020609887
ZJ018314,0.32562488,0.112148896,0.15642092,0.0025126494,0.080470935,0.008322,0.3012721,0.013227576
ZJ018315,0.5400912,0.09676838,0.12757255,0.011073888,0.029654345,0.010974449,0.09185321,0.092011906
ZJ018316,0.039107807,0.20829691,0.30647698,0.0026426965,0.3091501,0.07256893,0.031184759,0.03057182
ZJ018317,0.0047347634,0.98533064,0.0035551419,2.7757089e-05,0.00011305407,0.0011307587,0.0035349464,0.0015728223
ZJ018318,0.13218825,0.000837548,0.7564936,0.023550482,0.026876396,0.006130832,0.0021792336,0.051743638
ZJ018319,0.5987951,0.0106328875,0.030314377,0.0007193554,0.0069386973,0.014509829,0.30054775,0.037542026
ZJ018320,0.30043963,0.18470111,0.21260625,0.0063764104,0.13485858,0.004236329,0.089757055,0.06702469
ZJ018321,0.022416776,0.8178785,0.12391381,0.00013181253,0.00021853088,0.005575488,0.027794031,0.002071021
ZJ018322,0.435341,0.01881647,0.05212338,0.0003610641,0.17117754,0.008289376,0.2947654,0.019125773
ZJ018323,0.1967951,0.025241295,0.36135933,0.00023986882,0.00057499437,0.17745492,0.2299649,0.008369584
ZJ018324,0.9836462,0.00041608553,0.005878588,0.00058318663,0.0011810021,0.00014015309,0.0034390213,0.004715716
ZJ018325,0.19642569,0.0011330227,0.14627475,0.24168168,0.009163136,0.0034322126,0.010468485,0.39142102
ZJ018326,0.011302376,0.97807354,0.0015901496,3.0986575e-05,0.00030256243,0.0007559544,0.005788561,0.0021558017
ZJ018327,0.16790906,0.0025137316,0.13482936,0.20509554,0.0017205373,0.0048641847,0.003199968,0.4798676
ZJ018328,0.07139053,0.6880018,0.037314054,0.010648241,0.019995682,0.08269469,0.05361641,0.0363386
ZJ018329,0.16156583,0.017744076,0.6399018,0.0013369895,0.0062901215,0.008260399,0.12676148,0.038139302
ZJ018330,0.44970998,0.10616371,0.22225723,0.0040004537,0.003740794,0.025199108,0.10307981,0.085848935
ZJ018331,0.31056246,0.03862926,0.22380382,0.0063783536,0.003682868,0.020758035,0.3773907,0.018794434
ZJ018332,0.37822372,0.059228998,0.2778076,0.06363008,0.040139742,0.0032645264,0.014232249,0.16347314
ZJ018333,0.11214565,0.0049565467,0.4727709,0.037377186,0.11442771,0.1314535,0.045414038,0.08145443
ZJ018334,0.36873046,0.227028,0.20161662,0.0014456153,0.014270028,0.0047042663,0.17080039,0.011404609
ZJ018335,0.25851086,0.099700786,0.16912371,0.004541281,0.07272436,0.0054252762,0.32601774,0.06395599
ZJ018336,0.33961797,0.08898883,0.11547981,0.0038569018,0.009415757,0.02197672,0.29734278,0.12332125
ZJ018337,0.10166211,0.115030475,0.581256,0.0006604777,0.0006276688,0.009586729,0.1795458,0.011630762
ZJ018338,0.4437544,0.09593551,0.09673947,0.014028406,0.021472586,0.0020404188,0.17449012,0.15153915
ZJ018339,0.40695864,0.10461449,0.32937285,0.0012483366,0.00265857,0.0045143226,0.12515727,0.025475524
ZJ018340,0.16660771,0.37272784,0.28136787,0.0020330455,0.0073878216,0.008680907,0.15413202,0.007062807
ZJ018341,0.41735432,0.041097216,0.10171712,0.016967379,0.044064675,0.0015085149,0.20975812,0.16753264
ZJ018342,0.539821,0.054211255,0.05839139,0.00031841343,0.0029766508,0.106009394,0.21432938,0.023942461
ZJ018343,0.19135699,0.0015325947,0.17222986,0.33765867,0.011332037,0.0037761028,0.0048914733,0.27722222
ZJ018344,0.3235614,0.024717944,0.04984078,0.44280878,0.10291353,0.026554713,0.01271347,0.016889341
ZJ018345,0.24568571,0.25608474,0.3468538,0.0011130692,0.00862334,0.0055780974,0.06444981,0.07161143
ZJ018346,0.023124315,0.017022846,0.040838435,0.00065617287,0.0029197729,0.8942114,0.0062384033,0.014988643
ZJ018347,0.14801008,0.020369325,0.28915852,0.0068633654,0.15737008,0.121472314,0.21448113,0.042275164
ZJ018348,0.21722426,0.06598946,0.12253234,0.13531825,0.017780168,0.008127752,0.008659775,0.42436802
ZJ018349,0.13008463,0.06747513,0.13204943,0.0019777606,0.011759625,0.007957439,0.62123096,0.027465073
ZJ018350,0.8339761,0.0037018836,0.027704244,0.00021390007,0.0076712687,0.0006969552,0.045909163,0.08012648
ZJ018351,0.20962308,0.35185057,0.21629672,0.0012204747,0.0037935916,0.012863759,0.20028678,0.00406508
ZJ018352,0.01259328,0.0032736913,0.022848075,0.0013535598,0.0121311825,0.9310008,0.0150652835,0.0017340768
ZJ018353,0.012590628,0.95725304,0.007431305,0.00039254493,0.0015410256,0.005569827,0.012994207,0.0022273932
ZJ018354,0.7304299,0.0037736266,0.05487176,0.0011584966,0.0060627037,0.045225427,0.1489894,0.009488707
ZJ018355,0.045658953,0.015005818,0.024676867,0.019497346,0.0023396926,0.86385703,0.024673216,0.004291027
ZJ018356,0.3987898,0.015163462,0.061416816,0.40747187,0.089823216,0.0033423326,0.011534009,0.012458517
ZJ018357,0.3959093,0.044753548,0.075213715,0.03785962,0.021586245,0.036676746,0.32297206,0.06502879
ZJ018358,0.23632036,0.19413975,0.3251337,0.0024567505,0.040213294,0.002240546,0.101823375,0.09767213
ZJ018359,0.28354797,0.07140682,0.2348584,0.0007968025,0.00065701304,0.010752453,0.28267398,0.11530648
ZJ018360,0.96395844,0.0027116423,0.010644326,0.00011344442,0.018766647,0.0009485425,0.0011885336,0.0016684454
ZJ018361,0.4517344,0.008285858,0.16586782,0.0012980589,0.017259018,0.0065568676,0.33693296,0.012065012
ZJ018362,0.33185896,0.14306857,0.18681338,0.0043321718,0.014440615,0.014579056,0.30231488,0.0025923285
ZJ018363,0.20484868,0.17257293,0.041199148,0.022982625,0.009948973,0.0011666963,0.3407644,0.20651661
ZJ018364,0.35248658,0.009264166,0.4470927,0.0059157987,0.01169982,0.011128323,0.04837804,0.114034556
ZJ018365,0.32416087,0.088539556,0.16301385,0.040406965,0.03219825,0.008455255,0.05045212,0.29277307
ZJ018366,0.22248143,0.25151688,0.20430191,0.00046044582,0.0064496,0.023997206,0.09868155,0.19211097
ZJ018367,0.01796627,0.00043938035,0.050600532,0.68183583,0.00021845344,0.00024171104,0.0011964518,0.24750134
ZJ018368,0.33610034,0.037685122,0.19221596,0.0017721412,0.0035840909,0.0055404613,0.40590712,0.017194815
ZJ018369,0.16460778,0.4549247,0.08238206,0.0015623457,0.015215139,0.0074808747,0.25756332,0.016263826
ZJ018370,0.00019519395,0.0010707956,0.15972802,0.83723515,6.9661746e-07,8.948811e-06,0.001500067,0.00026105726
ZJ018371,0.2682343,0.15717092,0.20868059,0.009290817,0.17454734,0.0038511932,0.10317103,0.07505374
ZJ018372,0.3866343,0.036757853,0.025986802,0.4813491,0.054957476,0.004191725,0.0061149406,0.0040077907
ZJ018373,0.06796976,0.0014057173,0.0768577,0.7385164,0.0018707486,0.006419831,0.0039750584,0.10298477
ZJ018374,0.7681307,0.011204427,0.07191214,0.00014049401,0.0057645887,0.08998399,0.0457351,0.007128559
ZJ018375,0.19308613,0.009500274,0.33027288,0.22087787,0.12022757,0.0064261868,0.0063471827,0.11326188
ZJ018376,0.13792673,0.20977828,0.028271917,0.0006610002,0.0023336173,0.0047235047,0.6117356,0.0045693517
ZJ018377,0.002088793,0.00015499353,0.4495797,0.50435483,2.5550326e-05,0.020768406,0.022956025,7.1751136e-05
ZJ018378,0.029423613,0.010188742,0.8282531,0.0006882549,0.0034815364,0.06850888,0.031684633,0.027771266
ZJ018379,0.11014884,0.008018155,0.028872985,0.013404399,0.018536823,0.70762634,0.08478228,0.02861023
ZJ018380,0.24266191,0.09921112,0.35950983,0.024782352,0.011833306,0.011489275,0.01376984,0.23674235
ZJ018381,0.07593111,0.005423804,0.019255782,0.024464356,0.07864821,0.75396883,0.034039352,0.00826857
ZJ018382,0.044065427,0.08707809,0.21453793,0.0029658552,0.001555983,0.03960076,0.5459928,0.06420326
ZJ018383,0.37927988,0.27178302,0.11141738,0.00696019,0.0045314287,0.024963327,0.103277944,0.09778688
ZJ018384,0.26935622,0.20813356,0.14019716,0.0012205307,0.008939249,0.0033856404,0.26674458,0.10202314
ZJ018385,0.038575735,0.0063944655,0.005114142,6.8412315e-05,0.00039442859,0.0012773026,0.94796723,0.00020832145
ZJ018386,0.17544504,0.047735352,0.06350756,0.0008000936,0.017648961,0.037225593,0.6201953,0.037442148
ZJ018387,0.10696815,0.0020437469,0.50012463,0.028042758,0.041659195,0.02074135,0.0047657113,0.29565454
ZJ018388,0.118625,0.38372153,0.19885507,0.009735215,0.006073357,0.114902176,0.11967813,0.04840953
ZJ018389,0.49631396,0.0990421,0.18955289,0.0029850372,0.061136372,0.006210745,0.10308212,0.041676756
ZJ018390,0.53704375,0.045009907,0.25426206,0.0002583867,0.0023187667,0.031356994,0.09543121,0.03431896
ZJ018391,0.093201615,0.00236423,0.3732938,0.07174079,0.0078808805,0.0120833665,0.004069325,0.43536597
ZJ018392,0.096516535,0.059150103,0.23525827,0.24177721,0.002654996,0.24900758,0.008222066,0.10741328
ZJ018393,0.0016115129,9.955121e-05,0.0063291593,5.9778922e-05,0.001720792,0.9889765,0.00033990951,0.0008628494
ZJ018394,0.049840868,0.05307358,0.42729086,0.0010167147,0.003989602,0.0915853,0.32960534,0.04359774
ZJ018395,0.7037754,0.010020471,0.12823147,0.013600481,0.013411299,0.0004883022,0.013906091,0.1165664
ZJ018396,0.32571626,0.039725553,0.059338637,0.0009911001,0.011098253,0.02469822,0.5313548,0.0070772134
ZJ018397,0.10129977,0.0022539038,0.36057687,0.1635059,0.00046977066,0.022353416,0.0014413621,0.34809908
ZJ018398,0.36091468,0.17238091,0.107864365,0.00024390806,0.002740277,0.034269135,0.3016501,0.019936658
ZJ018399,0.14847551,0.03117912,0.33753267,0.002104647,0.005294592,0.19948927,0.15460223,0.121322006
ZJ018400,0.47803158,0.08555984,0.21200287,0.014540362,0.0868355,0.0037196388,0.030278964,0.08903122
ZJ018401,0.008323571,0.0005337747,0.005503536,0.0024562592,0.001992952,0.0022237161,0.887122,0.09184422
ZJ018402,0.27052736,0.02467692,0.27161762,0.0026060978,0.0015200212,0.08505089,0.16521621,0.17878488
ZJ018403,0.34579766,0.04790117,0.14798608,0.0005849154,0.0011380955,0.012648209,0.30191377,0.1420301
ZJ018404,0.25700808,0.020337345,0.098982826,0.1826244,0.026823884,0.011472808,0.021063942,0.38168672
ZJ018405,0.018384011,0.0020123972,0.054870788,0.00043954636,0.00034674304,0.00035559273,0.92052054,0.0030703833
ZJ018406,0.33726242,0.08424235,0.053763896,0.02361237,0.016413294,0.00092532195,0.26656434,0.217216
ZJ018407,0.0019223185,0.006563078,0.07973953,0.65698904,8.622536e-05,0.25080377,0.0031723063,0.0007237511
ZJ018408,0.015625156,0.4388067,0.34105018,0.000648085,0.1384797,0.012328044,0.034783777,0.018278351
ZJ018409,0.10301553,0.005192007,0.2598224,0.32103807,0.015946165,0.00258504,0.0061466233,0.28625426
ZJ018410,0.20289114,0.0016151243,0.20648204,0.039161496,0.4106519,0.022840925,0.029287085,0.08707029
ZJ018411,0.0039442303,0.000590311,0.021441061,0.010406073,0.0030943407,0.9578765,0.0011549047,0.0014926196
ZJ018412,0.81832194,0.00030620865,0.017998016,0.026714373,0.0046613086,0.00041176804,0.0007152497,0.1308711
ZJ018413,0.23084766,0.105050206,0.22137791,0.0004708998,0.0019338866,0.002219953,0.42171967,0.016379748
ZJ018414,0.5267999,0.054511335,0.13148451,0.013608141,0.027445983,0.002282407,0.0924778,0.15138988
ZJ018415,0.0016015763,0.00027612117,0.0038706907,0.00015205477,0.003620556,0.9881864,0.0019227952,0.00036976454
ZJ018416,0.6035178,0.028347347,0.07330511,0.13119535,0.031926647,0.004010656,0.037579663,0.09011748
ZJ018417,0.33206463,0.06952311,0.2663136,0.015477791,0.049095094,0.008102055,0.12100589,0.13841778
ZJ018418,0.28814527,0.11580694,0.11571415,0.030573586,0.021167705,0.0154935615,0.3254199,0.087678894
ZJ018419,0.3778541,0.0019894955,0.11832579,0.00039980558,0.11813141,0.012117501,0.362026,0.009155875
ZJ018420,0.19701245,0.15614122,0.37741318,0.0034317593,0.0023542487,0.0856782,0.035013497,0.14295541
ZJ018421,0.16014686,0.0021178087,0.16262375,0.33927682,0.008254792,0.0009584707,0.004522321,0.3220992
ZJ018422,0.23746245,0.01325397,0.45845166,0.054813586,0.0418551,0.07462261,0.0142526915,0.10528793
ZJ018423,0.19494687,0.049193315,0.1653529,0.0017925611,0.0018737818,0.0023939498,0.5717554,0.0126912175
ZJ018424,0.2830737,0.43069342,0.1103778,0.008657144,0.004489952,0.018224152,0.027530812,0.11695297
ZJ018425,0.43800122,0.012278465,0.029410183,0.33249417,0.16882318,0.002759851,0.0090910625,0.0071418956
ZJ018426,0.0011555313,0.0002941924,0.002084987,0.0001691371,0.0065093343,0.987801,0.0016587903,0.00032692341
ZJ018427,0.035891246,0.056667984,0.36907208,0.0004773894,0.0031667545,0.26539904,0.24176908,0.02755644
ZJ018428,0.19672085,0.12510435,0.33557293,0.003152086,0.005743183,0.008922907,0.040738147,0.28404546
ZJ018429,0.2860209,0.28459346,0.24310035,0.0019080553,0.06837627,0.001384372,0.07815564,0.03646093
ZJ018430,0.1741921,0.054574657,0.2495375,0.002370579,0.0023719145,0.007695566,0.025033006,0.48422468
ZJ018431,0.21560712,0.025905853,0.17354831,0.4592075,0.023834066,0.0063954927,0.005662946,0.08983872
ZJ018432,0.27619833,0.14110966,0.32076946,0.003062023,0.024149466,0.002451701,0.12883806,0.10342133
ZJ018433,0.2113744,0.10102358,0.11187899,0.0021694023,0.00973504,0.010242099,0.46765527,0.08592117
ZJ018434,0.01778036,0.021194572,0.006898897,4.438505e-05,0.0013275977,0.95141643,0.00093471986,0.00040303488
ZJ018435,0.21433406,0.32294497,0.10225122,0.0021792648,0.12798366,0.016456645,0.19656569,0.017284503
ZJ018436,0.16261439,0.012186966,0.18988621,0.3313408,0.017198242,0.00996276,0.0054823505,0.2713283
ZJ018437,0.07080971,0.106024675,0.4433949,0.00077177,0.00041742084,0.019016141,0.226407,0.1331584
ZJ018438,0.3287107,0.04247589,0.43299496,0.009509768,0.009159264,0.022552624,0.13768783,0.016908955
ZJ018439,0.5511519,0.28405517,0.024279676,7.539697e-05,5.0365074e-05,0.11644612,0.022356559,0.0015848106
ZJ018440,0.0043632267,0.0010666272,0.0023792977,7.324382e-05,0.0029012635,0.9856836,0.0027831348,0.00074967154
ZJ018441,0.047252044,0.8775845,0.037103485,0.00027509723,0.0029475794,0.00014748634,0.031865016,0.0028248087
ZJ018442,0.33226675,0.04330263,0.27453825,0.010021171,0.012068469,0.007698149,0.2707725,0.049332075
ZJ018443,0.189743,0.046754163,0.27915674,0.0062341243,0.003603636,0.104333945,0.25374725,0.11642709
ZJ018444,0.1784819,0.12015168,0.2416115,0.012152856,0.0014428428,0.19517796,0.08792409,0.1630572
ZJ018445,0.17803597,0.20151184,0.21123147,0.0013273277,0.0022048703,0.050336037,0.19802004,0.15733244
ZJ018446,0.15823892,0.10589288,0.24211866,0.0014409666,0.0006583583,0.0030246829,0.48106012,0.007565444
ZJ018447,0.23173231,0.0006387342,0.48384783,0.057913583,0.061001632,0.10166696,0.0059405994,0.057258364
ZJ018448,0.4014639,0.1128704,0.16933191,0.0019619372,0.006960237,0.00661071,0.24665897,0.054141928
ZJ018449,0.014290877,0.07701186,0.724903,0.00012781605,0.0013023675,0.1290849,0.041348808,0.011930372
ZJ018450,0.072408214,0.0051844334,0.08960472,0.00045079648,0.00042250653,0.025419097,0.76351964,0.04299066
ZJ018451,0.20504574,0.03550372,0.21606399,0.081780605,0.012467835,0.022605564,0.007872431,0.4186601
ZJ018452,0.4802139,0.061152585,0.21165667,0.06284101,0.025639562,0.0078095826,0.038629714,0.11205695
ZJ018453,0.18465337,0.4863238,0.20097648,0.0005182846,0.00089888345,0.006410977,0.080003284,0.040214952
ZJ018454,0.004469374,0.030659849,0.017587077,2.338166e-05,0.001127081,0.94436026,0.0012736373,0.00049931905
ZJ018455,0.12700163,0.0111623015,0.373999,0.075065024,0.0021855438,0.37777108,0.0052645556,0.027550947
ZJ018456,0.26425362,0.28126296,0.083835885,0.0027513404,0.008242528,0.002175911,0.28213826,0.07533945
ZJ018457,0.3418039,0.074180976,0.13814932,0.06510702,0.049967382,0.0038285851,0.04842744,0.2785354
ZJ018458,0.11063653,0.16689567,0.1303782,0.004390984,0.0012719814,0.0017681858,0.3547432,0.22991519
ZJ018459,0.41814092,0.026063275,0.34852034,0.0018706564,0.016585864,0.052177146,0.1203167,0.016325116
ZJ018460,0.065709405,0.0023684404,0.11299751,0.48883957,0.017909506,0.006189038,0.0035687278,0.30241776
ZJ018461,0.25400445,0.17854291,0.28025565,0.002168056,0.0018724572,0.04385724,0.08693844,0.15236072
ZJ018462,0.41202158,0.11749809,0.15080978,0.06303987,0.09375575,0.016374858,0.015099446,0.1314006
ZJ018463,0.0020885312,0.0016444115,0.030101556,5.2814066e-05,0.00076586305,0.9633108,0.0005622213,0.001473865
ZJ018464,0.19583084,0.44057798,0.19699769,0.002523721,0.029420804,0.0004241859,0.07126927,0.062955596
ZJ018465,0.35563108,0.036603544,0.3245734,0.005910636,0.0171092,0.011946094,0.21806228,0.030163797
ZJ018466,0.3037661,0.014882776,0.012974991,0.0025655855,0.0036316696,0.00040836725,0.65443027,0.0073401993
ZJ018467,0.3117686,0.09156796,0.23520298,0.0004314171,0.0041165436,0.02846284,0.079534516,0.2489151
ZJ018468,0.114763215,0.0040456764,0.16493571,0.51999867,0.0013485886,0.0039484487,0.004784789,0.18617497
ZJ018469,0.05668566,0.01819042,0.5593457,0.00038313278,0.007360149,0.32560852,0.030710056,0.0017163273
ZJ018470,0.36358824,0.05478715,0.2017931,0.0017617086,0.0017605713,0.0069886567,0.35995364,0.009366916
ZJ018471,0.11370292,0.16088164,0.16753033,0.21672003,0.0029778245,0.019440137,0.040988877,0.27775827
ZJ018472,0.0007725806,0.0001228099,0.0017822454,8.244937e-05,0.01045964,0.9851236,0.0013957866,0.00026091505
ZJ018473,0.3222333,0.036811892,0.25345775,0.0025207885,0.0010305992,0.31954548,0.032633092,0.031767048
ZJ018474,0.07532909,0.09238032,0.090784274,0.00048010817,0.00081354583,0.04077523,0.69760555,0.0018319009
ZJ018475,0.10945528,0.0011280992,0.4535442,0.01834164,0.014327223,0.021172358,0.0022560868,0.3797751
ZJ018476,0.2857937,0.08762511,0.33716467,0.0014685392,0.0041062534,0.048873805,0.06949899,0.1654689
ZJ018477,0.030469442,0.14769763,0.73194474,5.1872237e-05,5.7693276e-05,0.000994014,0.08828376,0.000500868
ZJ018478,0.40023944,0.0035394616,0.074824885,0.0007039273,0.21405154,0.007975874,0.28913435,0.009530527
ZJ018479,0.18164319,0.101294175,0.13832517,0.006144111,0.0020321128,0.0024660942,0.3338232,0.23427197
ZJ018480,0.039872047,0.43530792,0.040151156,0.0042032725,0.068848245,0.0013652547,0.31959495,0.090657115
ZJ018481,0.47680488,0.04721925,0.10388511,0.010003118,0.028617006,0.0020235006,0.16496888,0.16647825
ZJ018482,0.197766,0.046251185,0.3567525,0.00037185103,0.00046143917,0.06779372,0.31699675,0.013606465
ZJ018483,0.005561736,0.0004901261,0.0038890347,0.00044466814,0.002756606,0.0040397192,0.98246634,0.00035177852
ZJ018484,0.3548173,0.0015361523,0.3540265,0.0062159346,0.07828706,0.14032678,0.015954075,0.048836153
ZJ018485,0.0017856575,0.0006366114,0.002048226,0.00037108734,0.00056366855,0.0029496164,0.99155545,8.9625e-05
ZJ018486,0.27580503,0.052935127,0.039793767,0.00054841395,0.06267353,0.013264822,0.5477801,0.007199247
ZJ018487,0.12016,0.0057906564,0.16314958,0.00056142296,0.00040051455,0.48545864,0.060436387,0.16404282
ZJ018488,0.124890596,0.14632572,0.47254112,0.001769386,0.0021937594,0.021085571,0.20827569,0.022918167
ZJ018489,0.064823955,0.0014327146,0.0239758,7.043904e-05,0.0012416353,0.0014817797,0.9024093,0.0045643626
ZJ018490,0.77255905,0.0021623662,0.08107801,0.007800214,0.10035351,0.0060772905,0.0024916038,0.027477933
ZJ018491,0.1430238,0.022655,0.16971363,0.00056164095,0.0015037651,0.0032355294,0.6038453,0.055461317
ZJ018492,0.3329323,0.07632162,0.2835861,0.0022711896,0.0015753778,0.028821573,0.22912173,0.04537008
ZJ018493,0.10499239,0.01574582,0.22314264,0.00059110636,0.0025934756,0.3853684,0.16373484,0.10383134
ZJ018494,0.693172,0.0017336159,0.20344262,0.008813223,0.052322187,0.008511603,0.012079955,0.019924825
ZJ018495,0.4085046,0.26974422,0.07701285,0.018256254,0.027041622,0.0046507684,0.080342144,0.11444749
ZJ018496,0.24475902,0.12199194,0.16596825,0.0029713162,0.043935318,0.0006344764,0.3718887,0.047851004
ZJ018497,0.647908,0.009418061,0.08352072,0.0001670701,0.0010993815,0.0021241142,0.24922243,0.0065402607
ZJ018498,0.116246894,0.036831826,0.019065067,0.009082406,0.0050881533,0.71582836,0.058741096,0.039116178
ZJ018499,0.027921718,0.26848453,0.66757345,8.664476e-05,2.0227346e-05,0.0034849802,0.02803889,0.0043895342
ZJ018500,0.083115146,0.02586747,0.63820666,0.0008029459,0.006165064,0.08885848,0.114210464,0.042773794
ZJ018501,0.004393675,0.009594558,0.01607503,0.0002425156,0.00036768202,0.9338779,0.026633998,0.008814662
ZJ018502,0.0842607,0.6246793,0.11524557,0.0010848526,0.022552826,0.012445798,0.11778847,0.021942468
ZJ018503,0.43820143,0.034249388,0.24610294,0.0038454933,0.012148326,0.021506386,0.19210091,0.051845167
ZJ018504,0.18449144,0.10079976,0.20098533,0.0036085385,0.0022072915,0.029886657,0.44803146,0.029989593
ZJ018505,0.78535163,0.0013083031,0.02356717,7.283609e-05,0.16982856,0.0022703905,0.01651281,0.0010883086
ZJ018506,0.3340435,0.0004992168,0.02056453,0.0004057163,0.64057094,0.00191199,0.0004755618,0.0015285098
ZJ018507,0.09938113,0.7272959,0.054245625,0.0015385172,0.0016817459,0.0015436639,0.092947364,0.021366037
ZJ018508,0.038526084,0.019361371,0.042748407,0.00074517704,0.0026871618,0.82798594,0.065385,0.0025608502
ZJ018509,0.92515576,0.0014338032,0.0120600425,0.00015206507,0.02444907,0.00063076697,0.025733387,0.010385093
ZJ018510,0.111089,0.005206545,0.24837758,0.0074542193,0.36326724,0.1458061,0.0124309985,0.10636835
ZJ018511,0.13346565,0.16340895,0.26327774,0.00021501078,0.00038456373,0.011659198,0.42278284,0.004806044
ZJ018512,0.055150907,0.029649394,0.34516975,0.0039031338,0.0010545922,0.020600038,0.4517746,0.092697605
ZJ018513,0.10376196,0.047819328,0.48476008,0.0022227177,0.00061129086,0.02900376,0.16341998,0.16840085
ZJ018514,0.24395677,0.090443395,0.2933742,0.0009421842,0.0033768779,0.025500746,0.18088906,0.16151677
ZJ018515,0.06517332,0.0049094823,0.6241431,0.23494066,0.0026208642,0.005084658,0.036099076,0.027028779
ZJ018516,0.11567063,0.0031685242,0.5292259,0.26998696,0.025904719,0.0145943705,0.003518297,0.037930597
ZJ018517,0.103536785,0.013323099,0.27190503,0.20561583,0.01070718,0.010240005,0.004474383,0.38019767
ZJ018518,0.514369,0.0157966,0.07839101,0.20445243,0.16988993,0.008184438,0.004176599,0.0047399406
ZJ018519,0.16032235,0.16828194,0.41018313,0.0007398113,0.0034249225,0.0013934978,0.25276074,0.0028936556
ZJ018520,0.21199965,0.0059361737,0.08119807,0.00035279972,0.002800419,0.010413259,0.6692044,0.018095266
ZJ018521,0.30260137,0.12940256,0.0661616,0.013407574,0.027614005,0.0019380412,0.36630192,0.092572935
ZJ018522,0.054476216,0.017324857,0.6688223,0.0013782731,0.013469459,0.20774387,0.032336436,0.004448646
ZJ018523,0.06395312,0.12124151,0.54380286,0.045127004,0.0005170095,0.0053349743,0.18286194,0.03716155
ZJ018524,0.20232804,0.055257514,0.18297112,0.0021509298,0.07621236,0.009275166,0.28533086,0.18647398
ZJ018525,0.3294659,0.11855135,0.35533372,0.0012758025,0.005433878,0.006692853,0.14413415,0.039112348
ZJ018526,0.21924059,0.41564974,0.16508406,0.026234765,0.0018961501,0.001815593,0.007769132,0.16231002
ZJ018527,0.0011831059,0.00011445996,0.0018851447,7.8378565e-05,0.005251441,0.98982334,0.0014322664,0.00023186907
ZJ018528,0.18457097,0.004682486,0.6846916,0.020238997,0.0010844896,0.0072877794,0.008014725,0.089428954
ZJ018529,0.012334461,0.93492264,0.030733917,6.729756e-05,0.000111326764,0.0001900124,0.02093076,0.0007095498
ZJ018530,0.08434804,0.050853305,0.23675169,0.0050930823,0.0018737916,0.01951767,0.5814243,0.020138081
ZJ018531,0.20126624,0.016514638,0.33255494,0.04012587,0.009758501,0.025600376,0.008830224,0.3653492
ZJ018532,0.20106013,0.22914316,0.11795646,0.0016094964,0.009376714,0.0027242207,0.40741315,0.030716695
ZJ018533,0.09697489,0.07601239,0.044501122,0.014333619,0.0007191186,0.6651439,0.06389647,0.03841854
ZJ018534,0.032454465,0.0007015292,0.053184856,0.024580369,0.010102271,0.06366455,0.00087622146,0.8144358
ZJ018535,0.090761274,0.001965811,0.46241054,0.026033897,0.008894862,0.009893303,0.0039756806,0.39606464
ZJ018536,0.28897768,0.06264331,0.09934983,0.00048818046,0.0033415875,0.0029251706,0.5111956,0.03107863
ZJ018537,0.16656777,0.0026698685,0.17827016,0.00023091455,0.004487078,0.17732243,0.3987402,0.07171162
ZJ018538,0.64365536,0.0016739779,0.0913923,0.22459981,0.001434169,0.010163195,0.0016722761,0.02540886
ZJ018539,0.24135442,0.13071732,0.113800324,0.004675915,0.0031717392,0.016612241,0.21476316,0.2749049
ZJ018540,0.14820635,0.05856688,0.36486322,0.008854827,0.018694159,0.008937685,0.3676339,0.024242938
ZJ018541,0.08224675,0.06461825,0.07883304,0.000843088,0.04364834,0.027111063,0.6989927,0.0037066645
ZJ018542,0.13413301,0.022435976,0.72243625,0.01222354,0.0010275682,0.013161989,0.008861673,0.08571998
ZJ018543,0.031509157,0.020554187,0.02629815,4.8804817e-05,0.0031076495,0.90168685,0.0153238205,0.0014713762
ZJ018544,0.529914,0.013973275,0.1373518,0.0010654137,0.0027459958,0.065053426,0.23055127,0.01934481
ZJ018545,0.1466653,0.0380786,0.42441136,0.0024155544,0.0011216138,0.003407373,0.3719299,0.011970252
ZJ018546,0.7884749,0.04027401,0.014119791,0.00029326414,0.0076480517,0.0019011898,0.14476152,0.00252722
ZJ018547,0.47949967,0.002229674,0.121821865,0.2798753,0.055973455,0.015711056,0.0036249997,0.041264046
ZJ018548,0.06072875,0.000702578,0.4051251,0.292963,0.00027795535,0.009666112,0.0010093987,0.22952709
ZJ018549,0.27352923,0.10062,0.09656649,0.38281476,0.039961275,0.06534046,0.012177817,0.028989928
ZJ018550,0.4292566,0.037986062,0.19570017,0.0014981143,0.04671806,0.02794934,0.22186343,0.039028227
ZJ018551,0.3479362,0.22938515,0.08027256,0.0094955545,0.020686453,0.0008523632,0.1569054,0.15446632
ZJ018552,0.35398385,0.0903991,0.1348448,0.019019188,0.07501444,0.045921575,0.17912652,0.10169049
ZJ018553,0.38765398,0.021985587,0.28317225,0.0005707369,0.007924157,0.008548829,0.2600782,0.030066215
ZJ018554,0.09175726,0.0649502,0.08527186,0.0017192487,0.0012632047,0.010158206,0.6991196,0.045760408
ZJ018555,0.06337402,0.8451501,0.043383665,0.0005673808,0.0034509944,0.0005498194,0.040226348,0.0032976195
ZJ018556,0.6108318,0.03129129,0.0906122,0.00019317855,0.02224901,0.017969484,0.032207746,0.19464535
ZJ018557,0.013028931,0.036729626,0.041262865,0.000177176,0.003001969,0.83370453,0.06392207,0.0081728315
ZJ018558,0.090767406,0.009971235,0.16046703,0.008785875,0.49572682,0.09936089,0.013849266,0.121071436
ZJ018559,0.19740196,0.060703576,0.09824646,0.028130177,0.016217707,0.41419545,0.18235223,0.0027524505
ZJ018560,0.3455408,0.07143017,0.26884964,0.0068403687,0.0020824352,0.06003396,0.17615041,0.069072254
ZJ018561,0.60795265,0.029074432,0.07841655,0.15412879,0.11754322,0.0034054231,0.003346019,0.006132948
ZJ018562,0.014514965,0.65573597,0.16900037,0.0010486507,0.05803287,0.0011777553,0.0841879,0.016301485
ZJ018563,0.0327805,0.883,0.028834019,0.00016214742,0.00014927895,0.014731112,0.017890086,0.022452872
ZJ018564,0.055424646,0.12478336,0.0118642105,5.912358e-05,0.006719425,0.79867154,0.0017109199,0.0007667463
ZJ018565,0.2202796,0.07297161,0.16374755,0.0023254757,0.0018436367,0.012234123,0.08097583,0.4456222
ZJ018566,0.69403124,0.014319672,0.076907165,0.0022520113,0.010505877,0.017221238,0.17074533,0.014017506
ZJ018567,0.002397277,0.00020323986,0.006991443,0.0002614034,6.7254034e-05,1.8435236e-05,0.9898383,0.00022262619
ZJ018568,0.29540017,0.045503184,0.15251729,0.019483434,0.014846155,0.024365604,0.32285064,0.12503359
ZJ018569,0.5005704,0.055690415,0.06686789,0.17358942,0.18226346,0.006180642,0.008620454,0.0062172124
ZJ018570,0.30526307,0.08490132,0.19799319,0.037040807,0.044795513,0.010167871,0.2064377,0.1134005
ZJ018571,0.054347415,0.04838086,0.6430078,0.0004456819,0.00026516707,0.00038263656,0.052802563,0.20036793
ZJ018572,0.2671269,0.035767734,0.5095246,0.0033369022,0.0014430537,0.01274347,0.1549757,0.015081762
ZJ018573,0.0024910416,0.0005890523,0.029402748,0.0016222519,0.0005388326,0.96438324,0.000752089,0.00022075992
ZJ018574,0.15006909,0.0016907698,0.6887493,0.023054939,0.015585848,0.008118734,0.0029684545,0.10976287
ZJ018575,0.31378826,0.01891697,0.058161657,0.0019119858,0.00058693043,0.004633197,0.57455343,0.027447542
ZJ018576,0.29013494,0.12685679,0.28390363,0.0003538583,0.0010448551,0.011328606,0.24462673,0.04175056
ZJ018577,0.41707337,0.042963095,0.20735437,0.0006050606,0.0006618447,0.01786944,0.22301234,0.09046047
ZJ018578,0.15945272,0.0016719307,0.24622929,0.25139496,0.0036329438,0.0024340034,0.0052418103,0.3299423
ZJ018579,0.4367112,0.0074569155,0.35045058,0.005103468,0.022617692,0.02385711,0.010617549,0.14318547
ZJ018580,0.155494,0.001984591,0.19373396,0.26080292,0.005097789,0.29035884,0.004472431,0.088055484
ZJ018581,0.21218961,0.11103053,0.1276025,0.0009787019,0.0079482235,0.0015588258,0.523439,0.015252702
ZJ018582,0.18420649,0.00092722743,0.37514412,0.18714799,0.0024532946,0.0087554045,0.003797849,0.2375676
ZJ018583,0.025225634,0.025413757,0.2287696,0.0036948773,0.0005255807,0.009263917,0.69353396,0.013572655
ZJ018584,0.0285761,0.00355388,0.16632915,0.15898114,0.00015982636,0.00044966783,0.0007411866,0.641209
ZJ018585,0.22255132,0.14953518,0.25736102,0.00048691654,0.004321815,0.004166581,0.3533679,0.008209251
ZJ018586,0.119514376,0.01580255,0.35469726,0.0064715478,0.015022058,0.015291788,0.46393257,0.009267835
ZJ018587,0.017127877,0.06265104,0.005101221,0.0002599292,0.00012343806,0.006430031,0.9058819,0.002424587
ZJ018588,0.24412611,0.181887,0.18014173,0.0006122235,0.0026499336,0.0039222315,0.35687444,0.029786292
ZJ018589,0.21024701,0.0017503672,0.022418343,0.41486755,0.019450026,0.09276824,0.0008608123,0.23763767
ZJ018590,0.08001455,0.11438406,0.15234789,3.7382404e-05,0.00060602213,0.04562716,0.58897465,0.018008253
ZJ018591,0.002481817,0.004489681,0.00873702,0.0001701439,0.00020607784,0.98095363,0.0014399792,0.0015215958
ZJ018592,0.106329575,0.00093324383,0.48314366,0.018603077,0.014881593,0.012270558,0.0020960383,0.3617422
ZJ018593,0.022443274,0.00776718,0.062702745,0.0001667493,0.0008359557,0.8953471,0.006756883,0.0039800745
ZJ018594,0.23583789,0.018775757,0.0873174,0.00015937106,0.000965836,0.012612769,0.5989847,0.045346364
ZJ018595,0.073067635,0.82719576,0.05085529,0.00034216006,0.0011616126,9.30774e-05,0.041244626,0.0060398984
ZJ018596,0.74785507,0.08827277,0.082941934,0.0028580143,0.008357004,0.0013399518,0.039855,0.028520286
ZJ018597,0.28814998,0.064588115,0.27696136,0.0015100484,0.0750755,0.07741962,0.19113077,0.025164556
ZJ018598,0.2359012,0.09545,0.23161559,0.0026772718,0.022053024,0.008500368,0.37978923,0.024013318
ZJ018599,0.09349517,0.06352481,0.6094415,0.00053146586,0.00096649054,0.0009678894,0.13147299,0.09959966
ZJ018600,0.24464801,0.07183436,0.08318495,0.01709745,0.032858953,0.0015441861,0.32975924,0.21907283
ZJ018601,0.20447236,0.010449322,0.41991615,0.20595416,0.08586353,0.008823284,0.008383316,0.05613789
ZJ018602,0.51738185,0.1917673,0.09024654,0.007858855,0.027957868,0.004461135,0.05255845,0.107767984
ZJ018603,0.39755994,0.0012351136,0.326962,0.047849495,0.00859746,0.097577736,0.005686149,0.114532106
ZJ018604,0.53650266,0.1718962,0.09690112,0.0037092513,0.005968983,0.015250821,0.16009377,0.0096772
ZJ018605,0.36120996,0.14793026,0.088810235,0.013510678,0.02384179,0.0025972482,0.2416639,0.12043594
ZJ018606,0.54797846,0.03352182,0.038396377,0.23105347,0.13790657,0.0021525186,0.004753552,0.004237294
ZJ018607,0.0013016111,0.0016617394,0.010261288,4.406165e-05,0.0011460313,0.98454416,0.00036189557,0.00067919557
ZJ018608,0.36610922,0.00053074403,0.48424333,0.0211991,0.032394923,0.06789163,0.003338202,0.024292836
ZJ018609,0.79691106,0.013177726,0.036378752,0.0014055821,0.0017788202,0.017834378,0.12267897,0.009834634
ZJ018610,0.18381938,0.00047996565,0.11797658,0.07403496,0.13850524,0.011975403,0.001441343,0.47176716
ZJ018611,0.32713443,0.03130469,0.25743175,0.015193771,0.0069565,0.024705242,0.15922445,0.17804913
ZJ018612,0.0031214885,0.010907256,0.011677765,0.00021725925,0.003348943,0.967752,0.001179649,0.0017957443
ZJ018613,0.30128098,0.06926036,0.23166862,0.0048531136,0.0013383437,0.016755091,0.36922145,0.005622164
ZJ018614,0.05002217,0.8686383,0.037655294,0.00017549601,0.00097432215,0.012941599,0.013098756,0.016494071
ZJ018615,0.3433857,0.2748259,0.10556278,0.00036657724,0.016769998,0.009053487,0.20656781,0.04346778
ZJ018616,0.53998464,0.018597454,0.07937079,0.007388212,0.026134377,0.005087573,0.30952892,0.013908004
ZJ018617,0.57775694,0.05511736,0.1780848,0.00052710186,0.014198748,0.0012199061,0.14990102,0.023194075
ZJ018618,0.21780866,0.08171262,0.3438581,0.024729777,0.0025650838,0.01794824,0.048983127,0.2623944
ZJ018619,0.089618176,0.088214956,0.45028546,0.001600322,0.005831592,0.04563643,0.25562406,0.06318898
ZJ018620,0.3473678,0.00058384414,0.044678587,0.07772299,0.0011904201,0.0014953142,0.0011667422,0.5257943
ZJ018621,0.63650465,0.06923451,0.15117215,0.013590399,0.01932989,0.0046981755,0.037996236,0.067473985
ZJ018622,0.22223255,0.3334921,0.14763267,0.003277988,0.0055995486,0.0034130907,0.27265462,0.011697458
ZJ018623,0.23680356,0.1193604,0.25920337,0.0010010923,0.0051838467,0.0038676218,0.3589907,0.015589472
ZJ018624,0.29636088,0.2811744,0.23428856,0.0053466666,0.034321133,0.0007410493,0.058852274,0.08891509
ZJ018625,0.099503756,0.062125586,0.050105147,0.001932273,0.008383315,0.74255407,0.02381921,0.01157663
ZJ018626,0.3763912,0.024065107,0.1504041,0.0042228214,0.04918382,0.021921769,0.3438447,0.029966472
ZJ018627,0.21196897,0.095282145,0.24181147,0.0010337275,0.006706906,0.0022054124,0.42476407,0.016227277
ZJ018628,0.9082291,0.026823014,0.012251844,0.00042587935,0.008288217,0.013518299,0.023163918,0.007299747
ZJ018629,0.42959744,0.059052803,0.2530505,0.001644184,0.0010582701,0.01210759,0.2256798,0.017809398
ZJ018630,0.035443377,0.016304046,0.05003434,0.00017833138,0.0025297275,0.8821329,0.004891774,0.008485491
ZJ018631,0.21801253,0.13487056,0.21099555,0.010422795,0.18167588,0.037545104,0.113295525,0.09318205
ZJ018632,0.27631873,0.06283746,0.2165341,0.0028350677,0.0011613921,0.027569473,0.37848,0.03426376
ZJ018633,0.73832935,0.007935874,0.03176572,0.0022798427,0.019638617,0.12363887,0.07416169,0.0022500702
ZJ018634,0.0070625865,0.00041627782,0.0026473026,4.6020683e-05,0.00018793628,0.00034335043,0.98860806,0.00068849785
ZJ018635,0.06355094,0.03370861,0.035361152,0.000129856,0.0008475239,0.0017595517,0.8621785,0.0024638195
ZJ018636,0.38225564,0.48866305,0.006654231,0.00029405137,0.0028806322,0.0071018576,0.11085434,0.0012961518
ZJ018637,0.25278232,0.23932607,0.12973413,0.015904123,0.08988508,0.007468522,0.1676312,0.097268604
ZJ018638,0.073853135,0.033378165,0.2780389,0.005018046,0.0015146541,0.008596427,0.5189207,0.08068002
ZJ018639,0.12055037,0.60308284,0.14260156,0.00033573198,0.0036961546,0.006110413,0.044342164,0.07928079
ZJ018640,0.18400688,0.07105803,0.25519332,0.037350185,0.0014131813,0.016886657,0.024530854,0.4095609
ZJ018641,0.37028018,0.09389645,0.29442286,0.03324914,0.011534016,0.010634118,0.013387488,0.17259574
ZJ018642,0.3986465,0.1040279,0.070838936,0.033690974,0.07387849,0.0030577155,0.12856133,0.18729812
ZJ018643,0.0765234,0.07051408,0.16550672,0.11355507,0.0034247532,0.503373,0.0069012386,0.060201727
ZJ018644,0.048067596,0.09299242,0.024682615,0.0061917417,0.0019607302,0.0025094005,0.773196,0.05039957
ZJ018645,0.307147,0.050858513,0.019172575,0.00051167834,0.0011707117,0.0032773295,0.6140861,0.003776112
ZJ018646,0.36729234,0.06978143,0.10745077,0.0025611434,0.014467746,0.001366209,0.38370273,0.05337762
ZJ018647,0.038374234,0.0020689815,0.11922108,0.00018824596,0.0006690413,0.77876216,0.043739203,0.016977044
ZJ018648,0.36531025,0.102965795,0.25418252,0.0029975227,0.0007363115,0.086657375,0.1763972,0.01075304
ZJ018649,0.25474247,0.031038366,0.25575835,0.2000766,0.031198503,0.0075641633,0.010366046,0.20925546
ZJ018650,0.2729867,0.22070462,0.32128167,0.0022555357,0.042616025,0.0037331097,0.086893715,0.04952859
ZJ018651,0.056210738,0.004423472,0.1948933,0.33730572,0.04581274,0.007774579,0.0070135687,0.34656584
ZJ018652,0.07438011,0.028265554,0.17910625,0.14493966,0.0021984193,0.5007244,0.005888284,0.064497426
ZJ018653,0.12621497,0.000542781,0.17269433,0.047835402,0.56029016,0.03718356,0.01286715,0.042371564
ZJ018654,0.07591382,0.038160812,0.4346743,0.16060226,0.012156838,0.008716873,0.03268138,0.2370937
ZJ018655,0.13642783,0.016880604,0.019350525,0.03471962,0.024389993,0.66002923,0.081824474,0.026377754
ZJ018656,0.03703834,0.8657709,0.026273254,0.0046343775,0.00017713736,0.00071227364,0.0015071855,0.06388653
ZJ018657,0.32344738,0.22530124,0.12902842,0.0032870793,0.05996815,0.014993091,0.20732811,0.036646564
ZJ018658,0.07489428,0.7075894,0.07410459,0.0031621924,0.039317448,0.004518406,0.025916442,0.07049725
ZJ018659,0.006579895,0.00063389936,0.0077888104,8.5593834e-05,0.0005868629,0.0008067346,0.98311657,0.00040158295
ZJ018660,0.2925859,0.08857678,0.24542421,0.00342043,0.0036525398,0.013714591,0.29124448,0.061381113
ZJ018661,0.48379922,0.1027777,0.09642568,0.010784852,0.019402023,0.0025204653,0.0999366,0.18435349
ZJ018662,0.40880257,0.0025400172,0.15907112,0.023872375,0.055791356,0.037471283,0.041202307,0.27124897
ZJ018663,0.5749346,0.05876309,0.08642287,0.15387481,0.103049114,0.0056262533,0.007209638,0.010119608
ZJ018664,0.24567194,0.15418464,0.07257252,0.0031386022,0.0048563103,0.010428381,0.1915556,0.31759197
ZJ018665,0.8435427,0.0710222,0.03965533,0.00027992096,0.018434817,0.0017000629,0.022605937,0.002759068
ZJ018666,0.31240162,0.20356572,0.1965709,0.0050367983,0.057684995,0.01190046,0.108302236,0.10453729
ZJ018667,0.249217,0.2739356,0.3437691,0.0025696042,0.0007230977,0.008603682,0.107357524,0.013824478
ZJ018668,0.66253185,0.020609433,0.110085115,0.0007512355,0.0669679,0.00069510355,0.13421237,0.004147015
ZJ018669,0.16253273,0.36767456,0.13121927,0.0006581426,0.0022655085,0.0056087063,0.32027832,0.009762727
ZJ018670,0.104597636,0.14733918,0.2671678,0.36276987,0.087241165,0.012318688,0.0059630466,0.012602582
ZJ018671,0.49708614,0.015474102,0.06934459,0.30971643,0.08149941,0.009379627,0.0036644174,0.013835323
ZJ018672,0.12191004,0.53669316,0.24267296,0.00086034735,0.019869108,0.009246366,0.031230427,0.03751766
ZJ018673,0.83255476,0.08785028,0.018909277,0.00021160729,0.0069725835,0.0012487608,0.044392724,0.007859947
ZJ018674,0.0019912275,0.0025119248,0.037309308,4.952862e-05,0.00033177668,0.95579636,0.0005934284,0.0014164607
ZJ018675,0.007578067,0.9841697,0.0036053462,9.977959e-05,0.0013291197,0.000112401845,0.0025045914,0.00060103333
ZJ018676,0.09709558,0.0011144313,0.10160054,0.37109947,0.008756231,0.0018395032,0.005548522,0.41294575
ZJ018677,0.32434213,0.05296349,0.12807071,0.03955715,0.055827126,0.031999256,0.1942692,0.17297088
ZJ018678,0.22527653,0.09608823,0.17507523,0.00034544768,0.001032178,0.007967854,0.48851687,0.005697633
ZJ018679,0.28289676,0.134699,0.20754287,0.00195756,0.011565526,0.018447189,0.22308868,0.11980236
ZJ018680,0.4023448,0.113674246,0.20008598,0.038045198,0.007591859,0.013394575,0.013828838,0.2110345
ZJ018681,0.23271737,0.5185459,0.12856454,0.002350724,0.0004897569,0.010933205,0.07901381,0.027384674
ZJ018682,0.05402825,0.8298888,0.047475852,4.736495e-05,0.0007633896,0.003726413,0.05773276,0.00633717
ZJ018683,0.104574636,0.1499987,0.52329916,0.00019928519,0.0009285438,0.00066171313,0.21235782,0.007980144
ZJ018684,0.17251062,0.14671144,0.0048478767,0.0011938734,0.0032996328,0.00012715097,0.6649679,0.0063415146
ZJ018685,0.5723637,0.05817596,0.087911114,0.010980659,0.018505886,0.0012487539,0.078534976,0.17227899
ZJ018686,0.026727196,0.0017592194,0.1933041,0.014153629,0.00019647191,0.17755876,0.58498245,0.0013180993
ZJ018687,0.60615045,0.0006316538,0.037464827,0.02822202,0.31073415,0.0033094804,0.0019442042,0.011543234
ZJ018688,0.4133684,0.0723489,0.20632613,0.006720333,0.016650336,0.008939749,0.14383553,0.1318106
ZJ018689,0.5794136,0.033355273,0.04341791,0.20808893,0.12107918,0.001148196,0.010657654,0.0028392777
ZJ018690,0.14952955,0.5906892,0.11485412,0.0055422243,0.005528213,0.0074440646,0.11736783,0.009044851
ZJ018691,0.2348376,0.010389893,0.39693594,0.12352563,0.0027643126,0.04034809,0.17591378,0.015284721
ZJ018692,0.17921396,0.0041032997,0.16497286,0.5176991,0.012715143,0.010834751,0.008119035,0.10234181
ZJ018693,0.7360817,0.006339503,0.119628035,0.02240946,0.060986437,0.0063684448,0.0067149964,0.041471396
ZJ018694,0.43657908,0.033707354,0.1779682,0.007374617,0.011342946,0.0098115895,0.15955584,0.16366039
ZJ018695,0.002616872,0.00029447526,0.0028267044,5.1353145e-05,9.4693554e-05,0.00022572283,0.9936676,0.00022256692
ZJ018696,0.43625844,0.01653251,0.13204136,0.3166681,0.055772863,0.009260048,0.0073083127,0.026158333
ZJ018697,0.3270919,0.00736959,0.1143768,0.22528434,0.06505296,0.014719865,0.013641163,0.23246342
ZJ018698,0.018793274,0.0016808797,0.0070683607,0.00017179643,0.0008926975,0.9525914,0.016777044,0.0020244638
ZJ018699,0.19299439,0.019839192,0.452067,0.036502622,0.05877265,0.14915319,0.008479135,0.08219191
ZJ018700,0.019749751,0.008430635,0.17507832,0.004095878,0.0014237141,0.7411813,0.029754527,0.020285815
ZJ018701,0.221658,0.02691169,0.4067819,0.0008547764,0.034159165,0.008363351,0.27388012,0.027390959
ZJ018702,0.61811185,0.074830696,0.14291672,0.0036465367,0.0010417203,0.01361683,0.1418463,0.003989343
ZJ018703,0.1508252,0.015013645,0.06909002,0.00037073507,0.0024583335,0.0042339326,0.7540202,0.003987983
ZJ018704,0.39425907,0.12466824,0.10750194,0.010350617,0.04329302,0.0029213203,0.17479607,0.14220966
ZJ018705,0.43384758,0.0023436863,0.12617446,0.2910048,0.05248372,0.0029850134,0.0032089094,0.08795182
ZJ018706,0.08976636,0.0018766712,0.12449047,0.40393034,0.00319004,0.0021320903,0.0041571865,0.37045684
ZJ018707,0.17148066,0.09281936,0.06855984,0.024889005,0.010418961,0.002235565,0.40377346,0.22582315
ZJ018708,0.17255317,0.016487526,0.57168716,0.0015215058,0.0018644326,0.018928861,0.19314744,0.023809938
ZJ018709,0.21286383,0.051768817,0.20822413,0.009308177,0.014196255,0.014189081,0.48247984,0.0069698906
ZJ018710,0.5234984,0.010238611,0.10023741,0.20236441,0.08192923,0.01010508,0.012825375,0.058801513
ZJ018711,0.24498115,0.33735195,0.14629099,0.0008109817,0.0046225414,0.009783674,0.24905732,0.0071013826
ZJ018712,0.059733454,0.024962835,0.10967361,0.0006182697,0.00086047355,0.046388976,0.60254675,0.15521553
ZJ018713,0.079540536,0.003164373,0.19403245,0.49649656,0.008953618,0.00017548945,0.0051803244,0.21245666
ZJ018714,0.04311476,0.8399645,0.031625614,0.00026808883,0.001498334,0.008632489,0.037321925,0.03757427
ZJ018715,0.09776621,0.0010375995,0.21011989,0.49358782,0.0031763837,0.0059651025,0.0034537115,0.18489325
ZJ018716,0.36653587,0.19389516,0.08538128,0.0180419,0.021817928,0.001827704,0.13165492,0.18084523
ZJ018717,0.03496173,0.09115169,0.4026662,0.0014719274,0.006504835,0.17086406,0.24674094,0.045638647
ZJ018718,0.3689805,0.021300655,0.09466216,0.2142853,0.045607917,0.020673981,0.012229203,0.22226034
ZJ018719,0.043139793,0.89204174,0.032290757,0.0003600369,0.001875308,0.001489761,0.021527812,0.0072748507
ZJ018720,0.16986693,0.010540536,0.23218082,0.011690308,0.027253246,0.025695764,0.014615328,0.5081571
ZJ018721,0.58822787,0.024228567,0.03424202,0.0007761603,0.20406242,0.0017148489,0.08294395,0.06380425
ZJ018722,0.37331206,0.074263155,0.05824112,0.34988248,0.12657057,0.0028425897,0.0077259676,0.007162044
ZJ018723,0.24926928,0.015504675,0.1892294,0.0010594842,0.004264667,0.007704016,0.2856526,0.24731584
ZJ018724,0.045972813,0.03492527,0.48039263,0.03923493,0.0023552442,0.0007733311,0.00711954,0.38922623
ZJ018725,0.61300254,0.040521245,0.12778814,9.7449665e-05,0.003929212,0.050635815,0.041113295,0.12291228
ZJ018726,0.16666551,0.02212598,0.2586855,0.22682238,0.014278935,0.006530095,0.014040489,0.29085112
ZJ018727,0.13506617,0.047562603,0.2617198,0.13463955,0.0026547718,0.32601315,0.006838042,0.085505955
ZJ018728,0.19520918,0.0018724636,0.14081469,0.2784103,0.06717645,0.007408651,0.034101956,0.27500638
ZJ018729,0.55120534,0.043620657,0.040127672,0.29307723,0.051405527,0.0036004556,0.006590846,0.010372176
ZJ018730,0.036909923,0.00213802,0.7663559,0.00027182468,0.00055053184,0.10401897,0.07647264,0.013282145
ZJ018731,0.7983038,0.0015872715,0.10525826,0.020303717,0.022202004,0.040437028,0.0046320693,0.0072758645
ZJ018732,0.7761597,0.0030296121,0.02689879,0.0001922574,0.005182009,0.0045945747,0.17018716,0.013755889
ZJ018733,0.090696305,0.67415047,0.06550681,0.0013404022,0.004394236,0.007143873,0.13655426,0.020213645
ZJ018734,0.40262744,0.10328746,0.09470456,0.028401243,0.03962235,0.0021595287,0.119921036,0.20927638
ZJ018735,0.53002435,0.050672572,0.06023243,0.008384835,0.018053142,0.002073579,0.18692134,0.14363779
ZJ018736,0.055505883,0.8779122,0.028871143,0.0017094414,0.0010169582,0.010960354,0.0072104773,0.016813498
ZJ018737,0.016623711,0.02644441,0.20721391,0.00081056583,0.009066551,0.73032147,0.008975379,0.0005439658
ZJ018738,0.111467615,0.014471916,0.48028278,0.00020633043,0.00096661854,0.0009368746,0.38784102,0.0038267924
ZJ018739,0.40481764,0.036199432,0.1488696,0.004390726,0.010253227,0.11372233,0.14786659,0.13388045
ZJ018740,0.1608143,0.31945667,0.24346417,0.0013817303,0.00078128785,0.13216898,0.12826094,0.013671955
ZJ018741,0.25762418,0.17476031,0.21632895,0.0043509738,0.1916622,0.009269031,0.11763897,0.028365407
ZJ018742,0.18249094,0.00067795854,0.28361854,0.0041209543,0.407454,0.10408952,0.005203472,0.012344605
ZJ018743,0.8150077,0.0074029835,0.010990562,0.00016807173,0.021640267,0.0036593585,0.14010598,0.0010250818
ZJ018744,0.24646622,0.017236134,0.3969442,0.06923047,0.09103124,0.09623958,0.017144576,0.06570759
ZJ018745,0.36572483,0.20577782,0.12806515,0.056729652,0.034821305,0.0030007674,0.031007964,0.17487259
ZJ018746,0.07427882,0.24738283,0.077325046,0.0007241631,0.00041584898,0.08535826,0.46016648,0.05434849
ZJ018747,0.63809216,0.0011277468,0.14065133,0.0043611345,0.060798693,0.03218096,0.0054048835,0.117383115
ZJ018748,0.120654136,0.0070808996,0.15595984,0.31868875,0.009817874,0.002802642,0.013052198,0.37194365
ZJ018749,0.18096863,0.0018556028,0.70041573,0.051335886,0.000706943,0.00815635,0.0049675303,0.05159329
ZJ018750,0.62288433,0.1311191,0.10277042,0.0035511071,0.038248535,0.0022478944,0.049195744,0.049982775
ZJ018751,0.2204217,0.006716677,0.1905291,0.00041966388,0.078688845,0.03562071,0.45392394,0.013679314
ZJ018752,0.05607164,0.21971005,0.048204616,0.00059320015,0.0007776822,0.008172336,0.6517699,0.014700547
ZJ018753,0.39007637,0.0003700419,0.44201723,0.018523559,0.051263228,0.06268106,0.0047633746,0.030305222
ZJ018754,0.2253185,0.083817236,0.26521802,0.004859511,0.00094801275,0.0659437,0.12510839,0.2287866
ZJ018755,0.06406862,0.7848931,0.03943527,0.005317784,0.008722461,0.001622848,0.0646888,0.031251155
ZJ018756,0.22427176,0.0024415802,0.61769634,0.035514694,0.0002387778,0.007592409,0.003923637,0.108320676
ZJ018757,0.12602532,0.4444514,0.26811048,0.001404659,0.004817708,0.0133141205,0.13254549,0.00933079
ZJ018758,0.120192625,0.0028072894,0.13973692,0.5495416,0.033272367,0.018907636,0.0053692874,0.13017225
ZJ018759,0.1091265,0.1630984,0.019928329,0.00054730714,0.009342973,0.66885716,0.0067469464,0.022352323
ZJ018760,0.46904758,0.0015504381,0.06003515,0.003842619,0.42903858,0.0061966507,0.0022993858,0.027989604
ZJ018761,0.46184477,0.043812025,0.18996722,0.0014439021,0.015670389,0.035076912,0.23259665,0.019588117
ZJ018762,0.15694085,0.13333476,0.109997064,0.009095102,0.0128042465,0.006992137,0.26991877,0.30091703
ZJ018763,0.11635224,0.019493407,0.25099635,0.40251064,0.13570307,0.015071371,0.0027666707,0.057106227
ZJ018764,0.28184137,0.10205197,0.18636867,0.008014994,0.04655723,0.016188946,0.18493332,0.17404346
ZJ018765,0.10796319,0.0038780163,0.25256038,0.00043209386,0.000865393,0.390409,0.13586323,0.10802872
ZJ018766,0.027557084,0.0033069483,0.08909256,0.0005636395,0.0007671975,0.00033526792,0.87253237,0.005844974
ZJ018767,0.69740987,0.031864468,0.023516737,0.026577257,0.0043577747,0.0028393692,0.006776337,0.20665821
ZJ018768,0.3363964,0.054854643,0.1886813,0.0012696096,0.0049345493,0.008914266,0.35114723,0.053802006
ZJ018769,0.43265638,0.06436057,0.23952265,0.00199818,0.013553904,0.08046293,0.15670283,0.010742586
ZJ018770,0.0021038817,0.0009259689,0.013758898,0.0003728922,9.559307e-05,0.98211867,0.000539356,8.478765e-05
ZJ018771,0.00027738724,0.0016955055,0.0023922282,0.00014212121,0.0035541933,0.99077666,0.000437246,0.00072464737
ZJ018772,0.6975802,0.13302843,0.022951977,0.014772713,0.0014266289,0.00078128296,0.004631148,0.12482762
ZJ018773,0.36180407,0.122588314,0.12069959,0.005966975,0.0020012571,0.0069247177,0.37288284,0.007132215
ZJ018774,0.16301188,0.24407786,0.09262089,0.004217185,0.012802221,0.021554263,0.45454323,0.0071724663
ZJ018775,0.053845927,0.08519507,0.0041268747,0.00020870788,0.42661965,0.4267107,0.0020177094,0.001275438
ZJ018776,0.20289175,0.012370602,0.21004765,0.0025376389,0.028378712,0.005445268,0.30891058,0.22941782
ZJ018777,0.6813876,0.02161214,0.029545644,0.0015440813,0.009866802,0.00032927466,0.22628322,0.029431283
ZJ018778,0.15624782,0.024937669,0.08618724,0.00122126,0.00045536796,0.01539631,0.70632327,0.009231028
ZJ018779,0.17587306,0.02176559,0.022428814,0.023173232,0.0071236175,0.69184756,0.03766952,0.020118628
ZJ018780,0.96335703,0.0010805482,0.0051687597,3.4701974e-05,0.00078785286,0.0005997358,0.02884556,0.0001258601
ZJ018781,0.19758849,0.038502865,0.47854927,0.0007211274,0.001954837,0.0068643247,0.25416836,0.021650711
ZJ018782,0.3972243,0.021965023,0.05851915,0.41820505,0.075055696,0.0034643384,0.011439377,0.014127096
ZJ018783,0.33597904,0.055066947,0.18859465,0.0044381064,0.028687822,0.057639834,0.23434944,0.09524412
ZJ018784,0.0074415393,0.0011710034,0.43258795,0.00010354305,0.009837964,0.54227144,0.0037728027,0.002813735
ZJ018785,0.03892673,0.0047671227,0.12115636,0.0013223533,0.00036007553,0.019994685,0.67724985,0.13622287
ZJ018786,0.011851409,0.016317023,0.0050557368,0.0006174628,0.0005087515,0.0012126641,0.9631534,0.0012835182
ZJ018787,0.11431161,0.10188366,0.17961094,0.0065649017,0.00895569,0.021307236,0.5540496,0.013316377
ZJ018788,0.17755349,0.0111538395,0.25052327,0.4073332,0.01950153,0.0061978106,0.008185245,0.119551644
ZJ018789,0.1629811,0.002111296,0.009218579,0.0017049165,0.0036038146,0.0015343599,0.81021667,0.008629248
ZJ018790,0.056210507,0.06813024,0.5834261,0.0017588602,0.00038456373,0.019272761,0.24633598,0.024480978
ZJ018791,0.6240063,0.022324998,0.054437257,0.20106322,0.07949282,0.005068627,0.005944523,0.007662283
ZJ018792,0.29817623,0.09979966,0.12191753,0.019858615,0.016224297,0.008628201,0.26382577,0.17156966
ZJ018793,0.3145414,0.011252073,0.37610632,0.2448211,0.0019482372,0.016692445,0.0037588992,0.030879555
ZJ018794,0.07490624,0.0010008235,0.49544293,0.10545934,0.27283224,0.018191244,0.0030770374,0.02909006
ZJ018795,0.41127336,0.066829175,0.14417118,0.100907855,0.029773403,0.0044873073,0.036041055,0.20651668
ZJ018796,0.19795701,0.013050209,0.363017,0.048441038,0.037683763,0.02627454,0.12488435,0.18869212
ZJ018797,0.2924129,0.09976208,0.2718896,0.00050909095,0.0019720835,0.013633808,0.3069412,0.012879205
ZJ018798,0.00107771,0.001283853,0.014244287,8.95961e-05,0.0007696664,0.9812485,0.00038857164,0.0008977663
ZJ018799,0.43637678,0.05417568,0.07646725,0.28669256,0.08822234,0.0055173803,0.01642814,0.03611984
ZJ018800,0.013970723,0.00074545277,0.15742427,0.040984374,0.016542915,0.09117125,0.0018489975,0.67731196
ZJ018801,0.0009858798,0.0006952971,0.013233171,4.3896696e-05,0.00031106969,0.98371136,0.0004115687,0.0006078261
ZJ018802,0.036142193,0.0047778105,0.0075907814,0.011086643,0.004110693,0.9119917,0.019834094,0.0044660703
ZJ018803,0.43286124,0.04680307,0.09745969,0.021337839,0.05583493,0.0049842573,0.12219062,0.21852836
ZJ018804,0.09358916,0.00481218,0.27742302,0.0004449092,0.0014613246,0.42585135,0.12164989,0.074768156
ZJ018805,0.15736307,0.0016527864,0.44539312,0.047961496,0.010365226,0.016129194,0.0036888665,0.3174462
ZJ018806,0.12039358,0.25706547,0.42765447,0.00042298558,0.000949393,0.019250441,0.16693743,0.007326252
ZJ018807,0.033561807,0.1453613,0.67542595,0.000113324284,3.5466473e-05,0.0036860344,0.13694169,0.004874408
ZJ018808,0.22566123,0.0032870197,0.45451272,0.025547406,0.06601559,0.03229503,0.0038973605,0.1887837
ZJ018809,0.63256544,0.038197566,0.11407997,0.12448862,0.012489979,0.0016020607,0.005599541,0.07097681
ZJ018810,0.05712004,0.031127838,0.22731017,0.0018169564,0.00097518007,0.014182574,0.6115326,0.0559346
ZJ018811,0.32766378,0.036036972,0.104029916,0.00056189613,0.13772863,0.014703309,0.33124286,0.048032604
ZJ018812,0.17974865,0.014950503,0.15914851,0.26873782,0.022538396,0.03312752,0.005911999,0.3158366
ZJ018813,0.044263527,8.654229e-05,0.45149332,0.3075145,0.0017858269,0.171698,0.00041136198,0.022746915
ZJ018814,0.003340131,0.0013743164,0.0043789754,0.00014643418,4.050473e-05,0.00017303627,0.9904029,0.00014379152
ZJ018815,0.00901471,7.247995e-05,0.0020367238,0.0033878721,0.0010767636,0.9804422,7.9603546e-05,0.0038896678
ZJ018816,0.5705571,0.026117563,0.16935723,0.0015171262,0.015304833,0.016997736,0.16258559,0.037562814
ZJ018817,0.5568216,0.021354636,0.0483609,0.21542417,0.14190911,0.0024670372,0.010809876,0.0028527547
ZJ018818,0.40004373,0.0011271525,0.0951791,0.0023967866,0.45551413,0.021775508,0.013842715,0.010120922
ZJ018819,0.3083937,0.03861672,0.2215344,0.0028656058,0.010540739,0.25132304,0.07050762,0.09621819
ZJ018820,0.8095993,0.015146416,0.021088267,5.8969494e-05,0.009107731,0.002171508,0.13771415,0.005113652
ZJ018821,0.26135972,0.0066066682,0.27166072,0.00044663993,0.0016335852,0.020125145,0.42513072,0.013036818
ZJ018822,0.30044532,0.042789288,0.2657155,0.016379109,0.09844156,0.0047004297,0.15775147,0.113777295
ZJ018823,0.3205407,0.2591102,0.24923669,0.0015513505,0.0068131075,0.027019648,0.114403926,0.02132439
ZJ018824,0.06376981,0.064141944,0.5648179,0.08916933,0.010734591,0.10602613,0.093823425,0.007516938
ZJ018825,0.09908565,0.02916951,0.7131625,0.00034768262,0.0043919785,0.013016549,0.14009605,0.0007300482
ZJ018826,0.040743187,0.9327478,0.013916807,0.00022029744,0.0009847549,0.0014651656,0.00299242,0.0069295806
ZJ018827,0.0012469131,0.0012174145,0.014976937,4.1344745e-05,0.0003614518,0.981032,0.00031545083,0.0008084884
ZJ018828,0.07217612,0.00042640753,0.42653552,0.32980278,0.017146522,0.0151522625,0.0010372229,0.13772309
ZJ018829,0.23939054,0.1435901,0.26975095,0.000852008,0.00578844,0.0062967935,0.31153306,0.022798043
ZJ018830,0.062101733,0.87368417,0.023244917,0.0003249464,0.0023902007,0.006108798,0.02611782,0.0060273497
ZJ018831,0.31919387,0.03669769,0.21424818,0.013181709,0.17061025,0.0058385357,0.12899053,0.11123919
ZJ018832,0.94019,0.03553609,0.0071373223,5.355703e-05,0.0013216013,0.001607328,0.012018524,0.0021356172
ZJ018833,0.15296274,0.00078048976,0.6897834,0.025976226,0.020376338,0.0048269355,0.0025552586,0.10273861
ZJ018834,0.110249005,0.016354246,0.1344284,0.00061864004,0.0117529975,0.08877344,0.61395526,0.02386803
ZJ018835,0.26375538,0.058719,0.2728481,0.038569197,0.008117851,0.033084467,0.3202618,0.0046441783
ZJ018836,0.27429363,0.060459588,0.18118465,0.00089149177,0.0032811947,0.0035898811,0.31401289,0.16228673
ZJ018837,0.11061035,0.010053444,0.016423063,0.030394506,0.087307006,0.7116908,0.026125574,0.007395297
ZJ018838,0.22222875,0.12309513,0.34698966,0.0013561442,0.00087190786,0.092483275,0.19316374,0.01981139
ZJ018839,0.45959055,0.01583598,0.13506424,0.0050725434,0.009469025,0.021463275,0.2821974,0.07130703
ZJ018840,0.021328911,0.03055254,0.19710562,0.0013868124,0.0019593127,0.0013012786,0.71153796,0.03482758
ZJ018841,0.25868782,0.012999236,0.32297912,0.000488818,0.0001765086,0.014931435,0.3635335,0.026203549
ZJ018842,0.00483489,0.9857475,0.003372129,9.252215e-05,0.0015857293,0.00010695325,0.003148673,0.0011116036
ZJ018843,0.17557058,0.03224119,0.47673205,0.0015757835,0.03222535,0.08061816,0.16135605,0.039680824
ZJ018844,0.29320708,0.14276186,0.4609232,0.006063407,0.023115596,0.002724919,0.033734865,0.03746906
ZJ018845,0.059518833,0.024594799,0.45316073,0.0007417796,0.0015088501,0.21939644,0.16216178,0.078916825
ZJ018846,0.23977381,0.20486887,0.29969338,0.004029303,0.03662966,0.01773803,0.11646312,0.08080384
ZJ018847,0.37723938,0.02832782,0.16569613,0.002255611,0.07417283,0.009073048,0.2520586,0.09117658
ZJ018848,0.33679226,0.17640428,0.09643862,0.012189291,0.013040775,0.0024741301,0.19369319,0.16896747
ZJ018849,0.6467594,0.035352334,0.09979427,0.009049581,0.14373308,0.0029759274,0.015358744,0.046976607
ZJ018850,0.1724218,0.16656414,0.07123884,0.0028841544,0.009134058,0.029842291,0.53589404,0.012020745
ZJ018851,0.16046362,0.0078106276,0.1841268,0.003412607,0.00690072,0.20388441,0.04111089,0.39229032
ZJ018852,0.7684352,0.0198628,0.07535085,0.00022680796,0.007389601,0.06778273,0.04973575,0.011216301
ZJ018853,0.19811477,0.04363521,0.3387362,0.0005701148,0.00059928844,0.022967154,0.37919423,0.016183043
ZJ018854,0.36658478,0.0065274215,0.009520694,5.9752685e-05,0.046440184,0.00047585194,0.5654427,0.00494869
ZJ018855,0.2605198,0.124563284,0.23322508,0.018131454,0.15729654,0.010868518,0.057691682,0.13770369
ZJ018856,0.12706706,0.006003925,0.20869088,0.29349902,0.014566096,0.004812909,0.007036668,0.3383234
ZJ018857,0.02928077,0.00045806478,0.20498921,0.315441,0.0012493453,0.44196028,0.0007410704,0.0058802543
ZJ018858,0.38283917,0.13126844,0.23668452,0.0013016185,0.0049730814,0.0045556026,0.21477932,0.023598256
ZJ018859,0.16882351,0.2726122,0.030982828,0.0017576474,0.11754306,0.00079906255,0.3458728,0.06160887
ZJ018860,0.09007995,0.7462924,0.048963226,0.0026819953,0.0016391963,0.0044411956,0.03186699,0.07403493
ZJ018861,0.14044791,0.10618706,0.27430052,0.0030914908,0.0030947826,0.18342224,0.15626897,0.13318701
ZJ018862,0.52308345,0.038017537,0.12638548,0.2303223,0.03948508,0.016678391,0.007939408,0.018088331
ZJ018863,0.07877318,0.028592711,0.1881904,0.0018766557,0.0035380346,0.020013085,0.6271372,0.051878717
ZJ018864,0.22587286,0.15113613,0.115697764,0.055714376,0.00063862995,0.0044259117,0.00896622,0.43754804
ZJ018865,0.036142632,0.014027149,0.7935335,0.00086423865,0.0020183243,0.095846,0.03002063,0.027547542
ZJ018866,0.1076869,0.080206335,0.22052677,0.16514264,0.0022005814,0.33348438,0.009861221,0.080891185
ZJ018867,0.13445827,0.0048373514,0.33707199,0.2411178,0.0035430365,0.0066813375,0.0046635247,0.2676267
ZJ018868,0.0041863904,0.0009207988,0.017759167,0.0018280159,0.00013978108,0.96786785,0.0029099453,0.0043881508
ZJ018869,0.045933653,0.008402576,0.062593095,0.00075836893,0.00041715603,0.0010854672,0.8680031,0.012806676
ZJ018870,0.60844445,0.07232137,0.058041885,0.011272749,0.039559796,0.0033522923,0.06735265,0.13965474
ZJ018871,0.13168754,0.3908209,0.28296587,0.0021523617,0.007633573,0.0059774606,0.16935849,0.009403797
ZJ018872,0.09186721,0.0008343017,0.20443307,0.492492,0.002920142,0.0026786786,0.0020832974,0.2026913
ZJ018873,0.00072909996,0.0016851679,0.00028536704,0.00030376317,7.881603e-05,0.99575526,0.0008406436,0.00032182227
ZJ018874,0.67082363,0.016224489,0.20547986,0.00055226154,0.031413794,0.0036977457,0.061914142,0.009894008
ZJ018875,0.12348125,0.116017014,0.51458126,0.0002295766,0.0008497388,0.00062264974,0.23398672,0.010231797
ZJ018876,0.37899292,0.109808184,0.26291206,0.064086,0.038625665,0.0030671933,0.019221297,0.123286635
ZJ018877,0.06724096,0.6370474,0.018244702,0.0021563082,0.07394543,0.0021549098,0.18525347,0.013956879
ZJ018878,0.34354368,0.08241069,0.25065982,0.004613793,0.12741214,0.037002668,0.08900556,0.065351605
ZJ018879,0.08687997,0.8042193,0.054389726,0.00014629643,0.00019611,0.002905509,0.025886478,0.025376504
ZJ018880,0.21346392,0.54001075,0.076295875,0.007401139,0.007461897,0.0011327154,0.12751663,0.026717102
ZJ018881,0.3026161,0.0134885525,0.12056831,0.0041104625,0.011315893,0.029446427,0.47330493,0.04514936
ZJ018882,0.00082698785,0.00012237816,0.0016619143,5.299302e-05,0.007670232,0.9878839,0.001625212,0.00015636296
ZJ018883,0.0010774651,0.00013188414,0.002324179,0.000114540635,0.006244011,0.98830336,0.0015148681,0.0002897953
ZJ018884,0.19144483,0.06492374,0.053536307,0.1273267,0.00441998,0.012576353,0.39549217,0.1502799
ZJ018885,0.42488804,0.076271035,0.13851322,0.16005862,0.084189884,0.044070307,0.010421531,0.061587367
ZJ018886,0.61034715,0.0017750514,0.08306114,0.006285513,0.2785111,0.0012344437,0.0035829206,0.015202688
ZJ018887,0.099001884,0.0384722,0.12104694,0.0022688638,0.0005584898,0.0041245264,0.50838983,0.2261373
ZJ018888,0.13433036,0.0042636096,0.098185815,0.43464544,0.022030639,0.027172636,0.0041577998,0.27521372
ZJ018889,0.11739556,0.060497917,0.12605795,0.00013914824,0.0009376183,0.0010731645,0.6894799,0.004418796
ZJ018890,0.0020394379,0.0018927244,0.036077496,0.00016696732,0.0020466524,0.955798,0.00047733597,0.0015015005
ZJ018891,0.39555928,0.05740225,0.1193509,0.016000928,0.025933305,0.002030057,0.24511757,0.1386057
ZJ018892,0.049437694,0.08787165,0.6476682,0.0018148364,0.0014018544,0.05068761,0.048170295,0.11294778
ZJ018893,0.057699736,0.3689728,0.32955852,0.0009022818,0.0005023587,0.0050244853,0.09297709,0.14436266
ZJ018894,0.22976461,0.08349181,0.13097787,0.004966887,0.0040169056,0.010269256,0.4782819,0.05823074
ZJ018895,0.06955784,0.0013670124,0.12324922,0.5131259,0.011684151,0.0026905064,0.0032778946,0.27504745
ZJ018896,0.065203376,0.60060006,0.07416082,0.018893626,0.0001572443,0.00096214423,0.0068541546,0.23316853
ZJ018897,0.024750201,0.0012027718,0.053000655,0.5363756,0.0010180712,0.00017464442,0.0015413432,0.3819367
ZJ018898,0.094922855,0.0010008877,0.19333597,0.22934408,0.0014609838,0.005815114,0.0022447933,0.47187534
ZJ018899,0.11573929,0.6709626,0.12316143,0.0028009785,0.004051887,0.0017650139,0.055005934,0.026512835
ZJ018900,0.1261974,0.09211543,0.45914042,0.004076291,0.08535671,0.0080870995,0.143872,0.08115461
ZJ018901,0.5250908,0.09211185,0.21148634,0.00051925844,0.038754407,0.0021882176,0.104415104,0.025433967
ZJ018902,0.5231508,0.055937756,0.1573138,0.035184775,0.0324731,0.0031437152,0.061038554,0.13175745
ZJ018903,0.21273804,0.107254595,0.40404114,0.004195189,0.0050673718,0.044258125,0.21647741,0.005968101
ZJ018904,0.044362746,0.03012199,0.81529534,0.0008831252,0.0016062399,0.036391433,0.039871864,0.03146723
ZJ018905,0.2524964,0.086339824,0.15687911,0.0006931174,0.0054960693,0.14122733,0.26504987,0.091818295
ZJ018906,0.3245859,0.07231895,0.3113259,0.000982339,0.014963811,0.010175193,0.2627389,0.0029089614
ZJ018907,0.17987785,0.084181964,0.44692072,0.0007264031,0.00097323145,0.0033173244,0.2666408,0.01736171
ZJ018908,0.30230856,0.06748055,0.28160825,0.0033430324,0.0019795222,0.009245551,0.23512614,0.09890842
ZJ018909,0.27570137,0.05640354,0.24651688,0.13992026,0.05850228,0.0030961956,0.030312775,0.18954663
ZJ018910,0.57281667,0.09306077,0.03791208,0.00077934057,0.002381383,0.045787137,0.24568172,0.001580829
ZJ018911,0.22128382,0.043862168,0.38793162,0.00022422,0.0006336563,0.11833817,0.21219768,0.015528722
ZJ018912,0.28104582,0.09023282,0.10857124,0.0066537866,0.015377472,0.019672181,0.22110501,0.25734168
ZJ018913,0.05394134,0.6534432,0.07613261,0.0011336182,0.014237469,0.029793523,0.1449771,0.026341144
ZJ018914,0.1680283,0.20597772,0.2417841,0.00146689,0.08135116,0.032180272,0.2673758,0.0018357893
ZJ018915,0.08365869,0.0018971692,0.0043608737,0.00016035975,0.0053456663,0.006226683,0.89798355,0.0003669627
ZJ018916,0.40919927,0.016914453,0.14852576,0.0024467453,0.014433647,0.11934716,0.19744241,0.09169053
ZJ018917,0.039584454,0.9329916,0.008348212,0.0016990873,0.0008794659,0.0039028632,0.0025151619,0.010079119
ZJ018918,0.03279586,0.71882087,0.16333993,0.0002390137,0.00029718442,0.0015798415,0.05346738,0.029459909
ZJ018919,0.28054386,0.18018226,0.10553213,0.00091175723,0.20689695,0.050344054,0.16552497,0.010063946
ZJ018920,0.1810834,0.028216328,0.1548313,0.028259998,0.043655705,0.004446298,0.0039531803,0.5555538
ZJ018921,0.44879964,0.028122185,0.08693231,0.00902427,0.044685587,0.0028412286,0.11508594,0.2645089
ZJ018922,0.2270362,0.03167013,0.021710511,0.32076666,0.005171718,0.006916867,0.29205254,0.094675414
ZJ018923,0.09009801,0.06899896,0.17186035,0.00072915806,0.0020434055,0.0063958517,0.60599923,0.053875025
ZJ018924,0.038744412,0.003646803,0.0068650143,9.2211085e-05,0.0006436935,0.0013211506,0.9482366,0.0004501663
ZJ018925,0.021288844,0.0223585,0.032198194,0.00019138826,0.0077791256,0.90828997,0.003936424,0.0039575584
ZJ018926,0.3428593,0.025114285,0.4054711,0.0016608922,0.00092778535,0.011251724,0.20352677,0.009188127
ZJ018927,0.09180215,0.13806589,0.22383603,0.0020160256,0.0011649851,0.2598167,0.27438864,0.008909553
ZJ018928,0.09661284,0.010924922,0.020879282,0.001678293,0.0029615702,0.013814213,0.8358573,0.017271638
ZJ018929,0.1766108,0.004357251,0.18809061,0.00041441698,0.14237824,0.031268995,0.44900212,0.00787755
ZJ018930,0.35352755,0.010574046,0.21593542,0.0018040799,0.021363514,0.04283136,0.34074625,0.013217732
ZJ018931,0.18788908,0.06916019,0.30266234,0.0016717155,0.003196952,0.0088085495,0.30989087,0.11672031
ZJ018932,0.11716041,0.019162856,0.2841091,0.3985031,0.0032811558,0.0007939683,0.007417318,0.1695721
ZJ018933,0.30569804,0.14070548,0.33875617,0.0021583827,0.0507842,0.0010188848,0.091262415,0.06961643
ZJ018934,0.00032712694,0.0010815941,0.0014969892,0.0001960969,0.0008944272,0.9954434,0.0002852434,0.00027507514
ZJ018935,0.38467526,0.096244484,0.12660085,0.010756575,0.013375337,0.0073176958,0.22598842,0.13504136
ZJ018936,0.17412817,0.030655412,0.43656066,0.00048205702,0.0010821173,0.0035793902,0.34032178,0.013190416
ZJ018937,0.09975126,0.19833918,0.13781963,0.1328498,0.0018097559,0.073687166,0.35014215,0.0056010517
ZJ018938,0.0010151283,0.00023690132,0.002072797,8.2330866e-05,0.008237836,0.9860447,0.0018558089,0.00045453155
ZJ018939,0.060832225,0.8288952,0.036593184,0.00024197562,0.0010786831,0.0029912472,0.043852337,0.02551522
ZJ018940,0.705562,0.004426018,0.18430677,0.008078301,0.0077491635,0.029049966,0.033229776,0.027597982
ZJ018941,0.4959734,0.073174484,0.168833,0.001994912,0.008765708,0.061477244,0.14304243,0.046738844
ZJ018942,0.17116241,0.6527556,0.04872487,0.00034389133,0.005548343,0.0013357641,0.041106697,0.07902243
ZJ018943,0.2466734,0.009267127,0.2935997,0.0104465755,0.20370734,0.10169632,0.026699398,0.10791019
ZJ018944,0.8489167,0.09608423,0.010902767,0.00014520825,0.000337788,0.016144244,0.022637092,0.00483198
ZJ018945,0.13267341,0.00044451622,0.7587978,0.018600402,0.04376699,0.0054408154,0.0017547539,0.038521316
ZJ018946,0.14314371,0.0038736558,0.24421208,0.26189804,0.015976997,0.005012317,0.0042626387,0.32162055
ZJ018947,0.004174975,0.98578745,0.0040766015,6.180382e-05,7.9351885e-05,0.000845001,0.0039637466,0.0010110342
ZJ018948,0.0146480445,0.8982012,0.022630112,0.0011176122,0.0006587103,0.009684797,0.029296942,0.02376264
ZJ018949,0.33746162,0.08734066,0.10516069,0.032573484,0.019376498,0.0023164533,0.18816708,0.22760354
ZJ018950,0.06203583,0.0007946592,0.36456743,0.015249223,0.053444732,0.25082734,0.0043656235,0.24871515
ZJ018951,0.16208635,0.09104999,0.17078818,0.011883171,0.0028708251,0.00747998,0.42103174,0.13280977
ZJ018952,0.098485865,0.03425788,0.118011594,0.0003682832,0.0006669705,0.003320327,0.73480284,0.0100862635
ZJ018953,0.28488392,0.12938175,0.21089524,0.0026142108,0.008321744,0.015311275,0.2180099,0.13058197
ZJ018954,0.7997253,0.027349446,0.015416712,0.00012300939,0.0035719294,0.0026085533,0.1481316,0.0030733938
ZJ018955,0.24447793,0.0519253,0.17237891,0.0004594106,0.0072818827,0.019146886,0.49315763,0.011172021
ZJ018956,0.078961775,0.005593858,0.23176621,0.00049838604,0.00140542,0.45995364,0.17698386,0.044836838
ZJ018957,0.087150805,0.0024502983,0.13832007,0.38472822,0.0016842409,0.0010429516,0.005375255,0.37924817
ZJ018958,0.20318337,0.29875118,0.1703465,0.0021030528,0.0044538346,0.002255129,0.30760533,0.011301583
ZJ018959,0.66538733,0.07056687,0.09039335,0.0019986425,0.0011473027,0.008989661,0.121189296,0.04032765
ZJ018960,0.2255279,0.0019101395,0.018535344,0.62738997,0.11742442,0.0009766496,0.0021576714,0.0060778772
ZJ018961,0.095700726,0.052583788,0.6559333,0.00054724165,0.00072141935,0.0011626958,0.13217808,0.061172683
ZJ018962,0.37645927,0.029773293,0.19479822,0.0025122827,0.02033913,0.01822697,0.34458178,0.01330902
ZJ018963,0.18603513,0.44396085,0.14862397,0.0045384667,0.010027477,0.0040538334,0.10933667,0.09342355
ZJ018964,0.11211509,0.0022947968,0.27949902,0.11356499,0.0032093127,0.014321647,0.0049942564,0.47000092
ZJ018965,0.27844644,0.17957059,0.28037554,0.0026812686,0.039514292,0.0017540284,0.15427403,0.06338386
ZJ018966,0.004548963,0.0041298587,0.0015005583,0.00022145147,0.00026405248,0.9862928,0.002251406,0.0007909073
ZJ018967,0.06621944,0.81765294,0.045606386,0.00017681516,0.0022032445,0.0395152,0.01831598,0.010310032
ZJ018968,0.23284404,0.043301754,0.4748871,0.00900981,0.022382107,0.016121903,0.18821448,0.013238896
ZJ018969,0.10224624,0.1955597,0.66292936,5.1895193e-05,0.00010585289,0.00032328814,0.037134636,0.0016490448
ZJ018970,0.041092224,0.017881822,0.84150684,0.0008312434,0.0011756201,0.026476106,0.03929607,0.031740073
ZJ018971,0.20718296,0.012999939,0.20762622,0.005069715,0.001027214,0.024114856,0.4049449,0.1370342
ZJ018972,0.61903787,0.014850412,0.0758008,0.00096855755,0.07370869,0.008488909,0.20095058,0.006194158
ZJ018973,0.020631965,0.017504383,0.003481732,0.024835374,0.0020728884,0.9206091,0.0102963075,0.0005682301
ZJ018974,0.18226902,0.083560735,0.44507912,0.0006865209,0.0014900747,0.0033563196,0.25601932,0.027538916
ZJ018975,0.5049069,0.08388456,0.18100102,0.0030508586,0.018500399,0.010668306,0.16105486,0.036933042
ZJ018976,0.2784889,0.08109638,0.10114525,0.022800937,0.06005369,0.0021264753,0.21872294,0.23556547
ZJ018977,0.36106777,0.05542011,0.20956251,0.00072850415,0.11896793,0.009139696,0.2396427,0.0054707993
ZJ018978,0.16008309,0.1363408,0.24035199,0.00078101887,0.0010213159,0.00087804976,0.45486265,0.005681021
ZJ018979,0.12586248,0.004014165,0.22181347,0.0001766132,0.00032209358,0.08943202,0.38870236,0.16967677
ZJ018980,0.17960672,0.0055519817,0.17102337,0.24078329,0.011392585,0.0018241935,0.013952171,0.3758657
ZJ018981,0.38166216,0.014138768,0.061485052,0.47713068,0.036941715,0.015077459,0.003164093,0.010400086
ZJ018982,0.17781676,0.019225486,0.55832714,0.100808166,0.010699605,0.024630822,0.008178019,0.10031401
ZJ018983,0.6422199,0.0037351921,0.2339276,0.005370447,0.020624429,0.017192973,0.019116424,0.057813045
ZJ018984,0.26236048,0.024540497,0.10413372,0.21617888,0.03511424,0.005541185,0.014783135,0.3373479
ZJ018985,0.14805119,0.40755856,0.23385173,0.0012664377,0.008649252,0.010569212,0.1863621,0.0036914325
ZJ018986,0.5110069,0.036192514,0.12853065,0.008694565,0.036471583,0.002842768,0.15775256,0.1185085
ZJ018987,0.21151605,0.01281262,0.10890753,0.00055297866,0.019545913,0.09353677,0.5379301,0.015198031
ZJ018988,0.12575331,0.01769293,0.20098747,0.0059300005,0.0017237003,0.04674427,0.32104394,0.2801244
ZJ018989,0.026891593,0.2534168,0.6895948,7.5516306e-05,5.9828308e-05,0.00025483384,0.029424103,0.0002825207
ZJ018990,0.010743229,0.0009485753,0.49309897,0.00013675766,0.039282925,0.4152598,0.031063635,0.00946614
ZJ018991,0.16847888,0.061644584,0.40548414,0.0003041848,0.0004720872,0.03007893,0.30218008,0.03135712
ZJ018992,0.018310433,0.8872009,0.057180434,0.00011289644,0.00021144481,0.0033467175,0.032838967,0.0007981876
ZJ018993,0.10913969,0.014340851,0.3202036,0.18676272,0.016085539,0.0041229166,0.0044434536,0.34490123
ZJ018994,0.05309922,0.031172656,0.32138252,0.0022412203,0.00091136515,0.010811418,0.5342476,0.04613401
ZJ018995,0.32759264,0.02805096,0.046720065,0.025658738,0.07674701,0.0020681818,0.3640055,0.12915695
ZJ018996,0.2844253,0.032030784,0.15110302,0.08260667,0.008003128,0.010815269,0.029120663,0.40189517
ZJ018997,0.2594125,0.0037255092,0.32362008,0.04095873,0.029160233,0.092848025,0.014093633,0.23618127
ZJ018998,0.0992389,0.6690875,0.039470498,0.0029758024,0.009921615,0.03149596,0.10706053,0.04074917
ZJ018999,0.12349962,0.202428,0.38769212,0.000565678,0.0006771651,0.17859946,0.07920669,0.02733127
ZJ019000,0.03496837,0.09031117,0.17663033,0.63525164,0.047228158,0.0052485294,0.0023970031,0.007964841
ZJ019001,0.15738676,0.0066111083,0.100592606,0.53847724,0.007670646,0.001312237,0.0046544294,0.18329492
ZJ019002,0.1061208,0.0013564989,0.12846136,0.54916966,0.020778993,0.048473686,0.002275291,0.14336377
ZJ019003,0.38612992,0.026001899,0.24745862,0.0010156874,0.00869403,0.04457911,0.236302,0.04981879
ZJ019004,0.6246157,0.021216055,0.08875476,0.10693433,0.015252736,0.0016197567,0.030797163,0.11080951
ZJ019005,0.6726456,0.051326238,0.013574695,0.00042543863,0.029455718,0.0016475336,0.22930571,0.0016190874
ZJ019006,0.3758985,0.0003086753,0.0037741438,0.00022093955,0.6143972,0.0006744258,0.00033718604,0.0043889484
ZJ019007,0.5390612,0.30202848,0.03021392,0.00025772775,0.10279718,0.016309373,0.0075009624,0.001831129
ZJ019008,0.04145493,0.003054641,0.10591495,0.65168303,0.011294203,0.002751677,0.008254871,0.1755917
ZJ019009,0.10718117,0.57508034,0.19689268,0.0026309309,0.003437226,0.004154403,0.10602465,0.00459866
ZJ019010,0.04963746,0.0026920508,0.12263044,0.6161893,0.0030395908,0.0003535616,0.004224457,0.20123318
ZJ019011,0.005522723,0.004571846,0.0380797,0.04010193,0.004096116,0.8995867,0.003539387,0.00450163
ZJ019012,0.12417018,0.006661034,0.013754989,0.00041802772,0.018795356,0.0010424157,0.8326858,0.0024722472
ZJ019013,0.094450936,0.037324116,0.14765346,0.00034928025,0.0033127342,0.007870248,0.6939836,0.015055642
ZJ019014,0.54270154,0.0143069485,0.1136421,0.0040040943,0.009373438,0.027973091,0.25167593,0.03632282
ZJ019015,0.608444,0.026330668,0.13442937,0.08309394,0.009028959,0.0035416365,0.020698356,0.11443301
ZJ019016,0.21289283,0.14228556,0.19039997,0.004838653,0.004422366,0.02541378,0.21359469,0.20615216
ZJ019017,0.44709674,0.033653323,0.27127865,0.0125429835,0.024790574,0.11381175,0.059970852,0.036855143
ZJ019018,0.035373285,0.0013095001,0.08617243,0.030611848,0.011094136,0.08539113,0.003380091,0.74666756
ZJ019019,0.33754578,0.07173606,0.17701398,0.0015921438,0.0070282603,0.0937818,0.27073944,0.040562537
ZJ019020,0.001349354,0.00094918115,0.020045305,3.2962376e-05,0.0008118275,0.9754182,0.00058555044,0.0008076147
ZJ019021,0.4529816,0.022363221,0.05562752,0.3225497,0.12847123,0.0039485013,0.006576665,0.007481642
ZJ019022,0.32806572,0.06769781,0.133387,0.00047520408,0.0025400133,0.12121679,0.23696372,0.10965377
ZJ019023,0.29011202,0.16924645,0.33102697,0.0002776232,0.0025917403,0.028586801,0.08005737,0.098101035
ZJ019024,0.6990803,0.04640629,0.06839605,0.00047308116,0.0019642226,0.00349703,0.032374885,0.14780815
ZJ019025,0.15217912,0.103931725,0.34906355,0.002670456,0.011385832,0.0061437464,0.1749422,0.19968337
ZJ019026,0.13091482,0.18789099,0.40029174,0.00085620035,0.0011513389,0.00049575523,0.277129,0.001270158
ZJ019027,0.52976525,0.058296558,0.1411355,0.048136164,0.033252638,0.0041882168,0.084228896,0.10099673
ZJ019028,0.085155554,0.018215422,0.47990355,0.05848552,0.0048807156,0.0009431813,0.044961624,0.30745435
ZJ019029,0.27220634,0.01387802,0.12536654,0.0042652446,0.00056359,0.027592083,0.30243987,0.2536884
ZJ019030,0.13196969,0.37358668,0.097285196,0.0075549283,0.0030227287,0.13339183,0.21074376,0.042445153
ZJ019031,0.07803412,0.025519736,0.20560227,0.0015517583,0.0060587293,0.53827924,0.12397212,0.020982018
ZJ019032,0.39509514,0.06865135,0.09085956,0.01700333,0.030407459,0.0019352637,0.19791731,0.19813058
ZJ019033,0.15459013,0.002958076,0.33927375,0.18062094,0.0034194286,0.011237652,0.0058308835,0.30206916
ZJ019034,0.2230264,0.21452603,0.13840713,0.0002634886,0.003843976,0.0011168654,0.40567634,0.013139758
ZJ019035,0.19346733,0.05937721,0.3990827,0.009156169,0.028850866,0.11511143,0.015334044,0.17962022
ZJ019036,0.10956415,0.0065552364,0.19473201,0.33706662,0.0083717825,0.0026825946,0.003387764,0.33763987
ZJ019037,0.010774043,0.011613863,0.056313783,0.0016222883,0.0001395058,0.0011153431,0.73009133,0.18832989
ZJ019038,0.49317595,0.020730317,0.08152186,0.008275356,0.003475629,0.03681071,0.26295045,0.09305968
ZJ019039,0.30062804,0.12042603,0.34269536,0.005015671,0.002569676,0.007774276,0.19139129,0.029499654
ZJ019040,0.041504756,0.0022793037,0.14639616,0.020463001,0.0014617688,0.25760087,0.5276987,0.0025954654
ZJ019041,0.18588118,0.07998051,0.02234894,0.0133241555,0.0026162406,0.3244225,0.3679471,0.003479397
ZJ019042,0.03293791,0.7912994,0.010357122,0.0012118994,0.00030982672,0.0023731461,0.15972471,0.0017859323
ZJ019043,0.37805218,0.08018415,0.16101609,0.008140891,0.027205307,0.036762614,0.22665054,0.08198819
ZJ019044,0.8146011,0.020860473,0.04092039,0.00020905946,0.0025405127,0.018879507,0.027009493,0.07497945
ZJ019045,0.006785692,0.0019237222,0.49619618,0.000119300144,0.010947326,0.47279993,0.0066185715,0.004609314
ZJ019046,0.35901552,0.16919993,0.09821248,0.026750183,0.014653407,0.0017842562,0.16482571,0.16555855
ZJ019047,0.012955445,0.00053726824,0.3501541,0.5311426,3.50942e-05,0.101146184,0.003612297,0.00041697887
ZJ019048,0.22589305,0.066970125,0.34676105,0.0036641175,0.0027350571,0.041626938,0.2612293,0.05112033
ZJ019049,0.35031733,0.07570994,0.069093235,0.013744837,0.04906039,0.0016043632,0.14284348,0.29762644
ZJ019050,0.18487284,0.11093249,0.2993003,0.00043771658,0.0018407784,0.019441998,0.077488765,0.3056851
ZJ019051,0.10697226,0.6976164,0.10598196,0.000409686,0.00097324373,0.009229053,0.03541223,0.043405205
ZJ019052,0.58333844,0.035946812,0.11176251,0.0026520118,0.000489173,0.013243717,0.25004277,0.0025244963
ZJ019053,0.06427176,0.000514133,0.07083888,0.7867395,0.0012395058,0.002879263,0.0027365088,0.070780404
ZJ019054,0.38890445,0.030307848,0.27743188,0.0007005577,0.0056584957,0.031087466,0.24278302,0.023126302
ZJ019055,0.009968404,0.00076627976,0.0012021996,0.00011914821,0.00015492675,0.00026186142,0.9874265,0.000100702375
ZJ019056,0.47200963,0.0033752425,0.07432576,0.1594396,0.14002806,0.014263928,0.007064576,0.12949322
ZJ019057,0.45976597,0.047750857,0.08753566,0.011268421,0.035123926,0.0022432667,0.19114037,0.16517149
ZJ019058,0.2018376,0.10228105,0.22021057,0.0015941808,0.0028157127,0.021355478,0.13465536,0.31525007
ZJ019059,0.0894403,0.008564934,0.25661707,0.21849158,0.028860476,0.0032523465,0.0119639225,0.38280937
ZJ019060,0.12892725,0.0673106,0.011934722,0.0014767156,0.00089471025,0.0003303637,0.7858914,0.0032342593
ZJ019061,0.12799293,0.58548343,0.119829,0.00024617364,0.0016898365,0.025410183,0.07910795,0.060240526
ZJ019062,0.05378707,0.07849606,0.5179035,0.029220363,0.002412935,0.0020718107,0.013059025,0.30304927
ZJ019063,0.007398428,0.014167032,0.007176476,0.0011915717,0.009442964,0.0016917975,0.9535355,0.0053961733
ZJ019064,0.44050235,0.020200351,0.2076392,0.0014794244,0.019459765,0.0026875334,0.26997185,0.038059544
ZJ019065,0.19252758,0.11293086,0.47760364,0.0059630824,0.0005263011,0.01862348,0.16965833,0.0221667
ZJ019066,0.27518475,0.25204304,0.10422849,0.0064669414,0.04532432,0.0036035439,0.2245785,0.088570446
ZJ019067,0.037259977,0.015146486,0.5524432,0.0031844936,0.0049871053,0.34768915,0.025942944,0.013346629
ZJ019068,0.17502668,0.26877692,0.17391676,0.0011985732,0.001973275,0.010520792,0.3477728,0.020814203
ZJ019069,0.05088178,0.0017335247,0.12012725,0.072097845,0.004385167,0.027354674,0.003151976,0.72026783
ZJ019070,0.12176335,0.080897234,0.18349236,0.00052787026,0.0006724519,0.004916345,0.549129,0.058601383
ZJ019071,0.27604276,0.13228028,0.32008576,0.0006055596,0.0036066487,0.0898645,0.08347203,0.09404247
ZJ019072,0.15153366,0.5988309,0.10536684,0.0012347753,0.0003695781,0.0063015297,0.10095354,0.035409212
ZJ019073,0.03873183,0.013516913,0.054051176,0.0004167878,0.0021624614,0.8750885,0.0074831797,0.008549117
ZJ019074,0.16262384,0.016178403,0.45451665,0.07530955,0.027864447,0.08485977,0.012344505,0.16630283
ZJ019075,0.0007011775,0.0012739471,0.009569425,3.8502287e-05,0.0003452163,0.9858517,0.00070729945,0.0015126907
ZJ019076,0.3047987,0.091616146,0.2406649,0.00034102268,0.0015094324,0.07206276,0.26482242,0.024184592
ZJ019077,0.062358793,0.013152247,0.2501263,0.0023469462,0.0035499253,0.020840412,0.5859868,0.06163857
ZJ019078,0.0022644454,0.0017346783,0.0320693,0.00010978174,0.0011480846,0.96062696,0.00070638425,0.001340384
ZJ019079,0.06919119,0.01268694,0.4466267,0.3758514,0.0008066728,0.021044683,0.06934201,0.004450456
ZJ019080,0.24657904,0.15873124,0.1396212,0.008895166,0.018856114,0.023964034,0.10932735,0.2940258
ZJ019081,0.049540795,0.08080542,0.0049414523,0.00048272757,0.0006002602,6.7114e-05,0.8606407,0.0029215603
ZJ019082,0.010068357,0.006496121,0.003559413,0.00072909927,0.00012399151,0.9526643,0.023735857,0.0026228467
ZJ019083,0.14312497,0.008636574,0.19521631,0.00077964575,0.39259937,0.02005727,0.2275046,0.012081249
ZJ019084,0.1934121,0.0068711536,0.07072281,0.0035685743,0.0032734016,0.0016357343,0.6303024,0.09021376
ZJ019085,0.3681065,0.1071621,0.08352815,0.0042984663,0.012183019,0.30203205,0.061343413,0.061346225
ZJ019086,0.10595912,0.014379026,0.20992753,0.0011346791,0.54486275,0.06902705,0.04984118,0.0048686997
ZJ019087,0.5068763,0.07162772,0.076575235,0.03911081,0.063898824,0.009764446,0.15762731,0.07451938
ZJ019088,0.24362433,0.5579366,0.018000253,0.00068335346,0.060821936,0.00019596469,0.051925484,0.06681207
ZJ019089,0.031817146,0.60145307,0.34876353,0.00017984318,2.8233824e-05,0.00052834087,0.01698019,0.0002496875
ZJ019090,0.027786246,0.0031007726,0.029969797,0.00067334506,0.00045535958,0.00022976883,0.93602157,0.0017631435
ZJ019091,0.20707159,0.017906176,0.25854704,0.39158264,0.044991657,0.0048835184,0.01040099,0.06461645
ZJ019092,0.016372886,0.9513868,0.012679407,6.691373e-05,0.00013993355,0.0041192225,0.007628019,0.0076068616
ZJ019093,0.04056779,0.94167906,0.0037413372,0.00021013101,0.011157479,0.00024625284,0.0013397046,0.0010583336
ZJ019094,0.46369293,0.015939241,0.035254527,0.34055758,0.13256148,0.0034080117,0.0034128819,0.005173369
ZJ019095,0.9665004,0.011774028,0.0017940518,0.0005550307,0.01441991,0.0015574857,0.003212053,0.00018705663
ZJ019096,0.30283836,0.09989228,0.16048165,0.0021505414,0.0015906763,0.006317349,0.35497436,0.071754776
ZJ019097,0.3179212,0.05306787,0.4271332,0.0018034315,0.015336689,0.0063118273,0.14635909,0.032066684
ZJ019098,0.21772113,0.41657075,0.20323086,0.0037445673,0.005078664,0.016176693,0.07407972,0.06339764
ZJ019099,0.1526105,0.34232417,0.12718533,0.00484487,0.0019493111,0.007176559,0.31003258,0.053876672
ZJ019100,3.6354866e-23,3.60436e-33,0.20910709,0.7908928,4.6836262e-23,8.324926e-18,2.6092201e-16,2.3285473e-19
ZJ019101,0.43390366,0.005879866,0.39692375,0.00022362602,0.0017034208,0.009158565,0.068279155,0.08392795
ZJ019102,0.29406178,0.087953165,0.11705265,0.033398014,0.011534437,0.011536116,0.41315475,0.031309035
ZJ019103,0.027304403,0.0028965278,0.13853374,0.33443776,0.00018619894,0.000632874,0.001089469,0.494919
ZJ019104,0.09488558,0.00882236,0.2858898,0.05666461,0.008855893,0.071198456,0.007044481,0.4666388
ZJ019105,0.22299598,0.05393778,0.2931261,0.020209651,0.0010787202,0.023700658,0.034321845,0.3506293
ZJ019106,0.080457054,0.7525067,0.032724936,0.010294623,0.0004315639,0.0005113051,0.0044887364,0.118585154
ZJ019107,0.09806388,0.61472213,0.093553126,0.0011385524,0.025355183,0.028451882,0.09269048,0.04602481
ZJ019108,0.88657016,0.008852024,0.012073737,0.00016348076,0.010131838,0.01357153,0.027038008,0.041599225
ZJ019109,0.5256408,0.21077035,0.07606811,0.024169141,0.05384019,0.0058548334,0.058544505,0.045112073
ZJ019110,0.13343759,0.02092607,0.23484421,0.0027137655,0.0011571086,0.02319144,0.33737627,0.24635349
ZJ019111,0.32752448,0.049158037,0.28900903,0.0008758917,0.0016754599,0.0012648698,0.21034102,0.12015117
ZJ019112,0.10998777,0.019265728,0.21916687,0.29015735,0.25323027,0.023328897,0.0026002196,0.0822629
ZJ019113,0.42192054,0.0024522005,0.4474637,0.0074925334,0.012366472,0.056780513,0.018385917,0.033138108
ZJ019114,0.30659986,0.036456984,0.1685722,0.0011271525,0.00037893394,0.014190438,0.45993268,0.012741766
ZJ019115,0.043867886,0.7799221,0.029704034,0.0016422175,0.009233271,0.0261813,0.023052631,0.0863965
ZJ019116,0.0828003,0.0017768351,0.53413457,0.00019824739,0.004036097,0.065793835,0.29981676,0.011443445
ZJ019117,0.24926826,0.034788534,0.39857313,0.0013584156,0.0013041506,0.0026018426,0.27793765,0.03416801
ZJ019118,0.11491744,0.16687666,0.18079475,0.21099633,0.0100893,0.0142274,0.04272542,0.25937268
ZJ019119,0.48015976,0.088054925,0.15432043,0.0022673483,0.010280527,0.008285687,0.21229054,0.04434085
ZJ019120,0.22375493,0.034223802,0.27602714,0.0010479362,0.0014265777,0.010416645,0.42969617,0.023406764
ZJ019121,0.41243032,0.28218997,0.122816436,0.0037006068,0.02375306,0.0074507953,0.06372372,0.08393513
ZJ019122,0.15776424,0.095976576,0.16285257,0.0020167155,0.0018796821,0.0024720815,0.5442559,0.032782167
ZJ019123,0.10615115,0.0006665281,0.06394931,0.07006376,0.02883068,0.05400841,0.0015211623,0.67480904
ZJ019124,0.07506462,0.4946621,0.027580302,0.00087517634,0.0019042732,0.003795433,0.39508495,0.0010331919
ZJ019125,0.18209828,0.06685017,0.07785874,0.00054473814,0.001674159,0.0017379337,0.6625195,0.006716479
ZJ019126,0.17854999,0.057028208,0.25181141,0.0019203766,0.0031574795,0.0026485932,0.46515322,0.039730735
ZJ019127,0.04899293,0.10831523,0.23160575,0.0062543573,0.028018644,0.3413717,0.10846874,0.12697262
ZJ019128,0.32881603,0.04925654,0.12051166,0.015947856,0.03461481,0.0036547356,0.31171867,0.1354797
ZJ019129,0.17791992,0.056623295,0.41399425,0.20424116,0.0031523951,0.024331622,0.02252856,0.09720884
ZJ019130,0.0015555749,0.99282074,0.0022077772,3.5129502e-05,0.0006137315,0.00031931725,0.0021554364,0.00029226782
ZJ019131,0.0770585,0.033157006,0.11321252,0.00013573533,0.00028852184,0.00082148786,0.7628818,0.012444391
ZJ019132,0.23941256,0.042367313,0.1627956,0.0022218956,0.050548196,0.00803641,0.47145176,0.023166213
ZJ019133,0.33602566,0.04151549,0.3835686,0.00059166894,0.0023222826,0.008470393,0.21710008,0.0104057565
ZJ019134,0.3031679,0.023514679,0.24708682,0.0050404496,0.009908055,0.0056370404,0.121333174,0.28431183
ZJ019135,0.76231056,0.0029333376,0.09526487,0.046725195,0.034027822,0.004637118,0.0071242116,0.04697687
ZJ019136,0.0015679859,0.0050504543,0.014368509,4.2909178e-05,0.00085441617,0.9768136,0.0012569486,4.5149616e-05
ZJ019137,0.47841126,0.012148857,0.041450344,0.42093444,0.022839084,0.003180843,0.004791301,0.016243886
ZJ019138,0.17346968,0.52395463,0.07075854,0.0021030733,0.03724381,0.0039263843,0.07027765,0.118266284
ZJ019139,0.12426252,0.0058558374,0.14608845,0.2691662,0.0071470495,0.0037533906,0.006188745,0.4375378
ZJ019140,0.10460855,0.0012079141,0.5003941,0.106425285,0.00022616806,0.00531161,0.008794028,0.2730323
ZJ019141,0.0673798,0.056878902,0.40293092,0.16255425,0.008947996,0.0045293374,0.016883446,0.27989537
ZJ019142,0.030716246,0.5464072,0.253361,0.00042726382,0.1294285,0.0029967998,0.024379808,0.012283109
ZJ019143,0.029762633,0.008417381,0.8258238,0.0011134224,0.0033343807,0.07117521,0.025916575,0.03445656
ZJ019144,0.074687585,0.020450823,0.14501008,0.00094119,0.00024083893,0.0050376975,0.25412938,0.49950242
ZJ019145,0.049315844,0.0015019655,0.07930883,0.500675,0.0021480795,0.0003247088,0.0026117538,0.36411384
ZJ019146,0.054698933,0.032960694,0.69903046,0.0037242293,0.008885407,0.14071257,0.043912336,0.016075384
ZJ019147,0.7073399,0.041381914,0.050271507,0.00030459397,0.0010047975,0.0061075394,0.17037892,0.023210913
ZJ019148,0.56513494,0.074563295,0.13179177,0.09436059,0.08896599,0.009962247,0.008679577,0.026541552
ZJ019149,0.42634404,0.103587225,0.08728279,0.014969053,0.022295205,0.0013662343,0.121065326,0.2230901
ZJ019150,0.06394325,0.0007271582,0.13238259,0.14783783,0.011375953,0.48818713,0.0015758572,0.15397021
ZJ019151,0.123949215,0.17335723,0.06562861,0.002004021,0.0006465633,0.047941364,0.5717402,0.014732741
ZJ019152,0.22170383,0.021768779,0.3180015,0.008850786,0.0009279159,0.24705593,0.13951775,0.042173486
ZJ019153,0.29597944,0.16807388,0.11232313,0.0015590711,0.017772919,0.0057965177,0.35701492,0.04148013
ZJ019154,0.4425195,0.18604796,0.047754258,0.0122524975,0.001623193,0.0013793441,0.0047570663,0.30366617
ZJ019155,0.24884686,0.24348862,0.31757304,0.0015844592,0.01714346,0.0037505864,0.09253798,0.07507502
ZJ019156,0.46994528,0.0070119803,0.46068937,0.001560176,0.004113698,0.013168365,0.016993703,0.026517458
ZJ019157,0.0007956119,0.0018122987,0.018185532,0.007665499,0.0012097541,0.96911347,0.0003690663,0.00084875023
ZJ019158,0.1566447,0.10459452,0.2742599,0.00038669578,0.0004995304,0.009503968,0.4450241,0.009086621
ZJ019159,0.19695976,0.0040650037,0.6476523,0.03196122,0.0013815963,0.0065848543,0.00525723,0.106138006
ZJ019160,0.020094993,0.0072129904,0.010284865,0.00010507676,0.0003303489,0.0016903921,0.95061046,0.009670862
ZJ019161,0.5071509,0.061742842,0.16398887,0.014274929,0.053591385,0.004913927,0.08717426,0.1071629
ZJ019162,0.2503443,0.004134336,0.17769803,0.36722735,0.00860262,0.0060352995,0.010008277,0.17594977
ZJ019163,0.2755985,0.16804494,0.18321213,0.00051649206,0.0007075521,0.026889203,0.20141564,0.14361556
ZJ019164,0.07561912,0.030097572,0.29078284,0.0019957,0.0014595548,0.008936707,0.5361102,0.054998223
ZJ019165,0.45254645,0.15359282,0.24932708,0.0056312555,0.034495115,0.001836648,0.07590651,0.026664123
ZJ019166,0.070043586,0.6767546,0.1104665,0.00025280405,0.0012768967,0.025022909,0.05603536,0.060147353
ZJ019167,0.033751294,0.70915496,0.18672399,0.00022007851,0.0002860788,0.004070729,0.063650675,0.002142183
ZJ019168,1.0205853e-05,1.5122338e-07,0.0967921,0.82262665,0.00026104017,0.08021194,5.4764543e-05,4.312092e-05
ZJ019169,0.21269079,0.092577465,0.24674873,0.12841359,0.07756071,0.0045812824,0.013455317,0.22397211
ZJ019170,0.06766949,0.029508749,0.2716441,0.0030256913,0.0067304308,0.44958133,0.008318476,0.16352172
ZJ019171,0.31192404,0.00037562897,0.13259535,0.23726109,0.07539799,0.015387021,0.003355081,0.22370385
ZJ019172,0.6629301,0.027493596,0.04599485,0.17434072,0.076769195,0.002233301,0.005277675,0.0049605463
ZJ019173,0.2942607,0.0068368916,0.06312338,0.001270138,0.02821583,0.001625507,0.5628909,0.04177666
ZJ019174,0.20905125,0.10831585,0.13541596,0.0008406006,0.003534667,0.022287594,0.42663303,0.093921095
ZJ019175,0.25684386,0.12914656,0.13347365,0.000601237,0.018773591,0.006416533,0.44602916,0.008715405
ZJ019176,0.32377177,0.15519123,0.38267922,0.0011081158,0.020978628,0.0033983795,0.08337691,0.0294957
ZJ019177,0.33186296,0.0808243,0.34158948,0.0039459597,0.025845045,0.0032114927,0.097250134,0.11547057
ZJ019178,0.13076329,0.4367223,0.21602206,0.0020290457,0.002553811,0.0033833333,0.20491548,0.0036107101
ZJ019179,0.36653644,0.1071314,0.06251572,0.011914271,0.048028037,0.0028538571,0.20772348,0.19329679
ZJ019180,0.052487146,0.0006993994,0.4264516,0.063105606,0.1327329,0.0398965,0.00051992637,0.2841069
ZJ019181,0.32526562,0.03905245,0.19821662,0.0019470709,0.0034278915,0.018882517,0.32932755,0.08388031
ZJ019182,0.1130663,0.003168457,0.107556954,0.5293421,0.05067139,0.007857977,0.01044811,0.17788872
ZJ019183,0.17579535,0.011438964,0.13309,0.0010111874,0.0030580836,0.0031497374,0.66627103,0.0061857146
ZJ019184,0.2765404,0.0012259329,0.22156991,0.19766648,0.053251933,0.018559266,0.0031709303,0.22801514
ZJ019185,0.15783079,0.0023608932,0.45671472,0.18584411,0.009549236,0.018328167,0.0027580615,0.166614
ZJ019186,0.081483945,0.001087192,0.58475727,0.02330498,0.009982864,0.011789505,0.0024414142,0.2851528
ZJ019187,0.047019474,0.12726945,0.6192773,0.0005342583,0.00049817335,0.040055115,0.090105295,0.07524095
ZJ019188,0.38594174,0.060332127,0.26703316,0.0037838272,0.008077517,0.023232017,0.14172977,0.10986984
ZJ019189,0.8892041,0.0074747307,0.005147579,0.00034599964,0.08061263,0.00077191734,0.014469792,0.0019731808
ZJ019190,0.20882438,0.046717,0.45475757,0.07194737,0.023021394,0.06845073,0.011500782,0.11478082
ZJ019191,0.21493267,0.41045943,0.21714425,0.0005823095,0.0011725886,0.014127154,0.07156349,0.07001808
ZJ019192,0.17787959,0.094861366,0.09691481,0.008508261,0.0041898866,0.046809234,0.5010424,0.06979443
ZJ019193,0.30609852,0.08628903,0.25418147,0.046405427,0.005717166,0.019694414,0.02648624,0.25512767
ZJ019194,0.011223715,0.005645779,0.020096708,0.002535027,0.010858475,0.9303526,0.015043571,0.00424415
ZJ019195,0.20628865,0.03088551,0.595867,0.048707776,0.00047253977,0.008070853,0.10898999,0.00071765645
ZJ019196,0.4735095,0.009394649,0.04011584,0.40258852,0.05832151,0.0045043034,0.002693038,0.008872633
ZJ019197,0.00076570665,0.0006867533,0.0005575791,0.00074789807,0.00025279704,0.99671096,0.00016675712,0.00011155664
ZJ019198,0.10591184,0.56416416,0.05037816,0.014806076,0.02616773,0.039409086,0.14239353,0.056769438
ZJ019199,0.3910269,0.076287664,0.10035101,0.01806276,0.05775443,0.004610998,0.12061042,0.23129581
ZJ019200,0.45246404,0.03724085,0.08374145,0.34035107,0.053713776,0.011583742,0.006668577,0.014236534
ZJ019201,0.3034907,0.08395198,0.08435526,0.035714313,0.015771138,0.002549896,0.22270152,0.25146523
ZJ019202,0.27174887,0.22596037,0.120000586,0.024733884,0.013982369,0.0014589261,0.15831317,0.18380177
ZJ019203,0.22005792,0.0047196504,0.66373026,0.02145682,0.00050954294,0.002735542,0.0064212033,0.08036905
ZJ019204,0.24870576,0.01728073,0.040888637,0.55858064,0.12192511,0.0021730638,0.0042969976,0.006149034
ZJ019205,0.22898927,0.037422918,0.39636582,0.13456076,0.13381357,0.011994477,0.008317473,0.048535664
ZJ019206,0.13258484,0.72657186,0.055507593,0.0019209499,0.0052098557,0.00050239183,0.05670008,0.021002429
ZJ019207,0.7343393,0.0043857256,0.054938998,0.00066368724,0.015752167,0.0017287766,0.18356338,0.0046279705
ZJ019208,0.07854036,0.002594434,0.11912171,0.38917425,0.0011940243,0.0019046059,0.0035710016,0.40389964
ZJ019209,0.25153023,0.00075006316,0.21631478,0.032469895,0.35113358,0.058889635,0.015360341,0.07355151
ZJ019210,0.21022232,0.17963116,0.26929247,0.0032806853,0.008053483,0.004573545,0.30979404,0.015152294
ZJ019211,0.08185626,0.038000535,0.27595267,0.17264915,0.064171806,0.0052610785,0.01998517,0.34212342
ZJ019212,0.75268114,0.01849124,0.066804186,0.009065346,0.04992981,0.021604177,0.010512829,0.070911296
ZJ019213,0.26349235,0.01166393,0.24975342,0.32344854,0.032077663,0.0061991983,0.013062608,0.10030224
ZJ019214,0.40546742,0.02251397,0.2864273,0.0007605222,0.007880429,0.0011470281,0.2611,0.014703369
ZJ019215,0.3015005,0.0051956843,0.23441102,0.006987022,0.02086311,0.18769157,0.022743644,0.22060743
ZJ019216,0.16379383,0.0054208958,0.17781861,0.3148437,0.017966934,0.005736835,0.0042067547,0.31021234
ZJ019217,0.27049106,0.26221883,0.2635614,0.0004615225,0.0018760159,0.009217571,0.094786085,0.0973875
ZJ019218,0.217517,0.09112719,0.1851574,0.0010538378,0.004767045,0.0059539075,0.48226824,0.012155377
ZJ019219,0.10860342,0.007930027,0.010789361,0.009764863,0.011428463,0.8293814,0.016128823,0.005973666
ZJ019220,0.11748594,0.04348397,0.08338915,0.002173968,0.013591944,0.29025483,0.36873117,0.080889
ZJ019221,0.020120641,0.00033530482,0.069944724,0.35192314,0.00032188572,0.5535277,0.00047238203,0.0033542218
ZJ019222,0.51111597,0.16650149,0.07418318,0.0207146,0.020645723,0.0021979576,0.08544686,0.11919422
ZJ019223,0.40147743,0.020708116,0.054463297,0.00022451766,0.0043951664,0.0032763449,0.44847652,0.06697851
ZJ019224,0.78792113,0.007619007,0.03449461,0.04624871,0.01920352,0.009354808,0.010244122,0.08491408
ZJ019225,0.6367269,0.0022070021,0.14630099,0.011145753,0.14509799,0.032050304,0.010400518,0.016070578
ZJ019226,0.07004438,0.021182342,0.3779729,0.00071499654,0.0010245261,0.0024241689,0.3838423,0.14279439
ZJ019227,0.90873134,0.0206069,0.02592168,0.00019714933,0.0016158872,0.00024410931,0.024193576,0.01848932
ZJ019228,0.27676255,0.0025234187,0.57500726,0.060072076,0.0024912814,0.003762101,0.0052603288,0.07412108
ZJ019229,0.954874,0.000764259,0.0009822905,1.4289017e-05,0.0084031625,0.00014834576,0.032366022,0.0024476617
ZJ019230,0.10620714,0.34096748,0.06504809,0.0012951212,0.0033032214,0.0013494529,0.47043702,0.011392516
ZJ019231,0.060769282,0.7308445,0.08682553,0.056908254,0.0012207074,0.004580377,0.058101587,0.0007497639
ZJ019232,0.39117894,0.09182868,0.103051625,0.0123542305,0.0361838,0.0008804388,0.15973562,0.20478667
ZJ019233,0.5463968,0.0105787525,0.06851166,0.0017427113,0.14739008,0.0029580605,0.07604314,0.14637884
ZJ019234,0.07369641,0.014004688,0.09554091,0.0036621992,0.0034951894,0.24527672,0.5412369,0.023087006
ZJ019235,0.25172287,0.0024594225,0.62145734,0.040707305,0.001907259,0.0037725938,0.0048526493,0.07312055
ZJ019236,0.11111561,0.70466715,0.06193521,0.002845887,0.00716923,0.0012113955,0.08845023,0.022605252
ZJ019237,0.09254678,0.08651139,0.08984767,0.001603875,0.008081154,0.0026507343,0.69227153,0.026486829
ZJ019238,0.06053407,0.011695489,0.22372644,0.0003540344,0.0002984132,0.034552056,0.64884716,0.01999235
ZJ019239,0.110270955,0.02970208,0.3422238,0.0019072148,0.0005479233,0.020499794,0.2667197,0.22812861
ZJ019240,0.07598858,0.44495037,0.2913621,0.0007349021,0.0006497963,0.009241295,0.17019919,0.0068737105
ZJ019241,0.0027243544,0.00026723067,0.004392848,0.0014574174,0.0010663861,0.98840415,0.0010448879,0.00064272236
ZJ019242,0.3720883,0.2973199,0.048637107,0.0135225495,0.08008496,0.011932388,0.08746763,0.088947184
ZJ019243,0.14188814,0.0011072318,0.30260783,0.24902251,0.006566015,0.018830199,0.0050010234,0.2749771
ZJ019244,0.1559614,0.008140432,0.48024553,0.2375283,0.038166687,0.009570481,0.0026206186,0.0677666
ZJ019245,0.41366073,0.017950563,0.32986858,0.00044607665,0.0052092196,0.020064054,0.17894703,0.033853795
ZJ019246,0.22727552,0.020624073,0.07414469,0.0010641175,0.16934526,0.008455018,0.44396603,0.05512534
ZJ019247,0.08886977,0.76792043,0.038673792,0.004531553,0.008727464,0.03832843,0.03965218,0.013296366
ZJ019248,0.6119015,0.0035823684,0.07620023,0.00028252832,0.0065909415,0.005839638,0.2853937,0.010209115
ZJ019249,0.15725689,0.15451866,0.18729018,0.0026165368,0.001744152,0.031095218,0.42523414,0.04024427
ZJ019250,0.5850974,0.004623445,0.24306288,0.012910494,0.0023468363,0.0073064645,0.023025887,0.121626616
ZJ019251,0.48498845,0.028199326,0.283765,0.00042497666,0.0061314367,0.0719835,0.07192513,0.052582175
ZJ019252,0.019462144,0.8412627,0.1033033,0.00017409034,0.0001342672,0.004095836,0.028607683,0.0029600197
ZJ019253,0.13896261,0.0009751603,0.69417304,0.019066963,0.0098472135,0.004611225,0.0030086334,0.12935515
ZJ019254,0.17008649,0.23536411,0.11214857,0.00042212973,0.0011174028,0.031174462,0.44595462,0.0037322815
ZJ019255,0.48144865,0.037130225,0.03664266,0.35223103,0.08013058,0.0020875423,0.006022251,0.0043071215
ZJ019256,0.01641042,0.9418271,0.022009596,3.6505317e-05,9.472453e-05,0.0060877455,0.007140572,0.006393327
ZJ019257,0.17248674,0.64600426,0.090117425,0.0014558783,0.0057438123,0.0063385027,0.061713446,0.016139872
ZJ019258,0.0020727552,0.0069024605,0.022597963,0.000109507346,0.0006592776,0.963444,0.00148234,0.0027317337
ZJ019259,0.0013139324,0.00041849093,0.040306408,7.499126e-05,0.0014850423,0.9549674,0.0005873772,0.00084641925
ZJ019260,0.04282732,0.009014718,0.01191953,0.015158569,0.084988266,0.00034339738,0.7916651,0.044083104
ZJ019261,0.17967165,0.0030030452,0.38861907,0.18612517,0.005403116,0.006727523,0.0049982816,0.2254522
ZJ019262,0.3571811,0.06750358,0.19446415,0.0018921236,0.11988047,0.007706264,0.22500253,0.026369784
ZJ019263,0.1276261,0.020848554,0.27383652,0.24571012,0.038984384,0.006902308,0.0069909305,0.27910107
ZJ019264,0.6151905,0.0044447235,0.09618011,0.08473159,0.13815105,0.0068285773,0.0041993908,0.050274104
ZJ019265,0.072381794,0.00040472692,0.37880033,0.11955547,0.11200246,0.124199495,0.0022485745,0.19040722
ZJ019266,0.39556852,0.12464285,0.1405867,0.015635347,0.011673785,0.003088433,0.12646951,0.18233489
ZJ019267,0.16626522,0.020339789,0.13010782,0.0011957912,0.008366842,0.04877181,0.57383627,0.051116504
ZJ019268,0.29846677,0.05171139,0.057595003,0.009624054,0.041246977,0.0014210702,0.24697357,0.29296112
ZJ019269,0.06423951,0.007138639,0.017649887,0.023874184,0.09805271,0.0003567383,0.7157276,0.07296068
ZJ019270,0.3040812,0.13154785,0.13065737,0.039752748,0.0076348507,0.0034509131,0.020723183,0.36215183
ZJ019271,0.064686745,0.7358451,0.08036177,0.00050368643,0.011915094,0.006476973,0.08291728,0.017293397
ZJ019272,0.012943141,0.005523547,0.014027295,0.00038427644,0.0104861045,0.94880795,0.00602512,0.0018025454
ZJ019273,0.35969764,0.04838029,0.08567926,0.00844005,0.04921671,0.002146619,0.25035468,0.19608475
ZJ019274,0.4572369,0.17258792,0.10597992,0.09930659,0.0857974,0.05022435,0.011840625,0.017026333
ZJ019275,0.20848335,0.019670317,0.038272016,0.009978078,0.07617947,0.0004628197,0.6050039,0.04195009
ZJ019276,0.27215388,0.23045869,0.24958098,0.0020450258,0.045931693,0.0012142422,0.10929997,0.08931554
ZJ019277,0.35202062,0.15528816,0.13280174,0.0070628496,0.10756399,0.08269594,0.13665047,0.025916236
ZJ019278,0.1502353,0.09248533,0.15534435,0.0007084962,0.003832829,0.008051419,0.5608052,0.028537141
ZJ019279,0.4721845,0.021886518,0.21810246,0.0038959475,0.027066588,0.0015322734,0.072236344,0.18309534
ZJ019280,0.22788624,0.040088177,0.19763775,0.003978116,0.01953471,0.028501956,0.35855782,0.12381524
ZJ019281,0.35862994,0.037482187,0.30547023,0.0014262818,0.01316072,0.011194942,0.23868014,0.033955544
ZJ019282,0.1372979,0.021004472,0.35124096,0.0013408703,0.00034934556,0.0045686527,0.2615735,0.22262439
ZJ019283,0.22493361,0.023931514,0.4129017,0.15222387,0.006981249,0.012857824,0.018633336,0.14753695
ZJ019284,0.12857136,0.7211908,0.073844776,0.0033131952,0.003159232,0.0004163554,0.053167894,0.016336398
ZJ019285,0.14746542,0.0014195832,0.14183277,0.44793853,0.013489717,0.0014903697,0.009030581,0.237333
ZJ019286,0.34026527,0.042008284,0.118956484,0.34317118,0.051947985,0.042486206,0.012895864,0.048268747
ZJ019287,0.0806394,0.18334654,0.1691943,0.0023833087,0.015390052,0.1961204,0.29702273,0.055903327
ZJ019288,0.29416516,0.01822745,0.11556827,0.0032143006,0.04855988,0.0856728,0.030788833,0.40380338
ZJ019289,0.03842244,0.23042664,0.66705674,0.00011784344,0.00028485054,0.0051419856,0.05450489,0.0040445845
ZJ019290,0.07762998,0.01068912,0.015627442,0.006179138,0.0066738147,0.8479327,0.02302131,0.01224644
ZJ019291,0.30438924,0.0137659935,0.1879266,0.31700698,0.0036741588,0.004058548,0.010713149,0.15846533
ZJ019292,0.12890437,0.048591893,0.012237,0.74333954,0.008192284,0.043462463,0.009993246,0.005279219
ZJ019293,0.0037574251,0.0024476652,0.0009897237,0.002715177,0.0004403336,0.98019105,0.008836712,0.00062184763
ZJ019294,0.062144216,0.29808655,0.08669634,0.0003698079,0.00041406383,0.04071135,0.50140804,0.010169613
ZJ019295,0.17141967,0.3762201,0.15669073,0.0010278402,0.0074495506,0.0065737064,0.05052825,0.23009014
ZJ019296,0.14659372,0.007400735,0.19985344,0.5204229,0.0029478355,0.006515675,0.0097773215,0.10648842
ZJ019297,0.33503872,0.08728458,0.15064812,0.01000468,0.07550107,0.0030660315,0.1894547,0.14900208
ZJ019298,0.028473154,0.6472017,0.25665027,0.00016994978,0.0004790745,0.019878019,0.040132612,0.0070152413
ZJ019299,0.44315878,0.0514019,0.15903103,0.001493572,0.0036551966,0.03344329,0.18863568,0.11918051
ZJ019300,0.117780246,0.0012664178,0.13935362,0.42081094,0.007053424,0.0015808763,0.005426991,0.30672753
ZJ019301,0.17415029,0.084283665,0.009382994,0.00030038608,0.0010724068,0.00019134801,0.7280672,0.0025516662
ZJ019302,0.43236873,0.027037403,0.056048807,0.2667952,0.19823743,0.0066556223,0.0063496395,0.0065071573
ZJ019303,0.3057333,0.20119989,0.2987813,0.0020433415,0.0051406086,0.0107844295,0.16106465,0.015252492
ZJ019304,0.90294415,0.0005421379,0.0015945573,7.537192e-05,0.09128529,3.1870404e-05,0.0009629297,0.002563714
ZJ019305,0.26262105,0.041989632,0.18030922,0.00094630115,0.012162724,0.009129925,0.45575434,0.037086803
ZJ019306,0.010362869,0.0016797698,0.0047893533,0.0011471757,8.112847e-05,0.00027170966,0.9811875,0.0004804394
ZJ019307,0.112419195,0.21586093,0.33586848,0.0027870864,0.0013329849,0.0029963402,0.30239466,0.0263403
ZJ019308,0.23248397,0.0018778127,0.23073775,0.26055393,0.0062310775,0.0045654676,0.013394566,0.25015542
ZJ019309,0.5023666,0.07691216,0.15622708,0.0108774835,0.033119958,0.022164416,0.12697561,0.071356684
ZJ019310,0.19787998,0.08061311,0.20218146,0.003347737,0.009769911,0.0029658158,0.35173324,0.1515087
ZJ019311,0.30523905,0.6458187,0.015563018,0.00019169813,0.005458633,0.0025697257,0.022764329,0.002394801
ZJ019312,0.0067211627,0.0018028875,0.0023177646,0.0032216269,0.0011091621,0.98174,0.0012564161,0.0018309164
ZJ019313,0.00085583783,0.0039144424,0.006851086,3.0475552e-05,0.0002694983,0.97965056,0.0020257237,0.006402385
ZJ019314,0.14019246,0.005810365,0.5827438,0.092068814,0.009066335,0.037362896,0.004915548,0.12783976
ZJ019315,0.08994856,0.47347182,0.22827347,0.0012746691,0.010791914,0.0030672587,0.18897188,0.004200519
ZJ019316,0.091368236,0.48769253,0.24821094,0.002509877,0.0028178291,0.010868477,0.15071242,0.0058197044
ZJ019317,0.121191435,0.6390332,0.077474385,0.0010762877,0.029632118,0.0038302082,0.08581868,0.04194371
ZJ019318,0.1762048,0.012245146,0.47758165,0.03189759,0.23722199,0.028396916,0.0035455038,0.03290636
ZJ019319,0.0036422343,0.0047624703,0.06483147,9.59809e-05,0.0009422722,0.9239314,0.0011521416,0.0006420715
ZJ019320,0.49985346,0.020719461,0.06499795,0.31255051,0.07070168,0.009004093,0.004771504,0.017401356
ZJ019321,0.25952902,0.024966225,0.15929885,0.27576545,0.052429035,0.057898037,0.048944533,0.12116884
ZJ019322,0.07330839,0.8226597,0.023710504,0.004072935,0.0036584686,0.015407873,0.033228774,0.023953421
ZJ019323,0.43290046,0.050963197,0.08417559,0.2562947,0.15023257,0.0043315752,0.006608037,0.014493892
ZJ019324,0.232883,0.044670843,0.18886453,0.00034338963,0.0030743082,0.005982638,0.5187419,0.0054393252
ZJ019325,0.17716406,0.3820405,0.15038604,0.00038086006,0.0022753684,0.0024979184,0.27476236,0.010492874
ZJ019326,0.083521605,0.0051364987,0.14215924,0.35644478,0.020531623,0.004526372,0.0055899764,0.38208985
ZJ019327,0.1635549,0.040373165,0.5778409,0.0010305303,0.004385955,0.006307886,0.19231007,0.01419662
ZJ019328,0.40148136,0.16697174,0.19769591,0.0035422405,0.08868531,0.005534419,0.09928752,0.036801457
ZJ019329,0.6314167,0.00033061483,0.1189215,0.0036094312,0.048050165,0.008966541,0.0028358938,0.1858691
ZJ019330,0.0475924,0.08300897,0.09115785,0.6176897,0.1447351,0.0048692105,0.0020625095,0.008884195
ZJ019331,0.0482884,0.048698787,0.025320694,0.0010854672,9.8363744e-05,0.8096323,0.06342488,0.0034511525
ZJ019332,0.2509339,0.36377224,0.06441896,0.04511844,0.00065832696,0.0017453788,0.012633234,0.26071957
ZJ019333,0.08026417,0.060132265,0.09413734,0.00012776256,0.00027527785,0.00032774545,0.7555819,0.009153533
ZJ019334,0.42341977,0.08112389,0.3052106,0.0030619795,0.018409435,0.0028232709,0.12516463,0.040786374
ZJ019335,0.0017353827,0.0012896487,0.025019065,7.20203e-05,0.0009806264,0.96948415,0.00048197256,0.0009371458
ZJ019336,0.0470769,0.016046325,0.619857,0.0015222703,0.021294944,0.23968284,0.04927714,0.0052425596
ZJ019337,0.27531075,0.040622205,0.31084463,0.00035403945,0.0016996549,0.0011054826,0.36053327,0.009529973
ZJ019338,0.18225792,0.054989338,0.20740616,0.0017802562,0.03620535,0.1667013,0.004780229,0.3458794
ZJ019339,0.17509969,0.030910391,0.22106072,0.0006299376,0.002004127,0.0027865756,0.5601574,0.0073511135
ZJ019340,0.34203753,0.012340274,0.03612112,0.50409174,0.09502379,0.0010813976,0.002997404,0.00630674
ZJ019341,0.061050247,0.030468715,0.7979443,0.0013453527,0.0026711442,0.018014926,0.055929024,0.032576304
ZJ019342,0.38611323,0.016916063,0.051287916,0.41492403,0.114572935,0.002519133,0.007918695,0.005748009
ZJ019343,0.7543258,0.0039265407,0.0560477,0.053583078,0.022632573,0.0007370401,0.004493946,0.10425334
ZJ019344,0.3721245,0.07314328,0.08627882,0.020374022,0.012911801,0.0024382204,0.21980539,0.21292396
ZJ019345,0.3406726,0.035774674,0.33838317,0.01263986,0.022616128,0.07249091,0.03669137,0.14073126
ZJ019346,0.26726815,0.070541665,0.09235411,0.02488406,0.014774885,0.001742705,0.4339759,0.09445854
ZJ019347,0.09728795,0.0027466447,0.1181372,0.54066056,0.03895651,0.020444527,0.0041996255,0.177567
ZJ019348,0.27869564,0.10443854,0.3295338,0.0007938663,0.0014055285,0.15289643,0.11987646,0.012359788
ZJ019349,0.026249997,0.92076224,0.012586733,0.00013247397,0.0013536825,0.0077078803,0.029336529,0.0018704941
ZJ019350,0.45977533,0.17604771,0.083123125,0.0069692065,0.008132868,0.0011359891,0.16096653,0.10384929
ZJ019351,0.41560978,0.0019103503,0.1965611,0.16904485,0.06356947,0.016120061,0.0042083184,0.13297604
ZJ019352,0.16055223,0.33996868,0.07847338,0.0030533709,0.040116694,0.0035590162,0.095188886,0.27908775
ZJ019353,0.049040765,0.67008734,0.0795328,0.0027798484,0.0011676258,0.0011110735,0.016068032,0.18021256
ZJ019354,0.29363507,0.05825797,0.45647246,0.0048947893,0.0035446296,0.011665781,0.15296501,0.018564243
ZJ019355,0.35981885,0.020750519,0.09568755,0.15609193,0.047282044,0.01508826,0.018246334,0.28703457
ZJ019356,0.09274135,0.0135823665,0.32701248,0.001203292,0.0007100114,0.25653675,0.10112817,0.2070856
ZJ019357,0.13077922,0.5356207,0.16018273,0.0003732791,0.0031069475,0.013395242,0.057855055,0.09868686
ZJ019358,0.36785695,0.14345363,0.06443645,0.054451592,0.07659525,0.008767561,0.11000784,0.17443077
ZJ019359,0.51176244,0.0053947736,0.010661764,0.43259916,0.025637666,0.005065023,0.006790749,0.0020884583
ZJ019360,0.17526595,0.03141444,0.33227813,0.0010319621,0.04616849,0.013054663,0.32821727,0.07256906
ZJ019361,0.002497864,0.001121987,0.006120695,0.00070064026,0.0003626629,0.98616624,0.00046355155,0.002566406
ZJ019362,0.0154408775,0.97061884,0.0052351034,0.00048635903,0.0011370456,0.0006732861,0.0016003986,0.0048081367
ZJ019363,0.1550469,0.047661822,0.20810588,0.0040352503,0.0016191724,0.025196105,0.4213974,0.13693745
ZJ019364,0.14199477,0.14777696,0.11338559,0.00038130334,0.0034375573,0.015236495,0.5359523,0.041834895
ZJ019365,0.008241771,0.0010471978,0.0010404899,0.98274356,0.0023796277,0.0036326805,0.0007022932,0.00021233057
ZJ019366,0.075799145,0.032093372,0.6451323,0.0005080286,0.009123634,0.06249562,0.12726972,0.047578126
ZJ019367,0.5426876,0.095637724,0.12082244,0.0066095423,0.013740274,0.020794136,0.13372034,0.06598794
ZJ019368,0.17567267,0.026427776,0.3249821,0.0005998609,0.0030714266,0.005261765,0.4583439,0.005640565
ZJ019369,0.0028080763,0.0026141868,0.0034963677,0.000893755,3.471634e-05,0.98789537,0.0005684432,0.0016890775
ZJ019370,0.16796467,0.029178554,0.011895803,0.00070919015,0.0020797718,0.014093415,0.7735457,0.0005329013
ZJ019371,0.029850712,0.020159056,0.108423546,0.0024952134,0.00046517298,0.00063183805,0.8265727,0.011401722
ZJ019372,0.12600735,0.18717211,0.16377346,0.002686639,0.002594187,0.012344149,0.03467463,0.47074747
ZJ019373,0.17302884,0.3863898,0.2529764,0.0011793809,0.0035193546,0.01114908,0.16549739,0.006259739
ZJ019374,0.57525486,0.0031329629,0.07556174,0.19399732,0.0019984224,0.003534561,0.007134577,0.13938555
ZJ019375,0.15197395,0.0014255854,0.2190966,0.4387294,0.009559486,0.0012809708,0.0048682974,0.17306574
ZJ019376,0.07209244,0.0039569326,0.1790935,0.0017743205,0.0017099961,0.052636374,0.51756954,0.17116688
ZJ019377,0.13088639,0.0144543,0.29325125,0.0068139685,0.0038243367,0.0350898,0.37033477,0.14534518
ZJ019378,0.46059024,0.01736756,0.02612042,0.37653863,0.1119979,0.0021238734,0.0025427025,0.002718682
ZJ019379,0.030155685,0.8693845,0.019289114,0.0005430367,0.027979705,0.012320821,0.03819042,0.0021367013
ZJ019380,0.20327823,0.033775624,0.29021636,0.00055038935,0.0013126424,0.03533452,0.36755466,0.06797754
ZJ019381,0.21663965,0.018851351,0.47929475,0.045113478,0.029939797,0.094595306,0.012569176,0.102996536
ZJ019382,0.16628915,0.65318847,0.11182937,0.0036906537,0.0073189,0.0012620076,0.0331375,0.023283917
ZJ019383,0.05185487,0.008084839,0.3810111,0.10573388,0.1441897,0.024340693,0.0048489925,0.27993587
ZJ019384,0.0024970316,0.00011604786,0.003696779,0.010398496,0.00084766245,0.9786148,0.0004724684,0.0033566898
ZJ019385,0.21014275,0.16886391,0.20318797,0.0015798549,0.0017874377,0.007814447,0.34842807,0.058195625
ZJ019386,0.18622114,0.10649942,0.31209332,0.10751264,0.2110087,0.017945388,0.009997121,0.048722316
ZJ019387,0.00606404,0.024575312,0.11178694,0.0003025812,0.00068575057,0.84091914,0.0068096574,0.008856497
ZJ019388,0.20981397,0.4711743,0.13903497,0.003317551,0.023076406,0.0072453595,0.114648364,0.031689018
ZJ019389,0.026404515,0.02084835,0.49327505,0.0013029256,0.034304004,0.3918658,0.013103204,0.018896222
ZJ019390,0.09160618,0.35055086,0.30638596,0.0023981065,0.005050793,0.013880109,0.22320108,0.006926927
ZJ019391,0.17796361,0.033559,0.47293055,0.0013967641,0.19281529,0.046381593,0.07146143,0.0034917549
ZJ019392,0.41340837,0.20370673,0.017295076,0.0013266533,0.0018916435,0.004291117,0.35392496,0.004155434
ZJ019393,0.90562516,0.02289934,0.022636905,0.00024217572,0.0005053971,0.0070575695,0.039727516,0.0013058648
ZJ019394,0.26781434,0.053905994,0.30184233,0.0016125012,0.0035683855,0.029366761,0.16273521,0.17915444
ZJ019395,0.32228082,0.17178217,0.27508023,0.004247834,0.054248963,0.0007456163,0.09989081,0.07172353
ZJ019396,0.5362155,0.020127622,0.19202031,0.13475461,0.023152031,0.0047062705,0.0037079125,0.08531578
ZJ019397,0.17059259,0.110468864,0.22149329,0.0062953886,0.009807188,0.10765328,0.29488632,0.07880308
ZJ019398,0.06283954,0.099765204,0.3398875,0.00064563635,0.0021668475,0.15287331,0.30386347,0.03795857
ZJ019399,0.37294415,0.080347255,0.094287306,0.020176405,0.021848813,0.0023453324,0.2947786,0.11327205
ZJ019400,0.32204348,0.053103384,0.15510869,0.0027402616,0.033930987,0.061316594,0.33542588,0.036330663
ZJ019401,0.18510653,0.032872867,0.11424452,0.00084771035,0.004258557,0.0069821845,0.62634593,0.029341653
ZJ019402,0.034216616,0.91592383,0.015453812,7.0879505e-05,0.0009292258,0.023632964,0.0038207974,0.005951855
ZJ019403,0.13133597,0.0003325796,0.13133587,0.04608008,0.11433824,0.0125703085,0.0010012429,0.5630057
ZJ019404,0.27413467,0.014301771,0.2480066,0.29122853,0.023265768,0.005027851,0.008908632,0.13512622
ZJ019405,0.49812144,0.00994001,0.0611171,0.00024175917,0.00041952828,0.0020619237,0.39885786,0.02924038
ZJ019406,0.391134,0.01790261,0.2549411,0.0066147707,0.013533852,0.015862599,0.019630661,0.28038046
ZJ019407,0.23697178,0.2093082,0.08543178,0.014609906,0.20233257,0.001558282,0.117836945,0.13195053
ZJ019408,0.01910724,0.9476358,0.0050965045,0.00081847573,0.0016610337,0.0011336192,0.012947054,0.011600226
ZJ019409,0.11480014,0.013882714,0.075887375,0.00057241425,0.00114533,0.0033367,0.7802309,0.010144481
ZJ019410,0.039567698,0.7476577,0.056548014,0.00032161913,0.0015656638,0.013469342,0.070802405,0.07006757
ZJ019411,0.2535089,0.0033051134,0.60591197,0.02916945,0.001036301,0.010356467,0.007974171,0.088737614
ZJ019412,0.29675078,0.062285736,0.095832445,0.015893498,0.032518487,0.0026294494,0.30893052,0.18515906
ZJ019413,0.23582192,0.14011787,0.18857746,0.015858183,0.008972105,0.013665067,0.09815195,0.29883543
ZJ019414,0.5134791,0.030810427,0.12445322,0.0078072264,0.0144231925,0.03284547,0.05874207,0.21743923
ZJ019415,0.03471348,0.0002733555,0.0038904615,0.034494273,0.0010761111,0.9116978,0.00041576923,0.013438781
ZJ019416,0.004701166,0.00024397657,0.004047728,0.89628136,0.0011528151,0.05681764,0.0002181133,0.036537185
ZJ019417,0.043239582,0.91555357,0.0155887725,0.0017214344,0.0055703945,0.00047688303,0.0064183245,0.011430927
ZJ019418,0.05588372,0.002815114,0.65161246,0.05613776,0.045832403,0.024134016,0.0012180541,0.16236651
ZJ019419,0.18378882,0.35892585,0.31013003,0.0028363415,0.0051175235,0.018845031,0.112781666,0.007574809
ZJ019420,0.35171193,0.09138953,0.16185619,0.0032577924,0.004649445,0.008639734,0.33036622,0.048129104
ZJ019421,0.030786708,0.013877892,0.007048159,0.00020667317,0.006202453,0.00042889547,0.940952,0.00049722637
ZJ019422,0.29120877,0.029531324,0.06544375,0.0072845053,0.040568415,0.0015367942,0.49052644,0.073900014
ZJ019423,0.0003943312,1.4558378e-06,0.23737638,0.72916144,0.00017891645,0.030390147,0.0009190334,0.0015782823
ZJ019424,0.46949238,0.09842296,0.033732824,0.00059669936,0.011870712,0.0073016244,0.36582908,0.012753759
ZJ019425,0.3430573,0.0064760484,0.14959049,0.0010504404,0.010050724,0.03998406,0.4450599,0.004731086
ZJ019426,0.34065565,0.05064317,0.18538305,0.0018291582,0.010231574,0.0068760887,0.3931784,0.011202941
ZJ019427,0.08579413,0.008051395,0.23316135,0.3573858,0.02196842,0.006658194,0.0072918767,0.2796889
ZJ019428,0.054311503,0.006148879,0.21231176,0.0010900804,0.005916673,0.40494096,0.23159897,0.08368112
ZJ019429,0.3346185,0.13314003,0.31554803,0.007005472,0.062170427,0.004981541,0.049738217,0.09279779
ZJ019430,0.24362974,0.086907014,0.41611376,0.001418656,0.005534988,0.025995718,0.19851755,0.021882549
ZJ019431,0.0024602346,0.0027968348,0.003480461,9.994769e-05,0.0018757576,0.98375875,0.0048575914,0.0006703945
ZJ019432,0.1591674,0.4542348,0.11924948,0.005726304,0.0010484615,0.07958896,0.15269428,0.028290378
ZJ019433,0.2915875,0.023242082,0.4653545,0.09852384,0.022688642,0.004693146,0.008010079,0.08590031
ZJ019434,0.21365386,0.029792773,0.5073568,0.001888707,0.012732938,0.026899248,0.12557577,0.08209986
ZJ019435,0.31716007,0.06388915,0.28404844,0.0029371097,0.07861562,0.049151994,0.09343575,0.110761866
ZJ019436,0.14291811,0.15256889,0.33560118,0.03094824,0.028987313,0.046869848,0.2577616,0.0043448606
ZJ019437,0.021884363,0.9679797,0.0037744814,0.00022606703,0.00032498225,0.00043199773,0.0012112681,0.004167056
ZJ019438,0.041327484,0.05523158,0.37083903,0.001069617,0.0041483096,0.18134512,0.2985852,0.047453567
ZJ019439,0.14209598,0.037177116,0.24913727,0.01180055,0.005416057,0.2038673,0.192893,0.15761276
ZJ019440,0.2641468,0.31887397,0.11387775,0.0069608805,0.0042884946,0.018170139,0.042219814,0.23146206
ZJ019441,0.54137075,0.013469055,0.15054506,0.013928729,0.14961137,0.02891978,0.026481772,0.07567345
ZJ019442,0.08234083,0.010694062,0.20030804,0.0009898463,0.0009442358,0.49375203,0.0791465,0.13182443
ZJ019443,0.5700764,0.030049006,0.13487813,0.0012187083,0.0113520445,0.0027955268,0.18227129,0.06735901
ZJ019444,0.19929866,0.0653559,0.38312188,0.13625908,0.16593923,0.0142680835,0.010242876,0.025514325
ZJ019445,0.083021306,0.014006844,0.6063532,0.13747402,0.00052085257,0.0046226988,0.13822465,0.015776418
ZJ019446,0.0023113973,0.020116603,0.041644227,6.175106e-05,0.00035711756,0.93337,0.0016512539,0.0004876234
ZJ019447,0.21218912,0.043529622,0.03863978,0.0010447392,0.009892244,0.008142645,0.6419173,0.0446446
ZJ019448,0.44835952,0.028421817,0.046476737,0.33390072,0.1323222,0.0015273105,0.005126137,0.0038655957
ZJ019449,0.021601155,0.95048153,0.011177379,0.0002034994,0.004416261,0.00015332089,0.00896375,0.0030032236
ZJ019450,0.0760715,0.0008481954,0.12328123,0.30967832,0.0014392341,0.0009833411,0.0025171349,0.48518103
ZJ019451,0.10798682,0.003825497,0.66756976,0.00085460674,0.0013832119,0.13126028,0.082361124,0.004758722
ZJ019452,0.11408749,0.03932642,0.3782037,0.16131072,0.0022860863,0.25078616,0.00647995,0.047519468
ZJ019453,0.031215098,0.08354099,0.020135809,0.0051260963,0.00043660152,0.82719964,0.020979477,0.011366322
ZJ019454,0.14547308,0.0044557974,0.07906501,0.25113776,0.0017532095,0.003097155,0.0082026,0.5068154
ZJ019455,0.36131665,0.17459306,0.23225008,0.0040525375,0.018660692,0.004497417,0.115559444,0.08907006
ZJ019456,0.20831631,0.0016379721,0.32408231,0.03071824,0.08276405,0.13162567,0.015650764,0.20520467
ZJ019457,0.28389,0.03687126,0.2817832,0.0028065515,0.0103432955,0.020919487,0.26897436,0.09441184
ZJ019458,0.00060798286,0.0020069047,0.010009723,5.5247623e-05,0.00039163764,0.98580164,0.0003232211,0.0008036749
ZJ019459,0.0935534,0.016800813,0.33721462,0.11166614,0.24011049,0.036956545,0.006931426,0.15676662
ZJ019460,0.047705833,0.2105826,0.016563864,0.0013910711,0.0034285844,0.019793475,0.6928138,0.007720746
ZJ019461,0.5085855,0.22239123,0.07145937,0.03701102,0.00949563,0.0042283554,0.07543403,0.0713949
ZJ019462,0.1142493,0.034402132,0.38858107,0.10053541,0.002331708,0.29605928,0.006837625,0.0570035
ZJ019463,0.8657049,0.05432276,0.01225219,0.0087746605,0.000972872,0.00083034247,0.005173067,0.051969245
ZJ019464,0.01577961,0.96005857,0.008529128,8.0797676e-05,0.00014241529,0.00090879283,0.007393376,0.007107349
ZJ019465,0.39684808,0.025617884,0.30221024,0.011336111,0.016720481,0.04043408,0.16695847,0.039874613
ZJ019466,0.07639006,0.123835854,0.25854984,0.0016767357,0.0011777146,0.0033538674,0.50377053,0.03124543
ZJ019467,0.30962527,0.0035580883,0.22422686,0.082355954,0.16363364,0.033283733,0.0026704608,0.18064602
ZJ019468,0.039051842,0.0044225194,0.058730505,0.0008973796,0.00089068786,0.00027752612,0.89225215,0.003477348
ZJ019469,0.4353473,0.012961493,0.11720308,0.0025890854,0.0074338503,0.0459733,0.36639264,0.01209924
ZJ019470,0.29712996,0.15682489,0.25772107,0.005563456,0.06451064,0.0008986328,0.13369602,0.08365533
ZJ019471,0.11702944,0.31784093,0.48627877,0.0002523276,7.586551e-05,0.0020758023,0.07554801,0.0008988847
ZJ019472,0.21969883,0.003455677,0.229829,0.3528514,0.032513294,0.008043697,0.013913299,0.13969472
ZJ019473,0.001653389,0.00014087131,0.00274255,9.304076e-05,0.010124283,0.98340845,0.0015816963,0.0002557471
ZJ019474,0.11700528,0.009547961,0.5743613,0.001635416,0.0056828484,0.12669541,0.15128773,0.013784012
ZJ019475,0.05385936,0.00466881,0.036175054,0.00058877224,0.001751315,0.0003512451,0.8874538,0.0151517205
ZJ019476,0.35396737,0.12200273,0.120066404,0.050918292,0.029732792,0.005076028,0.13464233,0.1835941
ZJ019477,0.2419264,0.54432994,0.11989206,0.003259777,0.011685388,0.000604938,0.048547644,0.029753802
ZJ019478,0.3460171,0.043338336,0.16731323,0.00040801973,0.00767969,0.014478197,0.40762892,0.013136498
ZJ019479,0.30080453,0.035097186,0.04453036,0.022499025,0.028395519,0.0003838827,0.25633052,0.31195897
ZJ019480,0.17077436,0.24221282,0.26588413,0.0036775111,0.083442494,0.028511237,0.20117985,0.004317593
ZJ019481,0.5135594,0.014262386,0.18936923,0.002081805,0.027364597,0.032281518,0.19868092,0.022400178
ZJ019482,0.21781634,0.026384283,0.3018964,0.0007179378,0.005143501,0.03338098,0.31855118,0.09610941
ZJ019483,0.16899164,0.029106747,0.2773558,0.0032541999,0.15284857,0.013337977,0.20044331,0.15466177
ZJ019484,0.0695641,0.02015319,0.032468405,0.02027997,0.04150066,0.7659154,0.027816717,0.022301594
ZJ019485,0.0022821864,0.96835595,0.002877237,3.718332e-05,0.023431765,0.00057867,0.0021545305,0.00028246656
ZJ019486,0.09161488,0.12277652,0.19695689,0.0028109697,0.0037895704,0.034285627,0.54626036,0.001505144
ZJ019487,0.16369112,0.042853486,0.093731605,0.00084352493,0.012231127,0.052330695,0.6182562,0.016062273
ZJ019488,0.037742995,0.10966992,0.074792944,0.00037578007,0.046168856,0.5756697,0.14192441,0.013655377
ZJ019489,0.07926531,0.02335399,0.6207414,0.0004589144,0.00090181787,0.004206664,0.22025782,0.050814044
ZJ019490,0.07463288,0.00051689736,0.40796965,0.011391132,0.0031644928,0.03775772,0.0009744882,0.4635928
ZJ019491,0.2617919,0.0042841802,0.05731961,0.0039306707,0.030786078,0.044337355,0.58566225,0.011887958
ZJ019492,0.18185721,0.5545935,0.17123069,0.00044688338,0.0029233892,0.009891139,0.04939055,0.02966657
ZJ019493,0.9809091,0.0015768289,0.00995635,5.468159e-05,0.0043046037,0.00047772113,0.0022467126,0.00047404307
ZJ019494,0.22832857,0.030136066,0.44975758,0.015139183,0.016772546,0.049293537,0.15562601,0.054946505
ZJ019495,0.17005463,0.020957574,0.58701557,0.027817816,0.008267111,0.02231818,0.110176444,0.053392738
ZJ019496,0.08329648,0.0007155972,0.4334777,0.25193027,0.00038117266,0.009651112,0.00051248854,0.22003528
ZJ019497,0.020702101,0.78372926,0.05984365,0.0011001475,0.06910788,0.015957888,0.0143524995,0.035206508
ZJ019498,0.1061228,0.017981324,0.025777271,0.03744783,0.027139563,0.7055563,0.06789059,0.012084354
ZJ019499,0.4097781,0.25669327,0.1265159,0.0037776488,0.04754368,0.003391988,0.11860417,0.033695247
ZJ019500,0.05385979,0.0010815006,0.15069623,0.3154555,0.106563635,0.11190362,0.004035284,0.25640443
ZJ019501,0.018004365,0.0070588836,0.026276771,0.0002915179,0.00048778823,0.00068817375,0.94271016,0.0044822786
ZJ019502,0.009425835,0.0016560528,0.046475645,0.039430868,0.00021279008,0.9011547,0.0012941197,0.0003499222
ZJ019503,0.27672008,0.07224193,0.36126837,0.030887451,0.017174987,0.029181277,0.17164133,0.040884603
ZJ019504,0.313147,0.039258454,0.50493807,0.00071563164,0.0012353673,0.02078859,0.11623572,0.0036811542
ZJ019505,0.18464947,0.015665192,0.1599663,0.0048504267,0.0020629675,0.0034621928,0.5188274,0.11051614
ZJ019506,0.36503467,0.020754872,0.024473038,0.0044234293,0.51897126,0.06452185,0.00058381277,0.0012370772
ZJ019507,0.44053486,0.14534172,0.1240138,0.018624162,0.009464707,0.007441416,0.12625138,0.12832794
ZJ019508,0.69103014,0.036458958,0.10592542,0.00010300822,0.01440263,0.0392557,0.036382806,0.07644135
ZJ019509,0.30272907,0.016623544,0.2525095,0.39008686,0.002227752,0.017028883,0.0046079657,0.014186401
ZJ019510,0.4220441,0.027142769,0.2886432,0.025257524,0.011712732,0.0021883259,0.07091269,0.15209873
ZJ019511,0.4253834,0.097759254,0.14022881,0.17130803,0.09914457,0.029108524,0.01736697,0.019700462
ZJ019512,0.03708774,0.03836035,0.064731486,0.00073543476,0.002316243,0.79936737,0.035857793,0.021543533
ZJ019513,0.15126513,0.0076758163,0.57108355,0.05457821,0.0054582697,0.052831404,0.0058030584,0.1513046
ZJ019514,0.038194243,0.01818096,0.019165,0.0003762569,0.002784152,0.82825255,0.056495525,0.036551356
ZJ019515,0.038322333,0.02271995,0.71799946,0.00028436023,0.0016439217,0.045220576,0.040756933,0.13305242
ZJ019516,0.1312845,0.021371346,0.22090219,0.00077675143,0.006465361,0.56947106,0.018645084,0.031083664
ZJ019517,0.0010328764,0.00021276048,0.002110714,4.2985703e-05,0.004237927,0.9904438,0.0017668332,0.00015198995
ZJ019518,0.26645735,0.23193944,0.27028313,0.0038218286,0.019699099,0.0021355385,0.12870035,0.0769633
ZJ019519,0.18444067,0.0010369141,0.098166056,0.21648055,0.0028137101,0.0030982492,0.005319366,0.4886445
ZJ019520,0.6205546,0.011201726,0.04324301,0.0026244302,0.0058382973,0.0013957678,0.31193876,0.0032034055
ZJ019521,0.060091227,0.25452644,0.2594085,0.0015161758,0.00039980197,0.035042346,0.17679532,0.21222019
ZJ019522,0.88474876,0.026026675,0.04065839,0.0005929288,0.007013916,0.0041233064,0.021627992,0.01520804
ZJ019523,0.007634771,0.0016863435,0.082281135,0.00081325555,0.001173539,0.8763647,0.020661,0.009385231
ZJ019524,0.38539654,0.08228986,0.10806307,0.013492218,0.079135865,0.0030465277,0.09652256,0.23205337
ZJ019525,0.19982842,0.006623801,0.07277453,0.00040562233,0.007517245,0.006012168,0.6888758,0.017962422
ZJ019526,0.24637005,0.12872851,0.077077135,0.016903363,0.035382375,0.0037021255,0.31388506,0.1779514
ZJ019527,0.25235423,0.010551707,0.4741501,0.10521739,0.013907131,0.0636749,0.010203043,0.06994148
ZJ019528,0.10623793,0.3002589,0.080056675,0.0010719306,0.007881537,0.0018275904,0.48441163,0.018253775
ZJ019529,0.2018957,0.08836673,0.38642564,0.02605894,0.0007992988,0.010609126,0.027812637,0.25803185
ZJ019530,0.27321166,0.05415324,0.3738177,0.0010243823,0.004962844,0.005475025,0.26083624,0.026518924
ZJ019531,0.0012801518,0.00010192671,0.002451997,6.850323e-05,0.008190575,0.9857196,0.0019567613,0.00023043477
ZJ019532,0.10374974,0.26657122,0.009947461,0.0009271221,1.867954e-05,0.0045633656,0.6139269,0.00029555085
ZJ019533,0.20638171,0.3134198,0.17160526,0.0008857954,0.0049178177,0.0058319974,0.26326874,0.03368887
ZJ019534,0.28251466,0.1712215,0.31653816,0.008686322,0.027587336,0.0121422615,0.094587326,0.08672249
ZJ019535,0.24325657,0.077900484,0.059815936,0.01363798,0.062066536,0.0014556199,0.27493492,0.26693207
ZJ019536,0.31822887,0.00037292275,0.49303246,0.048124313,0.06295714,0.039113857,0.005023015,0.03314745
ZJ019537,0.12270041,0.015318448,0.10539158,0.48048577,0.0007241221,0.0013507422,0.0082276305,0.26580134
ZJ019538,0.21249144,0.32982248,0.15024766,0.0016125612,0.0132338805,0.0038410032,0.24620566,0.04254532
ZJ019539,0.36519673,0.11565544,0.07662219,0.020151349,0.09623531,0.006043947,0.2261706,0.09392446
ZJ019540,0.73412216,0.01872639,0.071040526,0.00042675072,0.0029034985,0.0044534323,0.15057305,0.017754281
ZJ019541,0.026721446,0.0071950504,0.67752194,0.0019484285,0.009681433,0.24576497,0.023037583,0.008129145
ZJ019542,0.37795132,0.11298218,0.3396864,0.004984183,0.022880804,0.0037334296,0.04329629,0.09448548
ZJ019543,0.3598787,0.07908982,0.31330281,0.0011832351,0.004445599,0.057409663,0.08270793,0.101982206
ZJ019544,0.83207303,0.0025652146,0.0297027,0.015437045,0.0049647656,0.0004941958,0.00420248,0.11056062
ZJ019545,0.072683014,0.88152486,0.006906028,0.00032370735,0.003961796,0.018474678,0.014091429,0.0020344877
ZJ019546,0.094998255,0.019146943,0.35384342,0.0037377325,0.0014358807,0.010806535,0.45196748,0.064063795
ZJ019547,0.33590674,0.1595695,0.22950177,0.006783765,0.012703868,0.031101156,0.13637072,0.08806247
ZJ019548,0.04769427,0.06691172,0.38063574,0.00089977455,0.0036105851,0.116728224,0.35095167,0.032568105
ZJ019549,0.22556062,0.05384471,0.27010244,0.0049169688,0.0028760706,0.17866029,0.16975144,0.09428751
ZJ019550,0.004265519,0.9886808,0.0037597595,2.489098e-05,5.5902732e-05,0.00068511465,0.0018881349,0.000639921
ZJ019551,0.110525124,0.4670051,0.2646294,0.0020977024,0.0036161554,0.005580583,0.14310683,0.0034391903
ZJ019552,0.1654885,0.021977153,0.2619543,0.23039888,0.0031754533,0.0046886676,0.013436711,0.29888028
ZJ019553,0.18209568,0.015490116,0.21978445,0.23185961,0.0057527693,0.0028846234,0.011175428,0.3309574
ZJ019554,0.16790397,0.03412439,0.23570836,0.008943071,0.016706785,0.023393482,0.49999225,0.013227673
ZJ019555,0.056881554,0.12742826,0.26304662,0.00073236314,0.0019549124,0.0003418021,0.40493274,0.14468177
ZJ019556,0.052347016,0.055021353,0.33775613,0.0030676613,0.0017432477,0.006376289,0.5023071,0.04138116
ZJ019557,0.27800116,0.04340663,0.31277084,0.017375888,0.011535164,0.009674882,0.2828807,0.04435471
ZJ019558,0.2417142,0.36253828,0.19695175,0.0004348906,0.0017505708,0.035186183,0.15829223,0.0031318949
ZJ019559,0.48137474,0.048056073,0.08261473,0.28132764,0.08515108,0.004989824,0.005913973,0.01057195
ZJ019560,0.0517665,0.017957455,0.20059504,0.005682231,0.0013709879,0.013566482,0.6630979,0.04596342
ZJ019561,0.04118591,0.927726,0.010558583,0.0006593471,0.0020027743,0.00048499013,0.004510151,0.0128722405
ZJ019562,0.07036312,0.036831122,0.022370582,0.013957055,0.017481986,0.816181,0.013956319,0.008858809
ZJ019563,0.4203491,0.043665618,0.12988,0.00046786424,0.00208018,0.13359915,0.18764636,0.08231178
ZJ019564,0.21448225,0.05685591,0.180267,0.0028487623,0.016757345,0.0050625964,0.48260823,0.041117918
ZJ019565,0.109557934,0.1350186,0.5845351,0.0037516863,0.0024959093,0.007988721,0.11205008,0.0446019
ZJ019566,0.75578654,0.007039514,0.0655842,0.0052419184,0.0010994681,0.0016382805,0.014273029,0.1493371
ZJ019567,0.074900754,0.04647588,0.29235417,0.31593382,0.006402306,0.0057563274,0.020460084,0.23771672
ZJ019568,0.36692616,0.0382385,0.087868184,0.37392417,0.09252135,0.012952769,0.008683486,0.01888535
ZJ019569,0.29589322,0.07197738,0.057564676,0.021503797,0.012592953,0.0005106029,0.30267954,0.23727779
ZJ019570,0.15248688,0.03552607,0.13705309,0.00095353334,0.012311833,0.0043850592,0.65057683,0.0067067323
ZJ019571,0.07911638,0.52580667,0.20133398,0.0014252232,0.0058984,0.00755594,0.17376475,0.0050986544
ZJ019572,0.0974159,0.0047325753,0.25082806,0.44394672,0.033698794,0.0295483,0.0023055354,0.1375241
ZJ019573,0.19450964,0.028911809,0.31012353,0.0015137326,0.002396037,0.02437048,0.09499984,0.34317496
ZJ019574,0.4243915,0.05980873,0.16418056,0.0024147732,0.021797005,0.02962277,0.26292706,0.034857612
ZJ019575,0.30876964,0.03361957,0.03573301,0.014995757,0.04786834,0.0008516582,0.46730125,0.09086076
ZJ019576,0.079452276,0.0022642673,0.21026567,0.43171582,0.001429141,0.089658074,0.0015543157,0.18366037
ZJ019577,0.6714802,0.20002028,0.010341138,0.0072129187,0.02704483,0.00030628813,0.046561062,0.037033215
ZJ019578,0.076839186,0.005192766,0.41839483,0.41758135,0.00036048522,0.008456374,0.07044768,0.0027272752
ZJ019579,0.2189152,0.003342999,0.40547955,0.29283008,0.0009848052,0.018460387,0.002357621,0.057629384
ZJ019580,0.13520618,0.009588759,0.056323253,0.0004385386,0.0033699446,0.01728094,0.7689503,0.008842118
ZJ019581,0.23511681,0.0037563068,0.6495447,0.029542364,0.00077599974,0.0052930764,0.004544784,0.07142585
ZJ019582,0.02911308,0.9309627,0.01769831,0.00020199758,0.0024200934,0.006862386,0.010425638,0.002315786
ZJ019583,0.03475347,0.2170008,0.6617401,9.6965625e-05,3.712372e-05,0.0009307371,0.08373884,0.0017019736
ZJ019584,0.035341576,0.014288306,0.025736544,0.0026443526,0.022423148,0.00024715092,0.84719104,0.052127887
ZJ019585,0.2715737,0.1768797,0.37232557,0.0059905495,0.024165662,0.011014106,0.043996736,0.09405399
ZJ019586,0.30409753,0.13633838,0.081146285,0.02464636,0.027935235,0.0019078339,0.25006053,0.17386784
ZJ019587,0.33344218,0.05263009,0.07619563,0.019560672,0.07506478,0.0033149163,0.20920263,0.23058914
ZJ019588,0.22176367,0.061767414,0.14889956,0.006936554,0.03715499,0.009511626,0.35161108,0.16235517
ZJ019589,0.24120873,0.0009533367,0.07490453,0.051845543,0.029367113,0.077755414,0.0022787945,0.52168655
ZJ019590,0.452784,0.016894594,0.08515534,0.0017708082,0.003574277,0.039442517,0.38178766,0.01859076
ZJ019591,0.090399995,0.022702895,0.6365411,0.0006273325,0.010459351,0.020068849,0.18370454,0.035495926
ZJ019592,0.94771594,0.0037170087,0.010177208,0.00046616702,0.0027185362,0.004301385,0.024243046,0.0066606607
ZJ019593,0.54790175,0.028946804,0.11404434,0.21568087,0.060624346,0.008275654,0.005906014,0.018620169
ZJ019594,0.4028019,0.022654036,0.02521331,0.40139335,0.14089905,0.0015450256,0.002388811,0.0031045058
ZJ019595,0.16825171,0.15823591,0.30970654,0.014552165,0.008880483,0.045760505,0.04894014,0.24567254
ZJ019596,0.009093169,0.0068968227,0.006306855,3.283785e-05,2.2386877e-05,0.00011688257,0.97711426,0.00041679858
ZJ019597,0.15946613,0.17401527,0.21387391,0.0052228123,0.065345146,0.03939196,0.33875796,0.0039268173
ZJ019598,0.25524712,0.065262154,0.09590058,0.015265042,0.041755755,0.0012270623,0.3567202,0.16862205
ZJ019599,0.1418799,0.13786404,0.3758027,0.00090870174,0.04497102,0.013596882,0.28287607,0.0021006186
ZJ019600,0.6378233,0.00047385515,0.011574732,0.0003787222,0.34492663,0.0012008153,0.00047299935,0.0031489332
ZJ019601,0.30308735,0.14220393,0.06534609,0.010671361,0.022165725,0.0015056324,0.16696088,0.28805903
ZJ019602,0.7495884,0.07650378,0.054488458,0.0005361786,0.029539952,0.00071372325,0.080626756,0.00800279
ZJ019603,0.037136372,0.0048110164,0.15273336,0.3485723,0.0003865688,0.00040972923,0.0015891966,0.4543615
ZJ019604,0.42955196,0.12125352,0.2088986,0.0031014073,0.030015288,0.017699203,0.16170998,0.027770067
ZJ019605,0.25288522,0.0770397,0.07544469,0.015833711,0.09858454,0.002115408,0.23251836,0.24557835
ZJ019606,0.05264901,0.041617535,0.0032996736,0.00031468042,0.35943946,0.5385588,0.0029739172,0.0011468863
ZJ019607,0.24347983,0.036007676,0.4662564,0.0019123238,0.001688991,0.09726667,0.11435077,0.039037324
ZJ019608,0.05533105,0.76510805,0.057967667,0.0009981696,0.0101343,0.0044633765,0.08625534,0.019741992
ZJ019609,0.1890852,0.3301087,0.13256708,0.0002393451,0.0012568868,0.0021766217,0.33822706,0.0063391505
ZJ019610,0.11155971,0.031009434,0.028318917,0.013007444,0.008465083,0.77693236,0.0138438,0.016863259
ZJ019611,0.4226979,0.010891843,0.24352172,0.0027781627,0.012571355,0.0031295056,0.13842648,0.16598302
ZJ019612,0.019856691,0.14575477,0.006136488,0.0010733996,0.0004112089,0.04282973,0.7675153,0.016422404
ZJ019613,0.11612546,0.00055326463,0.246393,0.3714702,0.026874363,0.008617893,0.0023112728,0.22765455
ZJ019614,0.39647612,0.087897755,0.28435642,0.063508056,0.046389792,0.0035786168,0.02204193,0.09575126
ZJ019615,0.041120432,0.009321994,0.03466724,0.005829826,0.0057375324,0.8853012,0.009018231,0.009003577
ZJ019616,0.016834734,0.0046061357,0.0025220283,0.0008044749,0.0008478987,0.0130404085,0.959958,0.0013863321
ZJ019617,0.07360152,0.7174121,0.07129348,0.0015767459,0.012878016,0.0028912732,0.09641365,0.023933293
ZJ019618,0.09160023,0.15401116,0.17102613,0.0670593,0.018226841,0.007280119,0.08237311,0.40842316
ZJ019619,0.00093036535,0.0004922702,0.0030218319,0.00022804625,0.00033492825,0.99348897,0.0002797686,0.0012238862
ZJ019620,0.20524976,0.30585757,0.16164477,0.000613342,0.0014347244,0.0025540742,0.29618108,0.026464704
ZJ019621,0.1394919,0.013360293,0.51520824,0.07009586,0.0786048,0.10476235,0.011780334,0.066696174
ZJ019622,0.47796455,0.04603747,0.14719664,0.012708769,0.015705848,0.016873252,0.03641261,0.24710087
ZJ019623,0.0030866847,0.0037001348,0.008042833,0.0006323594,0.00051409926,0.9779169,0.00062540366,0.0054815705
ZJ019624,0.16014646,0.052826695,0.11579456,0.0054425937,0.040090736,0.004373927,0.611964,0.00936102
ZJ019625,0.0030042108,0.004067695,0.025775619,0.00032534296,0.003240482,0.9620109,0.00048143644,0.0010942515
ZJ019626,0.13297114,0.071835354,0.34353513,0.0016641134,0.0025919124,0.114635244,0.14977375,0.18299334
ZJ019627,0.21057506,0.090830825,0.0575699,0.020484174,0.031430364,0.0015790003,0.3774655,0.21006522
ZJ019628,0.18364343,0.059804317,0.11040443,0.0025177018,0.0019261816,0.0012939177,0.32126197,0.31914806
ZJ019629,0.19582194,0.04166213,0.21716738,0.0009965381,0.0074162283,0.005807774,0.52487034,0.0062577333
ZJ019630,0.61972487,0.048261028,0.0896312,0.0012889906,0.0005823596,0.0392621,0.19957343,0.0016759315
ZJ019631,0.11876179,0.78325063,0.04422159,0.0018077892,0.0031364693,0.0002999276,0.019927027,0.02859472
ZJ019632,0.14335594,0.30543286,0.19159658,0.0012229495,0.0020218175,0.020000618,0.2863903,0.049978923
ZJ019633,0.07901154,0.8121886,0.057497237,0.0017796244,0.0007982651,0.0028177155,0.014025144,0.03188185
ZJ019634,0.26312122,0.04305012,0.21453245,0.0016719934,0.011562394,0.07376157,0.2078779,0.18442237
ZJ019635,0.1287995,0.008642589,0.21847247,0.00060184335,0.0016612936,0.46267775,0.120048225,0.05909632
ZJ019636,0.20144086,0.06293887,0.4022122,0.09665783,0.17851344,0.02093558,0.00841914,0.028882155
ZJ019637,0.20898306,0.015593814,0.15331627,0.004357364,0.03605029,0.005995049,0.47589016,0.09981396
ZJ019638,0.13707577,0.042285442,0.1388802,0.00087794405,0.0006785609,0.011640456,0.6568444,0.011717251
ZJ019639,0.22498663,0.121265575,0.055793,0.015536753,0.036097556,0.0011290922,0.22960286,0.3155886
ZJ019640,0.1932297,0.14630641,0.18101713,0.004678297,0.0070447223,0.018078344,0.19031663,0.25932878
ZJ019641,0.043886423,0.045979496,0.44159433,0.0010405487,0.005894793,0.13887337,0.2928262,0.029904816
ZJ019642,0.021273714,0.03750234,0.00615682,0.0002966255,0.103169374,0.824314,0.003751531,0.0035355967
ZJ019643,0.16668524,0.27241594,0.107450336,0.0011803675,0.0071222326,0.004845875,0.4328203,0.0074797557
ZJ019644,0.60348666,0.2468211,0.02669752,0.010663873,0.0009930851,0.0030655696,0.0053324266,0.102939725
ZJ019645,0.101957686,0.0033220812,0.05509455,0.5805361,0.006228011,0.0034622953,0.004716706,0.2446826
ZJ019646,0.0017479303,0.0013532038,0.033351775,3.1264484e-05,0.00044669874,0.96166587,0.00057835516,0.00082484924
ZJ019647,0.24337101,0.041231953,0.09593817,0.00282628,0.029694457,0.009339915,0.55820835,0.019389892
ZJ019648,0.2399333,0.116764076,0.3320313,0.0010759186,0.00054450444,0.014132617,0.27570587,0.01981241
ZJ019649,0.66897744,0.18294089,0.04979357,0.00223932,0.0151603,0.009439032,0.05457481,0.016874595
ZJ019650,0.5790687,0.0035367608,0.1092087,0.009595228,0.0039825677,0.009532061,0.18981461,0.09526137
ZJ019651,0.5629869,0.029709624,0.15226422,0.12070591,0.046606746,0.015359936,0.011678179,0.06068852
ZJ019652,0.29237446,0.039506517,0.20236108,0.024079299,0.15209611,0.0051267003,0.20284088,0.08161494
ZJ019653,0.34311557,0.081268914,0.31342825,0.0028337599,0.031603877,0.0011497301,0.13486753,0.091732435
ZJ019654,0.39776093,0.04004065,0.3572384,0.0034840435,0.0052329362,0.0021936393,0.040906847,0.15314259
ZJ019655,0.039265595,0.33980536,0.26610056,0.0019345297,0.24404654,0.007828722,0.03474632,0.066272415
ZJ019656,0.1486646,0.025540503,0.15315415,0.0011274283,0.009442984,0.0033813613,0.652968,0.0057209847
ZJ019657,0.2169835,0.008653203,0.32493114,0.13391548,0.0070862332,0.0050823013,0.005664965,0.2976832
ZJ019658,0.99224544,0.0011555225,0.003342998,9.5981624e-05,0.0006596492,0.0018221143,0.0005192179,0.00015901525
ZJ019659,0.33243424,0.17442065,0.26524612,0.0059553315,0.039732937,0.015259871,0.10449367,0.06245717
ZJ019660,0.060711354,0.001870497,0.6807064,0.038710613,0.004335594,0.038578562,0.0010164373,0.17407055
ZJ019661,0.01533526,0.00037461772,0.004693889,0.9713876,0.0004401099,0.0036741057,0.0040461575,4.822275e-05
ZJ019662,0.13949014,0.10610433,0.36208877,0.0024848718,0.008211498,0.0056929286,0.026201738,0.34972566
ZJ019663,0.2219374,0.5667583,0.13140342,0.00029262123,0.0011549825,0.009901895,0.040497724,0.02805369
ZJ019664,0.08443674,0.0027987391,0.28843778,0.20307504,0.03613605,0.011774375,0.0058038095,0.3675375
ZJ019665,0.7479591,0.00063316454,0.10045462,0.0016246988,0.011665944,0.028987812,0.0018648116,0.106809884
ZJ019666,0.37380213,0.018477056,0.39776242,0.002617725,0.010255809,0.014893146,0.06638771,0.11580399
ZJ019667,0.09206803,0.09371913,0.14747234,0.0017744913,0.2500696,0.006500874,0.37223774,0.036157794
ZJ019668,0.48922887,0.044914395,0.15041184,0.08862117,0.055727236,0.005260464,0.032570936,0.13326514
ZJ019669,0.057987988,0.025490344,0.48328698,0.0009676965,0.0055588614,0.026477639,0.39767146,0.0025590532
ZJ019670,0.3966542,0.029286578,0.07287843,0.34230444,0.1394905,0.0022683642,0.008591459,0.008526074
ZJ019671,0.48353696,0.014868972,0.05321931,0.28953826,0.13602768,0.006861044,0.008025574,0.007922177
ZJ019672,0.18364,0.29114568,0.16732173,0.016042298,0.17052995,0.02214579,0.014484969,0.13468955
ZJ019673,0.36526883,0.22510567,0.06919176,0.013964769,0.024294227,0.0016520508,0.19804074,0.102481894
ZJ019674,0.2985031,0.16420218,0.27539483,0.0027246757,0.008515533,0.046152007,0.17501834,0.029489383
ZJ019675,0.2759724,0.13739625,0.27821174,0.0017372924,0.0030416597,0.0035377645,0.20615317,0.09394967
ZJ019676,0.09462571,0.0007889146,0.7249143,0.04744602,0.059987064,0.007521991,0.0014919393,0.063224055
ZJ019677,0.31689605,0.057349857,0.038268305,0.022651916,0.036033984,0.00034882926,0.2942057,0.23424543
ZJ019678,0.20762956,0.23769599,0.10955287,0.0114267375,0.2592858,0.036328215,0.013051375,0.12502939
ZJ019679,0.4343987,0.012502242,0.1452606,0.08023222,0.008564078,0.006871537,0.018734815,0.29343584
ZJ019680,0.6189565,0.0029655278,0.23786941,0.012649083,0.035759695,0.03710302,0.01479579,0.039901033
ZJ019681,0.15611523,0.06959397,0.38445544,0.0013774474,0.0035019978,0.032775495,0.260214,0.09196643
ZJ019682,0.2392878,0.022312202,0.34186295,0.24671502,0.056963,0.009539467,0.019372705,0.0639469
ZJ019683,0.002443534,0.0021454454,0.0013924695,0.0010217784,0.00012774636,0.9917385,0.0008093822,0.00032115306
ZJ019684,0.025510302,0.954353,0.00764154,0.00022577324,0.0018068198,0.0013894677,0.0059868195,0.003086287
ZJ019685,0.06250984,0.4915038,0.012615241,0.00037171086,0.093693286,0.009171362,0.32993183,0.00020290368
ZJ019686,0.20153107,0.14805496,0.15885355,0.0052112583,0.016384127,0.01753265,0.2503426,0.20208982
ZJ019687,0.22318552,0.01965163,0.3608108,0.0017827556,0.0024807483,0.013144891,0.14654747,0.23239622
ZJ019688,0.6347167,0.0028536888,0.018808905,0.0018174484,0.31120336,0.0006709458,0.0021381583,0.027790785
ZJ019689,0.12735303,0.0042123557,0.01458098,0.0004563058,0.027466627,0.0020010835,0.81876725,0.0051623457
ZJ019690,0.33522633,0.023610167,0.3467768,0.0042213015,0.0010598297,0.023710014,0.19443639,0.070959166
ZJ019691,0.16545565,0.38963428,0.14903437,0.0035555419,0.006873519,0.104780585,0.10562335,0.07504272
ZJ019692,0.22058426,0.40499967,0.056411583,0.002311609,0.00043761308,0.0047602877,0.25712606,0.053368863
ZJ019693,0.08720337,0.0021772466,0.5173596,0.018505258,0.008415493,0.027556872,0.002114122,0.33666804
ZJ019694,0.2924823,0.005968833,0.055658434,0.07395087,0.04694709,0.007610171,0.01706385,0.50031847
ZJ019695,0.11989244,0.2112361,0.024345625,0.0022088483,0.19265547,0.00029562958,0.37529445,0.07407149
ZJ019696,0.004387452,0.97669405,0.0050144545,1.8105859e-05,9.928244e-05,0.0027620792,0.010184552,0.00083995523
ZJ019697,0.340041,0.09734199,0.2008794,0.0004795994,0.0052472246,0.029772712,0.0270436,0.29919448
ZJ019698,0.28915942,0.0012578297,0.24830106,0.0697315,0.04382715,0.18157099,0.0029843124,0.16316772
ZJ019699,0.17824225,0.0016837006,0.6699034,0.024101423,0.01961634,0.0077048675,0.0033011225,0.09544696
ZJ019700,0.5059224,0.027366377,0.2619283,0.008563635,0.006187856,0.01884558,0.034394015,0.13679191
ZJ019701,0.13538812,0.64381295,0.12568448,0.0004052018,0.0007559738,0.008016402,0.045748707,0.040188227
ZJ019702,0.059120286,0.111841284,0.0052333893,0.000100071025,0.0018618451,0.81819296,0.0018505106,0.0017996195
ZJ019703,0.14690347,0.004833963,0.28887886,0.23375532,0.013166583,0.2024885,0.020520175,0.08945318
ZJ019704,0.070609264,0.002727917,0.0998539,0.42143318,0.029048208,0.002331726,0.003660796,0.37033495
ZJ019705,0.07401622,0.6644888,0.035155915,0.00033202436,0.0012911631,0.002143623,0.11275463,0.10981763
ZJ019706,0.23196271,0.080818556,0.35858935,0.00025356348,0.0008327404,0.009602176,0.30515024,0.012790658
ZJ019707,0.07906847,0.004658247,0.20187119,0.00052782305,0.0013462267,0.60074955,0.07412286,0.037655596
ZJ019708,0.18672842,0.18223709,0.3351397,0.0011695165,0.0035743958,0.0079735555,0.26341173,0.019765636
ZJ019709,0.47625598,0.024242077,0.06860598,0.37530378,0.026713999,0.0038106337,0.006919965,0.018147606
ZJ019710,0.43023497,0.091313645,0.09613406,0.009571396,0.022701547,0.0012759742,0.1606302,0.18813817
ZJ019711,0.026169552,0.2738726,0.014384679,0.0039929175,0.04212007,0.048377734,0.5813857,0.009696738
ZJ019712,0.4132979,0.063129395,0.1957583,0.0026714602,0.010160433,0.0034149755,0.23905528,0.07251228
ZJ019713,0.26559553,0.0012376073,0.37723678,0.082561955,0.11457357,0.10016588,0.005022051,0.053606674
ZJ019714,0.008275868,0.979526,0.0051361835,9.2385184e-05,9.2271606e-05,0.0022034952,0.0030022853,0.0016716294
ZJ019715,0.369957,0.0039903536,0.14287138,0.0032680812,0.13295436,0.03897287,0.045859788,0.26212615
ZJ019716,0.043001045,0.0009393119,0.2982598,0.2882649,0.0005827154,0.013368465,0.00085974426,0.35472405
ZJ019717,0.000371044,2.9692545e-05,0.19843648,0.79486895,8.0029284e-05,0.005569501,0.00017119663,0.00047309158
ZJ019718,0.056602433,0.008813085,0.0545084,0.0011511839,0.0006168723,0.0001786323,0.8726482,0.005481208
ZJ019719,0.19281755,0.004272933,0.36235863,0.0006409009,0.0022014352,0.23853023,0.17065686,0.028521493
ZJ019720,0.16292098,0.4846907,0.18087871,0.00233149,0.008054358,0.043270927,0.10813212,0.009720733
ZJ019721,0.0024694593,0.00033429428,0.0028877708,1.0114853e-05,7.023469e-06,0.00019148196,0.99396837,0.00013146196
ZJ019722,0.0042511686,0.0016708199,0.008742201,0.00020182844,4.2116855e-05,0.0020210466,0.98276144,0.00030936388
ZJ019723,0.17562382,0.0062292386,0.45938003,0.17656931,0.0017609488,0.04611339,0.0035515355,0.13077177
ZJ019724,0.11079866,0.60139555,0.1073313,0.0019502363,6.3507694e-05,0.071686186,0.032551795,0.07422278
ZJ019725,0.056176756,0.6947688,0.040848766,0.001220175,0.0026603458,0.0084036775,0.07896916,0.11695241
ZJ019726,0.7621065,0.0019362577,0.030966314,0.0034760851,0.17380103,0.002976649,0.009257253,0.015479911
ZJ019727,0.5752677,0.016843684,0.06554001,0.20779414,0.108893506,0.011042554,0.0035000094,0.011118367
ZJ019728,0.30203,0.034673672,0.06297364,9.44543e-05,0.0006085426,0.016922392,0.566035,0.016662316
ZJ019729,0.110808566,0.24107523,0.08121238,0.00060369907,0.002871321,0.005030136,0.54696405,0.0114346165
ZJ019730,0.12778313,0.018678932,0.7565529,0.007145751,0.00045638817,0.016189514,0.008444455,0.06474901
ZJ019731,0.29356486,0.15089642,0.29319522,0.0040843477,0.030937685,0.00079952914,0.15124705,0.075274885
ZJ019732,0.14343156,0.015832376,0.099576585,0.35902923,0.026264314,0.005344498,0.005948392,0.344573
ZJ019733,0.04755379,0.2711227,0.6108298,0.00033315594,0.00042837352,0.00806682,0.060300335,0.0013650632
ZJ019734,0.10541001,0.05118912,0.5670617,0.001935196,0.014247109,0.1915265,0.064814955,0.0038153522
ZJ019735,0.06435442,0.84812576,0.03058009,0.003431319,0.00080333103,0.0046732067,0.03707088,0.010960997
ZJ019736,0.28937095,0.240082,0.29646382,0.0076292884,0.012527752,0.047504026,0.02598577,0.08043643
ZJ019737,0.03426908,0.004051414,0.12598635,0.53274983,0.0077334563,0.0034464367,0.003733623,0.2880298
ZJ019738,0.1591463,0.023576882,0.4170865,0.00074371777,0.0027765296,0.0044752248,0.37679723,0.01539757
ZJ019739,0.101422936,0.0014899519,0.39236137,0.025320632,0.010616926,0.010787574,0.0025871678,0.4554134
ZJ019740,0.14450185,0.024407653,0.4325019,0.003656425,0.1620766,0.10733103,0.116964355,0.008560091
ZJ019741,0.35714686,0.13821174,0.082879655,0.022031799,0.07470204,0.003548685,0.09708968,0.2243896
ZJ019742,0.09979547,0.71709967,0.07225651,0.0005084478,0.0007773198,0.02539814,0.052463938,0.03170052
ZJ019743,0.21873683,0.13583107,0.23822188,0.0021222434,0.002866477,0.0009963519,0.39847586,0.0027492484
ZJ019744,0.012974529,0.6023226,0.10107106,0.0006077318,0.22469276,0.018597713,0.02643563,0.013298036
ZJ019745,0.12544583,0.010522106,0.36200944,0.09771481,0.14561588,0.047044307,0.011697694,0.19995
ZJ019746,0.5420803,0.023398483,0.25164768,0.0013869911,0.09071295,0.024163203,0.06393718,0.002673174
ZJ019747,0.29377946,0.058399186,0.23832606,0.0049978797,0.04400705,0.0068487073,0.21816558,0.13547611
ZJ019748,0.1208539,0.0825503,0.16618764,0.003626124,0.0009568032,0.036911637,0.036701743,0.5522119
ZJ019749,0.13880251,0.21966125,0.25179783,0.0007135553,0.00050952204,0.0025408098,0.38086078,0.0051137544
ZJ019750,0.36767095,0.03316796,0.085442,0.006917546,0.033881024,0.0016118329,0.22464094,0.24666774
ZJ019751,0.0760515,0.77525556,0.06389466,0.0011946729,9.216191e-05,0.00055659,0.0731825,0.009772307
ZJ019752,0.39216492,0.0064136935,0.04050327,0.054180734,0.09538451,0.0046812985,0.017375331,0.38929623
ZJ019753,0.1339591,0.058047887,0.40577257,0.0018740834,0.0042386567,0.0022441293,0.3748405,0.01902313
ZJ019754,0.3293253,0.051834505,0.11047531,0.008602906,0.046051282,0.0023884203,0.2077043,0.24361794
ZJ019755,0.50896305,0.03289672,0.07151705,0.30955684,0.026031746,0.012627337,0.008627873,0.029779406
ZJ019756,0.12472545,0.024660153,0.33795044,0.001798655,0.0007965969,0.026070995,0.302919,0.1810787
ZJ019757,0.19706346,0.22889332,0.2883254,0.0074992185,0.028636033,0.0149856,0.07610869,0.15848827
ZJ019758,0.12475601,0.62125325,0.1059731,0.0009070951,0.0014345313,0.012026132,0.08602037,0.04762952
ZJ019759,0.40717804,0.11302947,0.1962861,0.0028171283,0.013069289,0.005081315,0.23114978,0.03138887
ZJ019760,0.4149997,0.0704133,0.2956586,0.008345911,0.044331882,0.014253083,0.081932634,0.07006492
ZJ019761,0.04909492,0.039144438,0.22315964,0.0014721551,0.007960017,0.59128135,0.034631222,0.05325624
ZJ019762,0.033073805,0.81193566,0.045825753,0.00036124105,0.008328006,0.006421999,0.080619246,0.013434313
ZJ019763,0.55068326,0.0005615845,0.047943406,0.12254075,0.002591791,0.000414994,0.0018449199,0.27341935
ZJ019764,0.5128132,0.027007762,0.2876109,0.0004244014,0.0012776285,0.023109177,0.09311876,0.054638166
ZJ019765,0.05836463,0.182823,0.047893558,0.009110843,0.07981921,0.0007846656,0.5575157,0.06368839
ZJ019766,0.55678374,0.017820476,0.24854872,0.0004794807,0.003828015,0.05641002,0.0809356,0.03519397
ZJ019767,0.24662356,0.033019662,0.27195942,0.0005748283,0.0022663125,0.02516404,0.055104136,0.36528793
ZJ019768,0.023203645,0.01750833,0.019076012,0.00024620208,0.00018040532,0.9091324,0.027794918,0.002858072
ZJ019769,0.37937728,0.085962005,0.27572626,0.056646213,0.07070352,0.0036458273,0.021428932,0.10651
ZJ019770,0.18332699,0.46828946,0.13084808,0.0010266926,0.015759181,0.029409252,0.16467966,0.006660688
ZJ019771,0.03189717,0.18410277,0.70374864,9.5645635e-05,0.000116642,0.021987516,0.056346223,0.0017053862
ZJ019772,0.019424101,0.0042428523,0.019344233,0.00084490544,0.0005931678,0.00022948356,0.95476806,0.00055319257
ZJ019773,0.036696307,0.9000654,0.027511781,0.00023920182,0.0014308218,0.00040617946,0.031436894,0.0022134238
ZJ019774,0.4183864,0.0112076355,0.35240006,0.0017459323,0.004858525,0.0140936235,0.025843963,0.17146379
ZJ019775,0.14738296,0.13243404,0.1599572,0.002775702,0.0029572404,0.0063042543,0.33178043,0.21640822
ZJ019776,0.09949447,0.32014734,0.34681678,0.0018181356,0.0020957994,0.017417427,0.160616,0.051594082
ZJ019777,0.45499974,0.20739631,0.09329174,0.002401721,0.09454157,0.0037359353,0.14141116,0.0022217825
ZJ019778,0.015318813,0.010312363,0.003568815,0.0033424427,0.008507107,0.006682275,0.94919753,0.0030706513
ZJ019779,0.22476505,0.0023057472,0.25213635,0.20371431,0.12520906,0.042885512,0.006346903,0.14263707
ZJ019780,0.15852392,0.041000362,0.16069508,0.004183377,0.0030135035,0.04642065,0.55046666,0.03569642
ZJ019781,0.30569103,0.113575496,0.3561897,0.053341858,0.0031679992,0.029754244,0.10994248,0.028337194
ZJ019782,0.6012276,0.0101740025,0.011278032,0.0009455639,0.2662953,0.00027265653,0.08514663,0.024660211
ZJ019783,0.18327326,0.022034768,0.27903658,0.003109285,0.0025934926,0.006846254,0.3554962,0.1476102
ZJ019784,0.27469376,0.003548689,0.61031634,0.019228715,0.00032746865,0.006722478,0.005858726,0.07930381
ZJ019785,0.27846953,0.074120745,0.14614561,0.002823223,0.054608725,0.010453569,0.30483532,0.12854324
ZJ019786,0.17733619,0.21349132,0.21969767,0.00042429558,0.0010892679,0.0043220567,0.3756548,0.007984469
ZJ019787,0.072666876,0.7840997,0.07484854,0.00029751196,0.00027237018,0.019234031,0.027414842,0.021166125
ZJ019788,0.0030164935,0.00047156384,0.0014961555,0.000102703336,1.0551019e-05,0.0009697105,0.9938683,6.455028e-05
ZJ019789,0.19478127,0.095528044,0.25471142,0.0019539634,0.006606558,0.021314558,0.3569967,0.068107486
ZJ019790,0.19483873,0.04765727,0.45737833,0.108141325,0.021480251,0.018011115,0.01762577,0.13486724
ZJ019791,0.13166986,0.75031835,0.057552557,0.0008937903,0.0035219032,0.003856181,0.039417487,0.012769779
ZJ019792,0.085242,0.13510439,0.03464091,0.02050612,0.016648358,0.00048383905,0.59733605,0.11003838
ZJ019793,0.16349815,0.035721354,0.16047461,0.0010915602,0.0037026037,0.036605515,0.5744653,0.024440993
ZJ019794,0.1364184,0.0017544255,0.1654616,0.33321637,0.0040188143,0.0026837357,0.005252972,0.35119364
ZJ019795,0.051504023,0.6075048,0.23728064,0.00025900741,0.0002451072,0.011523488,0.08613821,0.0055447044
ZJ019796,0.07698788,0.0021751581,0.5500423,0.0055678836,0.13165273,0.16560188,0.018780185,0.049192052
ZJ019797,0.08879323,0.099149,0.32171813,0.35864678,0.08993704,0.00827485,0.0066848146,0.026796179
ZJ019798,0.29739836,0.037941884,0.0360651,0.024445107,0.04074248,0.00067374896,0.39137793,0.17135544
ZJ019799,0.0038121932,0.0008713579,0.0052322843,0.0044957534,8.363048e-05,0.97066706,0.0107983025,0.0040394347
ZJ019800,0.022391245,0.12968382,0.49475914,0.00022726067,0.00088980014,0.27838442,0.050608717,0.023055553
ZJ019801,0.10575859,0.0048502553,0.16278018,0.40975904,0.0019497068,0.00096501334,0.006415633,0.3075216
ZJ019802,0.2952173,0.068367794,0.19725893,0.023808302,0.13074635,0.006361425,0.113901116,0.16433871
ZJ019803,0.3745218,0.058737468,0.39804596,0.0036968016,0.00895596,0.0063596293,0.077152975,0.07252938
ZJ019804,0.09806527,0.02678779,0.010838524,0.00012575235,0.0011980124,0.0016235997,0.8599243,0.0014366657
ZJ019805,0.016810475,0.007971095,0.029389976,0.0012388725,0.0028296409,0.00024068278,0.9337477,0.0077715963
ZJ019806,0.16833545,0.02100411,0.19669995,0.00021467019,0.0005893701,0.011293155,0.5878199,0.014043407
ZJ019807,0.22736903,0.008964836,0.09087681,0.0017469788,0.013062761,0.007112973,0.52303797,0.1278286
ZJ019808,0.032318424,0.008302494,0.06506478,0.0013649759,0.0012510623,0.00032477174,0.8874539,0.003919553
ZJ019809,0.30584952,0.068175234,0.4136652,0.0037147861,0.0018567662,0.014098254,0.17377648,0.018863779
ZJ019810,0.21048543,0.32116246,0.18406726,0.00060228986,0.001858802,0.0077523524,0.25504196,0.019029452
ZJ019811,0.05270051,0.0033810127,0.12477433,0.00036900162,0.0003134293,0.09717654,0.70450974,0.016775401
ZJ019812,0.38509426,0.0280158,0.28456983,0.0032606255,0.013579042,0.004601066,0.10908837,0.17179103
ZJ019813,0.22525804,0.059157982,0.1128498,0.19990984,0.02490021,0.0061578387,0.010527341,0.36123896
ZJ019814,0.36803567,0.049878094,0.10624166,0.0010526417,0.0048043574,0.042667393,0.35386607,0.07345411
ZJ019815,0.14735429,0.033988025,0.20475076,0.00037143414,0.0049155625,0.0055691716,0.59219664,0.010854139
ZJ019816,0.105793476,0.52481467,0.1010028,0.0038004294,0.0077324156,0.00081696606,0.24496904,0.011070235
ZJ019817,0.035032474,0.8192823,0.012804171,0.00091388886,0.002101423,0.031159084,0.093242235,0.0054644323
ZJ019818,0.39345905,0.0025262276,0.19637947,0.0003377311,0.07067433,0.026665505,0.29303536,0.01692238
ZJ019819,0.012805147,0.96879053,0.0083684055,1.519225e-05,5.456678e-05,0.0016729267,0.006892449,0.0014007149
ZJ019820,0.07445092,0.004524723,0.21481594,0.010339225,0.17621839,0.39290956,0.015778981,0.11096221
ZJ019821,0.13150795,0.0025272726,0.48149848,0.20926039,0.001240162,0.015083831,0.0018750806,0.15700684
ZJ019822,0.0018279005,0.001563295,0.00134638,0.0006853453,0.00015336188,0.99334955,0.00059573125,0.0004783892
ZJ019823,0.42616355,0.08213834,0.2475907,0.05516206,0.039855447,0.0038305817,0.019148754,0.12611057
ZJ019824,0.24055293,0.011889863,0.18044445,0.0015736576,0.0016817597,0.0039582974,0.26661104,0.29328802
ZJ019825,0.2373192,0.0009548872,0.37063667,0.061171785,0.076640084,0.05138423,0.005503985,0.19638914
ZJ019826,0.30160126,0.1485783,0.09309664,0.014900631,0.028286185,0.0031904825,0.1981188,0.21222766
ZJ019827,0.028606625,0.0027693468,0.098560005,0.46034443,0.002132075,0.14496969,0.0011836311,0.26143423
ZJ019828,0.67124957,0.011101758,0.03630366,0.0010338628,0.2602861,0.014188665,0.0036835559,0.0021527964
ZJ019829,0.33125392,0.047700737,0.118117094,0.00057789613,0.031507716,0.011053698,0.42735896,0.03242995
ZJ019830,0.2994729,0.1337263,0.25911707,0.000866394,0.0013394176,0.013230913,0.27777618,0.014470875
ZJ019831,0.5239878,0.0010185433,0.16674095,0.2849382,0.0006039467,0.008809972,0.0016895514,0.012211009
ZJ019832,0.29685253,0.1595641,0.3708484,0.0053289956,0.03383237,0.005904616,0.038834035,0.08883494
ZJ019833,0.22306772,0.0561203,0.32845074,0.004572191,0.16598384,0.0097523695,0.15078741,0.061265428
ZJ019834,0.21144128,0.02925891,0.27058852,0.12988876,0.009691636,0.075792655,0.009226468,0.26411182
ZJ019835,0.0005323281,0.0006738851,0.000539385,0.0015286447,0.00013030187,0.9962316,0.00023015164,0.00013370144
ZJ019836,0.17012043,0.015955266,0.3546376,0.00034379243,0.0022023153,0.07860571,0.35533255,0.022802286
ZJ019837,0.00014771636,0.002057355,0.0010726379,0.0001918935,0.0020228496,0.9936901,0.00017889669,0.0006385652
ZJ019838,0.17568694,0.20445716,0.2286643,0.004630103,0.006145079,0.03278097,0.2437546,0.10388081
ZJ019839,0.04594702,0.013221828,0.7914184,0.018530115,0.036758725,0.056108844,0.034502957,0.003512089
ZJ019840,0.122351736,0.047203735,0.02323362,0.04102664,0.07784556,0.5986622,0.04644571,0.04323082
ZJ019841,0.00490279,0.00058510015,0.0033665367,0.0019036077,0.0030700355,0.98170173,0.0013998102,0.003070346
ZJ019842,0.4949937,0.028111411,0.0353359,0.28735846,0.13675681,0.004046276,0.00854859,0.0048488453
ZJ019843,0.23417239,0.10321003,0.2674256,0.0030708124,0.0020006748,0.016862923,0.036304563,0.33695298
ZJ019844,0.09323677,0.016009836,0.36158913,0.0042908085,0.0008298615,0.035947055,0.43273798,0.05535857
ZJ019845,0.22393897,0.09353944,0.388437,0.0011840471,0.0045341197,0.02217712,0.2434587,0.02273065
ZJ019846,0.2679527,0.00020906965,0.13848656,0.146366,0.002927432,0.022254456,0.0012863388,0.4205174
ZJ019847,0.17656133,0.16052687,0.4288166,0.007291287,0.025364086,0.016265934,0.18057255,0.0046013845
ZJ019848,0.15921964,0.002809002,0.1446531,0.37056088,0.016835399,0.002276801,0.012094622,0.29155055
ZJ019849,0.07295557,0.006049601,0.32465464,0.00055189175,0.0006188967,0.2911938,0.26041028,0.043565296
ZJ019850,0.06625011,0.021038877,0.11802865,0.0006905446,0.00077486574,0.05453216,0.6428134,0.09587136
ZJ019851,0.41862082,0.03786122,0.28095338,0.0011755208,0.00895206,0.007999772,0.19483949,0.049597725
ZJ019852,0.18908495,0.03131042,0.33129263,0.0011009026,0.0060754805,0.008856407,0.42722014,0.005059086
ZJ019853,0.39420518,0.024976784,0.12114061,0.0013050975,0.08861349,0.01342509,0.30842787,0.047905833
ZJ019854,0.30751273,0.16781673,0.34079814,0.0012875951,0.034598272,0.0035938816,0.105395325,0.03899732
ZJ019855,0.7215988,0.15980135,0.074662685,0.0001773846,0.004988233,0.00254661,0.030185837,0.0060390495
ZJ019856,0.36800924,0.058635592,0.21892266,0.0045052203,0.058818143,0.0018632904,0.23758242,0.051663503
ZJ019857,0.06432137,0.036169045,0.016521383,0.021484826,0.024696503,0.80344045,0.020132633,0.013233875
ZJ019858,0.4506449,0.0136605315,0.17301184,0.000834847,0.015923945,0.01203166,0.319128,0.014764319
ZJ019859,0.31663433,0.12585591,0.09664312,0.034938212,0.045036722,0.00495181,0.16086167,0.21507822
ZJ019860,0.0624025,0.00062253064,0.36698928,0.021910788,0.07066679,0.24818608,0.0017527846,0.22746922
ZJ019861,0.6548351,0.029423308,0.04865993,0.0011240068,0.006808944,0.04821541,0.20581356,0.005119782
ZJ019862,0.83377093,0.0031095603,0.01869628,0.00045780896,0.0012901201,0.004332446,0.13725689,0.0010860318
ZJ019863,0.029250147,0.0026750944,0.061589133,0.0012112939,6.460422e-05,0.003126093,0.8391572,0.06292641
ZJ019864,0.052226916,0.023453077,0.26394057,0.0012849403,0.0007270026,0.004604309,0.63788587,0.015877342
ZJ019865,0.13375013,0.28240958,0.16831182,0.028095352,0.273676,0.017945318,0.0087640695,0.08704776
ZJ019866,0.13356972,0.020857243,0.43652073,0.08959025,0.0014120683,0.26015356,0.012396477,0.0454999
ZJ019867,0.33305123,0.0047443616,0.29743564,0.13870475,0.011430696,0.0375068,0.0039014257,0.1732251
ZJ019868,0.26624295,0.002838944,0.0103317015,4.692767e-05,0.00015411677,0.0033862134,0.71608824,0.0009109173
ZJ019869,0.2322876,0.27510384,0.21881497,0.006752867,0.016648268,0.0010164698,0.14924118,0.10013482
ZJ019870,0.28011256,0.2718217,0.22474451,0.009554065,0.031164536,0.014033995,0.070707,0.09786157
ZJ019871,0.96859324,0.003886572,0.012001825,0.0003721097,0.00045720156,0.0030716741,0.011421779,0.0001956302
ZJ019872,0.04729378,0.012445896,0.21166319,0.0026377751,0.0009811528,0.004375874,0.62226844,0.09833379
ZJ019873,0.13838173,0.0055695,0.7078738,0.034749232,0.00021155074,0.006279245,0.005324473,0.10161045
ZJ019874,0.0024309126,0.008149802,0.016394194,1.2381447e-05,0.0003464398,0.9707057,0.0010158999,0.0009447008
ZJ019875,0.21230508,0.1204519,0.23160428,0.0006891938,0.006703632,0.00040473713,0.42263559,0.00520559
ZJ019876,0.19898972,0.0039003657,0.047586784,0.0034649011,0.66567737,0.034421016,0.007595802,0.038364068
ZJ019877,0.06145935,0.00065127853,0.10729601,0.43742192,0.0018106612,0.00092395523,0.002786101,0.3876508
ZJ019878,0.2145603,0.21635789,0.23278974,0.0010646511,0.0010281336,0.017289987,0.24346393,0.07344539
ZJ019879,0.19686806,0.03073912,0.0063752774,0.7421445,0.016956277,0.0015633415,0.0039540846,0.00139921
ZJ019880,0.1486343,0.059815038,0.42505348,0.001188459,0.0028681518,0.0024789737,0.3358688,0.02409279
ZJ019881,0.19938847,0.09001094,0.3833932,0.09755097,0.054392785,0.04508411,0.02212424,0.108055286
ZJ019882,0.64039516,0.06905869,0.09271649,0.00095527776,0.0053039966,0.0073162857,0.15247527,0.03177883
ZJ019883,0.29851443,0.05699637,0.47536162,0.023116263,0.043872226,0.0062503093,0.024418542,0.07147022
ZJ019884,0.00094308594,0.0017820267,0.015240309,3.271118e-05,0.00031665163,0.98093134,0.000357068,0.00039673792
ZJ019885,0.302966,0.093718976,0.071743645,0.020684615,0.018253807,0.002318525,0.28589085,0.20442359
ZJ019886,0.04699678,0.010794886,0.032407805,0.0007051043,0.003617103,0.25877443,0.64194876,0.0047550867
ZJ019887,0.3014149,0.21668482,0.27039224,0.00045354536,0.0017527236,0.01917648,0.15110652,0.039018743
ZJ019888,0.25759035,0.38306245,0.116184436,0.0016392586,0.00047714048,0.0073766652,0.22530364,0.008366067
ZJ019889,0.0014027661,0.001838652,0.008586012,8.132257e-05,0.00020646802,0.98476774,0.00038698036,0.0027300303
ZJ019890,0.15925965,0.43814936,0.20353943,0.0018211125,0.0036611417,0.019950878,0.16802582,0.005592585
ZJ019891,0.39542538,0.078527614,0.37004706,0.0016497105,0.041218527,0.019951902,0.07245421,0.020725632
ZJ019892,0.30403426,0.077433325,0.11423724,0.10023902,0.004313185,0.0019239661,0.020832231,0.37698677
ZJ019893,0.20599985,0.4932279,0.08212208,0.00750072,0.008540075,0.0017056788,0.15665276,0.044250973
ZJ019894,0.27513516,0.1077003,0.26040536,0.008237059,0.2232203,0.017431285,0.039323892,0.06854662
ZJ019895,0.30019546,0.103832,0.0848856,0.012005669,0.025501838,0.0019855895,0.3024264,0.16916744
ZJ019896,0.86270136,0.00094019144,0.06609415,0.0049739396,0.019618878,0.017191505,0.017069116,0.011410913
ZJ019897,0.17641418,0.11566351,0.35361007,0.00014526621,0.0006465794,0.009166129,0.34095955,0.0033947264
ZJ019898,0.25983897,0.1278743,0.214483,0.00044899015,0.001084457,0.0029961776,0.28773922,0.105534844
ZJ019899,0.28411642,0.01864599,0.4136829,0.0019324034,0.12151322,0.0032719763,0.13664755,0.020189555
ZJ019900,0.28360608,0.09634015,0.33758366,0.056755736,0.024041481,0.004824115,0.033729672,0.16311911
ZJ019901,0.086771496,0.75930905,0.035423577,0.00073823525,0.023842119,0.0013323786,0.06459551,0.02798769
ZJ019902,0.23724477,0.02979333,0.48984587,0.007919172,0.0042933985,0.045782786,0.12644708,0.058673598
ZJ019903,0.17129973,0.009701196,0.028670577,0.011657674,0.018769408,0.0003457394,0.7050464,0.054509312
ZJ019904,0.4155928,0.006902053,0.10730052,0.0005710121,0.0031484594,0.007043899,0.4252684,0.034172855
ZJ019905,0.048189785,0.8806057,0.027582852,0.0022328997,0.005245004,0.0004029442,0.025312368,0.010428437
ZJ019906,0.20359321,0.28290612,0.2262542,0.0029320137,0.010738037,0.030296175,0.13913831,0.1041419
ZJ019907,0.046579894,0.03893157,0.43219993,0.00076191005,0.0061467947,0.14429349,0.28530318,0.045783255
ZJ019908,0.17230164,0.033337697,0.24499711,0.0020738442,0.012585199,0.04990533,0.30850774,0.17629139
ZJ019909,0.11295631,0.0028399478,0.16417634,0.38446996,0.0024957748,0.0036916113,0.008163113,0.321207
ZJ019910,0.3419506,0.013031195,0.079238266,0.19618846,0.038628906,0.008580698,0.026136173,0.29624566
ZJ019911,0.0013545329,0.0017342791,0.011354957,3.9735365e-05,0.0032810937,0.98118114,0.00023057347,0.0008237003
ZJ019912,0.3255902,0.06624317,0.17742752,0.008687554,0.029759778,0.016556818,0.20073251,0.17500244
ZJ019913,0.0016754485,0.0015817166,0.03196717,5.63901e-05,0.0030473035,0.96041644,0.0004615456,0.0007940328
ZJ019914,0.019747593,0.01617407,0.34822786,0.00066358055,0.0022911676,0.5866173,0.02360618,0.0026722136
ZJ019915,0.08018342,0.054901965,0.5764968,0.0013903115,0.039375857,0.099893406,0.13483754,0.012920669
ZJ019916,0.2590162,0.005826513,0.35007364,0.3318328,0.00079119834,0.005595628,0.00292223,0.043941807
ZJ019917,0.03876461,0.014016426,0.35972425,0.010821717,0.004424218,0.5574818,0.012421525,0.002345401
ZJ019918,0.018732598,0.0028285447,0.1400105,0.051644925,0.006265996,0.06344306,0.0027079082,0.7143664
ZJ019919,0.17422804,0.028052434,0.4792814,0.0018743048,0.001624346,0.010425165,0.2840063,0.020507993
ZJ019920,0.24726541,0.39284295,0.08178484,0.0045641446,0.020908544,0.017820898,0.12058283,0.11423041
ZJ019921,0.0158298,0.39754292,0.50254244,8.2574654e-05,5.0796716e-05,0.0017863641,0.079948284,0.0022167857
ZJ019922,0.092545174,0.036578152,0.19204268,0.007839276,0.027802248,0.008889797,0.6202077,0.01409498
ZJ019923,0.0584031,0.18869865,0.10446081,0.003402,0.028977674,0.0009075578,0.5899289,0.02522131
ZJ019924,0.183836,0.17557856,0.08130347,0.0011781277,0.004619296,0.010985277,0.50715816,0.03534113
ZJ019925,0.13225994,0.09614993,0.06248751,0.005688705,0.011058936,0.000762834,0.6115357,0.080056354
ZJ019926,0.4629146,0.010966018,0.114828035,0.00081036513,0.030418362,0.00043140585,0.36029857,0.019332632
ZJ019927,0.08116954,0.06263409,0.58692765,0.00054024765,0.00054883707,0.002331908,0.09865886,0.16718882
ZJ019928,0.26097924,0.10103638,0.29769322,0.00043051533,0.000812893,0.005646244,0.3259372,0.0074643358
ZJ019929,0.4171762,0.056383923,0.2505488,0.008633439,0.06586061,0.022619417,0.10083978,0.07793784
ZJ019930,0.20940307,0.085617416,0.3153496,0.024402885,0.0005926489,0.015329181,0.056742743,0.29256243
ZJ019931,0.28661862,0.024630861,0.16196066,0.0016903665,0.0017001875,0.042876925,0.44028372,0.0402387
ZJ019932,0.026447102,0.9262451,0.0101898415,0.00023054313,0.0006473507,0.00019093898,0.02717676,0.008872328
ZJ019933,0.034270752,0.53354675,0.124212176,0.00081437116,0.000407996,0.00091068755,0.25920528,0.046631992
ZJ019934,0.6952616,0.045666907,0.098206446,0.0005033164,0.0009776781,0.00041492636,0.15265779,0.006311279
ZJ019935,0.0007873724,0.003772056,0.03899357,8.692547e-05,0.001591487,0.9534927,0.00025597846,0.0010198876
ZJ019936,0.18725531,0.044566132,0.335995,0.008659934,0.00857308,0.019960577,0.01277172,0.3822183
ZJ019937,0.539586,0.012530332,0.029919196,0.23838438,0.16516355,0.003141241,0.008722349,0.0025529983
ZJ019938,0.02708878,0.7827305,0.086633414,0.00019619819,0.00038314887,0.0008051883,0.06647086,0.035691928
ZJ019939,0.11604349,0.036773253,0.17286995,0.0011481217,0.0017700567,0.12354306,0.37209356,0.17575847
ZJ019940,0.049842715,0.011091843,0.30981094,0.0029557468,0.0006509088,0.5003433,0.086692765,0.038611755
ZJ019941,0.065654136,0.87330973,0.02264238,0.00017288074,0.0015275509,0.0147538455,0.0049745427,0.016965007
ZJ019942,0.0007167285,0.0024336083,0.022082936,4.5866997e-05,0.00093053107,0.9719577,0.0004095749,0.0014231233
ZJ019943,0.23129743,0.12479047,0.20446928,0.0028804238,0.0032045834,0.009520712,0.36656135,0.05727578
ZJ019944,0.30644706,0.0069272816,0.4037808,0.24234486,0.001202771,0.0057827323,0.0027647333,0.0307498
ZJ019945,0.19415523,0.53800106,0.085746035,0.0052100434,0.014821796,0.0046463083,0.11003516,0.04738435
ZJ019946,0.29613423,0.18801358,0.24589863,0.022326492,0.051112972,0.03856567,0.061414316,0.09653408
ZJ019947,0.09132936,0.04528902,0.5524434,0.0005296239,0.0011299482,0.0017108818,0.12899831,0.17856939
ZJ019948,0.2767244,0.018412933,0.25129882,0.34889328,0.033143245,0.011199471,0.0170721,0.04325573
ZJ019949,0.10493408,0.15537429,0.008772644,0.000619494,0.0015373472,0.00031554018,0.7261724,0.002274241
ZJ019950,0.12883674,0.583187,0.13398474,0.0044122986,0.010699826,0.0018112804,0.12213581,0.014932297
ZJ019951,0.103965715,0.016702622,0.5665699,0.0003963218,0.017420014,0.04802848,0.22499543,0.02192147
ZJ019952,0.23480228,0.0030359942,0.19144222,0.1328246,0.011734423,0.15440795,0.0046297037,0.26712278
ZJ019953,0.24937627,0.26090503,0.18932462,0.00836463,0.019005328,0.05008233,0.13909993,0.08384185
ZJ019954,0.12300963,0.45813394,0.1978069,0.067034185,0.010509973,0.004455557,0.07837693,0.060672905
ZJ019955,0.08222779,0.05655776,0.48699194,0.21549621,0.0006860346,0.00579794,0.13097607,0.021266237
ZJ019956,0.0867771,0.13053794,0.08343477,0.40851703,0.0018609313,0.04240353,0.014541505,0.23192723
ZJ019957,0.3238316,0.004668653,0.4740784,0.007300689,0.013970599,0.05049362,0.032728493,0.09292793
ZJ019958,0.2937224,0.031915132,0.15841614,0.0091932295,0.015071171,0.005349535,0.3312077,0.15512475
ZJ019959,0.2181833,0.0029786734,0.10820317,0.123483494,0.064205386,0.010871574,0.003291145,0.4687832
ZJ019960,0.35161772,0.035513632,0.20969363,0.032914847,0.006601336,0.0010833932,0.038495556,0.32407987
ZJ019961,0.13818945,0.034641918,0.022162782,0.011687133,0.01694551,0.7481679,0.016356913,0.01184838
ZJ019962,0.34895998,0.13820684,0.19033492,0.004653706,0.009207702,0.0063677207,0.21972921,0.08253995
ZJ019963,0.13311519,0.000923533,0.69876766,0.018795546,0.025508089,0.004079167,0.0024145273,0.11639631
ZJ019964,0.22727942,0.40777665,0.13248304,0.0005548802,0.0024570976,0.005509074,0.20033228,0.02360755
ZJ019965,0.039253764,0.026462093,0.17721452,0.29926237,0.000592495,0.4013447,0.005418772,0.050451335
ZJ019966,0.10174668,0.034386914,0.22855039,0.16518916,0.007300235,0.41583157,0.0060403445,0.04095473
ZJ019967,0.13473551,0.015830958,0.5736536,0.00033978236,0.00093426486,0.0425014,0.2244239,0.0075806286
ZJ019968,0.20618075,0.3483974,0.12490713,0.024494018,0.001897058,0.000691193,0.0091268625,0.2843056
ZJ019969,0.028633853,0.0018496101,0.21137227,0.17993884,0.00013553783,0.0018633961,0.00077174144,0.57543474
ZJ019970,0.67363113,0.017842552,0.04439832,0.18358757,0.060545776,0.00843117,0.005208736,0.006354737
ZJ019971,0.15485618,0.0028114812,0.115755774,0.5749132,0.023170957,0.01174402,0.009168296,0.107580066
ZJ019972,0.1774662,0.065144144,0.15444382,0.0021826788,0.04312873,0.22987811,0.31771895,0.010037441
ZJ019973,0.2272778,0.006212782,0.38620836,0.0031762156,0.0020661708,0.0800538,0.28999057,0.0050142487
ZJ019974,0.34182784,0.044892468,0.28601715,0.00018533845,0.0005109581,0.2953718,0.028768621,0.0024258883
ZJ019975,0.26220682,0.003180417,0.43754342,0.015259683,0.06797529,0.09798521,0.01041804,0.10543114
ZJ019976,0.15235491,0.006359396,0.19406717,0.4515556,0.0013959474,0.006876996,0.009380169,0.17800976
ZJ019977,0.18133594,0.5122155,0.12534171,0.0001683979,0.00055809383,0.07707274,0.08404041,0.019267265
ZJ019978,0.38694656,0.18671182,0.0803546,0.012864647,0.01833038,0.0012683372,0.1161059,0.19741772
ZJ019979,0.4217291,0.06703576,0.16446766,0.001620805,0.016328719,0.041910883,0.25269878,0.034208324
ZJ019980,0.10790661,0.35948628,0.2070588,0.0009577424,0.0008814277,0.1924951,0.112057425,0.019156622
ZJ019981,0.00046140037,0.00046048535,0.0042856243,2.959926e-05,0.00023354361,0.99391264,0.00025321794,0.0003634059
ZJ019982,0.31380427,0.1640251,0.077822156,0.018717412,0.021834701,0.0020359117,0.2541756,0.14758483
ZJ019983,0.09652791,0.4859041,0.2571357,0.0015530756,0.0045107193,0.020041144,0.12741935,0.0069079706
ZJ019984,0.01370387,0.018258736,0.047457967,0.0003814822,0.00080919283,0.00056128396,0.909974,0.008853498
ZJ019985,0.14111881,0.05906564,0.4405591,0.00071718235,0.004214424,0.038073774,0.24133441,0.07491665
ZJ019986,0.15157795,0.053357273,0.2957121,0.04835998,0.015252049,0.16316304,0.040348455,0.23222907
ZJ019987,0.43984035,0.044086616,0.19981602,0.0096756425,0.005952856,0.0263984,0.040089764,0.23414032
ZJ019988,0.1108351,0.0013116905,0.68456364,0.021182869,0.0059071113,0.02763971,0.0012392605,0.14732073
ZJ019989,0.37272406,0.045849204,0.13207039,0.18192211,0.035830714,0.012578489,0.029133946,0.1898911
ZJ019990,0.008425687,0.0026722504,0.022198604,0.047854073,0.000578155,0.009390995,0.6958629,0.21301739
ZJ019991,0.10236709,0.2188829,0.13407794,0.14694186,0.006124214,0.03619167,0.10337976,0.2520346
ZJ019992,0.55427533,8.823474e-05,0.00048199893,7.964783e-06,0.44485027,0.00012002184,0.00016710829,9.142447e-06
ZJ019993,0.14099462,0.037765693,0.009240532,0.7825621,0.012259117,0.0070318496,0.0061777113,0.0039684405
ZJ019994,0.46544066,0.28881302,0.08319537,0.00247817,0.01605926,0.0026384096,0.12283054,0.018544635
ZJ019995,0.1800958,0.0007589557,0.16943271,0.4550794,0.0046923426,0.0018238418,0.0043271147,0.1837898
ZJ019996,0.07024005,0.0007234697,0.06586903,0.12260989,0.00885393,0.13557526,0.0011169671,0.59501135
ZJ019997,0.5113523,0.020817278,0.1349082,0.0021873093,0.004508547,0.05736775,0.23457876,0.03427987
ZJ019998,0.3453936,0.09506632,0.3928884,0.0035171648,0.044076707,0.003485701,0.05954189,0.056030154
ZJ019999,0.35445735,0.06945343,0.09078266,0.0018523865,0.00023010513,0.0106949415,0.46303254,0.00949661
ZJ020000,0.006938298,0.004360281,0.043571822,0.29904333,0.0021492236,0.63399655,0.0047900653,0.005150483
ZJ020001,0.7545295,0.024684148,0.09539783,0.0051022717,0.0026016515,0.020413961,0.013586169,0.08368451
ZJ020002,0.043238383,0.8230545,0.0371268,7.688299e-05,0.00010925459,0.0011638163,0.09280209,0.0024283403
ZJ020003,0.021963019,0.0017715313,0.17797394,0.0006435352,0.0012685464,0.30888057,0.4822604,0.0052384306
ZJ020004,0.4009538,0.15863958,0.091314085,0.006276028,0.013103014,0.24946254,0.027397873,0.052853104
ZJ020005,0.27712965,0.011699287,0.31904796,0.10568795,0.0099417735,0.01817636,0.2212772,0.03703975
ZJ020006,0.12664825,0.012397128,0.39859778,0.00042184533,0.0010714883,0.0024973035,0.4521748,0.00619145
ZJ020007,0.32967395,0.08349319,0.3743975,0.004786722,0.05247165,0.0055504264,0.094189346,0.05543713
ZJ020008,0.08572245,0.13977526,0.4182913,0.00026042768,0.0005632223,0.0013705284,0.34477615,0.009240751
ZJ020009,0.22169028,0.084114455,0.04785764,0.002166401,0.01709699,0.010187311,0.59645087,0.020436073
ZJ020010,0.14451265,0.071538694,0.1515618,0.0048756353,0.010492044,0.023476208,0.28434563,0.30919734
ZJ020011,0.036807545,0.050675828,0.282481,0.0026991612,0.00096045015,0.025512828,0.551378,0.04948517
ZJ020012,0.47689983,0.023903806,0.14711162,0.0013031563,0.014421348,0.009332164,0.3149313,0.012096795
ZJ020013,0.14964333,0.009208548,0.22251873,0.46901056,0.011890774,0.005435903,0.0054489225,0.12684324
ZJ020014,0.017612856,0.012751714,0.010255272,0.0012959841,0.0077973963,0.0020862052,0.9366275,0.0115729915
ZJ020015,0.36312333,0.4086014,0.026588865,0.069857605,0.009294797,0.00050269923,0.022655329,0.099376015
ZJ020016,0.47284308,0.0196504,0.28542262,0.017336749,0.005953258,0.021070806,0.012017058,0.165706
ZJ020017,0.2632243,0.09630058,0.15715954,0.015672375,0.07825986,0.024130048,0.27062652,0.094626784
ZJ020018,0.14534761,0.4799974,0.2184566,0.0017181498,0.0056582363,0.019723805,0.123517804,0.0055803666
ZJ020019,0.04283112,0.018341804,0.8368309,0.0008723141,0.0012753295,0.027857123,0.039301444,0.032689933
ZJ020020,0.18021531,0.0039986605,0.71208805,0.029056547,0.0012559587,0.004722327,0.0055088606,0.06315431
ZJ020021,0.18503357,0.0074520046,0.2819757,0.0037430008,0.22275627,0.22266567,0.07310197,0.0032717916
ZJ020022,0.08906928,0.15767038,0.5813967,0.00062753004,0.013708293,0.007941456,0.10983712,0.0397493
ZJ020023,0.33530003,0.009596339,0.14285865,0.00047063036,0.004805795,0.0076006446,0.48897365,0.010394281
ZJ020024,0.0086217215,0.0077342303,0.024460945,0.0051081134,0.003335297,0.9271374,0.018573351,0.0050289733
ZJ020025,0.11746958,0.0034767187,0.17071927,0.33513635,0.033015408,0.008088481,0.006356977,0.3257372
ZJ020026,0.33827174,0.0627314,0.14854065,0.0045562843,0.002373098,0.012651943,0.35744333,0.073431484
ZJ020027,0.43888718,0.03757213,0.05217162,0.29829413,0.14002703,0.015340688,0.0037921702,0.013915101
ZJ020028,0.10205813,0.5136667,0.08878699,0.01642832,0.026246827,0.047204647,0.20103714,0.0045711827
ZJ020029,0.13341223,0.73928565,0.045534343,0.003689364,0.0008536734,0.0047244905,0.010923101,0.061577197
ZJ020030,0.24900211,0.055496335,0.107801884,0.0009460587,0.00031647272,0.015720379,0.5674236,0.003293163
ZJ020031,0.17065188,0.00318872,0.19451807,0.26992372,0.025389787,0.015131155,0.0031471932,0.31804952
ZJ020032,0.13623722,0.0027415422,0.26022452,0.20603311,0.070291825,0.04954946,0.004923668,0.26999864
ZJ020033,0.3383666,0.02805748,0.29912207,0.00324567,0.0065861223,0.011793763,0.26622543,0.04660287
ZJ020034,0.055572502,0.0013976402,0.0012013422,0.92030144,0.0053705,0.014971164,0.000630345,0.0005550952
ZJ020035,0.16822612,0.18902142,0.2370401,0.08812123,0.00718952,0.018222885,0.048328865,0.24384984
ZJ020036,0.32392675,0.16440398,0.07486115,0.014954346,0.029542213,0.0055317776,0.13826878,0.24851102
ZJ020037,0.3453489,0.02549798,0.16511765,0.010493291,0.003112304,0.006841197,0.35165262,0.091936044
ZJ020038,0.31514055,0.14091672,0.2486589,0.0021600898,0.14691295,0.0015319249,0.093453266,0.051225644
ZJ020039,0.08312881,0.7070974,0.094581716,0.00082184095,0.0007371452,0.02623095,0.07726117,0.010141002
ZJ020040,0.013731313,0.9646978,0.008052646,5.2126426e-05,0.00014940664,0.0025445549,0.007124063,0.0036480466
ZJ020041,0.0076951394,0.0036698475,0.0042595416,0.008825826,0.0019654008,0.96736604,0.00022383839,0.0059942994
ZJ020042,0.30800134,0.07443331,0.22306405,0.002264351,0.0026646415,0.04348495,0.2635243,0.08256305
ZJ020043,0.062782176,0.08805922,0.42538106,0.0005114847,0.00023084422,0.054479554,0.20914437,0.15941124
ZJ020044,0.35017627,0.053091325,0.13984162,0.35860515,0.031869926,0.00524982,0.010629914,0.050535977
ZJ020045,0.112774014,0.003756078,0.07441901,0.024452858,0.62033796,0.03102316,0.0059071532,0.12732978
ZJ020046,0.15023431,0.023753457,0.08532646,0.5130767,0.0015761384,0.14801326,0.008285113,0.06973456
ZJ020047,0.42724,0.0469854,0.22181307,0.0027418756,0.019312454,0.07502722,0.20181502,0.0050649564
ZJ020048,0.033858635,0.070068836,0.19802803,0.0011007825,0.62592334,0.0033348256,0.05945495,0.008230693
ZJ020049,0.093010895,0.016093563,0.17614481,0.00045466577,0.0035309966,0.019618388,0.6773451,0.01380153
ZJ020050,0.034780625,0.006676791,0.18606976,0.0014113906,0.0009237309,0.6386433,0.079629295,0.051865038
ZJ020051,0.068554245,0.043608967,0.14104974,0.0024300371,0.0021590898,0.0024052663,0.680531,0.05926156
ZJ020052,0.0028841093,0.000984809,0.0036607527,0.0006163759,0.00044759674,4.1685627e-05,0.98944175,0.001922964
ZJ020053,0.2961651,0.0013938636,0.16447765,0.041195963,0.37929976,0.037700254,0.012183343,0.067584
ZJ020054,0.10013798,0.049264878,0.32846975,0.0030663537,0.0022978294,0.28905195,0.10729287,0.12041839
ZJ020055,0.27301946,0.114625886,0.164632,0.014346551,0.03907265,0.14278482,0.17113507,0.080383524
ZJ020056,0.0077376924,0.9807029,0.0038192978,1.7580798e-05,4.4612483e-05,0.002871572,0.0041908887,0.00061554933
ZJ020057,0.0651851,0.6381252,0.08900497,0.0043300767,0.02542238,0.001908448,0.15542325,0.020600593
ZJ020058,0.011422482,0.020558992,0.08430416,0.0016147678,0.0033605916,0.7770168,0.0008836614,0.10083839
ZJ020059,0.17893021,0.00131606,0.5180369,0.023624923,0.030322675,0.026161453,0.0030122218,0.2185956
ZJ020060,0.46316943,0.12040271,0.14383394,0.0028322674,0.018271772,0.028415667,0.18524659,0.03782766
ZJ020061,0.39143813,0.03303598,0.3736841,0.0011361944,0.0012347344,0.013323798,0.13031109,0.055836014
ZJ020062,0.38663363,0.13337554,0.07554207,0.022955723,0.047845595,0.009238903,0.08869943,0.23570904
ZJ020063,0.15132572,0.18862504,0.20058987,0.0029837382,0.001194823,0.07818437,0.31150714,0.065589316
ZJ020064,0.09705562,0.21386318,0.32438084,0.00041460272,0.00068344345,0.0073392927,0.33742362,0.018839404
ZJ020065,0.067124866,0.002149399,0.3218237,0.17630847,0.01588391,0.0056483243,0.004563591,0.40649778
ZJ020066,0.2353332,0.003190501,0.60550207,0.026670244,0.00061976793,0.0056973803,0.00857709,0.1144097
ZJ020067,0.1984759,0.17924368,0.017457843,0.00018700735,0.037317265,0.55257684,0.0077279145,0.0070135077
ZJ020068,0.0595147,0.23415373,0.5738534,0.00022334998,0.0001426007,0.0072888266,0.120268114,0.0045553246
ZJ020069,0.11872605,0.03421628,0.2771532,0.00052595994,0.0038068376,0.012211781,0.52712345,0.026236447
ZJ020070,0.23903622,0.05075378,0.3673463,0.0013860614,0.16209602,0.04200063,0.13131754,0.0060634054
ZJ020071,0.17367531,0.00481595,0.17031543,0.34708712,0.022242334,0.0067982185,0.0071153007,0.2679504
ZJ020072,0.06374046,0.04818593,0.3526236,0.0047128694,0.001361807,0.21729393,0.12554595,0.18653545
ZJ020073,0.04570609,0.09771238,0.16162062,0.0061894055,0.0015032719,0.0009766179,0.6636839,0.022607742
ZJ020074,0.4610399,0.056785744,0.060113315,0.01517665,0.039025392,0.0016794134,0.17299914,0.19318047
ZJ020075,0.10787556,0.6882744,0.10178177,9.1091e-05,0.000317817,0.009898634,0.06802446,0.023736274
ZJ020076,0.50291234,0.07185218,0.116009556,0.16889572,0.097324066,0.013981157,0.0068636583,0.022161303
ZJ020077,0.30096912,0.04933866,0.24704495,0.052440733,0.053766683,0.0960616,0.01922859,0.18114965
ZJ020078,0.08399005,0.8134341,0.06079751,0.0008202904,0.003102119,0.00029774362,0.015790572,0.021767603
ZJ020079,0.37865424,0.07317492,0.30875915,0.0040217354,0.021401575,0.044939473,0.12729858,0.041750357
ZJ020080,0.13755293,0.2325814,0.46866137,0.00087857305,0.00037516298,0.011904925,0.14682454,0.0012211188
ZJ020081,0.14460067,0.046832696,0.37496248,0.0009937321,0.0044213254,0.058534436,0.3070552,0.06259947
ZJ020082,0.15707734,0.018565083,0.16948879,0.0011189135,0.0022681262,0.03176561,0.5473942,0.07232197
ZJ020083,0.005159736,0.0029224474,0.0070900177,0.00010464913,5.206103e-05,0.00036016025,0.98331124,0.0009997108
ZJ020084,0.07296809,0.07592426,0.08251942,0.0022176944,0.0071915174,0.0021623524,0.67920727,0.077809416
ZJ020085,0.079923734,0.028688364,0.20075624,0.16893066,0.002502671,0.45050722,0.005588424,0.06310263
ZJ020086,0.004712254,0.00065575395,0.0041018142,0.000528205,0.002114285,0.0052694115,0.9822235,0.00039477507
ZJ020087,0.2903141,0.17864554,0.23770994,0.0032222497,0.14912777,0.0058824336,0.09597112,0.039126895
ZJ020088,0.89934325,0.02338398,0.017799381,0.0005907036,0.0012581919,0.0015176425,0.050838683,0.005268109
ZJ020089,0.49431667,0.039526064,0.2536115,0.0007073838,0.0016841021,0.011057904,0.16246654,0.036629867
ZJ020090,0.3882018,0.0047147283,0.04947661,0.015587734,0.0064283772,0.0045132847,0.27734137,0.25373617
ZJ020091,0.17822187,0.030220017,0.71425855,0.015234959,0.00070337416,0.01577088,0.009596322,0.03599402
ZJ020092,0.030708253,0.20222504,0.6844062,0.00019550062,7.9129866e-05,0.009611456,0.06653058,0.0062437495
ZJ020093,0.43753147,0.12889726,0.17526771,0.018903071,0.0110030705,0.035165504,0.18911871,0.0041132304
ZJ020094,0.13834,0.004886093,0.24137875,0.3886188,0.020530494,0.013077385,0.00523908,0.18792939
ZJ020095,0.27489096,0.1333629,0.31126115,0.0036302474,0.0666732,0.01822445,0.12478486,0.06717225
ZJ020096,0.054446485,0.53449863,0.2967749,0.00031402014,0.0004101546,0.011869548,0.09879036,0.002895881
ZJ020097,0.20234765,0.39205977,0.118367195,0.0008548851,0.0023853006,0.0069381064,0.2061246,0.07092243
ZJ020098,0.037697446,0.0034691356,0.121663034,0.00034296984,0.00060238695,0.6961762,0.08798543,0.052063406
ZJ020099,0.029712778,0.0004921473,0.0634219,0.050185613,0.017768908,0.18650045,0.00083154417,0.6510866
ZJ020100,0.52845186,0.1005757,0.097889446,0.09259787,0.12645946,0.010000341,0.007856238,0.03616911
ZJ020101,0.020861667,0.058435153,0.00515058,2.6828038e-05,0.00022930595,0.64867425,0.2641411,0.0024811993
ZJ020102,0.08783481,0.04826897,0.08041213,0.01295747,0.008497365,0.65708876,0.03315829,0.071782246
ZJ020103,0.02945473,0.9051146,0.033764046,0.00029906747,0.00023384957,0.0022747638,0.009442438,0.019416524
ZJ020104,0.25389484,0.1644195,0.11065197,0.008114108,0.006924568,0.09652436,0.35188487,0.007585796
ZJ020105,0.37057626,0.1119318,0.06662172,0.01640551,0.03872788,0.0021658323,0.16870518,0.22486576
ZJ020106,0.014032545,0.96881837,0.0074875886,4.1624728e-05,9.637292e-05,0.0009554066,0.006871684,0.0016963156
ZJ020107,0.24696259,0.20174214,0.24561486,0.0038063112,0.014764178,0.0010996233,0.16059832,0.12541197
ZJ020108,0.0731771,0.745616,0.07059282,0.000108523156,0.0003977615,0.05737316,0.03520906,0.017525546
ZJ020109,0.25476617,0.051415313,0.22031389,0.0013088062,0.0029718813,0.010288773,0.04308161,0.41585356
ZJ020110,0.20712306,0.047513388,0.47558078,0.0015237974,0.008447515,0.026736734,0.20171836,0.03135634
ZJ020111,0.32192248,0.18270513,0.21590453,0.0038995687,0.16159286,0.0034929195,0.09413167,0.016350897
ZJ020112,0.4611879,0.1188556,0.15705895,0.0017121054,0.0100925425,0.009085628,0.16758198,0.074425325
ZJ020113,0.32417113,0.07480301,0.23053116,0.0006272788,0.00501877,0.0043604416,0.33440453,0.02608364
ZJ020114,0.84819174,0.0020566126,0.06461156,0.010967351,0.00537894,0.0011569064,0.003128109,0.06450882
ZJ020115,0.059792016,0.030147105,0.058492035,0.00013432742,0.0012581549,0.84125674,0.00413895,0.0047806217
ZJ020116,0.0948133,0.0010296699,0.16425975,0.003892605,0.57252336,0.07049305,0.016205171,0.076783076
ZJ020117,0.10914421,0.0010710219,0.17497388,0.62889063,0.012487107,0.0018163065,0.002383786,0.06923308
ZJ020118,0.051232334,0.036027264,0.2559162,0.002654748,0.00093154225,0.013476606,0.6008507,0.038910598
ZJ020119,0.11063563,0.29626703,0.008140056,8.911721e-05,0.003831851,0.57278866,0.0030659258,0.005181738
ZJ020120,0.18644448,0.0010884608,0.11136662,0.35260934,0.0035554515,0.005350626,0.00459849,0.33498645
ZJ020121,0.30028853,0.435584,0.17970137,0.0009410012,0.00067632325,0.031622395,0.047418274,0.003768102
ZJ020122,0.1186471,0.082981646,0.013703285,0.0011223141,0.0026307406,0.000357023,0.77558655,0.004971324
ZJ020123,0.34969437,0.056899402,0.07833202,0.003282413,0.016639417,0.0035483467,0.47638303,0.0152209895
ZJ020124,0.3760803,0.11848356,0.13929299,0.00067638844,0.035549764,0.058200814,0.2172246,0.054491587
ZJ020125,0.115569994,0.0006010008,0.72400135,0.0368462,0.041678097,0.0059513035,0.002195868,0.07315617
ZJ020126,0.09358444,0.001000811,0.13815035,0.31630743,0.0019594065,0.0015899807,0.0040942803,0.44331324
ZJ020127,0.11517577,0.035883512,0.029162303,0.023212958,0.010629078,0.7650139,0.011764583,0.009157918
ZJ020128,0.99402004,0.00065539964,0.0012281467,3.3894705e-06,0.00022740947,3.3355762e-05,0.0025681446,0.001264046
ZJ020129,0.023064915,0.008368018,0.016542641,0.0023768735,9.5277224e-05,0.006369419,0.9286234,0.0145594785
ZJ020130,0.38341358,0.045780424,0.2612025,0.0023512442,0.0101620285,0.012409249,0.25262383,0.032057203
ZJ020131,0.37706214,0.090320565,0.30120343,0.0071502705,0.07146935,0.00910461,0.060855918,0.08283377
ZJ020132,0.4872707,0.01250895,0.1537055,0.00052768877,0.007531896,0.020248204,0.124219775,0.19398725
ZJ020133,0.58067167,0.05220662,0.11960439,0.007848046,0.019406298,0.007639203,0.092637464,0.119986326
ZJ020134,0.043982845,0.030301265,0.5345759,0.0016932735,0.0044785496,0.2777486,0.08640156,0.02081808
ZJ020135,0.09778938,0.0057088644,0.011755263,8.316393e-05,0.02593479,0.0005152886,0.8535147,0.004698572
ZJ020136,0.39509895,0.07312138,0.05467828,0.070602335,0.009111829,0.020405585,0.2712615,0.10572018
ZJ020137,0.009770735,0.010439747,0.0019144806,0.9362478,0.012961362,0.026046075,0.0020342027,0.00058560463
ZJ020138,0.0156035805,0.95674014,0.010453809,0.0004607898,0.0013953693,0.0023641442,0.0075586084,0.005423631
ZJ020139,0.34841853,0.24956787,0.03879705,0.022981036,0.09691436,0.0018734331,0.10470216,0.1367455
ZJ020140,0.044448327,0.15457202,0.03722763,0.0006445828,0.0003434046,0.050398353,0.7079839,0.0043817805
ZJ020141,0.005395715,0.002176551,0.010280323,0.00089044566,0.00013380489,0.97097963,0.008086202,0.0020573144
ZJ020142,0.19783269,0.03598357,0.36499316,0.0012371583,0.011375145,0.008381928,0.36156124,0.018635163
ZJ020143,0.081886865,0.051611047,0.22247407,0.0036988128,0.0039032826,0.039196406,0.51624215,0.08098738
ZJ020144,0.33591163,0.044372283,0.23734511,0.0016628808,0.0050539267,0.020192584,0.31462654,0.040835023
ZJ020145,0.40200567,0.07211067,0.22397216,0.021081498,0.028783599,0.020959705,0.15692154,0.074165165
ZJ020146,0.088764824,0.0034394644,0.20753735,0.020336054,0.41691273,0.13014042,0.014407916,0.11846119
ZJ020147,0.09546117,0.0035038379,0.26875255,0.2180891,0.009710872,0.003255251,0.00385342,0.39737374
ZJ020148,0.00072993076,0.0014716138,0.0044450564,0.00024006446,0.0015746019,0.9895526,0.0005923264,0.001393763
ZJ020149,0.069605075,0.010885146,0.05150577,0.012432557,0.012496725,0.78064233,0.042650253,0.019782178
ZJ020150,0.25187698,0.04154971,0.12063845,0.029813195,0.020095931,0.0037720043,0.3618127,0.17044094
ZJ020151,0.2393974,0.37809527,0.19606501,0.00846572,0.021395437,0.0034272603,0.07446056,0.07869336
ZJ020152,0.40257362,0.06332046,0.1583409,0.0009150861,0.013998589,0.0095935175,0.3352987,0.015959159
ZJ020153,0.34546024,0.0063584344,0.34771973,0.25460717,0.0011859026,0.007868024,0.0037027053,0.033097748
ZJ020154,0.36345413,0.0047122715,0.023458762,0.00043593007,0.0041115186,0.0025968929,0.5742296,0.027000839
ZJ020155,0.25606444,0.038090654,0.38382086,0.19310911,0.06919486,0.004668684,0.011400355,0.043651007
ZJ020156,0.14179872,0.0318285,0.4752945,0.0013423736,0.0005691659,0.020253586,0.32538626,0.0035268432
ZJ020157,0.32621133,0.040742494,0.123154335,0.0007588986,0.0025075853,0.02510789,0.3255205,0.15599702
ZJ020158,0.09974606,0.3828689,0.023951113,0.0028271237,0.0080561675,0.0003764938,0.4766191,0.005555089
ZJ020159,0.090992615,0.014187154,0.45766613,0.0038351042,0.0008364518,0.009589907,0.36164108,0.061251573
ZJ020160,0.12501483,0.7041561,0.10761831,9.876761e-05,0.00074553635,0.006439388,0.047306303,0.008620759
ZJ020161,0.05822294,0.8345713,0.024293939,0.0007039989,0.0009170193,0.0005925792,0.049947746,0.030750493
ZJ020162,0.004332263,0.9830552,0.0016707199,9.313407e-05,0.007256866,0.00015384023,0.0029862912,0.00045180286
ZJ020163,0.074715935,0.085822485,0.643032,0.0146780545,0.009641705,0.08637775,0.08132806,0.004403923
ZJ020164,0.31045595,0.017181663,0.5076754,0.0014727898,0.000910912,0.019889396,0.12128207,0.02113175
ZJ020165,0.21142462,0.05045243,0.11815568,0.27978078,0.019984439,0.012618832,0.010065623,0.29751763
ZJ020166,0.19868855,0.057629436,0.45979607,0.009261678,0.009311266,0.016389215,0.2444771,0.0044466625
ZJ020167,0.6898588,0.027812032,0.11524326,0.002598545,0.00743832,0.0105191395,0.0609385,0.085591465
ZJ020168,0.09116903,0.0025114794,0.27780083,0.013811662,0.38393348,0.1989523,0.008396875,0.023424318
ZJ020169,0.017454896,0.9343792,0.024705311,0.00022425047,0.0024817863,0.00090343936,0.016060665,0.0037905325
ZJ020170,0.16246451,0.06353614,0.19187263,0.0068969186,0.046173893,0.0039474177,0.50834495,0.016763575
ZJ020171,0.00048382586,0.002564185,0.8517628,0.13496439,0.00061707734,0.008394675,0.0010718236,0.00014125524
ZJ020172,0.18659727,0.08856201,0.4015821,0.124501236,0.112541966,0.01416932,0.007533983,0.064512074
ZJ020173,0.38537824,0.045004778,0.15526518,0.021544125,0.002264618,0.0029090785,0.3656203,0.022013746
ZJ020174,0.514026,0.022178866,0.11823716,0.19445002,0.11020615,0.012558526,0.005854044,0.022489183
ZJ020175,0.7826878,0.010098972,0.022711128,0.00022999587,0.043214988,0.00068216264,0.13291498,0.0074600405
ZJ020176,0.1206628,0.36265343,0.32555473,0.0018269038,0.0029206334,0.009649144,0.16529788,0.0114345085
ZJ020177,0.040549576,0.65883374,0.204529,0.00039937632,0.00042375186,0.0034983782,0.034087155,0.057679005
ZJ020178,0.13804628,0.029927429,0.020401878,0.71394724,0.04270555,0.04679874,0.0038855914,0.0042873356
ZJ020179,0.20561652,0.0010526613,0.5438181,0.031173872,0.036350172,0.15844062,0.0038572175,0.01969086
ZJ020180,0.09998905,0.0007813666,0.25922304,0.3981869,0.002175679,0.00424872,0.0024569628,0.23293829
ZJ020181,0.19282046,0.4983002,0.06698274,0.0030203047,0.004142004,0.0013836322,0.16516995,0.06818076
ZJ020182,0.32493833,0.103823096,0.29762143,0.004903904,0.04392347,0.0018993685,0.111856975,0.111033425
ZJ020183,0.25734508,0.028907519,0.43983996,0.0036118291,0.00041963125,0.008128877,0.25138012,0.010366965
ZJ020184,0.32802477,0.13415639,0.008014449,0.0004933512,0.0022222076,6.460385e-05,0.5224431,0.0045810556
ZJ020185,0.040425412,0.00054093945,0.32600957,0.030802736,0.0049683037,0.014930232,0.00096571574,0.5813571
ZJ020186,0.040344138,0.00058732665,0.0022447435,9.425083e-05,0.00055935705,0.0008384647,0.9543054,0.001026307
ZJ020187,0.5443178,0.016829062,0.053681016,0.16655454,0.2043454,0.0039184364,0.004474239,0.005879532
ZJ020188,0.13893992,0.009651817,0.12206395,0.32400504,0.025866115,0.012035984,0.005237568,0.36219957
ZJ020189,0.31037113,0.0014745351,0.4553831,0.047596022,0.05078518,0.0831026,0.00432784,0.046959665
ZJ020190,0.30541968,0.11553707,0.3221246,0.004329219,0.07233168,0.01213119,0.112351894,0.055774584
ZJ020191,0.05514394,0.014224979,0.36965033,0.002617626,0.0022116278,0.0070905574,0.49690336,0.05215756
ZJ020192,0.4757665,0.0077107847,0.23701037,9.5163625e-05,0.0014224561,0.07217738,0.19055109,0.015266253
ZJ020193,0.007221678,0.0029481817,0.00040917622,0.00013391164,0.00024273583,0.9847899,0.004049976,0.00020433826
ZJ020194,0.033563163,0.033751424,0.0065364526,0.00029450937,0.0032703115,0.7606141,0.13948816,0.022481905
ZJ020195,0.4564174,0.06906006,0.13870546,0.023809543,0.010666776,0.021193909,0.037550744,0.24259607
ZJ020196,0.084591836,0.65685266,0.046168197,0.016100828,0.01658784,0.047451995,0.06933847,0.06290822
ZJ020197,0.19699247,0.022139698,0.31866854,0.0030456062,0.0008495504,0.0350811,0.3289566,0.094266415
ZJ020198,0.46854737,0.032548726,0.034437027,0.3564758,0.09862443,0.0013377218,0.004998568,0.003030353
ZJ020199,0.383574,0.011581444,0.4478305,0.027118338,0.012936906,0.041051377,0.011381234,0.06452615
ZJ020200,0.18307118,0.0014884027,0.24751268,0.016844586,0.4342019,0.08059507,0.0077038184,0.028582355
ZJ020201,0.08657291,0.006835286,0.031434935,0.0007093955,0.0010341529,0.001559903,0.8621152,0.0097382
ZJ020202,0.098852,0.033526048,0.02669951,0.0061195875,0.016107433,0.7664675,0.02869887,0.023529043
ZJ020203,0.023632368,0.0028060323,0.12573741,0.0005150475,0.00040367237,0.0005368834,0.84007156,0.0062970673
ZJ020204,0.15192986,0.26127473,0.25288558,0.0019675782,0.0022379935,0.0268369,0.11345513,0.18941219
ZJ020205,0.4538973,0.039581925,0.030015046,0.39410803,0.06757308,0.0021209847,0.007550859,0.005152823
ZJ020206,0.14518215,0.0012358484,0.1679618,0.3806227,0.0068874,0.0023052518,0.0067414506,0.28906336
ZJ020207,0.08327086,0.7764835,0.027843883,0.0031781425,0.0014117454,0.0039342954,0.012690996,0.09118665
ZJ020208,0.06421365,0.020278387,0.079888664,0.000275575,0.0011552856,0.003211933,0.8285019,0.0024746682
ZJ020209,0.44658172,0.025308091,0.26306254,0.002796731,0.0007578635,0.010263523,0.23539768,0.015831897
ZJ020210,0.18332624,0.012004214,0.5782433,0.05488091,0.11147323,0.01582335,0.0144487815,0.029799996
ZJ020211,0.182742,0.0021086498,0.37234083,0.14591853,0.0011593953,0.011138242,0.0028711124,0.28172132
ZJ020212,0.06378019,0.0015717658,0.23995349,0.19087294,0.025700815,0.0048005423,0.005109623,0.46821067
ZJ020213,0.54529005,0.028898451,0.059622224,0.23428893,0.11229032,0.0057224953,0.008132173,0.005755299
ZJ020214,0.17508589,0.076372184,0.09191181,0.004262446,0.08472215,0.20957063,0.286156,0.07191895
ZJ020215,0.09994349,0.02191057,0.31448498,0.004623226,0.0018261959,0.007445941,0.4768391,0.072926424
ZJ020216,0.45527053,0.07596569,0.04117622,0.008830344,0.013241079,0.0003976269,0.18875636,0.21636212
ZJ020217,0.03306483,0.050794598,0.042561013,0.009319673,0.04495638,0.0014011784,0.680306,0.13759626
ZJ020218,0.28834674,0.010319596,0.04885413,0.0025938323,0.009780357,0.57232785,0.033731185,0.034046356
ZJ020219,0.05711081,0.5815641,0.2500418,0.00064248435,0.0004611721,0.048425898,0.051983602,0.009770118
ZJ020220,0.0144162,0.0005645961,0.04713254,0.10369151,0.001616289,0.65726256,0.0006342195,0.17468205
ZJ020221,0.12839916,0.5062389,0.23511435,0.0012886666,0.0018491521,0.023446988,0.09571505,0.007947736
ZJ020222,0.31206632,0.14446454,0.2488059,0.0025624607,0.038936943,0.0010310212,0.12684584,0.12528698
ZJ020223,0.13650182,0.061745618,0.25196412,0.0028143788,0.06809451,0.011849233,0.42251477,0.044515558
ZJ020224,0.12536247,0.0032630847,0.14030902,0.39973477,0.043445583,0.0046003023,0.0050558876,0.27822894
ZJ020225,0.30865043,0.043341488,0.08200518,0.0001927937,0.18000878,0.34733307,0.0370119,0.001456386
ZJ020226,0.10077854,0.48707375,0.29425037,0.0016847396,0.0038275982,0.008676655,0.09945984,0.004248507
ZJ020227,0.6646865,0.023904666,0.06106023,0.17206554,0.043060873,0.003556383,0.012119861,0.01954589
ZJ020228,0.09827878,0.0077527105,0.49174717,0.06282201,0.056144245,0.034947526,0.004025252,0.24428235
ZJ020229,0.47535136,0.0019241772,0.011567251,0.00022652862,0.4995513,0.0016168227,0.009224617,0.0005379055
ZJ020230,0.0951025,0.3089971,0.21317106,0.005145224,0.0275699,0.002294332,0.3017309,0.045989033
ZJ020231,0.4478062,0.036657054,0.16031188,0.00058311503,0.0059063183,0.011348853,0.26289663,0.07448999
ZJ020232,0.19026609,0.018530238,0.37605262,0.088211924,0.0060361307,0.005851524,0.0034756623,0.31157574
ZJ020233,0.13754337,0.5087574,0.16255172,0.003141072,0.0080972165,0.0014571006,0.167098,0.011354194
ZJ020234,0.056967877,0.08641507,0.6579886,0.00031461992,0.00054857414,0.11488597,0.07351691,0.009362416
ZJ020235,0.027898397,0.82942665,0.029214581,0.0001663222,0.0007635914,0.010750654,0.09048233,0.01129748
ZJ020236,0.4503441,0.110125184,0.25120798,0.0017090925,0.005202067,0.005738764,0.13216764,0.04350511
ZJ020237,0.11027983,0.001920777,0.11514085,0.54584736,0.0020375873,0.0023651705,0.009834764,0.2125737
ZJ020238,0.049492054,0.54266775,0.31711993,0.00082046364,0.0021555147,0.022259312,0.06326356,0.0022214705
ZJ020239,0.2169812,0.08960435,0.18782899,0.0013757268,0.0015118346,0.0027748619,0.4891361,0.01078689
ZJ020240,0.30040738,0.17998742,0.22190098,0.0017216776,0.007970726,0.021099852,0.24193604,0.024975888
ZJ020241,0.12810087,0.17739154,0.10441488,0.0021349476,0.0073255464,0.0028121362,0.5527469,0.025073208
ZJ020242,0.12545623,0.6708564,0.10954516,0.00067503046,0.0060811834,0.0007684919,0.06779168,0.018825777
ZJ020243,0.24206349,0.009214026,0.2947992,0.29000264,0.004895277,0.0031381117,0.009738942,0.14614832
ZJ020244,0.14889207,0.028525427,0.65125275,0.005880752,0.0008049437,0.003824029,0.021577757,0.13924229
ZJ020245,0.5613451,0.020780018,0.08611387,0.00067279773,0.06250667,0.0050318097,0.20317055,0.06037916
ZJ020246,0.0002894855,0.0005745058,0.0022821743,0.00012283456,0.0017702994,0.99441344,0.00021772481,0.00032954421
ZJ020247,0.11884878,0.015491993,0.6061591,0.00060779176,0.0010546193,0.007852638,0.2392441,0.010740969
ZJ020248,0.8991118,0.03550079,0.030769099,0.00024460276,0.00062783255,0.0053334907,0.024880799,0.0035315414
ZJ020249,0.52916104,0.09883848,0.114377186,0.0006878331,0.0027462838,0.0253596,0.07844416,0.15038544
ZJ020250,0.422102,0.0035443543,0.03714042,0.0053322883,0.0067161536,0.0018713614,0.27343017,0.24986322
ZJ020251,0.13297673,0.0025830888,0.016200926,0.006606856,0.03054399,0.7854339,0.012611651,0.01304288
ZJ020252,0.44329417,0.081337,0.16337185,0.0014455247,0.0051181545,0.023916498,0.2795942,0.0019226004
ZJ020253,0.4348562,0.074048534,0.14295298,0.0012859232,0.07280351,0.016225638,0.23116335,0.026663793
ZJ020254,0.022932276,0.9222606,0.030939693,0.00027376978,0.0013440471,0.001696796,0.01783706,0.002715799
ZJ020255,0.17289436,0.00085628545,0.3104005,0.018633163,0.3013053,0.16429612,0.0019409049,0.029673416
ZJ020256,0.62230265,0.11990637,0.112326294,0.01910046,0.031619955,0.0038799453,0.03315418,0.05771017
ZJ020257,0.24097738,0.0708536,0.44351327,0.0014941867,0.00088770717,0.019403612,0.11158632,0.1112839
ZJ020258,0.26231802,0.084099896,0.08830022,0.022631072,0.018670421,0.004608623,0.41620046,0.10317131
ZJ020259,0.4303107,0.050860666,0.080303036,0.0013477688,0.080894254,0.013818538,0.21111943,0.13134567
ZJ020260,0.13552499,0.017022938,0.025488524,0.060017094,0.012587183,0.7150465,0.024104958,0.010207798
ZJ020261,0.6703436,0.06817383,0.08333061,0.0015906738,0.0011346703,0.0049340087,0.06965651,0.100836165
ZJ020262,0.48975298,0.092133455,0.10033509,0.015866162,0.034874853,0.004075144,0.111876145,0.15108624
ZJ020263,0.08739289,0.020851241,0.5975185,0.0005365554,0.004276058,0.0056824065,0.25058296,0.033159383
ZJ020264,0.024894081,0.92609143,0.023979066,0.00050847675,0.0016319808,0.00038005516,0.017901257,0.004613618
ZJ020265,0.087699234,0.7843234,0.076190986,0.00015641926,0.00034915123,0.0046344544,0.025004728,0.021641593
ZJ020266,0.0037378783,0.9601019,0.0041443906,0.00018104748,0.01877127,0.0022937846,0.008955748,0.00181392
ZJ020267,0.14260013,0.005042221,0.57287246,0.07647609,0.0013467739,0.011238252,0.002506191,0.18791792
ZJ020268,0.064947024,0.5010099,0.0351721,0.0003549386,0.00060216564,0.0043687015,0.38984615,0.0036989949
ZJ020269,0.032318104,0.00039400256,0.053600874,0.0896214,0.025209058,0.13166165,0.0011760383,0.6660188
ZJ020270,0.28635383,0.111533724,0.1162913,0.028528443,0.045819253,0.0023191236,0.13056062,0.2785937
ZJ020271,0.001559723,0.00013600814,0.0022221215,0.00018964222,0.0044881,0.98983914,0.001292798,0.00027239986
ZJ020272,0.007546123,0.0022376534,0.0045413957,6.017125e-05,9.3017894e-05,0.00038242846,0.98481137,0.00032790232
ZJ020273,0.21278277,0.22785531,0.24598172,0.00065041264,0.0027033265,0.14854369,0.1305957,0.030886983
ZJ020274,0.86457545,0.0049511944,0.04746424,0.001092367,0.025034789,0.021580994,0.0039882394,0.031312734
ZJ020275,0.07023864,0.03690077,0.23689094,0.10888681,0.0014445882,0.49750495,0.0042709745,0.043862347
ZJ020276,0.10171264,0.0038552769,0.22358844,0.000790393,0.0013128618,0.43795753,0.18651274,0.04427015
ZJ020277,0.3265348,0.13079609,0.40503547,0.008211082,0.014991451,0.004648786,0.04233581,0.067446485
ZJ020278,0.08280888,0.7206472,0.10563051,0.0006902493,0.0006284814,0.0029116564,0.04789038,0.03879267
ZJ020279,0.08552149,0.023974314,0.21668924,0.0049383007,0.0007205666,0.0036231398,0.5334455,0.13108742
ZJ020280,0.48291418,0.03330208,0.24929693,0.0003377551,0.0044409316,0.117892385,0.08112231,0.03069341
ZJ020281,0.36362946,0.041346382,0.17137986,0.010068206,0.0066191754,0.008444127,0.29638538,0.10212737
ZJ020282,0.16690773,0.0046538576,0.38212872,0.0371553,0.11421143,0.03710428,0.004962499,0.25287622
ZJ020283,0.06945418,0.03946351,0.7713509,0.0014878293,0.0052387365,0.025210045,0.06067369,0.027121086
ZJ020284,0.085039444,0.3583571,0.41251883,0.0010358456,0.021698518,0.009233032,0.10808982,0.004027382
ZJ020285,0.44356415,0.090940446,0.03935456,0.3257118,0.082758345,0.0044156476,0.004861602,0.008393466
ZJ020286,0.032258064,0.19422908,0.006498912,0.0008065088,0.0003268807,0.04063373,0.7217321,0.0035147772
ZJ020287,0.117517486,0.68833655,0.06464801,0.0022559224,0.002950989,0.0032868534,0.09460873,0.026395503
ZJ020288,0.829283,0.00030011134,0.024408845,0.08231352,0.0007502789,0.00036397335,0.0009988063,0.06158143
ZJ020289,0.21976502,0.07191272,0.16794035,0.0075349985,0.01507234,0.00408225,0.43365645,0.0800359
ZJ020290,0.37792012,0.007883821,0.115259394,0.16406512,0.0027465199,0.002016116,0.006338173,0.3237707
ZJ020291,0.11640013,0.041320227,0.5968011,0.0004984783,0.0007261063,0.00129014,0.1428612,0.100102626
ZJ020292,0.9797486,0.014511271,0.00093047,7.084191e-05,0.0028676277,0.0008928444,0.00088230695,9.602909e-05
ZJ020293,0.25838396,0.007860879,0.4083466,0.030896006,0.039050113,0.010661697,0.009044499,0.2357562
ZJ020294,0.20697124,0.002374875,0.07031713,0.193943,0.23692103,0.016310316,0.004547705,0.26861468
ZJ020295,0.029892206,0.8076694,0.110848196,0.0002536052,0.00039835752,0.0041802414,0.04580986,0.00094816287
ZJ020296,0.16758366,0.041292205,0.32586688,0.100518905,0.32389688,0.008315533,0.0063396404,0.026186282
ZJ020297,0.28121543,0.16564201,0.121979766,0.013212482,0.06991126,0.024582043,0.12487932,0.19857764
ZJ020298,0.18790764,0.3513863,0.17625205,0.0038884399,0.0011867497,0.003956595,0.029007835,0.2464144
ZJ020299,0.50813085,0.0008759871,0.28865755,0.039333362,0.0755747,0.041323785,0.003958548,0.042145185
ZJ020300,0.21108146,0.16130021,0.008844594,0.00032737287,0.0009433237,0.00019194634,0.6156103,0.0017007812
ZJ020301,0.13156323,0.0031962164,0.15671906,0.47664008,0.027901953,0.0023000983,0.0072541954,0.19442521
ZJ020302,0.16002056,0.08597515,0.014672217,0.0015533001,0.0017098981,0.0003266571,0.73424596,0.001496238
ZJ020303,0.059118003,0.06570673,0.7618361,0.002150439,0.0004391736,0.041126654,0.06669735,0.002925577
ZJ020304,0.32509148,0.00096982386,0.36553138,0.064888544,0.07783779,0.13799104,0.00315081,0.024539126
ZJ020305,0.13881606,0.3135237,0.09190015,0.00072656746,0.0073658843,0.00505525,0.4187821,0.023830304
ZJ020306,0.077063955,0.09738432,0.7034404,0.00015513234,0.000267509,0.0028995434,0.11711745,0.0016716777
ZJ020307,0.09372143,0.062275372,0.44409013,0.0003271632,0.0010575332,0.0027670527,0.38718238,0.00857899
ZJ020308,0.16046648,0.010616332,0.41409817,0.0017957755,0.002832481,0.022408921,0.09311542,0.2946664
ZJ020309,0.2602203,0.3183702,0.23512726,0.003519044,0.03288373,0.00030247698,0.096615136,0.05296183
ZJ020310,0.34739718,0.1448857,0.25804305,0.0065092677,0.003851007,0.006031826,0.1059216,0.12736036
ZJ020311,0.0040287175,0.0014708978,0.012892119,0.0015489804,9.036184e-05,0.9536725,0.0015324603,0.024763945
ZJ020312,0.33878163,0.100085504,0.29841676,0.006744125,0.0020378723,0.030061064,0.15959272,0.064280316
ZJ020313,0.0013022489,0.00031168546,0.0015383344,8.01923e-05,0.006447822,0.9882832,0.0018266173,0.00020980075
ZJ020314,0.34260726,0.10959582,0.21711028,0.00072416617,0.0009901181,0.0117457295,0.31459972,0.0026268468
ZJ020315,0.00049389864,0.0038912024,0.003845853,0.0003652219,0.0015128786,0.9879381,0.00062401855,0.0013287902
ZJ020316,0.14084716,0.21744853,0.2527961,0.00015494689,0.0013519997,0.008644847,0.36226204,0.016494391
ZJ020317,0.59551156,0.04121423,0.12486418,0.006221893,0.04926228,0.0053468435,0.10002641,0.07755254
ZJ020318,0.61901975,0.10143455,0.06671056,0.0010856179,0.0018626046,0.11990071,0.08707458,0.0029116028
ZJ020319,0.12825345,0.021627173,0.5511363,0.0004770566,0.0016784231,0.015242299,0.27543092,0.006154336
ZJ020320,0.14237681,0.40624285,0.15489848,0.0010631871,0.0012307725,0.0149428435,0.014228792,0.2650163
ZJ020321,0.08377951,0.46331602,0.29543343,0.0009202175,0.0023684264,0.006493636,0.14300105,0.0046876813
ZJ020322,0.24396119,0.2199769,0.32802206,0.0041449172,0.0010581166,0.005370646,0.17920505,0.01826104
ZJ020323,0.22931886,0.0023947032,0.3408938,0.007853081,0.22087741,0.08110319,0.03131522,0.0862437
ZJ020324,0.06345092,0.3715507,0.34919256,0.0005949971,0.0005376281,0.005582103,0.0968125,0.11227855
ZJ020325,0.0019606287,0.0026214416,0.000847644,0.0002682343,0.00011202337,0.99258024,0.0011685432,0.00044122152
ZJ020326,0.18736257,0.024285711,0.3569887,0.0011026019,0.00385427,0.10648541,0.24028389,0.079636894
ZJ020327,0.9712908,0.0006832458,0.0068507814,0.00018808393,0.0036015403,0.00011040382,0.0012556573,0.01601941
ZJ020328,0.08421549,0.6532691,0.031972732,0.001580622,0.013460229,0.0007598092,0.21021955,0.004522506
ZJ020329,0.13028884,0.006420959,0.37127388,0.00064812164,0.0011739718,0.25093147,0.1438903,0.095372416
ZJ020330,0.124790825,0.0047169374,0.156776,0.5484634,0.001472515,0.004299561,0.004678289,0.15480247
ZJ020331,0.1065241,0.0012741802,0.21380244,0.2688823,0.0013010129,0.00049755874,0.0049341978,0.40278423
ZJ020332,0.07632759,0.0008054308,0.6089806,0.10781996,0.002952332,0.015860235,0.0015126433,0.18574125
ZJ020333,0.04457571,0.0022196986,0.20609365,0.11069757,0.0004487154,0.6290672,0.0022600736,0.0046373447
ZJ020334,0.16547461,0.07725828,0.19985096,0.00054862275,0.0006987547,0.00078253954,0.55193496,0.0034512558
ZJ020335,0.350864,0.037797164,0.17677553,0.0022064904,0.0077312277,0.001439127,0.36830172,0.054884724
ZJ020336,0.062171396,0.010690585,0.19989993,0.0069845365,0.24651083,0.011914661,0.004116222,0.45771188
ZJ020337,0.37518823,0.015333106,0.3689834,0.0027360818,0.012269378,0.023261571,0.16668122,0.03554699
ZJ020338,0.16325235,0.0003837107,0.014774639,0.00033121373,0.8099569,0.002678399,0.007300619,0.0013221286
ZJ020339,0.079541534,0.0034446456,0.16033114,0.42124695,0.25427824,0.004853258,0.003819425,0.07248482
ZJ020340,0.12145553,0.21402757,0.039843023,0.002306932,0.003000334,0.03098091,0.55430436,0.034081314
ZJ020341,0.33909872,0.31764713,0.12089752,0.0026892354,0.005635132,0.013133472,0.16853349,0.032365292
ZJ020342,0.37613177,0.023196032,0.3288881,0.002171431,0.0071803136,0.005025083,0.21410649,0.04330078
ZJ020343,0.5597655,0.06976315,0.18321386,0.006043432,0.01760736,0.0030559658,0.10546908,0.055081658
ZJ020344,0.47004282,0.06290037,0.24653974,0.0010406482,0.0014649607,0.01312837,0.19005986,0.014823242
ZJ020345,0.06482733,0.81444126,0.04778176,0.00088339084,0.007250202,0.0016770785,0.04587211,0.017266871
ZJ020346,0.13707714,0.52752423,0.13226826,0.0029472476,0.010410056,0.006130259,0.1634252,0.0202176
ZJ020347,0.05673706,0.011477772,0.06771876,0.000675113,0.0015521282,0.0014820934,0.8263,0.034057025
ZJ020348,0.07978206,0.038170118,0.18872213,0.164472,0.0019745885,0.45302513,0.006807518,0.067046426
ZJ020349,0.34186804,0.09638253,0.09346449,0.0015192642,0.020313082,0.024784606,0.401613,0.020055037
ZJ020350,0.17001338,0.05115281,0.106435776,0.002344639,0.0066347644,0.00105656,0.3684945,0.29386762
ZJ020351,0.27320686,0.032823954,0.21487677,0.0036047262,0.029692829,0.0039883754,0.36149225,0.08031424
ZJ020352,0.20347494,0.0954684,0.015445284,0.00034365372,0.19999965,0.4789681,0.002766922,0.0035329524
ZJ020353,0.32704636,0.0011815707,0.5580465,0.013310728,0.023538683,0.045728363,0.0059033623,0.025244476
ZJ020354,0.33717078,0.055710293,0.29581648,0.0006734474,0.0014376196,0.0021513454,0.16673696,0.14030306
ZJ020355,0.021042164,0.73640454,0.19961391,0.000106356485,0.0001749132,0.005978383,0.03461706,0.002062701
ZJ020356,0.22817476,0.0033635127,0.21786922,0.20967102,0.04193004,0.020835506,0.0037780474,0.2743779
ZJ020357,0.14317596,0.034794766,0.28535944,0.006981339,0.00829907,0.005781947,0.5035929,0.0120145315
ZJ020358,0.059967488,0.0033769323,0.25938794,0.14919256,0.008031601,0.008664248,0.0066350726,0.5047442
ZJ020359,0.060202777,0.042760424,0.6303851,0.00046631898,0.00037636433,0.004081216,0.11141738,0.15031038
ZJ020360,0.095521905,0.039704856,0.10306942,0.007012545,0.010808849,0.61226094,0.12094118,0.010680354
ZJ020361,0.16909061,0.5749316,0.099819,0.002369681,0.007483538,0.0014435125,0.11650013,0.028361924
ZJ020362,0.25849518,0.00083070935,0.22842081,0.24094419,0.062672816,0.012427038,0.0032644242,0.19294477
ZJ020363,0.6072964,0.020832634,0.045816813,0.01203914,0.004821522,0.011887941,0.24291089,0.054394644
ZJ020364,0.26236722,0.0021808555,0.18972266,0.39059114,0.050253518,0.008756004,0.004789139,0.09133943
ZJ020365,0.0010301628,0.00013870775,0.001805071,0.00017136302,0.0072204457,0.9874129,0.0018084259,0.00041282267
ZJ020366,0.5105047,0.0030440441,0.3844871,0.008481053,0.004322922,0.03290127,0.003953932,0.05230499
ZJ020367,0.041859962,0.041328244,0.20595472,0.0036482003,0.0015660154,0.0019173835,0.6462669,0.05745857
ZJ020368,0.16573007,0.15696757,0.31338236,0.0005193268,0.0014125331,0.005076091,0.32590473,0.031007325
ZJ020369,0.15357545,0.59005904,0.10387814,0.0029700676,0.04500264,0.0009354798,0.0643865,0.03919266
ZJ020370,0.011294119,0.15781522,0.115493536,0.00083809625,0.0047343145,0.64709824,0.023226285,0.039500196
ZJ020371,0.1702418,0.17127353,0.15958357,0.005305985,0.0023557302,0.005167884,0.23688059,0.24919085
ZJ020372,0.35516116,0.018549386,0.017922502,0.002491655,0.00039241396,0.013551504,0.58540666,0.0065246946
ZJ020373,0.2673322,0.16089769,0.10244769,0.003468145,0.010937491,0.0043975445,0.4290984,0.021420825
ZJ020374,0.23027168,0.10014934,0.1835139,0.0012271256,0.0037721235,0.0072577717,0.39644203,0.077366024
ZJ020375,0.43219024,0.13260734,0.03999524,0.0025517473,0.1050528,0.0037329835,0.110234,0.17363569
ZJ020376,0.15102766,0.1640926,0.051272586,0.0028698323,0.00523999,0.004014358,0.58984745,0.03163554
ZJ020377,0.088059925,0.0014286049,0.20690809,0.44117776,0.19454594,0.005789272,0.0020382174,0.06005216
ZJ020378,0.39091417,0.044417914,0.22935584,0.0006871762,0.0017790485,0.014824275,0.27795392,0.040067654
ZJ020379,0.26031175,0.06365115,0.22478712,0.0008476817,0.0024651021,0.0042535127,0.4184703,0.025213335
ZJ020380,0.15970634,0.12549114,0.22158328,0.00081406,0.0034581574,0.0028303785,0.47709897,0.009017696
ZJ020381,0.0016481678,0.00045939235,0.0020536117,0.012640177,0.00036519475,0.9796677,0.00028242948,0.0028832632
ZJ020382,0.46420193,0.021421473,0.07092415,0.32812443,0.08201875,0.005470951,0.016658481,0.011179795
ZJ020383,0.33177373,0.0008540575,0.021978743,0.0007576955,0.63810223,0.0016529731,0.0022703442,0.0026102061
ZJ020384,0.21051708,0.083602965,0.19490479,0.00386738,0.0090197595,0.30644295,0.18733488,0.004310184
ZJ020385,0.005967788,0.9853798,0.0044672377,5.3346077e-05,4.030664e-05,0.0012448028,0.0017765631,0.0010701858
ZJ020386,0.09387957,0.0021126475,0.16843502,0.41976613,0.016898217,0.0064999503,0.0052727745,0.28713563
ZJ020387,0.05759306,0.5168268,0.083001874,0.0003986992,0.0008693738,0.02299841,0.31036818,0.007943653
ZJ020388,0.54706573,0.012759772,0.2443142,0.00069265114,0.003933336,0.12664892,0.062527955,0.0020573859
ZJ020389,0.14879614,0.1679072,0.22806188,0.00062436494,0.00069886586,0.006294195,0.43908316,0.008534203
ZJ020390,0.26531747,0.1839497,0.21753015,0.01188459,0.123890825,0.014233719,0.08405003,0.09914351
ZJ020391,0.3030673,0.059645504,0.35720995,0.0009990947,0.0033584528,0.021841902,0.06173472,0.19214313
ZJ020392,0.24080442,0.029826136,0.19528084,0.0021573931,0.07701937,0.017880632,0.26345462,0.17357656
ZJ020393,0.13966806,0.22124107,0.26380524,0.05628421,0.00036822236,0.0029706624,0.0100123305,0.3056503
ZJ020394,0.2877386,0.16418666,0.38253134,0.0062589925,0.021457683,0.012097234,0.0766115,0.04911797
ZJ020395,0.11356933,0.08741667,0.57799214,0.029270884,0.0053961175,0.0025947483,0.035948813,0.14781131
ZJ020396,0.13854532,0.09527583,0.19687353,0.0072755404,0.030712582,0.0041538295,0.5106698,0.016493566
ZJ020397,0.1174128,0.0123360315,0.5850237,0.0003246659,0.002247965,0.07749138,0.20224088,0.00292255
ZJ020398,0.27280217,0.012406232,0.021402158,0.00088059524,0.0043616933,0.0020618245,0.6702617,0.015823653
ZJ020399,0.042076975,0.0018585653,0.1390597,0.09677752,0.024856942,0.130393,0.0042459536,0.56073135
ZJ020400,0.6196251,0.008604934,0.025188074,0.19244519,0.12247751,0.011622575,0.0083370125,0.011699619
ZJ020401,0.28064045,0.060127754,0.35441658,0.0104647055,0.021474006,0.030189307,0.19373861,0.048948586
ZJ020402,0.2583752,0.21567114,0.29550478,0.0024463758,0.045626823,0.00089085667,0.11576158,0.06572325
ZJ020403,0.23603751,0.15520029,0.2684004,0.0019471222,0.0012928961,0.0038209104,0.3258003,0.0075005954
ZJ020404,0.42153394,0.043890636,0.15522781,0.00058820273,0.005874768,0.01005656,0.28192702,0.08090105
ZJ020405,0.11943288,0.4646928,0.16696587,0.00048538746,0.0011774913,0.0024125718,0.23846708,0.006365952
ZJ020406,0.08473262,0.7361749,0.05866933,0.00032136685,0.00033805583,0.012148227,0.044915557,0.06269995
ZJ020407,0.26436266,0.12488114,0.1429077,0.0049412358,0.0020785555,0.047728326,0.35849303,0.054607347
ZJ020408,0.1715848,0.037076514,0.6524765,0.030472936,0.0013928491,0.0045177634,0.012818016,0.08966061
ZJ020409,0.19561017,0.032477416,0.21169658,0.0016448535,0.019620672,0.023363926,0.48830178,0.027284626
ZJ020410,0.05622664,0.0059401314,0.010999337,0.0007240121,0.0054906732,0.009425695,0.91041315,0.00078037
ZJ020411,0.6092086,0.0016739736,0.12890862,0.019558623,0.0018346907,0.0039531183,0.21512988,0.019732527
ZJ020412,0.06330638,0.10852593,0.04192664,0.010508109,0.028962106,0.0005956176,0.5447813,0.20139392
ZJ020413,0.3795665,0.13203418,0.25528687,0.034312773,0.02757948,0.002862185,0.015198696,0.15315937
ZJ020414,0.06165651,0.018032547,0.025546478,0.0005582711,0.002621613,0.0060510794,0.8792423,0.0062913094
ZJ020415,0.012943736,0.0028898453,0.0041577267,0.0007427386,0.0031063266,0.01377519,0.95982933,0.002555073
ZJ020416,0.07330991,0.003951189,0.083109766,0.013962659,0.17543471,0.24008995,0.009167166,0.4009746
ZJ020417,0.037811443,0.040239345,0.7159553,0.00040843058,0.009277117,0.10649108,0.06590125,0.02391595
ZJ020418,0.2587828,0.193789,0.07219879,0.016412778,0.031062657,0.0032670046,0.29870927,0.12577774
ZJ020419,0.42501548,0.0068686325,0.40537527,0.02544852,0.00814282,0.027358888,0.020985074,0.080805406
ZJ020420,0.12731092,0.0014274672,0.5556222,0.005336682,0.13015686,0.10856464,0.014301301,0.0572799
ZJ020421,0.46443772,0.0078051575,0.34915128,0.0122126965,0.03172434,0.030642673,0.011051856,0.09297429
ZJ020422,0.032635793,0.008066283,0.16879009,0.0020048625,0.00066791975,0.0058359276,0.7078508,0.07414831
ZJ020423,0.2741767,0.16278759,0.2653684,0.003240565,0.030738015,0.0026049437,0.12278775,0.13829604
ZJ020424,0.8358483,0.01686976,0.047946014,0.0035347976,0.024779648,0.0014183691,0.005877877,0.06372535
ZJ020425,1.3436767e-09,1.7071983e-11,0.084959224,0.9150366,2.1713684e-09,3.0430174e-09,6.745957e-07,3.3904125e-06
ZJ020426,0.42804906,0.036317933,0.06352516,0.0012577018,0.44377774,0.00986795,0.005256034,0.011948365
ZJ020427,0.04009926,0.020333614,0.31527087,0.19959068,0.0006276091,0.045696992,0.36992994,0.008450978
ZJ020428,0.07714066,0.0054963524,0.15030381,0.42463303,0.015606411,0.002285361,0.003821632,0.32071277
ZJ020429,0.13846979,0.005019808,0.047480803,0.00040553548,0.0024968667,0.75163215,0.015922569,0.038572486
ZJ020430,0.14464524,0.063604586,0.33933023,0.00039409002,0.00074664626,0.31580272,0.12906659,0.0064098607
ZJ020431,0.07929924,0.002513378,0.49107578,0.19913425,0.00089942425,0.20481461,0.006511998,0.015751353
ZJ020432,0.54473585,0.25357744,0.07617738,0.0022486933,0.007988892,0.017069696,0.07848427,0.019717779
ZJ020433,0.07889612,0.0020165937,0.2602287,0.2699296,0.052317902,0.007615215,0.0053905724,0.32360536
ZJ020434,0.057258334,0.032925867,0.02765051,0.0023699543,0.0011453574,0.0017807789,0.8216761,0.05519317
ZJ020435,0.07361489,0.053507052,0.12458302,0.007222985,0.022040276,0.009343973,0.7011162,0.008571614
ZJ020436,0.245147,0.19415607,0.16038507,0.0015722305,0.007003343,0.019222358,0.2036302,0.16888367
ZJ020437,0.21026598,0.09090736,0.2145868,0.0015122016,0.0071741645,0.02725977,0.3542419,0.09405177
ZJ020438,0.35900143,0.051545642,0.24892013,0.0017573369,0.007172682,0.0107394885,0.071718514,0.24914476
ZJ020439,0.31274873,0.13319597,0.19531193,0.0016436316,0.0033303055,0.006820504,0.31097823,0.03597072
ZJ020440,0.2741757,0.042576633,0.03243166,0.5774219,0.048967313,0.006889801,0.006121072,0.011415969
ZJ020441,0.012357763,0.003544995,0.008779076,0.0013392447,0.0030161554,0.008652585,0.96052384,0.0017863065
ZJ020442,0.48460594,0.08881871,0.17284794,0.013776859,0.007531984,0.01568033,0.031190922,0.18554735
ZJ020443,0.28622004,0.13707067,0.29389313,0.0017570031,0.015158954,0.00081883045,0.1775303,0.087551095
ZJ020444,0.8595034,0.0127001265,0.02868092,0.0041301036,0.004804368,0.011602624,0.013416454,0.065161936
ZJ020445,0.12857555,0.0018325658,0.16077968,0.33096877,0.0027850124,0.0024129683,0.006634072,0.36601138
ZJ020446,0.5384744,0.026548011,0.05029276,0.024539258,0.0061246976,0.018377401,0.269135,0.066508435
ZJ020447,0.93311423,0.0024466312,0.011792657,0.0012246239,0.012755361,0.0014149148,0.031581085,0.0056705438
ZJ020448,0.17283621,0.0016614473,0.714772,0.015656702,0.012873421,0.0082246745,0.0032707606,0.07070484
ZJ020449,0.16206355,0.11790047,0.5712589,0.0008663934,0.00028966292,0.014803743,0.13124084,0.0015764119
ZJ020450,0.25915086,0.053969864,0.21942882,0.0008639515,0.006012808,0.01827512,0.3144526,0.12784599
ZJ020451,0.15496816,0.28950453,0.10070482,0.0034502363,0.008871126,0.009712675,0.42212325,0.0106651895
ZJ020452,0.57415307,0.07807703,0.11235531,0.011647246,0.023084724,0.0020590932,0.051508978,0.14711452
ZJ020453,0.14825268,0.65971535,0.08950315,0.00033234266,0.0006310362,0.015805727,0.046940226,0.038819473
ZJ020454,0.94077605,0.018467136,0.013646785,0.0006334844,0.013489126,0.00057741144,0.010007368,0.0024026332
ZJ020455,0.00041829387,0.0012032022,0.0037302985,0.00022668326,0.0029477268,0.9905606,0.00029683457,0.0006163759
ZJ020456,0.22378926,0.08809479,0.3204272,0.0030154497,0.0047623087,0.10519425,0.12851876,0.126198
ZJ020457,0.022686511,0.798321,0.02691122,0.001446824,0.004616761,0.038728185,0.030785413,0.076504014
ZJ020458,0.07496139,0.002788172,0.39473456,0.046843544,0.0022394762,0.009787932,0.004262692,0.4643822
ZJ020459,0.13565099,0.035635445,0.45058542,0.00080798956,0.0074880463,0.037316926,0.111122034,0.22139318
ZJ020460,0.14771019,0.010194401,0.29875803,0.0027724982,0.0011843175,0.0115885185,0.32286355,0.20492849
ZJ020461,0.10583641,0.34048748,0.0676029,0.002321372,0.031039013,0.07132801,0.07960263,0.30178222
ZJ020462,0.18585472,0.016217537,0.1569719,0.16037235,0.05975837,0.008753471,0.034856945,0.3772147
ZJ020463,0.00476176,0.00080451445,0.0029260423,5.146186e-05,0.0017889494,0.9846362,0.004614951,0.00041607118
ZJ020464,0.31936228,0.058345944,0.024976656,0.17752545,0.0065997005,0.005990563,0.2721773,0.13502213
ZJ020465,0.040276043,0.019525567,0.8492635,0.00016409536,0.050440326,0.008183157,0.020480927,0.011666422
ZJ020466,0.042433627,0.00011921461,0.5758723,0.10763034,0.0014602254,0.22365095,0.00040503332,0.04842831
ZJ020467,0.8914729,0.010583631,0.023076667,0.00049542566,0.0020995524,0.000973805,0.015722396,0.055575676
ZJ020468,0.29837418,0.06380273,0.4540398,0.0004859341,0.001701568,0.12210009,0.045083307,0.014412442
ZJ020469,0.067311764,0.115913935,0.037877705,0.0008336071,0.0007086292,0.018097624,0.75099874,0.008258032
ZJ020470,0.5546339,0.010944135,0.050489243,0.29335785,0.07328313,0.003843864,0.0075555197,0.0058923783
ZJ020471,0.15879601,0.63726825,0.09928758,0.0022103009,0.008287911,0.005332812,0.05902803,0.02978908
ZJ020472,0.036246955,0.0029194693,0.08555043,0.4324538,0.0055895275,0.0023873816,0.0023847804,0.43246767
ZJ020473,0.063345134,0.023745392,0.51647836,0.00081707723,0.001817349,0.0049815043,0.38558748,0.0032277214
ZJ020474,0.32416302,0.02575122,0.20442006,0.042744685,0.08583951,0.002801446,0.037343178,0.27693686
ZJ020475,0.12770015,0.10817254,0.44201836,0.002283177,0.0052341605,0.010975961,0.25738117,0.046234544
ZJ020476,0.0817968,0.008782949,0.07282828,0.5137127,0.0061727804,0.0026566058,0.0049760137,0.30907387
ZJ020477,0.30010435,0.017257158,0.22745451,0.25147143,0.103664555,0.010033371,0.016929645,0.07308492
ZJ020478,0.06524002,0.0076624127,0.27925786,0.0026469936,0.00034315028,0.48203877,0.12101709,0.04179377
ZJ020479,0.00019681132,0.00044692412,0.00072408543,0.00017345906,0.00091230334,0.9969864,0.00017306932,0.00038697317
ZJ020480,0.21147451,0.024510805,0.609516,0.005432131,0.002199478,0.0065108086,0.02240473,0.1179515
ZJ020481,0.031135708,0.007134702,0.2858732,0.0033999542,0.00036534516,0.13308677,0.45527044,0.08373392
ZJ020482,0.36535096,0.034249198,0.33167002,0.0013320104,0.015232148,0.010029562,0.20876545,0.03337062
ZJ020483,0.34523287,0.009188206,0.31117123,0.292243,0.0023864913,0.006325518,0.003503759,0.02994895
ZJ020484,0.01443227,0.008327206,0.034655515,0.00328527,0.00668312,0.9115882,0.008069693,0.012958705
ZJ020485,0.29843944,0.11968005,0.27859917,0.0022511736,0.0163789,0.0014002323,0.21410416,0.069146946
ZJ020486,0.076580435,0.06297006,0.5582862,0.0025930805,0.012781144,0.016117176,0.2663509,0.0043210257
ZJ020487,0.54599345,0.05698925,0.044542592,0.2677052,0.06988899,0.003394536,0.0069786585,0.004507314
ZJ020488,0.037063275,0.0027030846,0.08832104,0.0722724,0.028172903,0.18379474,0.010032923,0.57763964
ZJ020489,0.16008669,0.0025398873,0.29439837,0.3015855,0.039717607,0.0107993735,0.00340189,0.18747076
ZJ020490,0.1512351,0.06761196,0.59561837,0.03650222,0.014259616,0.008745606,0.08426783,0.0417593
ZJ020491,0.0011338883,0.00047709484,0.02963562,7.2823386e-05,0.0021697346,0.9653636,0.000383173,0.0007640137
ZJ020492,0.2510112,0.2891879,0.24490367,0.0015178657,0.00057643675,0.008883968,0.16658081,0.03733813
ZJ020493,0.053166218,0.821126,0.059605457,0.0003881679,0.00070982333,0.01423277,0.02748046,0.023291176
ZJ020494,0.3695532,0.040117025,0.30566812,0.0015945911,0.045967344,0.044339303,0.13296455,0.059795853
ZJ020495,0.15826547,0.3821841,0.238119,0.0010973178,0.0059350044,0.008605976,0.20255326,0.0032397776
ZJ020496,0.3417519,0.06136389,0.1091871,0.1852047,0.016050238,0.007644099,0.030841049,0.24795707
ZJ020497,0.121534154,0.006572447,0.44478732,0.05542804,0.00036207947,0.34573084,0.005032302,0.020552834
ZJ020498,0.14132206,0.73835075,0.029211177,0.0001973402,0.0005694583,0.007958166,0.081523776,0.0008672532
ZJ020499,0.008941996,0.0032389073,0.004388644,0.0017177837,0.0021939976,0.003756686,0.9749058,0.0008561409
ZJ020500,0.1645975,0.06270327,0.14572223,0.03403153,0.00019660883,0.06834804,0.4058679,0.11853294
ZJ020501,0.04058537,0.00072476553,0.2318674,0.22589171,0.017833581,0.0070744744,0.002158126,0.47386461
ZJ020502,0.12991352,0.38709745,0.27765703,0.0016662661,0.0033500865,0.024845086,0.16393615,0.011534335
ZJ020503,0.38365147,0.048007388,0.087316886,0.0021775945,0.039283283,0.30185825,0.13278005,0.004925121
ZJ020504,0.33591607,0.00057732884,0.41522354,0.02535412,0.06286193,0.14048065,0.0027312122,0.01685515
ZJ020505,0.396974,0.02006402,0.37039924,0.00059875764,0.025056452,0.13685797,0.02897444,0.021075057
ZJ020506,0.010686907,0.033597276,0.021908095,0.00015551654,0.0047153435,0.91960305,0.0067070373,0.0026268356
ZJ020507,0.07473778,0.0037070084,0.7071079,0.00049484824,0.01735472,0.097028814,0.07001062,0.02955832
ZJ020508,0.41234577,0.031403605,0.06816314,0.31533906,0.14151725,0.0024430687,0.015383793,0.01340431
ZJ020509,0.46916384,0.033470586,0.13430655,0.0113787055,0.0069728214,0.017885892,0.054673765,0.2721478
ZJ020510,0.065674044,0.0020085115,0.23739792,0.51806736,0.04232478,0.028194236,0.0027393345,0.103593804
ZJ020511,0.089751996,0.013512133,0.32390434,0.0042309407,0.00042068196,0.0069852313,0.22854455,0.33265013
ZJ020512,0.048920512,0.003806769,0.02296393,0.015288233,0.05619504,0.8133599,0.028265977,0.01119969
ZJ020513,0.089976296,0.51326674,0.12583996,0.040096033,0.00040080523,0.001694379,0.006636502,0.22208928
ZJ020514,0.23892145,0.12776968,0.1961243,0.003479144,0.002925729,0.008267675,0.3182091,0.104302935
ZJ020515,0.31133422,0.059352785,0.2699595,0.018873941,0.09717651,0.0034672667,0.18260725,0.057228502
ZJ020516,0.51458734,0.016296007,0.28801295,0.013695178,0.008707508,0.028869705,0.016664518,0.11316683
ZJ020517,0.14178981,0.024886573,0.14253177,0.0006790483,0.003251643,0.019484034,0.6462119,0.021165235
ZJ020518,0.43569311,0.0935579,0.24397762,0.0035396034,0.0077321813,0.022482716,0.096805826,0.09621106
ZJ020519,0.2709269,0.22513151,0.023207309,0.0012115889,0.213577,0.00040311166,0.22069491,0.044847667
ZJ020520,0.12689449,0.047522634,0.0033311802,0.0002741284,0.0005907939,0.00068779406,0.81851596,0.0021830266
ZJ020521,0.4734256,0.012735468,0.1866302,0.0017827987,0.019305909,0.007876251,0.28412414,0.01411967
ZJ020522,0.29336187,0.22437406,0.10063633,0.020212544,0.021824853,0.0018862371,0.16699551,0.1707086
ZJ020523,0.069123894,0.013318517,0.20584577,0.0002772049,0.004898659,0.07134715,0.6182456,0.016943263
ZJ020524,0.0020826715,0.00053735287,0.002060346,7.4282994e-05,0.0018600016,0.99099624,0.0019529045,0.00043621715
ZJ020525,0.13080475,0.007486746,0.56785524,0.00073942693,0.080811,0.00075367605,0.17730713,0.034242116
ZJ020526,0.2214208,0.00048741337,0.60782325,0.025441581,0.0338973,0.08120695,0.002693608,0.027029075
ZJ020527,0.015565005,0.9704284,0.003898439,0.0002674582,0.00037788475,0.00040835154,0.0038679063,0.005186628
ZJ020528,0.0022983344,0.0035207747,0.020319214,6.806037e-05,0.0030412024,0.96894425,0.0005878872,0.0012202702
ZJ020529,0.001584774,0.0015956142,0.0036998189,0.00028927764,0.00014271877,0.9901965,0.00029590633,0.0021954186
ZJ020530,0.5076383,0.0089161815,0.0059851296,0.00016777539,0.016053274,0.00043759058,0.45903873,0.0017630323
ZJ020531,0.10249318,0.5262386,0.18106425,0.0007858556,0.005817274,0.03199198,0.13729571,0.014313127
ZJ020532,0.025548188,0.7249672,0.04771453,0.0065645184,0.015283104,0.0051776893,0.06418585,0.11055894
ZJ020533,0.066198066,0.0048720664,0.17744108,0.3731659,0.00845601,0.005331092,0.004045669,0.36049017
ZJ020534,0.4361703,0.024123173,0.053789116,0.35813037,0.11266579,0.0012423532,0.006373032,0.0075058565
ZJ020535,0.36922982,0.0010976762,0.13297464,0.029847145,0.31390476,0.07489468,0.024670413,0.053380877
ZJ020536,0.13223384,0.016336448,0.42022598,0.117410496,0.0015915363,0.2697933,0.006485831,0.035922512
ZJ020537,0.20070392,0.016746225,0.15308863,0.0034022871,0.0077644214,0.016173882,0.57083964,0.03128102
ZJ020538,0.27127764,0.044531353,0.21078415,0.00073706167,0.0016838207,0.0070257382,0.45809633,0.0058638756
ZJ020539,0.039956536,0.0320544,0.13851821,0.00052317634,0.004557125,0.5795717,0.16887747,0.035941415
ZJ020540,0.18272373,0.0046972786,0.66980076,0.075688116,0.0015483643,0.011413823,0.011730981,0.042396944
ZJ020541,0.1714119,0.2089266,0.121078186,0.0017075252,0.0032911089,0.0023323987,0.47736832,0.0138839735
ZJ020542,0.11629568,0.0016346087,0.14958456,0.42601064,0.1930705,0.00553379,0.0030318343,0.10483837
ZJ020543,0.05802076,0.0077799386,0.0022005273,0.92117894,0.0015678526,0.0021959175,0.0066216756,0.0004343519
ZJ020544,0.16480914,0.13731876,0.17210086,0.0015437682,0.0013124261,0.018835066,0.312616,0.19146399
ZJ020545,0.11796015,0.013015301,0.061226666,0.00043355947,0.003698725,0.0065090805,0.79240656,0.004749914
ZJ020546,0.26966432,0.050809152,0.03505685,0.47288653,0.14123547,0.0030145564,0.012092087,0.015241026
ZJ020547,0.78727674,0.037333846,0.03391026,0.000715379,0.003416785,0.0050492934,0.12817404,0.004123621
ZJ020548,0.13270828,0.010745206,0.15422304,0.33856586,0.03039766,0.003398056,0.0059240465,0.32403788
ZJ020549,0.389825,0.041480035,0.21550305,0.0038727217,0.0018571774,0.061857827,0.22979201,0.055812154
ZJ020550,0.05830865,0.012911445,0.25226912,0.0027680707,0.00092799857,0.0142682195,0.6074806,0.051065933
ZJ020551,0.27956507,0.33476615,0.094727494,0.0031212068,0.017318679,0.0076579065,0.17446908,0.08837445
ZJ020552,0.8179853,0.00018190364,0.057286967,0.009810624,0.00671464,0.0045724153,0.0011695047,0.102278695
ZJ020553,0.35040385,0.07316253,0.31518373,0.0023771862,0.019903857,0.0017034385,0.19193272,0.045332715
ZJ020554,0.16257715,0.080660254,0.29116422,0.0013611221,0.0017159815,0.0018999011,0.44407007,0.01655125
ZJ020555,0.47774544,0.06255296,0.20867513,0.0009988116,0.009094172,0.03288156,0.1919903,0.016061626
ZJ020556,0.86144847,0.012200088,0.03245825,0.0027123159,0.010940929,0.0038654895,0.02550688,0.050867613
ZJ020557,0.036447577,0.011720919,0.062107526,0.005395094,0.0025546402,0.823756,0.049140565,0.008877703
ZJ020558,0.06324426,0.0031699056,0.08431152,0.63661736,0.011897744,0.03657051,0.0033544626,0.16083422
ZJ020559,0.35831654,0.01878368,0.18318766,0.0036213275,0.053845596,0.009885088,0.35534808,0.017012091
ZJ020560,0.33966425,0.12417144,0.26198107,0.0034963256,0.046356507,0.009317616,0.13031174,0.08470097
ZJ020561,0.28991064,0.00094123563,0.0024753546,4.1271087e-05,0.005068936,5.9009166e-05,0.7012922,0.00021126316
ZJ020562,0.27291587,0.01213824,0.5072952,0.09828296,0.062721714,0.011439123,0.01354923,0.021657676
ZJ020563,0.38834262,0.04545394,0.19996554,0.019173294,0.008625,0.02647952,0.022655442,0.28930464
ZJ020564,0.42695907,0.032021172,0.112283625,0.2889544,0.04468307,0.045061827,0.006892647,0.04314418
ZJ020565,0.10553333,0.0022475119,0.22250596,0.30938667,0.20530096,0.010020752,0.0017329688,0.14327179
ZJ020566,0.3668662,0.0044421307,0.13377652,0.0024260518,0.41325495,0.07238658,0.0025726245,0.0042748917
ZJ020567,0.09690108,0.6544133,0.034451023,0.00024196426,0.00076812546,0.0027373396,0.19008963,0.020397611
ZJ020568,0.23922805,0.26807567,0.21061316,0.0040634405,0.11549291,0.002287171,0.09514623,0.06509335
ZJ020569,0.4867386,0.08017988,0.20526482,0.0015292192,0.021193549,0.039966978,0.145222,0.019904949
ZJ020570,0.4739114,0.072208956,0.126089,0.21005112,0.07555429,0.017399093,0.013510717,0.011275435
ZJ020571,0.5274793,0.041288197,0.03715381,0.24945116,0.13482922,0.0016410447,0.0044188546,0.0037384187
ZJ020572,0.3327251,0.008094949,0.106428884,0.15942697,0.16222522,0.035776425,0.0059216693,0.18940084
ZJ020573,0.030993076,0.0011877894,0.118741885,0.00050954707,0.0013547568,0.32240623,0.5226941,0.0021125884
ZJ020574,0.44074714,0.0036796762,0.015659649,0.23164834,0.09597598,0.0030258377,0.022409262,0.18685406
ZJ020575,0.18058072,0.022799036,0.44032562,0.067301236,0.008762257,0.0012201753,0.26428193,0.014729026
ZJ020576,0.38894123,0.03772376,0.07512614,0.009292696,0.03162037,0.021269485,0.30582443,0.13020185
ZJ020577,0.25869727,0.0018708715,0.07557187,0.00041478532,0.00022231224,0.035972558,0.61035794,0.016892381
ZJ020578,0.2762797,0.10550648,0.15195037,0.0015195007,0.0025250323,0.008268293,0.33600488,0.11794571
ZJ020579,0.36067006,0.07812479,0.24284133,0.0015694184,0.0023597183,0.02558704,0.18744785,0.101399794
ZJ020580,0.34218398,0.097261965,0.2916003,0.0072461218,0.06608202,0.014707826,0.09964915,0.081268646
ZJ020581,0.55538666,0.0061170114,0.3017782,0.00011600269,0.0063927714,0.088131204,0.03248825,0.009589876
ZJ020582,0.15240593,0.03583619,0.20491982,0.014902313,0.037612095,0.026617154,0.51313883,0.014567646
ZJ020583,0.21776477,0.0002309864,0.0034060087,0.00011465741,0.7765482,0.00070335134,0.00077660964,0.00045545987
ZJ020584,0.5990836,0.020336283,0.11510038,0.039943084,0.06098085,0.002336998,0.026503026,0.13571583
ZJ020585,0.03614638,0.004606258,0.77566725,0.00036252788,0.031350058,0.00823973,0.09421462,0.049413197
ZJ020586,0.01061069,0.0031282082,0.023471145,0.00067783124,0.0033637532,0.92901987,0.027609643,0.00211888
ZJ020587,0.0023113233,0.00092866446,0.0032094256,0.0001191721,0.00047690945,0.988085,0.0003604332,0.0045090495
ZJ020588,0.045111824,0.044439364,0.5260712,0.0015605745,0.0007255879,0.1523869,0.09887574,0.13082883
ZJ020589,0.2076133,0.0021397583,0.1774482,0.00036998966,0.10929788,0.044255365,0.4452554,0.013620116
ZJ020590,0.0031598445,0.0015164058,0.048384465,0.0016470522,0.00280942,0.9373753,0.0024229817,0.0026844658
ZJ020591,0.19940737,0.24811548,0.3288449,0.00046692145,0.011188281,0.0022769703,0.049846075,0.159854
ZJ020592,0.4606671,0.0936225,0.23172776,0.0002666725,0.0026000044,0.07814561,0.08133404,0.05163629
ZJ020593,0.114213824,0.016573794,0.02357599,0.022689193,0.053767547,0.7521965,0.008064286,0.008918871
ZJ020594,0.09648604,0.09670759,0.69467443,0.00019863364,0.00021909895,0.0007720849,0.11022184,0.0007202832
ZJ020595,0.0011618756,0.00014683389,0.003276542,7.819875e-05,0.008011081,0.9847659,0.00237576,0.00018382285
ZJ020596,0.20867993,0.6295224,0.008147015,0.00026537216,0.00012147841,0.0042871367,0.14834547,0.0006312003
ZJ020597,0.0073431246,0.03309784,0.01447612,0.0015490816,0.00070706394,0.93801683,0.004587241,0.00022266437
ZJ020598,0.03698874,0.0011851015,0.21464649,0.059742857,0.000526806,0.008537139,0.0015638293,0.676809
ZJ020599,0.3061673,0.059779916,0.20169713,0.010817166,0.0053178812,0.0070197736,0.3156673,0.093533486
ZJ020600,0.7620134,0.00080638984,0.007912624,0.0016986405,0.21719724,0.0002179725,0.0018297086,0.008324083
ZJ020601,0.24267502,0.0963249,0.22964911,0.13225791,0.005189628,0.0041531026,0.027498946,0.26225138
ZJ020602,0.18603715,0.3565498,0.16500697,0.0008773831,0.0030956077,0.0042523458,0.25388318,0.030297484
ZJ020603,0.32769093,0.085838385,0.34691128,0.002913462,0.0017522434,0.007624221,0.092256546,0.13501288
ZJ020604,0.0007292482,0.001865573,0.018198313,4.444849e-05,0.002921774,0.9750309,0.00033298857,0.00087679684
ZJ020605,0.71158546,0.0059889327,0.13938111,0.0006117428,0.00053314737,0.0061429725,0.13317135,0.0025852013
ZJ020606,0.49937072,0.08845804,0.09917039,0.010997082,0.037509352,0.0016409762,0.099252075,0.16360137
ZJ020607,0.035574432,0.03814543,0.39097142,0.0009779998,0.0038591956,0.17402664,0.3308516,0.025593191
ZJ020608,0.20186804,0.074867785,0.3031879,0.00051361957,0.0017544399,0.040746976,0.36648297,0.010578254
ZJ020609,0.00012877108,0.00040679023,0.0010693274,0.00012347176,0.000980949,0.99662274,0.00047586043,0.00019206533
ZJ020610,0.18916485,0.23817766,0.17131089,0.0012762891,0.0073241293,0.00073905435,0.38749605,0.004511076
ZJ020611,0.0039453916,0.002409187,0.004532587,0.00071176304,0.0003323451,0.98642653,0.0010713396,0.0005708431
ZJ020612,0.17841294,0.06212441,0.2967376,0.0056623374,0.025718555,0.04264043,0.1508908,0.23781294
ZJ020613,0.39982328,0.026909918,0.2794304,0.0043352395,0.027078906,0.008294276,0.031961463,0.2221666
ZJ020614,0.074434005,0.002528512,0.14775716,0.0005229198,0.0008730509,0.60320586,0.07371279,0.09696573
ZJ020615,0.30560485,0.042935878,0.3858813,0.023314072,0.012799431,0.05236783,0.03180169,0.14529493
ZJ020616,0.203598,0.0047212206,0.38422203,0.13638031,0.004526606,0.013273457,0.005724444,0.24755393
ZJ020617,0.1337874,0.62869173,0.06562547,0.0021988205,0.0060550696,0.001995127,0.07166285,0.08998356
ZJ020618,0.0013602038,0.0008578739,0.04955181,9.180487e-05,0.0005915989,0.94510686,0.00053042616,0.0019093954
ZJ020619,0.31025103,0.026962463,0.21822472,0.00042712534,0.0069171735,0.021562532,0.23518378,0.1804712
ZJ020620,0.0026300307,0.00026779628,0.0020471099,4.0947692e-05,0.00014248095,0.00025878206,0.9942058,0.00040703866
ZJ020621,0.043923154,0.017695915,0.036987256,0.006309175,0.033647712,0.00036274886,0.7872111,0.073862925
ZJ020622,0.26425588,0.2631576,0.2127505,0.000585706,0.00042587376,0.007872285,0.13705756,0.11389464
ZJ020623,0.25186658,0.34520918,0.10424138,0.043106895,0.00044857152,0.0032532725,0.0046366747,0.2472375
ZJ020624,0.03427225,0.03614914,0.0319731,0.00047655794,0.018873919,0.75057775,0.11489902,0.01277827
ZJ020625,0.17298584,0.08215272,0.39946175,0.10064726,0.15383884,0.046155326,0.009874731,0.03488353
ZJ020626,0.078694224,0.31545013,0.3768121,0.0004483113,0.0003469532,0.0039698426,0.06856979,0.1557086
ZJ020627,0.2739382,0.27942818,0.2794911,0.0038724884,0.031193169,0.00939206,0.08093054,0.041754257
ZJ020628,0.10373969,0.029575696,0.15255272,0.010576715,0.040727094,0.15324222,0.44744653,0.062139366
ZJ020629,0.29073507,0.33704114,0.13559303,0.001519489,0.016606666,0.0014578553,0.20479205,0.012254705
ZJ020630,0.03354003,0.83688456,0.019972896,0.0002527243,0.0004420189,0.00074470224,0.08022262,0.027940454
ZJ020631,0.36601114,0.19671647,0.17923029,0.00548058,0.002567878,0.022334935,0.22032991,0.007328829
ZJ020632,0.053431854,0.005120737,0.113707304,0.00021494586,0.000929914,0.7663986,0.03567256,0.024524009
ZJ020633,0.009900805,0.0040002307,0.001965652,0.0012306168,0.00028747926,0.9713823,0.009345998,0.0018869053
ZJ020634,0.087305725,0.0026316869,0.13127835,0.24590138,0.4831579,0.004416649,0.0016219603,0.04368638
ZJ020635,0.37663496,0.009484467,0.4723151,0.0031920006,0.009960672,0.014111528,0.039805137,0.07449607
ZJ020636,0.086306326,0.0686212,0.39166886,0.0021261915,0.0041224966,0.046928287,0.38372687,0.016499715
ZJ020637,0.24511032,0.0016840983,0.23139207,0.067179136,0.0076260245,0.023600353,0.007905253,0.41550273
ZJ020638,0.2056745,0.44836077,0.14153506,0.0016284138,0.006962803,0.008319748,0.1300946,0.057424154
ZJ020639,0.4159284,0.22648901,0.088489845,0.009563086,0.007437737,0.017514374,0.040061377,0.19451615
ZJ020640,0.3973323,0.029708387,0.1431626,0.25760478,0.06611972,0.0060821837,0.016847814,0.08314227
ZJ020641,0.16891561,0.09026794,0.40992913,0.00075499405,0.0017694015,0.002212783,0.29131174,0.034838434
ZJ020642,0.49939224,0.103448935,0.13309895,0.0038353961,0.011317191,0.023377197,0.18068224,0.044847786
ZJ020643,0.0671197,0.03108892,0.36332667,0.004071201,0.0015410634,0.0069087236,0.45776653,0.06817713
ZJ020644,0.31598645,0.21264097,0.20698227,0.0027248166,0.08028882,0.0065113935,0.12863486,0.046230488
ZJ020645,0.22441961,0.18295701,0.3497199,0.00050913304,0.001373975,0.022601487,0.21021736,0.008201599
ZJ020646,0.37473962,0.0259569,0.10268838,0.3308937,0.059447758,0.010425905,0.006782402,0.089065336
ZJ020647,0.051583685,0.001681599,0.34815866,0.11928202,0.0059106587,0.0018316957,0.0053755837,0.46617612
ZJ020648,0.005764342,0.68922657,0.28385627,0.00020910655,2.8014812e-05,5.2850814e-05,0.020277968,0.00058486965
ZJ020649,0.15709367,0.11777204,0.26905024,0.00034185618,0.0014991612,0.022696614,0.3289354,0.10261098
ZJ020650,0.9689764,0.0027097538,0.0059361504,0.00017908432,0.0034782405,0.00042877882,0.016992249,0.0012993268
ZJ020651,0.0024399331,0.9844103,0.001833455,0.00016346171,0.008064401,0.0008543073,0.0012244661,0.0010096574
ZJ020652,0.1618942,0.33850482,0.23638317,0.0011490035,0.0021984307,0.023184406,0.20071852,0.035967406
ZJ020653,0.14505914,0.0027174936,0.32272407,0.2648474,0.018203933,0.0027398707,0.006963414,0.23674473
ZJ020654,0.26322144,0.18795012,0.26791283,0.0011401506,0.0029702056,0.021250643,0.076137364,0.17941724
ZJ020655,0.0138717005,0.0040495815,0.0123048015,0.0018280173,0.0050037624,0.008892609,0.9524386,0.0016109342
ZJ020656,0.26985613,0.030164251,0.23985435,0.0026553825,0.15011509,0.0040987474,0.24190167,0.061354384
ZJ020657,0.31135282,0.09768272,0.28340086,0.0011971723,0.004475261,0.014460215,0.12161394,0.16581704
ZJ020658,0.9705999,0.010064858,0.0032414582,0.00019070914,0.0076949317,0.0031756468,0.004189052,0.0008434613
ZJ020659,0.49810588,0.039152004,0.14771023,0.0011506547,0.00266695,0.02085498,0.22121696,0.069142416
ZJ020660,0.19397795,0.28934258,0.22146033,0.006829028,0.030050498,0.015908463,0.06666667,0.17576455
ZJ020661,0.22970845,0.46882302,0.081370905,0.007220419,0.005110327,0.0024931435,0.17762466,0.027649082
ZJ020662,0.04295377,0.02677211,0.018092155,0.0005384022,0.030701857,0.84091604,0.029237485,0.010788181
ZJ020663,0.25223815,0.3343176,0.12099625,0.0050792415,0.01121446,0.043045573,0.23232052,0.0007882363
ZJ020664,0.090310976,0.001665124,0.4643542,0.02766158,0.009964268,0.011209506,0.0024474915,0.3923868
ZJ020665,0.1696136,0.21653518,0.047553025,0.011166943,0.07322768,0.0018089033,0.3302284,0.14986631
ZJ020666,0.16311514,0.010827069,0.32268313,0.0007882848,0.007780387,0.02747153,0.4630319,0.004302593
ZJ020667,0.036400147,0.24109137,0.5458654,0.00021761017,4.3901382e-05,0.00034549154,0.16574335,0.010292642
ZJ020668,0.2711939,0.0054841666,0.05862407,0.0007392484,0.00035865002,0.022688588,0.6217735,0.01913794
ZJ020669,0.1425677,0.049352705,0.10884528,0.029659824,0.004717181,0.0026037358,0.010817012,0.65143657
ZJ020670,0.01415784,0.05749162,0.012272847,0.11430496,0.009723434,0.77849627,0.0010998582,0.012453188
ZJ020671,0.2111737,0.17889951,0.18706693,0.00087019685,0.010921065,0.014744367,0.38701177,0.009312505
ZJ020672,0.00060552463,0.001653845,0.0028029701,0.0020407499,0.0051965034,0.9859152,0.00014350697,0.0016417869
ZJ020673,0.25807604,0.0011486497,0.23981874,0.111270346,0.046197757,0.060633708,0.008006198,0.27484858
ZJ020674,0.21113974,0.04469048,0.27826163,0.00074438244,0.02066578,0.053263128,0.3032292,0.08800566
ZJ020675,0.30825928,0.0698163,0.14247753,0.0015850826,0.0015963907,0.08713493,0.3833383,0.0057921107
ZJ020676,0.20011877,0.0018175691,0.36385942,0.1956383,0.004673296,0.0132828,0.0037460676,0.21686381
ZJ020677,0.41526735,0.009344382,0.10861807,0.07960759,0.01527747,0.007766629,0.015133861,0.34898472
ZJ020678,0.37669706,0.09318244,0.28648585,0.0009469362,0.0031316737,0.04106631,0.05693193,0.14155787
ZJ020679,0.5168253,0.033054728,0.055405594,0.30965963,0.06290395,0.0013457154,0.013914933,0.0068901465
ZJ020680,0.7836377,0.0019332381,0.06490717,0.013049438,0.08884806,0.005216214,0.0058815847,0.03652658
ZJ020681,0.15792021,0.15001649,0.21226808,0.0011389016,0.0010211964,0.02094162,0.42636263,0.030330839
ZJ020682,0.13937093,0.041273426,0.24637717,0.005686246,0.006674881,0.0042040264,0.54838693,0.0080263885
ZJ020683,0.11809299,0.0034164554,0.21767934,0.4553282,0.0018718095,0.00091830455,0.005074013,0.1976189
ZJ020684,0.071799934,0.0023443887,0.23516822,0.07649504,0.0013028004,0.024612866,0.0020833542,0.58619344
ZJ020685,0.12970302,0.21454322,0.2883356,0.00047045437,0.0022044568,0.0010524797,0.3534988,0.0101919575
ZJ020686,0.036577016,0.9319528,0.017210953,0.0003031877,0.003954355,0.00024337617,0.0061731813,0.0035851863
ZJ020687,0.0026147196,0.02405519,0.03657025,5.3404667e-05,0.00074819307,0.8817345,0.006912219,0.047311462
ZJ020688,0.012374113,0.030096821,0.19565143,0.011565359,0.0030816842,0.73343945,0.013389006,0.00040210655
ZJ020689,0.25181013,0.01349057,0.010640322,0.69271445,0.026628282,0.00059499906,0.0020908164,0.0020304737
ZJ020690,0.031796556,0.114306524,0.044303358,0.00030240454,0.0034549641,0.7809618,0.01818962,0.006684823
ZJ020691,0.30314603,0.07742837,0.061010048,0.00046102735,0.017671453,0.017027441,0.45562446,0.06763117
ZJ020692,0.14130896,0.013443614,0.18780255,0.29884866,0.042381685,0.01426379,0.011583772,0.29036698
ZJ020693,0.53508276,0.03947107,0.084667645,0.0009866728,0.099601,0.008183514,0.21012363,0.0218837
ZJ020694,0.31194043,0.08720717,0.061033577,0.006690739,0.029977584,0.0020810617,0.23830211,0.26276734
ZJ020695,0.36092606,0.06485623,0.31127992,0.004502316,0.046580307,0.08093546,0.08935561,0.041564133
ZJ020696,0.4661209,0.14170155,0.08515475,0.009461951,0.051971067,0.0050103697,0.121740796,0.11883853
ZJ020697,0.21906558,0.0045121186,0.6609212,0.022946613,0.0014286536,0.009829609,0.005291999,0.07600423
ZJ020698,0.054133117,0.81686807,0.025727367,0.00040655365,0.00076498353,0.003381736,0.07797294,0.020745251
ZJ020699,0.1966774,0.07257528,0.33310637,0.0012052199,0.0012763405,0.13567613,0.22762406,0.031859204
ZJ020700,0.1857804,0.14645454,0.17426012,0.0013970293,0.005855872,0.019767767,0.123672634,0.34281155
ZJ020701,0.0015082312,0.000364851,0.0038163406,0.00036226836,0.00022890193,0.99246347,0.0002436225,0.0010123145
ZJ020702,0.33231035,0.026394762,0.10357063,0.010172802,0.030766191,0.0029046058,0.33378902,0.16009162
ZJ020703,0.46309334,0.013599031,0.026482154,0.41901588,0.059978243,0.0056311693,0.0059812334,0.006218972
ZJ020704,0.5677533,0.20100342,0.07105565,0.044619408,0.021898186,0.0031519223,0.021221757,0.06929645
ZJ020705,0.6360202,0.12919757,0.11644982,0.0010584389,0.012100758,0.0017752938,0.096501574,0.006896409
ZJ020706,0.533867,0.0058798296,0.3526429,0.00637519,0.0053446945,0.035142403,0.021541469,0.03920647
ZJ020707,0.49201497,0.016773408,0.035247047,0.29676116,0.14890248,0.0016015358,0.003993943,0.0047054566
ZJ020708,0.28515753,0.0025838092,0.007394901,8.906575e-05,0.013896287,0.00023299309,0.6849164,0.0057290155
ZJ020709,0.19297871,0.02742349,0.29669535,0.0016435772,0.15291399,0.007843553,0.25890833,0.061593078
ZJ020710,0.024205504,0.002678945,0.077623084,0.028514866,0.02317575,0.4584263,0.027945653,0.35742995
ZJ020711,0.4139199,0.12490857,0.13739839,0.01806512,0.02565989,0.0022665937,0.10797058,0.16981095
ZJ020712,0.118075006,0.0394244,0.10270338,0.29539308,0.024391,0.008528882,0.009547032,0.40193725
ZJ020713,0.10029348,0.00092791306,0.50563943,0.023304923,0.02553592,0.011195313,0.0024017305,0.33070132
ZJ020714,0.51181734,0.06812468,0.119223565,0.0075379224,0.0059455847,0.037738945,0.046168614,0.20344329
ZJ020715,0.111183874,0.39414144,0.028896675,0.00051515095,0.006953954,0.0016973608,0.44630614,0.0103054065
ZJ020716,0.21520974,0.037635922,0.049759503,0.00048383357,0.016555082,0.024233507,0.64037585,0.015746469
ZJ020717,0.37868357,0.052364234,0.1345409,0.0077802697,0.038977258,0.0045251064,0.36725876,0.015869856
ZJ020718,0.38565508,0.041254364,0.04389385,0.3217308,0.19188136,0.004673388,0.0053507993,0.005560353
ZJ020719,0.47886437,0.088506304,0.18875237,0.0016069025,0.010522748,0.016917283,0.18492384,0.029906176
ZJ020720,0.12597287,0.045974795,0.41570938,0.0013165927,0.006383694,0.005725238,0.36864898,0.030268464
ZJ020721,0.2634036,0.08840698,0.05870336,0.017575752,0.036063664,0.0014886558,0.46734947,0.06700859
ZJ020722,0.031423364,0.0017134509,0.11681577,0.00021752805,0.00033815857,0.8150361,0.020494718,0.013960856
ZJ020723,0.3363744,0.12909691,0.12355137,0.009366633,0.073769115,0.006376079,0.30057472,0.020890728
ZJ020724,0.08492612,0.007943166,0.3620608,0.36625835,0.12016143,0.0052919867,0.0045137554,0.048844382
ZJ020725,0.049262498,0.894782,0.019610116,0.0017812053,0.00052292994,0.001428434,0.005804549,0.026808275
ZJ020726,0.13237454,0.014212351,0.51969206,0.0004915662,0.00163158,0.0462861,0.27077746,0.014534326
ZJ020727,0.09058357,0.0034258475,0.04613151,0.026953544,0.024522994,0.76447004,0.025640571,0.018271917
ZJ020728,0.21001796,0.01690915,0.34294742,0.023603013,0.030611651,0.056388717,0.011100036,0.3084221
ZJ020729,0.21133824,0.03842392,0.33811665,0.0008012945,0.0007988646,0.029265981,0.36143175,0.019823352
ZJ020730,0.44762474,0.0302147,0.08495768,0.0026327672,0.0115582775,0.00023316736,0.3878627,0.03491598
ZJ020731,0.18315953,0.009444785,0.2474929,0.42868695,0.0026492567,0.0036218872,0.012878385,0.11206637
ZJ020732,0.18596248,0.034753513,0.19583194,0.0015774478,0.001391442,0.04523018,0.29066536,0.24458763
ZJ020733,0.27093476,0.046563357,0.05534697,0.4593678,0.102187626,0.044126615,0.011640858,0.009832056
ZJ020734,0.07213348,0.0008466989,0.28126618,0.20134842,0.0021893373,0.0073798993,0.0016861397,0.4331498
ZJ020735,0.00083597767,0.003076761,0.006723882,5.8771893e-05,0.00093311374,0.9876456,0.00026477192,0.00046111643
ZJ020736,0.402783,0.21019143,0.09283986,0.0009945956,0.03826989,0.014435108,0.19521601,0.045270123
ZJ020737,0.39308724,0.023620643,0.047023,0.40695187,0.10805774,0.0065527814,0.008220894,0.006485818
ZJ020738,0.6525218,0.08174694,0.15050553,0.007956688,0.01841947,0.005895827,0.04141516,0.041538566
ZJ020739,0.24881335,0.35715073,0.20505495,0.0062510846,0.019358387,0.0006400474,0.09467402,0.068057425
ZJ020740,0.48218903,0.009251681,0.19195326,0.0015075187,0.011129569,0.016289812,0.2781967,0.009482477
ZJ020741,0.46924782,0.046017405,0.15456328,0.13497582,0.09365137,0.027737517,0.008663338,0.06514347
ZJ020742,0.10221661,0.0943933,0.12919359,0.0024943158,0.0062324177,0.0017992762,0.6162012,0.047469318
ZJ020743,0.21860676,0.022696458,0.36838505,0.05351347,0.11687094,0.043978646,0.015069326,0.16087933
ZJ020744,0.510332,0.013430146,0.037969455,0.012912673,0.025799233,0.0010538097,0.2054609,0.19304177
ZJ020745,0.26546898,0.11220547,0.22815877,0.0028269382,0.0044937716,0.02729277,0.32275093,0.03680236
ZJ020746,0.06872504,0.255229,0.08352857,0.01480697,0.016616639,0.00088963035,0.4439771,0.11622709
ZJ020747,0.2057334,0.056647487,0.14601438,0.13790269,0.03572485,0.016949376,0.010078274,0.39094958
ZJ020748,0.004690257,0.9885202,0.003651846,7.915719e-05,0.0010295339,0.00016309212,0.0013925617,0.00047327104
ZJ020749,0.053223915,0.094462216,0.11033732,0.0024445306,0.028458904,0.28626555,0.3462037,0.07860386
ZJ020750,0.112011455,0.16943926,0.12931119,0.002450161,0.007632256,0.008467751,0.49359816,0.077089705
ZJ020751,0.37173504,0.04836031,0.34410584,0.023112856,0.05536423,0.005686703,0.040462792,0.11117223
ZJ020752,0.08951059,0.0056594983,0.15589501,0.34851643,0.012785372,0.005527794,0.004526371,0.37757894
ZJ020753,0.4559816,0.05368451,0.12531899,0.006225357,0.018484887,0.023008421,0.24660568,0.07069057
ZJ020754,0.0907289,0.046888556,0.041913405,0.0028834518,0.00050589873,0.004698176,0.52521557,0.28716603
ZJ020755,0.204933,0.07216026,0.28781506,0.0006054524,0.0024196894,0.06278851,0.24351741,0.12576063
ZJ020756,0.36828205,0.014717294,0.06668171,0.011179667,0.30788955,0.1704473,0.016111568,0.04469082
ZJ020757,0.004779158,0.0057023745,0.0055656503,0.000214218,6.16602e-05,0.00077558286,0.98232293,0.0005784603
ZJ020758,0.23663116,0.18864204,0.15566745,0.042999428,0.0050486997,0.015361581,0.0362989,0.31935078
ZJ020759,0.6176963,0.022396231,0.11037812,0.00027298622,0.003820401,0.053425234,0.07520701,0.11680373
ZJ020760,0.06784056,0.003585798,0.28700188,0.00050530717,0.0018600773,0.39598885,0.18753709,0.055680502
ZJ020761,0.32613286,0.23096567,0.1321688,0.006646766,0.099679954,0.0022078054,0.1677017,0.03449644
ZJ020762,0.02706905,0.34533197,0.15491301,0.0009413288,0.38846493,0.018800374,0.023777656,0.040701695
ZJ020763,0.13799433,0.28959247,0.449435,0.00029310473,0.00042208444,0.008040487,0.11322418,0.0009983255
ZJ020764,0.051638022,0.031773154,0.29282486,0.0011994456,0.0005171954,0.009231844,0.5664015,0.046413943
ZJ020765,0.4155944,0.011417937,0.27569646,0.0032688817,0.102399506,0.0123927,0.16231976,0.016910274
ZJ020766,0.39825058,0.037329108,0.05903819,0.32640976,0.16121887,0.001301911,0.011372517,0.0050790515
ZJ020767,0.019458974,0.4460723,0.42949224,0.00017646496,3.5447894e-05,0.0003592111,0.0992755,0.0051298602
ZJ020768,0.5002666,0.03247042,0.102865696,0.0019921348,0.002340853,0.0027075307,0.10092091,0.2564358
ZJ020769,0.19521815,0.003468456,0.21340837,0.35734376,0.0058128336,0.0024318367,0.00424939,0.21806721
ZJ020770,0.14032538,0.7109931,0.05910308,0.004748753,0.001508173,0.0036895117,0.024201766,0.055430245
ZJ020771,0.13665746,0.067104414,0.10389089,0.28482968,0.014031312,0.0048189107,0.0059276326,0.3827397
ZJ020772,0.13235621,0.004665241,0.046616804,0.0007660137,0.0043795328,0.7026418,0.030230489,0.07834391
ZJ020773,0.2266495,0.010819799,0.4082676,0.0010262917,0.00499208,0.023327535,0.092016436,0.23290083
ZJ020774,0.12900409,0.119920075,0.07471584,0.0006883202,0.00466733,0.0018368042,0.65687007,0.012297445
ZJ020775,0.12456774,0.0037274405,0.14273953,0.3351678,0.0024652637,0.004115162,0.004827879,0.38238925
ZJ020776,0.13949382,0.0027187695,0.14724079,0.38240895,0.0068870117,0.001995838,0.010216805,0.30903804
ZJ020777,0.16964035,0.08537896,0.36043966,0.0014257623,0.020635804,0.0061684847,0.31505072,0.041260228
ZJ020778,0.1553747,0.0023277178,0.33568746,0.25836474,0.031035457,0.023975832,0.0039450927,0.18928902
ZJ020779,0.43203518,0.009832463,0.1474063,0.001509469,0.018920435,0.02660181,0.35683495,0.006859417
ZJ020780,0.009196469,0.9575448,0.0064273397,0.00021705654,0.00049707905,0.0011682849,0.01233276,0.012616227
ZJ020781,0.025152879,0.00090982433,0.06021624,0.6056229,0.00022248962,0.00012132759,0.0012827215,0.30647165
ZJ020782,0.092339486,0.018683633,0.36657685,0.0031748621,0.002563632,0.013948619,0.439724,0.0629889
ZJ020783,0.2832055,0.18930441,0.2508881,0.003260466,0.0256142,0.0018376604,0.16587232,0.08001729
ZJ020784,0.4741471,0.030301208,0.21304296,0.001970322,0.0076971054,0.043926947,0.21804015,0.01087417
ZJ020785,0.3387928,0.18260568,0.3267577,0.0024213814,0.06086247,0.0067430926,0.045020506,0.036796365
ZJ020786,0.08300936,0.6942367,0.08263041,0.0024546154,0.02334055,0.0025558544,0.041166563,0.07060592
ZJ020787,0.03740906,0.009133732,0.015772734,0.014943254,0.0051823137,0.9035052,0.0066709393,0.0073828
ZJ020788,0.14015695,0.009927114,0.24763922,0.27731422,0.011091815,0.01130865,0.0077428417,0.29481915
ZJ020789,0.06499593,0.57714695,0.08889774,0.0059614545,0.0075961677,0.003790155,0.10026941,0.1513422
ZJ020790,0.065485045,0.5643002,0.12180798,0.0004391065,0.037040018,0.0077730864,0.16706178,0.036092788
ZJ020791,0.33835602,0.15134896,0.21439888,0.0020671661,0.0068617994,0.06645919,0.21636471,0.004143267
ZJ020792,0.28560036,0.082552284,0.19816594,0.005391074,0.0007923767,0.18741949,0.18635029,0.053728163
ZJ020793,0.15310955,0.45862612,0.10598655,0.0025952165,0.082561,0.011873222,0.16880329,0.016445002
ZJ020794,0.2439246,0.0141428,0.4892783,0.002161074,0.055477343,0.04490843,0.14628032,0.003827163
ZJ020795,0.08473676,0.7927453,0.07356805,0.00047131465,0.0030211534,0.0014934546,0.034467492,0.009496513
ZJ020796,0.43576428,0.019590477,0.3643894,0.00020667662,0.001723642,0.009207703,0.07980324,0.08931463
ZJ020797,0.16101953,0.0013735915,0.683888,0.034037493,0.030140253,0.0068822126,0.0027449764,0.07991389
ZJ020798,0.50606686,0.09931999,0.14002274,0.0026396082,0.008605244,0.017500883,0.1865559,0.039288793
ZJ020799,0.43715504,0.0011080931,0.1565959,0.1417435,0.12711352,0.028261244,0.0038380325,0.10418463
ZJ020800,0.5624765,0.00070625957,0.018202098,0.0011287523,0.40097237,0.0034453825,0.00081220735,0.012256431
ZJ020801,0.52142096,0.005066211,0.26956797,0.010543532,0.013543332,0.019511042,0.036870234,0.1234767
ZJ020802,0.0013377538,0.00085941615,0.0043739434,0.00026284246,0.00028336633,0.9909884,0.00037077582,0.001523585
ZJ020803,0.058478877,0.0023068779,0.20232056,0.16811693,0.034089413,0.0021633143,0.011446914,0.5210771
ZJ020804,0.07768501,0.014124999,0.09481421,0.32472083,0.014789683,0.0069305925,0.0069804606,0.45995417
ZJ020805,0.39066312,0.027995966,0.07046498,0.349545,0.12334493,0.005514369,0.017157014,0.015314626
ZJ020806,0.0010395852,0.00093767623,0.0031267134,7.465814e-05,0.00028661764,0.99299645,0.00029068746,0.0012476787
ZJ020807,0.2865739,0.020784115,0.37031275,0.16953637,0.03384798,0.010446982,0.014946151,0.093551755
ZJ020808,0.13053353,0.52621675,0.02370105,0.002811122,0.008224042,0.04845275,0.259476,0.00058486644
ZJ020809,0.6224959,0.079526775,0.0859851,0.00085780723,0.0081173545,0.017510995,0.1660107,0.019495428
ZJ020810,0.09014183,0.0038732402,0.29776177,0.0003351614,0.0011580436,0.4063367,0.11480273,0.0855905
ZJ020811,0.048971646,0.10772755,0.124777615,0.0012525711,0.0265478,0.2896731,0.35692087,0.044128925
ZJ020812,0.18817675,0.0031649654,0.6657487,0.035695184,0.0007462973,0.0059131524,0.006548154,0.09400677
ZJ020813,0.40001348,0.011170477,0.28204706,0.004268591,0.029410204,0.008056783,0.07041614,0.19461726
ZJ020814,0.038360283,0.12059327,0.78152424,0.0001456797,0.00021382982,0.0172633,0.04118032,0.00071906555
ZJ020815,0.069449894,0.030762585,0.17192024,0.0019082064,0.25489685,0.44115952,0.021428037,0.008474733
ZJ020816,0.24043019,0.13770287,0.19262835,0.0028157965,0.01868581,0.11222746,0.16211307,0.13339645
ZJ020817,0.19073209,0.03209952,0.14561975,0.0010591313,0.07525609,0.0035969033,0.5113554,0.040281124
ZJ020818,0.1381035,0.0037326233,0.10156015,0.25369197,0.012646067,0.0017548344,0.007919444,0.48059145
ZJ020819,0.44563016,0.32297412,0.056837708,0.03009893,0.04967745,0.0066838525,0.045295037,0.042802703
ZJ020820,0.6326206,0.123890676,0.112765655,0.00068258203,0.0019612785,0.054012414,0.062404573,0.011662272
ZJ020821,0.47724572,0.044390205,0.19173877,0.0008898378,0.0028670626,0.043161828,0.19253387,0.047172744
ZJ020822,0.29823434,0.11798197,0.2981641,0.0041105067,0.05060936,0.0019406467,0.12727001,0.10168914
ZJ020823,0.471253,0.068288766,0.0660978,0.23690179,0.10008577,0.029261144,0.006767916,0.021343755
ZJ020824,0.2904979,0.17627996,0.23090324,0.0033533082,0.19539501,0.005191117,0.054030515,0.044348877
ZJ020825,0.25996694,0.17928483,0.2698336,0.01838092,0.059014264,0.0071048336,0.039610095,0.16680449
ZJ020826,0.14121515,0.0012004062,0.30411118,0.12171786,0.122250736,0.062519245,0.003843006,0.24314243
ZJ020827,0.10658383,0.059110504,0.4239486,0.0005332784,0.0033466953,0.053859703,0.26023236,0.09238505
ZJ020828,0.055640608,0.103994556,0.009778297,0.00020472874,0.006221114,0.8146295,0.0017032758,0.007827982
ZJ020829,0.070686,0.06075571,0.40427995,0.0016894521,0.008106674,0.18592781,0.13058434,0.13797012
ZJ020830,0.9614996,0.019813795,0.00411735,0.0004723323,0.0019367703,0.0013124987,0.009447626,0.0014001005
ZJ020831,0.0010312573,0.0001616332,0.0015888575,6.0717735e-05,0.005817574,0.98977435,0.0013906917,0.0001749456
ZJ020832,0.27543914,0.023461787,0.24175845,0.19351527,0.03230194,0.063031346,0.0071107214,0.16338131
ZJ020833,0.07342958,0.06598176,0.19730256,0.00070849544,0.0014986068,0.0030683447,0.6130002,0.045010455
ZJ020834,0.28695175,0.05152862,0.4504594,0.0017035331,0.0065147374,0.0073523694,0.178081,0.017408565
ZJ020835,0.29799533,0.20679955,0.30459297,0.001414498,0.016331414,0.0301695,0.13312759,0.009569248
ZJ020836,0.3061669,0.1447243,0.28897652,0.00092561205,0.006229241,0.023737492,0.21124335,0.017996645
ZJ020837,0.27346095,0.14952132,0.3230336,0.0033274505,0.0066680475,0.01900336,0.16994922,0.055036034
ZJ020838,0.1112428,0.0027712223,0.12936133,0.48364353,0.06083885,0.013090215,0.0077390377,0.19131297
ZJ020839,0.077511296,0.2172112,0.064618945,0.0008148839,0.0040054778,0.016898634,0.6115939,0.0073456783
ZJ020840,0.1968854,0.0064607845,0.14053102,0.0029969795,0.031299166,0.075207114,0.12149926,0.42512032
ZJ020841,0.6846859,0.03046921,0.11970594,0.021714607,0.07742081,0.004910332,0.01693434,0.044158936
ZJ020842,0.22317152,0.27520928,0.29451555,0.002179302,0.010764101,0.0028574942,0.1070847,0.08421805
ZJ020843,0.09937471,0.024960937,0.43266514,0.12492492,0.013961471,0.007814464,0.01411093,0.2821874
ZJ020844,0.19618876,0.32996514,0.20754354,0.0013460323,0.00075700623,0.08816524,0.14886756,0.027166689
ZJ020845,0.0102294255,0.7194882,0.13553345,0.00037403498,0.087732084,0.027236689,0.012264442,0.007141664
ZJ020846,0.004249295,0.0016589361,0.004068969,4.269322e-05,3.7229907e-05,0.0005504552,0.98896635,0.00042604236
ZJ020847,0.07040677,0.7747048,0.045228448,5.8629023e-05,0.00011639911,0.06984065,0.038356174,0.0012881181
ZJ020848,0.32955134,0.042967565,0.162359,0.0027126293,0.0010008093,0.010752595,0.44764924,0.0030068199
ZJ020849,0.060469333,0.83897483,0.054929286,2.9213408e-05,0.00056504214,0.017737096,0.02324148,0.004053722
ZJ020850,0.18294671,0.026448023,0.29326507,0.0009321754,0.0070734876,0.009779692,0.21061435,0.26894054
ZJ020851,0.14511435,0.6145775,0.11735622,0.00028068924,0.00046327585,0.017215688,0.04934847,0.055643912
ZJ020852,0.09188576,0.068457946,0.46347386,0.040252812,0.003144722,0.0019484616,0.028940028,0.3018964
ZJ020853,0.06900982,0.10504788,0.5860391,0.0005314794,0.00026422748,0.005652542,0.23252855,0.00092634105
ZJ020854,0.0014556274,0.0006303772,0.0054942314,0.0004612857,0.00032202835,0.9901432,0.00026419968,0.001229088
ZJ020855,0.073167205,0.0010985215,0.61530185,0.036018744,0.0040416224,0.01766629,0.00091884815,0.25178698
ZJ020856,0.53219867,0.048204962,0.04192554,0.294781,0.0714876,0.0011426554,0.006101961,0.0041576494
ZJ020857,0.013922825,0.97487015,0.0022230758,4.5614666e-05,0.0013250391,0.0007023131,0.006594443,0.00031662485
ZJ020858,0.39326555,0.0014783393,0.11325078,0.14452928,0.20716731,0.012276718,0.0025286304,0.12550335
ZJ020859,0.82713026,0.008637163,0.06980974,0.009841227,0.0014567198,0.010261512,0.0027410456,0.0701224
ZJ020860,0.092454135,0.0011527485,0.5860781,0.046015564,0.0030427692,0.009117512,0.0007513089,0.2613878
ZJ020861,0.06786737,0.001660716,0.23739152,0.33798146,0.05830115,0.023315053,0.0014324329,0.27205032
ZJ020862,0.015911708,0.0106615275,0.0027841094,0.0069925697,0.0004251747,0.9141649,0.04499928,0.0040607634
ZJ020863,0.08281381,0.00256863,0.1094411,0.2602119,0.0040919906,0.0017057769,0.0028018618,0.5363649
ZJ020864,0.18218613,0.46020547,0.19027846,0.04201548,0.0049694628,0.02441336,0.09195932,0.003972318
ZJ020865,0.2930059,0.03710211,0.08626548,0.01311802,0.09522195,0.0025069541,0.21371281,0.25906676
ZJ020866,0.19170909,0.050092887,0.27003905,0.0014190688,0.036120377,0.01818119,0.1864621,0.2459763
ZJ020867,0.00059885794,0.00041990913,0.02061065,7.7619625e-05,0.00053719204,0.9763104,0.00027053137,0.001174858
ZJ020868,0.18162899,0.15967208,0.43924928,0.0066161035,0.0018422531,0.009230328,0.1098626,0.09189833
ZJ020869,0.3032379,0.011048785,0.08045377,0.100322865,0.02970083,0.0051234174,0.024951732,0.44516072
ZJ020870,0.42503184,0.0910903,0.06986186,0.0076221493,0.018122217,0.0022507051,0.14739159,0.23862936
ZJ020871,0.31126294,0.14479236,0.1484024,0.00046798112,0.0052024587,0.03283243,0.05947422,0.29756516
ZJ020872,0.02938422,0.008001375,0.031193163,0.0011544117,0.0023258626,0.0027638236,0.915083,0.010094137
ZJ020873,0.10288038,0.010447003,0.026032422,0.013296572,0.22679698,0.58574456,0.02336164,0.011440428
ZJ020874,0.60838884,0.022915237,0.14442879,0.0031144684,0.041585412,0.001553702,0.13182783,0.046185773
ZJ020875,0.36331588,0.021353891,0.090686776,0.002778306,0.0013288073,0.00085351284,0.50184023,0.017842595
ZJ020876,0.16939434,0.004001993,0.21891788,0.00067387987,0.3149665,0.05154302,0.22410895,0.016393403
ZJ020877,0.45017862,0.05112168,0.28019235,0.005832119,0.007917753,0.025014065,0.09507429,0.084669106
ZJ020878,0.3681053,0.04727806,0.19654694,0.017399464,0.101417966,0.0017839449,0.17608532,0.09138303
ZJ020879,0.14007182,0.0075561614,0.1775141,0.5090904,0.0018914873,0.010945973,0.005907577,0.14702252
ZJ020880,0.403855,0.030644428,0.13615116,0.003911498,0.011413152,0.009301851,0.28264198,0.122080944
ZJ020881,0.26731536,0.03566895,0.19159186,0.02674223,0.1944323,0.0025998447,0.2037439,0.07790558
ZJ020882,0.096225806,0.000835379,0.101573944,0.27995002,0.007117014,0.0030791454,0.0045778416,0.50664085
ZJ020883,0.2875614,0.20800614,0.22524473,0.043859847,0.018848784,0.0044423128,0.027839597,0.18419722
ZJ020884,0.3676188,0.15928724,0.090926185,0.01930837,0.01897875,0.0016781039,0.17755206,0.16465053
ZJ020885,0.5221754,0.01588202,0.045807105,0.31617042,0.08140632,0.0023095189,0.01005878,0.006190516
ZJ020886,0.38250938,0.025108492,0.20142461,0.00374978,0.004203176,0.33473668,0.025674498,0.022593413
ZJ020887,0.04691319,0.11759145,0.4480696,0.00042395605,0.00020481374,0.020803832,0.19351542,0.17247763
ZJ020888,0.19466516,0.290839,0.020466736,0.0025781558,0.24443394,0.14565971,0.010192795,0.09116452
ZJ020889,0.26472992,0.001408392,0.18990816,0.06741013,0.33399564,0.058705147,0.018962404,0.064880215
ZJ020890,0.32232103,0.019871611,0.33177298,0.00096796534,0.008552594,0.070065096,0.21384855,0.03260023
ZJ020891,0.12062605,0.68831307,0.10922756,0.00033811355,0.0010620444,0.014008907,0.028590731,0.03783356
ZJ020892,0.03948153,0.03303578,0.3575965,0.0010931386,0.001927902,0.47331503,0.06756694,0.025983239
ZJ020893,0.25378945,0.017882593,0.026740875,0.0055498807,0.017702326,0.00094100944,0.621551,0.05584292
ZJ020894,0.079013065,0.0046446794,0.21187037,0.11012726,0.0010496023,0.0023064886,0.0035774426,0.5874111
ZJ020895,0.060927745,0.001864051,0.10648395,0.59798753,0.007097918,0.040241487,0.0022832714,0.18311407
ZJ020896,0.2907171,0.122555055,0.28060028,0.0015550898,0.006260592,0.0064015933,0.1912953,0.10061501
ZJ020897,0.246608,0.27206254,0.16664365,0.035975967,0.0133425165,0.0034812328,0.035182305,0.22670373
ZJ020898,0.00096883596,0.0006719957,0.0071376683,5.6065008e-05,0.0005335135,0.98950016,0.00033828945,0.0007934405
ZJ020899,0.17910755,0.0008456223,0.3909507,0.01032264,0.13181663,0.03459595,0.0019581907,0.25040275
ZJ020900,0.19279453,0.4110577,0.11668184,0.0008311295,0.0005892066,0.05668303,0.2184437,0.0029188397
ZJ020901,0.19342339,0.2589824,0.17581418,0.0005359883,0.002625232,0.00386931,0.3353035,0.029446006
ZJ020902,0.16482349,0.0039848806,0.18943834,0.31887317,0.043798115,0.011288987,0.0037055782,0.26408738
ZJ020903,0.57334584,0.120488964,0.11527892,0.0057776105,0.0024417085,0.042708337,0.13358478,0.0063738413
ZJ020904,0.28554854,0.02019585,0.104823455,0.19449137,0.03324471,0.011239219,0.023336818,0.32712004
ZJ020905,0.108649395,0.69035953,0.05340394,0.01446564,0.008602148,0.0010574525,0.109617904,0.0138440505
ZJ020906,0.121304,0.0014931927,0.46275538,0.045964863,0.01913837,0.016601406,0.0033618973,0.3293809
ZJ020907,0.2930691,0.12873848,0.410596,0.0015854018,0.016867844,0.022039326,0.102594435,0.024509406
ZJ020908,0.26648885,0.013408665,0.24702005,0.06028693,0.013310092,0.012846768,0.023219367,0.36341932
ZJ020909,0.47884962,0.011793259,0.1993663,0.15376705,0.057977125,0.0141459,0.0077301078,0.07637064
ZJ020910,0.033826433,0.01760542,0.032451406,0.009843075,0.027413767,0.00024437206,0.82315457,0.055460937
ZJ020911,0.15607505,0.084734984,0.062706575,0.0010363747,0.008896167,0.006574134,0.67882043,0.0011563302
ZJ020912,0.47588757,0.0126313595,0.065846205,0.3259278,0.035834737,0.026912129,0.047433235,0.009526977
ZJ020913,0.00041472662,0.000996332,0.02073221,3.605601e-05,0.0002206969,0.9769458,0.00014737569,0.00050680613
ZJ020914,0.2129287,0.016729683,0.18733874,0.0007867515,0.00902119,0.007025654,0.5247645,0.041404773
ZJ020915,0.55180687,0.014231444,0.12150387,0.001054336,0.007078808,0.04314633,0.24242075,0.018757597
ZJ020916,0.3946553,0.015610009,0.28951314,0.0009421179,0.004859707,0.01601728,0.23241523,0.045987114
ZJ020917,0.28474727,0.049061593,0.16311224,0.0033107908,0.09992805,0.0027602906,0.36592427,0.031155463
ZJ020918,0.020678712,0.9643554,0.007108382,0.00018436581,0.0016353964,0.00068256375,0.0014867323,0.0038685666
ZJ020919,0.18001463,0.002091498,0.016045818,0.00011575788,0.0035603966,0.010916884,0.78468883,0.002566225
ZJ020920,0.113654874,0.07860583,0.46448272,0.14478216,0.13476373,0.009100576,0.008008875,0.046601288
ZJ020921,0.019688861,0.71432364,0.20076804,0.0006585808,0.0045910217,0.002089658,0.056216,0.0016642752
ZJ020922,0.3102618,0.20484227,0.35184738,0.0014889864,0.008008763,0.0038561302,0.075919904,0.043774765
ZJ020923,0.0015875112,0.0018888393,0.027814332,8.517761e-05,0.0011844885,0.9659099,0.0005515774,0.0009780885
ZJ020924,0.032615427,0.06314748,0.44523343,0.0012366483,0.008307277,0.13755465,0.27643108,0.03547397
ZJ020925,0.3247781,0.020601869,0.30808815,0.0016006564,0.03925332,0.00905508,0.12125816,0.17536463
ZJ020926,0.5823283,0.0012988445,0.007979874,4.473493e-05,0.39662603,0.0055761277,0.0057153185,0.00043073998
ZJ020927,0.36207706,0.08474947,0.2809086,0.07841626,0.030866021,0.0036620281,0.021362007,0.13795847
ZJ020928,0.009191964,0.00070903474,0.0044140313,0.0001021308,0.0023703922,0.9804053,0.00059052894,0.0022166413
ZJ020929,0.09388849,0.044164106,0.26045433,0.0030345935,0.019072296,0.34326613,0.003977137,0.23214294
ZJ020930,0.016396437,0.19818734,0.73524183,0.000119729884,4.304892e-05,0.0035887596,0.04298539,0.003437458
ZJ020931,0.0926786,0.6514618,0.07445045,0.0004328545,0.0010131715,0.003275801,0.09951872,0.0771686
ZJ020932,0.36863825,0.038429596,0.28831658,0.0019893027,0.011653014,0.04053977,0.13906093,0.11137254
ZJ020933,0.13047019,0.020916121,0.32545474,0.28715804,0.004593062,0.16155665,0.008775563,0.06107566
ZJ020934,0.89981896,0.0011509818,0.0051146974,0.00011866039,0.09267084,0.0002130445,0.00073983654,0.00017296402
ZJ020935,0.07566105,0.0037398313,0.19477011,0.1881369,0.012865428,0.0177552,0.007211659,0.49985984
ZJ020936,0.09370877,0.0032445502,0.51460016,0.00016448961,0.001012187,0.0115297595,0.28091645,0.094823666
ZJ020937,0.26252028,0.058989685,0.090449035,0.05046828,0.007641282,0.0030406953,0.021984987,0.50490576
ZJ020938,0.2403072,0.026602786,0.10154652,0.001289296,0.0019844328,0.0040557035,0.34458044,0.2796336
ZJ020939,0.22172838,0.0016310475,0.14628276,0.29842797,0.004839906,0.0033972664,0.0074837613,0.31620893
ZJ020940,0.5768474,0.0033810548,0.084967524,0.0005966532,0.022149546,0.2659533,0.022417253,0.023687301
ZJ020941,0.09477525,0.420456,0.21249242,0.0013526331,0.0033393328,0.0016701836,0.26112705,0.004787176
ZJ020942,0.100033104,0.0022295297,0.19066308,0.0003058247,0.00028812478,0.030769018,0.66758275,0.008128598
ZJ020943,0.9785383,0.0014183943,0.0014081992,0.00021355487,0.010389132,0.00015589417,0.007256829,0.0006197068
ZJ020944,0.6066388,0.04838362,0.10786311,0.11425929,0.065541245,0.014643096,0.005797635,0.03687325
ZJ020945,0.3708494,0.025097694,0.2123499,0.017611466,0.007750788,0.017637147,0.29603356,0.05267002
ZJ020946,0.43968412,0.03375871,0.23984075,0.0029131256,0.024115633,0.014877257,0.21305425,0.031756118
ZJ020947,0.15980218,0.32094216,0.2579567,0.0028122724,0.010963436,0.009611416,0.2349703,0.0029414876
ZJ020948,0.41556743,0.017359514,0.13845351,0.0034885653,0.031695437,0.106821485,0.11594452,0.17066953
ZJ020949,0.22611551,0.0005924508,0.2889527,0.34946424,0.0097383605,0.0808616,0.0011305459,0.04314461
ZJ020950,0.24901688,0.04268321,0.15631148,0.0009635757,0.0037276624,0.02660952,0.45412624,0.06656137
ZJ020951,0.0007269454,0.00013127388,0.005764343,3.0614752e-05,0.00044267855,0.9924777,0.00017777663,0.00024867486
