id,antelope_duiker,bird,blank,civet_genet,hog,leopard,monkey_prosimian,rodent
ZJ016488,0.09038064,0.0050510424,0.14877306,0.21068388,0.0031918094,0.4893424,0.0045537013,0.048023444
ZJ016489,0.45723405,0.09026921,0.050728723,0.025703158,0.109579116,0.00561723,0.20675573,0.054112732
ZJ016490,0.35935143,0.021228317,0.030460557,0.43761915,0.08310854,0.019805897,0.02594347,0.022482686
ZJ016491,0.00046533748,9.036589e-05,0.0013731658,0.0021877845,0.02958589,0.95049226,2.4853744e-05,0.015780333
ZJ016492,0.12853038,0.085366845,0.04844703,0.13427071,0.014325246,0.0030940997,0.3817369,0.20422879
ZJ016493,0.41889897,0.10577418,0.096979104,0.0048664184,0.010732675,0.0007982238,0.3037529,0.05819753
ZJ016494,0.15436457,0.07097532,0.28836092,0.00024219161,0.0031372278,0.0044479333,0.3979639,0.080507904
ZJ016495,0.033443626,0.05797753,0.039135925,0.0033642873,0.013410803,0.036542375,0.72788143,0.08824402
ZJ016496,0.25714606,0.12742248,0.09224894,0.021436006,0.15640755,0.10348355,0.22319241,0.01866299
ZJ016497,0.062273156,0.40944272,0.076692216,0.003478452,0.005562545,0.06406859,0.33180746,0.0466749
ZJ016498,0.14950243,0.30279088,0.051145818,0.008894801,0.018235357,0.38789907,0.06159074,0.019940963
ZJ016499,0.12216581,0.60204035,0.06888735,0.005443336,0.0009428992,0.041714806,0.15557384,0.00323151
ZJ016500,0.54838026,0.069080696,0.12146934,0.0070410343,0.061223038,0.01415486,0.12548979,0.05316099
ZJ016501,0.12468864,0.06778595,0.27421418,0.30119404,0.12471133,0.034021456,0.0037691263,0.06961535
ZJ016502,0.09362318,0.2621726,0.2743126,0.2950008,0.022070719,0.010837323,0.0049513285,0.03703146
ZJ016503,0.21018697,0.068753,0.22079407,0.0031145425,0.000833422,0.0018923087,0.46268684,0.031738833
ZJ016504,0.17091621,0.065690614,0.10596491,0.005827299,0.45984122,0.010241249,0.14247546,0.039043006
ZJ016505,0.33254454,0.081326365,0.21449937,0.09163939,0.09009263,0.020699602,0.07553289,0.09366521
ZJ016506,0.32005915,0.088249326,0.11630098,0.00032129462,0.0058556716,0.01191288,0.441402,0.015898721
ZJ016507,0.17949821,0.089470886,0.2704024,0.005369894,0.042645235,0.122906014,0.25230768,0.037399653
ZJ016508,0.08600646,0.006658518,0.40024304,0.17532332,0.0054239356,0.02507094,0.010908618,0.2903652
ZJ016509,0.12628797,0.6418253,0.10555752,0.018790076,0.00051946973,0.0008449075,0.008545871,0.097628936
ZJ016510,0.12971586,0.032146055,0.10654318,0.31036285,0.045422234,0.019860838,0.0032975147,0.3526515
ZJ016511,0.2589878,0.009742549,0.4692564,0.03095708,0.014044981,0.0046682204,0.005545025,0.20679794
ZJ016512,0.12241921,0.43537128,0.15339638,0.0039308593,0.0063390858,0.024282949,0.2184065,0.035853714
ZJ016513,0.16309012,0.18848924,0.090507634,0.0057689184,0.010431475,0.0024436042,0.49139872,0.047870267
ZJ016514,0.34631234,0.009798819,0.021894032,0.35617995,0.24288575,0.008055213,0.010263574,0.004610327
ZJ016515,0.08663278,0.0956652,0.21510902,0.03531531,0.06532082,0.21966977,0.2581264,0.024160674
ZJ016516,0.24356185,0.0034213879,0.21298622,0.17343056,0.005237292,0.021997668,0.008313935,0.33105102
ZJ016517,0.24981524,0.28171295,0.16147138,0.009442928,0.15248862,0.02832594,0.07424155,0.042501364
ZJ016518,0.9534588,7.529055e-05,0.0060507385,0.0065245638,0.0049411417,0.0014459433,0.0007858115,0.026717724
ZJ016519,0.10324951,0.0050337124,0.39835304,0.22075611,0.08630427,0.032720607,0.010457424,0.1431253
ZJ016520,0.31344405,0.0059231943,0.059072033,0.49318528,0.0042359647,0.021497844,0.009861401,0.092780195
ZJ016521,0.16063012,0.08349498,0.15610947,0.0051624314,0.0020638055,0.011945714,0.5444271,0.03616642
ZJ016522,0.8924603,0.0063156937,0.03638424,0.0005573522,0.032249443,0.010506918,0.014189195,0.0073368554
ZJ016523,0.17832431,0.53577936,0.10028322,0.005236495,0.056493405,0.0015483036,0.08666171,0.035673164
ZJ016524,0.28891537,0.0056457026,0.50627166,0.038874228,0.0024321529,0.016018238,0.005017645,0.13682498
ZJ016525,0.13719982,0.00422057,0.08783165,0.06572343,0.5281098,0.07408758,0.0044232495,0.098403946
ZJ016526,0.21252486,0.26151648,0.073873214,0.06947837,0.0513037,0.019098971,0.24045661,0.071747825
ZJ016527,0.07786662,0.0006974675,0.05999497,0.46114752,0.0013105143,0.0038329072,0.002732641,0.39241737
ZJ016528,0.23689574,0.0074238065,0.18375486,0.0002491703,0.0014562701,0.022631029,0.5423278,0.0052613067
ZJ016529,0.053115215,0.095227025,0.0670525,0.01357081,0.01371494,0.07613089,0.6063385,0.0748502
ZJ016530,0.06894865,0.4822287,0.13084528,0.0012970465,0.0031962155,0.22264002,0.06955089,0.02129316
ZJ016531,0.09140844,0.0013942643,0.115434036,0.7067978,0.036229145,0.027472125,0.0015617376,0.0197024
ZJ016532,4.529382e-05,8.026344e-06,5.596561e-05,4.559325e-06,6.3560847e-06,0.9997852,3.807465e-05,5.6548844e-05
ZJ016533,0.14788502,0.19232367,0.16311575,0.0029959073,0.057387795,0.009883231,0.38595104,0.04045764
ZJ016534,0.071043484,0.005027898,0.28114712,0.32118762,0.0036702561,0.010505474,0.003688933,0.3037293
ZJ016535,0.039220374,0.033838008,0.057845358,0.011309127,0.0027803166,0.0022457081,0.8440412,0.008719869
ZJ016536,0.18893011,0.21785103,0.2073046,0.0007169814,0.025307288,0.023443596,0.297913,0.038533423
ZJ016537,0.34235343,0.059749823,0.12352891,0.00065668556,0.0021589457,0.01163229,0.4411585,0.01876135
ZJ016538,0.0068953107,0.8188898,0.009430738,1.0127013e-05,4.6854886e-05,0.011218327,0.12509984,0.028408984
ZJ016539,0.35090145,0.12736581,0.19758458,0.0014578168,0.001717511,0.0051945467,0.20841274,0.10736558
ZJ016540,0.184808,0.23656882,0.1412767,0.0010075421,0.0004516812,0.0030269844,0.2062021,0.22665814
ZJ016541,0.12841299,0.06568791,0.4262662,0.00064493506,0.007924401,0.055298433,0.30609336,0.009671754
ZJ016542,0.047051795,0.0060928008,0.12162496,0.39865655,0.010495734,0.11538692,0.0010376232,0.2996536
ZJ016543,0.26191968,0.03216734,0.039067373,0.5077171,0.07824561,0.03963368,0.02935304,0.011896162
ZJ016544,0.92905897,0.010569759,0.0128834015,4.5220047e-05,0.010616355,0.0005086858,0.02308622,0.013231338
ZJ016545,0.13418894,0.08955898,0.2641067,0.0037038724,0.04090971,0.12692478,0.31412086,0.026486224
ZJ016546,0.14546919,0.004113335,0.40225202,0.19098482,0.03119042,0.095105,0.0048971092,0.12598817
ZJ016547,0.08453116,0.00081373355,0.35718274,0.13164377,0.08468527,0.23302527,0.0010751506,0.10704297
ZJ016548,0.31252405,0.0469776,0.26473778,0.10051112,0.015286412,0.0065308963,0.030851003,0.22258112
ZJ016549,0.19380285,0.23908134,0.22388996,0.00010754719,0.00522973,0.011841324,0.31875604,0.0072912187
ZJ016550,0.20153743,0.21005024,0.04068335,0.081241205,0.028752008,0.002004211,0.3520359,0.08369562
ZJ016551,0.29994005,0.24271262,0.16174608,0.00029993648,0.00050782046,0.052227225,0.23268627,0.009880002
ZJ016552,0.069232866,0.045562863,0.50952643,0.0006266986,0.0050495993,0.03636545,0.32194167,0.011694376
ZJ016553,0.1806011,0.06454893,0.41150942,0.0011607374,0.0036767705,0.071637765,0.19136289,0.07550237
ZJ016554,0.49944115,0.207663,0.089146145,0.00025677247,0.00085624534,0.030398678,0.1628961,0.00934191
ZJ016555,0.33006433,0.08750028,0.11108402,0.07809339,0.036695544,0.007951941,0.07757638,0.27103418
ZJ016556,0.19434316,0.5340368,0.04109736,0.00031467396,0.0013223904,0.07760343,0.14732482,0.0039572865
ZJ016557,0.2751122,0.16565657,0.20806915,0.003474839,0.096018136,0.023914937,0.16872612,0.05902798
ZJ016558,0.0015501657,0.002274461,0.007953261,0.00095610355,0.0077279885,0.976263,0.00057404547,0.0027009938
ZJ016559,0.5145468,0.10928547,0.14980777,0.02137307,0.035916954,0.011183051,0.095461324,0.06242556
ZJ016560,0.18943311,0.09513216,0.445217,0.0008030788,0.0066086343,0.03657765,0.21863265,0.007595689
ZJ016561,0.14731282,0.030713812,0.2818847,0.0013674325,0.005769821,0.0010124893,0.49947885,0.032460045
ZJ016562,0.113710016,0.4915489,0.07724221,0.00010129905,0.004021827,0.05323978,0.25576407,0.0043719453
ZJ016563,0.5698301,0.053712767,0.11625263,0.0014782518,0.0040911892,0.053861737,0.18879202,0.011981251
ZJ016564,0.105584994,0.7314131,0.026791196,0.0001241909,0.0015051827,0.0015766026,0.11066431,0.022340413
ZJ016565,0.015920132,0.029082438,0.0018800502,0.013099825,0.06066554,0.8649226,0.012079201,0.0023502451
ZJ016566,0.08089553,0.04328158,0.24910848,0.0057988544,0.0011407952,0.04159987,0.5398779,0.038297027
ZJ016567,0.078909494,0.013981266,0.09726574,0.09809822,0.004951183,0.001551284,0.008107602,0.6971352
ZJ016568,0.0030232165,0.014891802,0.02242802,0.0001085859,0.0014123415,0.9553447,0.0012212432,0.0015701002
ZJ016569,0.047251683,0.050519448,0.43728113,0.00044300462,0.0008723253,0.0014723375,0.44484043,0.017319672
ZJ016570,0.07756751,0.47237888,0.07531355,0.0034381633,0.08077807,0.019545041,0.1681616,0.10281719
ZJ016571,0.04703784,0.0011970759,0.23852745,0.043268062,0.029424181,0.56226003,0.0014310732,0.07685425
ZJ016572,0.1305158,0.61097926,0.057764392,0.00016589751,0.0005645458,0.021825619,0.15954114,0.018643383
ZJ016573,0.31645954,0.0595815,0.5006665,0.01043049,0.00230198,0.013201026,0.04589766,0.051461317
ZJ016574,0.09092816,0.004627032,0.3039688,0.26577637,0.00043604284,0.08529675,0.0014326036,0.2475343
ZJ016575,0.029512541,0.0017739108,0.20146887,0.02917077,0.033423822,0.61178523,0.0027928262,0.090072006
ZJ016576,0.5620617,0.06737397,0.08142989,0.083278075,0.0018734753,0.0022761254,0.006164153,0.19554259
ZJ016577,0.36451495,0.110703506,0.14700067,0.0009209154,0.0014589386,0.012497606,0.29113054,0.0717729
ZJ016578,0.25312,0.14676006,0.10729533,0.005449944,0.011677431,0.0018798842,0.4064932,0.06732419
ZJ016579,0.2931662,0.4397042,0.075053304,0.00013030272,0.0004566383,0.0416123,0.14413226,0.0057447986
ZJ016580,0.22889249,0.07789334,0.12842053,0.001376447,0.0008337145,0.0047803004,0.5155704,0.042232763
ZJ016581,0.14819004,0.4005132,0.073251724,0.00039212592,0.0021619718,0.0078013055,0.11916148,0.2485281
ZJ016582,0.00014104924,3.6730978e-06,7.076089e-05,6.0785765e-06,6.1131236e-06,0.9995726,2.5200814e-05,0.0001745688
ZJ016583,0.4797221,0.051531203,0.15195598,0.0010026153,0.015508729,0.0010131552,0.22674951,0.0725167
ZJ016584,0.08407196,0.0053529837,0.07534052,0.54672337,0.011992714,0.24241309,0.010054289,0.024051145
ZJ016585,0.0013117748,0.0006207342,0.0037441067,0.001070436,0.0072567114,0.9851662,0.00029145,0.0005386017
ZJ016586,0.31486312,0.15811098,0.1514857,0.0008225987,0.0015523836,0.013720199,0.19317621,0.1662688
ZJ016587,0.07949895,0.046530932,0.6971978,0.0007600211,0.023757054,0.06362234,0.07371797,0.014914962
ZJ016588,0.6832222,0.005341065,0.009688335,0.22272728,0.052383307,0.010688564,0.01237667,0.0035725217
ZJ016589,0.117808335,0.07981257,0.065540686,0.002373254,0.0042315335,0.059122954,0.6615491,0.009561565
ZJ016590,0.31992215,0.10268429,0.16616042,0.03312503,0.19131745,0.016673177,0.085892715,0.084224835
ZJ016591,0.18396696,0.011380417,0.038208585,0.0014619074,0.005255166,0.0017969601,0.7443164,0.013613549
ZJ016592,0.21600436,0.32891142,0.078087874,0.014005323,0.018007547,0.0049253614,0.30155355,0.03850458
ZJ016593,0.34242448,0.10016407,0.19193277,0.03024018,0.116190225,0.012027481,0.121239275,0.08578148
ZJ016594,0.24665897,0.2140863,0.04949976,0.13057183,0.07278724,0.0019279373,0.19459951,0.089868456
ZJ016595,0.11226826,0.040903725,0.24163933,0.0006095755,0.005092414,0.05983156,0.52697796,0.012677176
ZJ016596,0.55488193,0.008570702,0.11699144,0.0012441301,0.19067407,0.03686221,0.087784976,0.0029905685
ZJ016597,0.12670885,0.44251594,0.09181677,0.0037519566,0.0044330517,0.0020460018,0.2902886,0.038438823
ZJ016598,3.826134e-05,9.4532413e-07,3.4401797e-05,2.7528418e-05,4.439298e-06,0.999817,8.717703e-06,6.875779e-05
ZJ016599,0.13312551,0.049557846,0.12998071,0.005232807,0.2088846,0.018323602,0.23130071,0.22359423
ZJ016600,0.09884946,0.7152088,0.014462003,0.00011330402,0.011914073,0.0020840268,0.15253383,0.004834425
ZJ016601,0.24926732,0.057462934,0.11803586,0.008454053,0.32893538,0.03034943,0.16797903,0.039515927
ZJ016602,0.20800784,0.2645842,0.09037512,0.05005524,0.050125502,0.022396494,0.27218992,0.04226564
ZJ016603,0.077480294,0.003851645,0.0071270396,0.009336133,0.016879698,0.0005932308,0.87593997,0.008792059
ZJ016604,0.098737106,0.018710976,0.10700221,0.24452674,0.015363671,0.0016043446,0.003167109,0.5108878
ZJ016605,0.09759775,0.033037994,0.09776262,0.0055742236,0.0050694747,0.55537355,0.111182965,0.094401345
ZJ016606,0.26130483,0.095948964,0.11838797,0.006269247,0.2945178,0.042277716,0.13166702,0.04962647
ZJ016607,0.020911582,0.00066710246,0.106828816,0.4208161,0.0010670199,0.39240664,0.001059862,0.056242894
ZJ016608,0.055609997,0.006863883,0.10646049,0.50115705,0.032723404,0.08514247,0.0018542282,0.21018854
ZJ016609,0.1186798,0.02444597,0.20545073,0.010630335,0.049608823,0.16778348,0.09553231,0.32786858
ZJ016610,0.24370643,0.1457607,0.21067111,0.0025043623,0.14735457,0.025299776,0.15163854,0.07306451
ZJ016611,0.16794609,0.03693211,0.1721962,0.007868321,0.036210276,0.29392257,0.2133008,0.07162364
ZJ016612,0.107689776,0.011062596,0.28628194,0.48128667,0.00509469,0.02654242,0.007911476,0.07413048
ZJ016613,0.00075089023,5.728193e-05,0.0005060311,0.00021098125,6.804554e-05,0.9968133,0.0014068094,0.00018671907
ZJ016614,0.13273934,0.029065605,0.043158226,0.649419,0.08176901,0.00565887,0.03062478,0.027565105
ZJ016615,0.14568533,0.19801322,0.20227137,0.0036496506,0.0039050654,0.0485344,0.16658469,0.23135625
ZJ016616,0.32440513,0.0113858115,0.33187863,0.00027585577,0.0028179965,0.035974383,0.29014984,0.0031123543
ZJ016617,0.18884198,0.09934468,0.13274728,0.0014236543,0.0017538699,0.005084841,0.5089873,0.061816365
ZJ016618,0.16068773,0.39737496,0.11259854,0.014131894,0.009123585,0.0059132003,0.26649404,0.033676013
ZJ016619,0.44497082,0.0066722655,0.022421807,0.34501758,0.15050298,0.009258333,0.012112542,0.009043681
ZJ016620,0.31754124,0.013885809,0.038954888,0.5152246,0.031542655,0.026611717,0.023590565,0.03264861
ZJ016621,0.39047933,0.018112818,0.035892542,0.409585,0.09045543,0.01353586,0.035863154,0.0060758987
ZJ016622,0.14894761,0.053814575,0.25836176,0.014177337,0.07934359,0.14241517,0.26860994,0.034330063
ZJ016623,0.062128294,0.03862199,0.12622516,0.27977216,0.016885929,0.102079995,0.0017908511,0.37249562
ZJ016624,0.14865273,0.058820624,0.21576001,0.0008451489,0.20809832,0.022233354,0.3204593,0.025130522
ZJ016625,0.50641453,0.0011385097,0.050597437,0.18675141,0.023136403,0.0025434527,0.004880034,0.22453819
ZJ016626,0.10924502,0.009416425,0.0341106,0.7456837,0.06841678,0.0052178223,0.010212493,0.017697155
ZJ016627,0.012903712,0.001068457,0.012729847,0.00019760526,9.6292184e-05,0.022775207,0.88727427,0.062954634
ZJ016628,0.6144885,0.009522338,0.018448342,0.0013391685,0.09082618,0.052646395,0.17852937,0.034199685
ZJ016629,0.032062724,0.017368164,0.029673886,0.7209112,0.10863819,0.068168454,0.013545337,0.009632046
ZJ016630,0.17323883,0.06305277,0.3950547,0.006442891,0.0038068667,0.0031742323,0.3423784,0.012851257
ZJ016631,0.29145622,0.0077366615,0.25609633,0.3475006,0.015736835,0.008266454,0.00824217,0.06496474
ZJ016632,0.25172913,0.0302243,0.035342243,0.59690684,0.02344868,0.0023955787,0.041382056,0.018571125
ZJ016633,0.18515633,0.04120078,0.53398865,3.7869046e-05,0.0010162096,0.0039519016,0.23292932,0.0017188629
ZJ016634,0.199055,0.057390083,0.12524426,0.010012994,0.35206416,0.0084540285,0.19085704,0.05692248
ZJ016635,0.12793583,0.17807443,0.19477987,0.0019134877,0.034621604,0.071989805,0.37266007,0.018024903
ZJ016636,0.109887116,0.033381928,0.09744076,0.06298241,0.0100279385,0.011682894,0.021599334,0.6529976
ZJ016637,0.19981065,0.124890596,0.17142268,0.010980643,0.058223944,0.097196646,0.10996479,0.22751008
ZJ016638,0.13114995,0.33762485,0.11909187,0.03676859,0.021454766,0.014038787,0.31634218,0.02352903
ZJ016639,0.2109954,0.0021078037,0.12934266,0.23541398,0.0081023555,0.012500502,0.005986565,0.39555073
ZJ016640,0.161325,0.62871087,0.085078634,0.032416537,0.00069750607,0.0010539214,0.0075484524,0.08316907
ZJ016641,0.22507887,0.009931401,0.031870395,0.5608902,0.10847462,0.030741889,0.023448583,0.009564012
ZJ016642,0.28706804,0.008645208,0.022328503,0.6044516,0.037432972,0.012869566,0.013153562,0.014050554
ZJ016643,0.36323228,0.17213838,0.19930044,0.012297609,0.05811017,0.008482787,0.12633744,0.060100902
ZJ016644,0.17515962,0.07848715,0.35914406,0.017484484,0.004910861,0.0010268356,0.19247538,0.17131156
ZJ016645,0.84537125,0.03824701,0.00723351,7.9387304e-05,0.011718796,0.0021770985,0.09080108,0.004371879
ZJ016646,0.09197168,0.022688488,0.016744917,0.01671288,0.04925146,0.0016654751,0.77021796,0.030747091
ZJ016647,0.14407465,0.010049237,0.185868,0.2957854,0.0023222296,0.0020817434,0.0075350646,0.35228372
ZJ016648,0.17461538,0.053505514,0.3619753,0.0007515633,0.0017081366,0.007463327,0.38944113,0.010539648
ZJ016649,0.071336634,0.003161564,0.24138631,0.47694913,0.012986504,0.01850337,0.0011826274,0.1744939
ZJ016650,0.34436026,0.094393566,0.2331465,0.035475153,0.00586065,0.018643614,0.026895719,0.24122451
ZJ016651,0.3424865,0.19431789,0.19239575,0.003253963,0.07817683,0.002276407,0.13119678,0.055895835
ZJ016652,0.20209938,0.06981696,0.3346045,0.00057708344,0.024426993,0.10760027,0.2509443,0.0099305175
ZJ016653,0.21573293,0.00068377977,0.010836121,0.00036170168,0.75620484,0.0019014459,0.013800526,0.00047864678
ZJ016654,0.28707537,0.11794875,0.124575034,0.0052125906,0.008146509,0.002114276,0.37798536,0.07694208
ZJ016655,0.74943966,0.07052032,0.063907206,8.803155e-05,0.0021716398,0.00830843,0.079153195,0.02641152
ZJ016656,0.11536713,0.7791099,0.057446938,0.0018588839,0.006234608,0.0011729327,0.026364135,0.012445528
ZJ016657,0.119300194,0.45774966,0.11617147,0.002620753,0.0007541558,0.0056508733,0.28812036,0.009632493
ZJ016658,0.22570685,0.065978326,0.37286338,0.13027875,0.018837558,0.0022027777,0.048263874,0.1358685
ZJ016659,0.032709755,0.09907541,0.2643918,0.002441621,0.054971088,0.4699247,0.027032519,0.04945308
ZJ016660,0.22109237,0.08490621,0.15927882,0.002485098,0.019015301,0.008823923,0.4821039,0.022294387
ZJ016661,0.4188931,0.012571323,0.3511073,0.0632398,0.0070095584,0.021658625,0.0069975117,0.118522815
ZJ016662,0.039349247,0.020368151,0.07721741,0.006879679,0.0042483024,0.8112978,0.018098008,0.022541458
ZJ016663,0.01010248,0.0012356299,0.011446008,0.0020023985,0.002357738,0.9646328,0.004642317,0.0035806021
ZJ016664,0.069947414,0.0034415522,0.37419465,0.23519538,0.0704844,0.01231209,0.004209924,0.23021458
ZJ016665,0.058485206,0.034681235,0.47929308,0.00094096607,0.0011298024,0.0024667182,0.39528975,0.02771331
ZJ016666,0.18894967,0.15161933,0.045768455,0.007275338,0.04718959,0.01120632,0.51002985,0.037961442
ZJ016667,0.281854,0.18799458,0.078188255,0.062406085,0.031879704,0.008143585,0.30648378,0.04304995
ZJ016668,0.3074076,0.10187907,0.24951227,0.04610708,0.021501476,0.009538151,0.021315861,0.24273854
ZJ016669,0.16342236,0.07398375,0.3279574,0.0066715446,0.007026491,0.014623872,0.35693023,0.049384385
ZJ016670,0.24237584,0.009178547,0.26352668,0.29840195,0.001951297,0.0021222166,0.0039160126,0.17852746
ZJ016671,0.24738169,0.0125198895,0.5544278,0.04578809,0.0033815952,0.028414706,0.011162677,0.09692344
ZJ016672,0.09244035,0.0029546497,0.035254937,0.0010387868,0.8502574,0.0069864714,0.007859363,0.0032080426
ZJ016673,0.099104814,0.011479657,0.3424139,0.012823976,0.27892888,0.00083099375,0.22967486,0.024742914
ZJ016674,0.029878672,0.0035264213,0.0061709527,4.7666923e-05,0.0005098267,0.0011226152,0.9521893,0.006554478
ZJ016675,0.06270912,0.0892881,0.012421842,0.0014440421,0.0011248225,0.00016731033,0.8131022,0.0197425
ZJ016676,0.31721646,0.1397382,0.1777115,0.00017525328,0.07345262,0.006023988,0.27528644,0.010395536
ZJ016677,0.094520405,0.043010823,0.048222806,0.6636697,0.060399853,0.020957874,0.03797299,0.031245474
ZJ016678,0.024248743,0.13413478,0.048664197,0.0003550598,0.008502602,0.10015063,0.648437,0.035506967
ZJ016679,0.37117252,0.13909456,0.10943573,0.003113221,0.0030575015,0.023388617,0.32118985,0.029547945
ZJ016680,0.19955008,0.26766965,0.09977556,0.07746988,0.01638478,0.011285554,0.29499707,0.032867443
ZJ016681,0.1332446,0.2527233,0.13435845,0.0050056307,0.016154991,0.022818133,0.3746175,0.061077416
ZJ016682,0.08902363,0.08274367,0.06379231,0.00022463678,0.003994722,0.027903985,0.7211626,0.011154422
ZJ016683,0.2600372,0.050401427,0.36879238,0.060243115,0.009298405,0.11365148,0.03685524,0.100720674
ZJ016684,0.5141385,0.011042666,0.01679617,0.31908935,0.09925282,0.009001393,0.023703845,0.0069752205
ZJ016685,0.07642045,0.06749625,0.20438112,0.0031011696,0.0013540175,0.007131035,0.5949817,0.04513432
ZJ016686,0.07092708,0.5901882,0.05918772,0.0002426249,0.020682331,0.0035329734,0.22182545,0.033413645
ZJ016687,0.3945091,0.0780031,0.37933668,0.0017451849,0.006791396,0.049441982,0.033219285,0.05695319
ZJ016688,0.2571793,0.09328842,0.19748181,0.00820022,0.028666975,0.02286865,0.35313132,0.039183278
ZJ016689,0.5572707,0.0804202,0.14872277,0.022073558,0.065960884,0.003978058,0.036008473,0.0855653
ZJ016690,0.09225135,0.018800812,0.19974296,0.27821034,0.03505092,0.27496183,0.0091695795,0.09181226
ZJ016691,0.024815328,0.009305264,0.023492387,0.00015517033,0.0147771295,0.0060099238,0.9194992,0.0019455863
ZJ016692,0.081589974,0.045394152,0.6969165,0.0008298523,0.027268335,0.06541753,0.06901961,0.013564009
ZJ016693,0.005578826,0.0045044147,0.02513396,0.0010695646,0.00017278944,0.9247932,0.030258445,0.008488826
ZJ016694,0.18238264,0.314409,0.10388795,0.05655086,0.021799399,0.0051707807,0.27792996,0.03786939
ZJ016695,0.06443442,0.019936845,0.09535808,0.0063461727,0.08819964,0.013317945,0.6087468,0.10366005
ZJ016696,0.11868234,0.0010636888,0.4032995,0.00030374213,0.0008133911,0.008056481,0.4644924,0.0032884744
ZJ016697,0.2072459,0.46346635,0.1378878,0.004793611,0.054590352,0.0020225004,0.083968945,0.04602451
ZJ016698,0.23361526,0.009458446,0.009537585,8.338683e-05,0.6524165,0.09201636,0.0025487721,0.00032362324
ZJ016699,0.22153121,0.3432011,0.09791871,0.049058285,0.050761357,0.01407554,0.1399955,0.08345823
ZJ016700,0.0042343484,0.00019850345,0.0068506896,0.0015769615,0.00025356535,0.98181254,0.0016026484,0.0034707484
ZJ016701,0.14986622,0.5525403,0.10250011,0.00037421938,0.0008648075,0.008056426,0.13356805,0.05222977
ZJ016702,0.16907203,0.031557225,0.28839755,0.00013059867,0.00094596937,0.05643203,0.44199768,0.011466955
ZJ016703,0.086275995,0.50571334,0.22779416,0.0008330376,0.0016838486,0.04310511,0.12964141,0.0049531735
ZJ016704,0.05218595,0.024344647,0.06396013,0.007083769,0.010204752,0.72504264,0.08476736,0.032410752
ZJ016705,0.13356794,0.15737414,0.044101782,0.056550648,0.010597672,0.001795209,0.47742444,0.118588224
ZJ016706,0.23151402,0.0030757126,0.49300236,0.035919327,0.05029756,0.014028682,0.0049978485,0.16716446
ZJ016707,0.16943999,0.037778877,0.29341534,0.0004831494,0.0020812496,0.01172078,0.46532232,0.019758318
ZJ016708,0.14224331,0.022869572,0.0894641,0.082583204,0.0092102615,0.003222567,0.017931428,0.63247555
ZJ016709,0.49276084,0.034450512,0.10704384,0.005014346,0.14671987,0.06000924,0.11739491,0.036606446
ZJ016710,0.3319938,0.08101823,0.15116967,0.056710113,0.030513028,0.0034762707,0.07282632,0.2722926
ZJ016711,0.05129724,0.09290451,0.21918617,0.0006345399,0.0016950555,0.43112198,0.17517513,0.027985347
ZJ016712,0.24438235,0.08329488,0.118854776,0.0058827023,0.3297084,0.008749369,0.1654062,0.043721333
ZJ016713,0.055068024,0.023742987,0.21261533,0.00060293515,0.24087194,0.00032781975,0.2140838,0.25268722
ZJ016714,0.06511103,0.0070410576,0.30553877,0.35415176,0.0026520067,0.051431328,0.011610331,0.20246372
ZJ016715,0.29577482,0.022270441,0.32152376,0.06359314,0.0639291,0.034744583,0.049992736,0.14817141
ZJ016716,0.06560786,0.061342303,0.31625217,0.0050982838,0.0014766899,0.02105164,0.4544765,0.07469452
ZJ016717,0.23577648,0.026167708,0.060286693,0.0008698012,0.0010698818,0.0033643723,0.64223623,0.030228859
ZJ016718,0.14935371,0.031180091,0.23395376,0.00065188744,0.0030876729,0.46878025,0.0882405,0.02475212
ZJ016719,0.17492127,0.110315256,0.25082904,0.0007825135,0.0069185104,0.020022633,0.3678958,0.06831494
ZJ016720,0.1579146,0.2939295,0.09385452,0.09939979,0.026010044,0.008535252,0.23637296,0.083983324
ZJ016721,0.045779016,0.029710172,0.1591327,0.0009993357,0.0070300573,0.6494452,0.09339981,0.014503787
ZJ016722,0.05747767,0.043589506,0.102588326,0.10432966,0.034349926,0.4558766,0.1903079,0.011480462
ZJ016723,0.16292915,0.025304247,0.04158699,0.66597694,0.03492686,0.01569101,0.023027705,0.030557118
ZJ016724,0.20143048,0.2617005,0.23165184,0.00020192603,0.0033538137,0.0054652,0.29054335,0.0056528887
ZJ016725,0.039911676,0.04095424,0.064954996,0.012069281,0.0059378836,0.7767425,0.03408408,0.025345359
ZJ016726,0.09459716,0.51705974,0.065074354,0.00013331004,0.0028244487,0.010173379,0.30107072,0.009066884
ZJ016727,0.024685567,0.14182949,0.02069569,1.2805505e-05,0.021043507,0.7823396,0.009092507,0.0003008759
ZJ016728,0.4737108,0.0024903426,0.018289695,0.2947395,0.17553431,0.019217959,0.01064911,0.0053682392
ZJ016729,0.18544595,0.073181234,0.29304472,0.00038777903,0.020433981,0.010230959,0.40587112,0.011404265
ZJ016730,0.073490575,0.0039571603,0.123793475,0.4732364,0.016542476,0.12525994,0.002076494,0.18164346
ZJ016731,0.49865624,0.010304103,0.019172695,0.39849803,0.04627442,0.009774512,0.012106986,0.0052129817
ZJ016732,0.21630745,0.23319145,0.28099424,0.0014033848,0.006281786,0.035396274,0.21769822,0.008727214
ZJ016733,0.33895743,0.21013927,0.11145796,0.0013684145,0.0120371785,0.0030327318,0.2838565,0.03915051
ZJ016734,0.17566778,0.21636906,0.06294641,0.07904968,0.02477343,0.012220839,0.39204636,0.036926456
ZJ016735,0.030880312,0.0146303205,0.0035952185,3.4159046e-05,0.0039622397,0.0028596567,0.9423651,0.0016729733
ZJ016736,0.25922224,0.24393806,0.1956721,0.003593431,0.0071486486,0.012578971,0.23709048,0.040756132
ZJ016737,0.117135584,0.42644995,0.05437787,0.014649369,0.022560438,0.005417417,0.2759151,0.08349435
ZJ016738,0.03973756,0.042648148,0.16351585,0.0012095737,0.00105733,0.6002733,0.103370614,0.04818767
ZJ016739,0.08390146,0.08608183,0.028054353,0.0012719783,0.0016760217,0.00036089815,0.7684968,0.030156601
ZJ016740,0.24305172,0.013514243,0.035194423,0.5254277,0.14765239,0.0123317065,0.011512264,0.011315536
ZJ016741,0.13222997,0.33827284,0.11742207,0.030759506,0.012909062,0.023825236,0.2978352,0.0467461
ZJ016742,0.20661688,0.3010105,0.07419607,0.014215185,0.038505938,0.0034851758,0.31369573,0.04827448
ZJ016743,0.3052269,0.05053067,0.16545317,0.0024608804,0.003761453,0.012052929,0.39248037,0.068033576
ZJ016744,0.5003898,0.0016993472,0.046331987,0.2698624,0.007995096,0.0025652826,0.0026976473,0.16845843
ZJ016745,0.17190069,0.60080796,0.07922763,0.031268876,0.0013541444,0.0027824384,0.010841366,0.10181697
ZJ016746,0.5414204,0.09090874,0.08820146,0.023597214,0.06564583,0.004052185,0.030869566,0.15530467
ZJ016747,0.2867393,0.007561664,0.02975855,0.0028956125,0.001734903,0.0018842033,0.66118973,0.008235952
ZJ016748,0.077781916,0.67511696,0.054030363,0.0028740163,0.001444108,0.0147157,0.109076865,0.064960055
ZJ016749,0.02100784,0.017842302,0.20694922,0.00057205313,8.0562684e-05,0.0012344228,0.6673871,0.084926404
ZJ016750,0.3053853,0.22049348,0.1541885,0.0022682033,0.0050940556,0.0119268345,0.21787322,0.082770474
ZJ016751,0.06729491,0.57273364,0.1614863,0.001357213,0.0015415219,0.0023684879,0.14256202,0.05065596
ZJ016752,0.056679416,0.5617685,0.05213668,0.004227541,0.07000767,0.008184913,0.17924103,0.067754254
ZJ016753,0.042246193,0.7520429,0.017721096,0.006699356,0.0010690298,0.00081264623,0.11183356,0.067575276
ZJ016754,0.13941029,0.002194199,0.42857394,0.22125791,0.07954775,0.035865158,0.005911442,0.087239355
ZJ016755,0.11293673,0.016416134,0.13463125,0.0002082063,0.0032191838,0.03484518,0.6860284,0.011714859
ZJ016756,0.116912246,0.10287213,0.4571617,0.002317207,0.0063835606,0.03193033,0.18953548,0.09288726
ZJ016757,0.047044452,0.64011735,0.051168077,0.0024201807,0.09559507,0.01823218,0.10090593,0.04451678
ZJ016758,0.12949911,0.018250104,0.016238285,0.0022907811,0.0011247519,0.021960955,0.8053517,0.005284332
ZJ016759,0.38206738,0.022145359,0.025129663,0.43466136,0.091868915,0.00960834,0.026537167,0.007981808
ZJ016760,0.15332706,0.065382056,0.23614535,0.0003923739,0.00047615534,0.0016403538,0.5355218,0.0071148137
ZJ016761,0.45043746,0.09103354,0.14894262,0.00280853,0.05515266,0.034981016,0.09819866,0.11844558
ZJ016762,0.104805455,0.024112813,0.12387469,0.34641334,0.024599003,0.021575745,0.00398548,0.35063344
ZJ016763,0.016104346,0.053130265,0.025028724,3.8642993e-05,0.012174919,0.88898903,0.0040847003,0.0004493932
ZJ016764,0.11367187,0.08611907,0.30905434,0.0056782747,0.03640565,0.15971415,0.26647636,0.022880267
ZJ016765,0.34216142,0.047285758,0.18806961,0.0016648455,0.028008582,0.02260414,0.32874703,0.041458655
ZJ016766,0.101192765,0.046621747,0.33328515,0.0005807671,0.0018993353,0.002566275,0.48273602,0.031117983
ZJ016767,0.31766343,0.055241715,0.115873694,0.009901294,0.33020225,0.008885839,0.13628168,0.025950039
ZJ016768,0.16554725,0.18685552,0.1568213,0.007068898,0.0023129336,0.07530322,0.30991995,0.09617089
ZJ016769,0.24513653,0.18543379,0.23282135,0.004326927,0.007167592,0.037328154,0.23129779,0.056487836
ZJ016770,0.14578697,0.32375732,0.11140947,0.036137562,0.02696726,0.00938304,0.3031965,0.043361884
ZJ016771,0.14144896,0.023321886,0.12742469,0.3483219,0.023513872,0.031936318,0.006379297,0.2976531
ZJ016772,0.0024509265,0.0068970798,0.005081758,0.0006906533,0.0010976644,0.98245114,0.00030650856,0.0010242222
ZJ016773,0.48414442,0.041958965,0.2507368,0.052043747,0.017250702,0.052345168,0.022824902,0.0786953
ZJ016774,0.24290021,0.07893232,0.28522792,0.00029179454,0.016301796,0.05504802,0.3098433,0.011454619
ZJ016775,0.19191495,0.029062776,0.41806078,0.00065614923,0.003053572,0.020359961,0.32356885,0.013322996
ZJ016776,0.11577321,0.07561311,0.108450696,0.057365537,0.032884814,0.013172167,0.02777226,0.56896824
ZJ016777,0.018748118,0.0008800204,0.010043806,0.00014795703,0.0019928303,0.03509443,0.93179274,0.0013000926
ZJ016778,0.13080975,0.0050958097,0.19554552,0.3283953,0.055168517,0.0028229326,0.003781659,0.27838048
ZJ016779,0.2956116,0.3612506,0.09994597,0.014217994,0.0022393716,0.0045798477,0.038857702,0.1832969
ZJ016780,0.08806632,0.022232087,0.24086766,0.00041580605,0.0025391285,0.01002281,0.61282516,0.023031007
ZJ016781,0.097500026,0.5196148,0.12132583,0.029708918,0.03671871,0.022705613,0.12978639,0.042639654
ZJ016782,0.2665687,0.024756907,0.20823126,0.044445924,0.075613976,0.12067188,0.024857229,0.23485418
ZJ016783,0.17997645,0.12306124,0.09257603,0.006294423,0.0012213378,0.010342575,0.42954943,0.1569785
ZJ016784,0.2180632,0.2808358,0.08268284,0.025757914,0.08001518,0.01449513,0.2091456,0.08900428
ZJ016785,0.069186054,0.012318607,0.06574383,0.0010186632,0.0011516773,0.0046450924,0.80460125,0.04133478
ZJ016786,0.07308313,0.0042148903,0.28616688,0.2741502,0.0030397102,0.029055139,0.0069629382,0.3233271
ZJ016787,0.13147742,0.0045331176,0.28154004,0.0019445135,0.0012538973,0.2523933,0.31691727,0.009940421
ZJ016788,0.6211012,0.05925818,0.12621447,0.008944878,0.030629653,0.016458763,0.086435854,0.050957013
ZJ016789,0.09436213,0.6717561,0.097716495,0.000101364756,0.00048276057,0.011014106,0.1174498,0.0071172575
ZJ016790,0.30078295,0.13353635,0.2083716,0.020661183,0.019920474,0.0042591216,0.13761835,0.17485
ZJ016791,0.339456,0.2901595,0.0980373,0.0026000289,0.0014600222,0.021819862,0.239841,0.006626342
ZJ016792,0.12217247,0.04732975,0.23441811,0.0011093736,0.0045039156,0.0016869217,0.5481861,0.04059333
ZJ016793,0.4886803,0.093508236,0.16308266,0.0034758174,0.060922068,0.010733016,0.14933014,0.030267773
ZJ016794,0.3627493,0.0024224233,0.14042029,0.17891568,0.0011226723,0.12849316,0.0076438887,0.17823255
ZJ016795,0.11893533,0.12610063,0.2092531,0.037163306,0.026415568,0.004694943,0.026405843,0.45103124
ZJ016796,0.056863856,0.18998682,0.04297099,0.0008015795,0.0007892959,0.062355533,0.63965124,0.0065806843
ZJ016797,0.31548855,0.020291485,0.040647354,0.0020253793,0.00560916,0.0028328653,0.59841055,0.014694662
ZJ016798,0.048290603,0.18919599,0.020661388,0.00012846186,0.2565386,0.45820048,0.023364844,0.0036195451
ZJ016799,0.39991313,0.15841804,0.12741217,0.0025626423,0.012317846,0.011575964,0.24309468,0.04470554
ZJ016800,0.21752773,0.28793782,0.27715918,0.007833122,0.004990233,0.015169635,0.089244336,0.10013793
ZJ016801,0.22077134,0.020660093,0.4164119,0.055092275,0.119507864,0.031184623,0.04682157,0.0895504
ZJ016802,0.033047546,0.006092561,0.044137273,0.010381284,0.0060381517,0.85669285,0.03012866,0.013481699
ZJ016803,0.34008878,0.1813381,0.25767097,0.00333197,0.020899197,0.025734145,0.107174136,0.06376269
ZJ016804,0.1255243,0.06715965,0.0903599,0.5169452,0.09963776,0.008343428,0.06385766,0.028172152
ZJ016805,0.06551536,0.0030706956,0.18711045,0.1451513,0.00743826,0.055987366,0.002029252,0.53369737
ZJ016806,0.7667317,0.0020340758,0.015854722,0.04159141,0.14381473,0.002982199,0.00516219,0.021828957
ZJ016807,0.172376,0.11141884,0.17913926,0.004587674,0.033363387,0.003985797,0.4323096,0.06281945
ZJ016808,0.40808943,0.13227136,0.18513228,0.00014141938,0.0036767002,0.15601431,0.09914999,0.0155245215
ZJ016809,0.16360745,0.0083356965,0.12130938,0.3181554,0.005639826,0.005387096,0.006869635,0.37069553
ZJ016810,0.021338096,0.09582096,0.10541174,0.0017609831,0.5715829,0.17978865,0.01260189,0.011694763
ZJ016811,0.12205715,0.57315356,0.050957084,0.02776773,0.0057464982,0.0072193476,0.1912002,0.02189841
ZJ016812,0.061810207,0.03622387,0.07508792,0.013744185,0.0125099495,0.70483774,0.055886842,0.039899338
ZJ016813,0.1370372,0.09044498,0.11994732,0.0011378838,0.0009748435,0.013328473,0.57861036,0.05851892
ZJ016814,0.17660022,0.0023826163,0.14806396,0.23847675,0.0024830513,0.004921996,0.0030792686,0.42399213
ZJ016815,0.32091555,0.08501631,0.12628222,0.00024556875,0.03095975,0.0046067233,0.4070574,0.024916442
ZJ016816,0.19323616,0.062167343,0.13553946,0.010737115,0.47644478,0.006325269,0.071571544,0.043978333
ZJ016817,0.16410077,0.07752764,0.013048735,0.026137853,0.061907407,0.0004628357,0.6413528,0.01546202
ZJ016818,0.29981285,0.043187447,0.39262328,0.14016661,0.041857906,0.012052474,0.038262315,0.03203713
ZJ016819,0.23232965,0.26300433,0.11749292,0.0163446,0.018245855,0.07995769,0.22241111,0.05021385
ZJ016820,0.11351142,0.0714571,0.42710418,0.0011035415,0.0040215147,0.14003658,0.19633187,0.046433747
ZJ016821,0.69078857,0.00151171,0.07190978,0.008689068,0.15240763,0.063260555,0.0014937089,0.009939025
ZJ016822,0.64736986,0.030234795,0.13866583,0.03209969,0.007439916,0.008549177,0.026627736,0.10901305
ZJ016823,0.09321708,0.050320793,0.02530518,0.0018885145,0.0006500113,0.0011334472,0.8098911,0.017593825
ZJ016824,0.12750643,0.0023724425,0.5244365,0.06805144,0.03675224,0.08851403,0.0038502465,0.14851674
ZJ016825,0.14740512,0.012762509,0.35013375,0.1986101,0.008473396,0.024055172,0.0115154805,0.24704446
ZJ016826,0.6238259,0.047599014,0.05523956,0.0033372943,0.1855342,0.0010254632,0.06828416,0.015154422
ZJ016827,0.25558564,0.28870556,0.1492971,0.0006938842,0.0030393256,0.038746305,0.25495413,0.008978004
ZJ016828,0.19568084,0.0056578647,0.15586418,0.26049352,0.0039606746,0.0072281044,0.0077968575,0.36331797
ZJ016829,0.6457424,0.018578416,0.04818055,0.104189195,0.08769435,0.0067770225,0.020447997,0.06839011
ZJ016830,0.1729118,0.011961027,0.5883351,0.116474465,0.005063578,0.029822586,0.005285251,0.07014619
ZJ016831,0.0024855572,0.000162336,0.0040799347,0.00022588622,5.784177e-05,0.9900809,0.0013340908,0.0015733727
ZJ016832,0.19768083,0.0020208093,0.02158787,0.00042743972,0.75896263,0.009617037,0.008373974,0.001329395
ZJ016833,0.6807459,0.03536701,0.07774042,0.033808686,0.011675538,0.0025209985,0.04021464,0.117926754
ZJ016834,0.1971537,0.15262608,0.043440275,0.054182757,0.020365331,0.00666796,0.41515458,0.11040933
ZJ016835,0.38186905,0.10884731,0.14831898,0.00085285073,0.004839556,0.008408259,0.32302457,0.023839379
ZJ016836,0.9000173,0.00070077094,0.02346114,0.0415759,0.007186913,0.0015595574,0.0024382146,0.02306016
ZJ016837,0.21448237,0.12514372,0.15121852,0.0060282615,0.023235887,0.021632241,0.29777178,0.16048726
ZJ016838,0.17846449,0.55796623,0.06776015,0.009106389,0.08350317,0.0033239443,0.07340062,0.026475
ZJ016839,0.06937365,0.0127373915,0.34943435,0.0055153733,0.0006317882,0.039520435,0.47088996,0.051897068
ZJ016840,0.10810189,0.04860709,0.3408751,0.0001378805,0.0013295831,0.0019000325,0.46463746,0.034410864
ZJ016841,0.7846371,0.015973205,0.008372991,0.0022653225,0.07998621,0.007511415,0.06866627,0.03258749
ZJ016842,0.42755738,0.10128876,0.10948041,0.014343385,0.17884503,0.01841713,0.124472514,0.025595373
ZJ016843,0.052709147,0.0025558977,0.08610739,0.2299662,0.005261377,0.5803667,0.002457533,0.040575765
ZJ016844,0.31158853,0.08716429,0.1571795,0.0012569624,0.005376779,0.1642923,0.257757,0.015384652
ZJ016845,0.14698522,0.0022211715,0.4066048,0.1980479,0.0470063,0.09500554,0.0023627202,0.10176629
ZJ016846,0.08502834,0.057566784,0.68382335,0.001057208,0.034341577,0.033093248,0.09103751,0.014051917
ZJ016847,0.34644157,0.020501409,0.39567783,0.038372457,0.004917318,0.030888958,0.005347106,0.15785335
ZJ016848,0.47625104,0.13766314,0.17726347,0.028895512,0.065013126,0.0027489834,0.060789846,0.051374953
ZJ016849,0.06117737,0.0031060036,0.0064937244,0.854932,0.06326424,0.0020961985,0.007822293,0.0011081782
ZJ016850,0.20355889,0.009640168,0.00584022,0.6657049,0.07679902,0.016613662,0.020509154,0.0013339164
ZJ016851,0.14479865,0.005025383,0.5959881,0.047660235,0.008807006,0.03152531,0.008746796,0.15744846
ZJ016852,0.03778293,0.0044951322,0.4320459,0.25176826,0.0043540536,0.0027117687,0.0030353167,0.26380664
ZJ016853,0.00012371577,6.774414e-06,0.00019011124,0.00038618996,1.1355282e-05,0.99908817,2.0705596e-05,0.00017299617
ZJ016854,0.35068718,0.049912516,0.13440986,0.0057975017,0.2736703,0.009200228,0.1532534,0.023069039
ZJ016855,0.06477545,0.081615455,0.7815025,0.00077060744,0.0013293759,0.0023921842,0.06239343,0.0052209496
ZJ016856,0.32334283,0.08437389,0.13049096,0.030403087,0.23244837,0.04218042,0.051032174,0.10572824
ZJ016857,0.06320362,0.025131423,0.12512557,0.527023,0.008952506,0.0017659665,0.014109004,0.23468892
ZJ016858,0.17541818,0.053233556,0.33086503,0.0007236195,0.0022292207,0.008930686,0.4143985,0.014201234
ZJ016859,0.4162515,0.0012464294,0.11326084,0.14618567,0.010294543,0.006177259,0.002442547,0.30414116
ZJ016860,0.0056422586,0.0025237852,0.045335166,0.0009483784,0.031379018,0.90786326,0.0009247697,0.0053833886
ZJ016861,0.09109154,0.0063922172,0.12646069,0.6832991,0.00014552583,0.019107724,0.008029407,0.06547371
ZJ016862,0.09518589,0.635353,0.078513905,0.0005163322,0.00063455757,0.0070537436,0.16095035,0.021792224
ZJ016863,0.22565193,0.29847053,0.2815345,0.0040759738,0.001969584,0.026144316,0.06434774,0.09780537
ZJ016864,0.14446808,0.15311944,0.39157495,0.0001480241,0.0013698246,0.0001730963,0.3035174,0.0056291725
ZJ016865,0.02036979,0.052016515,0.03827501,0.0011621143,0.013546811,0.04830189,0.7901398,0.03618808
ZJ016866,0.29258487,0.11948003,0.13791583,0.09669411,0.019955583,0.007005211,0.070242696,0.2561217
ZJ016867,0.2927332,0.08950979,0.12870686,0.002108959,0.013541227,0.0028634595,0.45195708,0.018579416
ZJ016868,0.21621035,0.15281984,0.31036767,0.0014244788,0.0014812439,0.03402711,0.24382979,0.039839532
ZJ016869,0.12462537,0.06092615,0.28733832,0.00022880184,0.028520647,0.029772082,0.42309365,0.045494977
ZJ016870,0.1076575,0.14088362,0.3135508,0.00073560735,0.0011240713,0.03016662,0.32586482,0.08001697
ZJ016871,0.13466105,0.45786187,0.11087316,0.001636768,0.019711861,0.046321187,0.21417442,0.014759654
ZJ016872,0.019567924,0.0037089072,0.9639515,0.0009247943,3.2116159e-06,0.00269653,0.0040911944,0.005055658
ZJ016873,0.19505475,0.3780391,0.07600538,0.020808974,0.026893506,0.013435971,0.23644397,0.053318422
ZJ016874,0.13353805,0.019729683,0.3017793,0.00013505184,0.00030380563,0.007572643,0.5330915,0.0038499937
ZJ016875,0.059397083,0.062151045,0.20614864,0.004558976,0.0005289882,0.021978172,0.6152014,0.030035704
ZJ016876,0.12892832,0.38374645,0.08166643,0.0022304496,0.005205634,0.010652065,0.3427014,0.04486916
ZJ016877,0.90799195,0.0004247858,0.012683034,0.008359592,0.0065412745,0.0018787585,0.0010622536,0.061058342
ZJ016878,0.1642527,0.0052322047,0.5737185,0.053134587,0.028379513,0.010579813,0.0054072984,0.15929538
ZJ016879,0.26600334,0.20708281,0.12105159,0.12613016,0.025779348,0.0026256538,0.019145465,0.23218161
ZJ016880,0.3981869,0.20048773,0.16036162,0.0041175433,0.017829012,0.012246256,0.10660907,0.10016187
ZJ016881,0.022890376,0.88627,0.020180989,0.00016168236,0.011965631,0.0016187814,0.054171704,0.0027408204
ZJ016882,0.06311614,0.031692438,0.21433102,0.0020791397,0.0043635117,0.12970372,0.54689556,0.007818457
ZJ016883,0.19317526,0.04645086,0.24084602,0.0009467294,0.001816087,0.0039955834,0.4660354,0.046733994
ZJ016884,0.1599642,0.002759214,0.017869629,0.0029479328,0.003370275,0.00032041746,0.8092558,0.0035125792
ZJ016885,0.20774981,0.23990826,0.07535647,0.06627559,0.018885383,0.026980951,0.29372072,0.07112283
ZJ016886,0.23816821,0.106071524,0.07390088,0.0019055145,0.032066084,0.0014681746,0.5226309,0.023788694
ZJ016887,0.25139362,0.08430655,0.036762152,0.057711646,0.058449313,0.12782377,0.3108814,0.07267161
ZJ016888,0.14484996,0.00073376717,0.18420514,0.2339586,0.0041463473,0.101981364,0.0007564557,0.32936832
ZJ016889,0.28591314,0.19129607,0.22983548,0.0064909714,0.06948653,0.0027539115,0.12978448,0.084439404
ZJ016890,0.16715623,0.005377385,0.4959629,0.06863328,0.03447944,0.01710055,0.0053917905,0.20589851
ZJ016891,0.15752344,0.14043474,0.14367035,0.00597404,0.18865389,0.03763271,0.20016436,0.12594649
ZJ016892,0.21818392,0.051846977,0.1610203,0.0076872287,0.3348278,0.012263722,0.10616469,0.10800537
ZJ016893,0.28010917,0.09536224,0.18410951,0.1726574,0.022488672,0.0027001277,0.036435116,0.20613775
ZJ016894,0.03671493,0.027035968,0.0730264,0.010150924,0.2951841,0.53215617,0.006469656,0.019261837
ZJ016895,0.12011021,0.115899846,0.04781054,0.00022481068,0.3191734,0.35684565,0.029894907,0.0100406455
ZJ016896,0.12742868,0.09224692,0.15183944,0.00059093174,0.1851518,0.029671213,0.39379117,0.019279873
ZJ016897,0.26659775,0.020304164,0.046100542,0.0027523667,0.02495995,0.0065065986,0.62350607,0.0092726415
ZJ016898,0.18231632,0.005009783,0.32942978,0.34076703,0.018292762,0.08557446,0.00579458,0.032815363
ZJ016899,0.3504203,0.022937194,0.120513655,0.00036260855,0.003933621,0.01381571,0.47326964,0.014747263
ZJ016900,0.10354752,0.002179354,0.5600315,0.11670787,0.010310007,0.07817423,0.0014518584,0.12759766
ZJ016901,0.004445088,0.0008937825,0.0144688655,0.0017885196,0.0011208508,0.97166884,0.0012550487,0.0043590046
ZJ016902,0.72329843,0.040559545,0.08752358,0.004428385,0.02040538,0.0010396878,0.06694053,0.05580447
ZJ016903,0.087169975,0.0846802,0.37010226,0.00040977198,0.0011653433,0.0010004777,0.4196006,0.035871346
ZJ016904,0.6630339,0.0061565572,0.13457301,0.036214963,0.09543306,0.014916764,0.004485037,0.045186657
ZJ016905,0.063614756,0.04975429,0.116359554,0.28674662,0.0696101,0.023293821,0.00922369,0.38139716
ZJ016906,0.1522867,0.108281426,0.24058095,0.00074753334,0.03439053,0.044422735,0.3682321,0.051058043
ZJ016907,0.6290323,0.011360087,0.034845907,0.000342718,0.251008,0.008952357,0.056975637,0.007482937
ZJ016908,0.016740771,0.015923047,0.010152744,0.000106979816,0.018785773,0.0021839219,0.9060066,0.03010021
ZJ016909,0.028763223,0.006125228,0.1291299,0.00031255637,0.0007147797,0.72984624,0.093386434,0.011721553
ZJ016910,0.63958436,0.0007643121,0.12734172,0.18938163,0.0006780952,0.008488552,0.0010130039,0.032748308
ZJ016911,0.0059737633,0.9846705,0.0050507626,0.00037799322,0.00038956883,0.0003575214,0.0020505039,0.0011292361
ZJ016912,0.13320489,0.052135464,0.35144407,0.0013869307,0.002782243,0.030850867,0.327081,0.10111449
ZJ016913,0.2529319,0.08511621,0.18179944,0.00031050705,0.0018091341,0.2804206,0.18281244,0.014799735
ZJ016914,0.14304459,0.08822893,0.2020942,0.179656,0.0175555,0.0041119386,0.031212116,0.33409673
ZJ016915,0.4598052,0.1156247,0.117742285,0.0008882557,0.008258705,0.07564223,0.14922851,0.072810136
ZJ016916,0.18731788,0.017933773,0.20391957,0.25999406,0.09466454,0.066144906,0.0069798566,0.16304539
ZJ016917,0.15493535,0.29826447,0.0896982,0.060149573,0.03751838,0.008634847,0.28204626,0.06875296
ZJ016918,0.6334452,0.025225174,0.04664605,0.03503522,0.060569216,0.0013708428,0.01756762,0.18014069
ZJ016919,0.8097403,0.02518639,0.038283087,0.027264886,0.06241667,0.000993424,0.014059782,0.022055466
ZJ016920,0.00096924877,0.00025319247,0.008172488,0.00036801182,0.0001445964,0.9832948,0.0015582704,0.005239466
ZJ016921,0.31151924,0.14440069,0.20295037,0.11640221,0.024827208,0.0064777713,0.030189332,0.16323315
ZJ016922,0.4036871,0.2623458,0.17617281,0.00021985524,0.0037036275,0.033909068,0.092893966,0.02706778
ZJ016923,0.387881,0.0065717176,0.28323898,0.07478157,0.09466848,0.03403991,0.021028886,0.09778939
ZJ016924,0.24528979,0.08424921,0.09315812,0.011671786,0.003048483,0.0012363786,0.40405574,0.15729053
ZJ016925,5.3276446e-05,9.257907e-06,6.497497e-05,5.232142e-05,5.385862e-06,0.99974763,1.0833892e-05,5.6331883e-05
ZJ016926,0.313644,0.009663871,0.40255097,0.10662149,0.017098827,0.059600078,0.029635075,0.06118573
ZJ016927,0.07264539,0.044544958,0.09655493,0.0003356297,0.0022750837,0.011289706,0.75615513,0.016199084
ZJ016928,0.28080556,0.023578765,0.04361585,0.00037405142,0.0026001357,0.00034499654,0.6264926,0.022188047
ZJ016929,0.25966915,0.23694807,0.09581147,0.0013632716,0.015482641,0.0078862505,0.34169334,0.041145805
ZJ016930,0.18774599,0.1862296,0.061919995,0.026045706,0.02088854,0.0014463214,0.39688146,0.11884235
ZJ016931,0.076253444,0.005598236,0.2808297,0.08216733,0.0028777067,0.016156202,0.005307899,0.53080946
ZJ016932,0.15013894,0.014371728,0.07021714,0.5388077,0.12605095,0.010861063,0.01628267,0.07326981
ZJ016933,0.17843002,0.10820421,0.09853079,0.009357937,0.0014025184,0.0064961724,0.5588474,0.038730983
ZJ016934,0.29976428,0.061233778,0.47180468,0.057589017,0.0035258941,0.017961556,0.029902944,0.05821787
ZJ016935,0.12130031,0.7694048,0.011888436,0.00044794098,0.005264783,0.0015336518,0.08591282,0.0042472566
ZJ016936,0.1709708,0.3359288,0.071282916,0.03679577,0.023124434,0.003647791,0.30131298,0.05693642
ZJ016937,0.11470059,0.7093848,0.08433563,0.0015344335,0.004392196,0.0016445629,0.05826995,0.025737789
ZJ016938,0.006114256,0.0056405966,0.023287304,0.00019703012,0.00097015727,0.9565876,0.00650207,0.0007009704
ZJ016939,0.34540483,0.053955097,0.1173246,0.00082439004,0.042422067,0.010650429,0.4094967,0.019921869
ZJ016940,0.8239092,0.003781227,0.021906689,0.037384886,0.07847521,0.00333721,0.00544222,0.025763348
ZJ016941,0.17692423,0.0062479363,0.14655192,0.3082964,0.006455455,0.0067688604,0.006329222,0.342426
ZJ016942,0.09131443,0.051098224,0.55428606,0.00047138694,0.00057728944,0.013032634,0.25951996,0.029700056
ZJ016943,0.46216872,0.04393253,0.20540868,0.02830831,0.014128821,0.004979618,0.024697421,0.21637592
ZJ016944,0.15875456,0.2823609,0.14926657,0.01066672,0.0053159343,0.057939783,0.1969416,0.13875389
ZJ016945,0.14162946,0.20515163,0.20598848,0.001019747,0.013668993,0.0146749215,0.40563366,0.012233119
ZJ016946,0.08124442,0.035983857,0.28845885,0.0031727036,0.0034149943,0.086147524,0.4932093,0.008368349
ZJ016947,0.07986163,0.039787352,0.274746,0.006683576,0.00096529553,0.016087629,0.5472756,0.034592934
ZJ016948,0.2650003,0.18280667,0.16411065,0.019852445,0.0047778236,0.0064190603,0.25006953,0.10696346
ZJ016949,0.043732796,0.027269837,0.3060405,0.09782772,0.3035943,0.06310975,0.01741406,0.14101104
ZJ016950,0.5613163,0.024291223,0.1386101,0.00023934919,0.0035270639,0.009298704,0.24592699,0.016790276
ZJ016951,0.1456975,0.0059958915,0.16981591,0.274114,0.0028327177,0.006394581,0.004577218,0.39057222
ZJ016952,0.23664585,0.15701953,0.23915982,0.012385132,0.18327224,0.0122718755,0.06371809,0.09552742
ZJ016953,0.3231772,0.109455936,0.13832758,8.286283e-05,0.0007448653,0.11963947,0.3028597,0.0057123587
ZJ016954,0.21390069,0.14869913,0.30024412,0.0004372445,0.0023771932,0.016367987,0.27072942,0.04724422
ZJ016955,0.7382232,0.017025094,0.033962123,0.0008082416,0.008026782,0.051886745,0.14523053,0.004837288
ZJ016956,0.21268447,0.11072086,0.24068053,0.0002467616,0.0019139295,0.014013275,0.3767591,0.042980988
ZJ016957,0.10499238,0.10088356,0.48953214,0.0025045753,0.016513467,0.02199661,0.24205554,0.02152169
ZJ016958,0.006087736,0.00035006483,0.00839107,0.001405407,0.0036393886,0.97798496,0.0008263052,0.0013150775
ZJ016959,0.13247168,0.0014505817,0.4109924,0.3095996,0.008491509,0.10879161,0.0017198354,0.026482811
ZJ016960,0.59415966,0.049299132,0.16813186,0.00040542622,0.0051346174,0.028835332,0.13053893,0.023495028
ZJ016961,0.08931337,0.27881315,0.4495952,0.0003544235,0.00016463737,0.0005533694,0.16969576,0.011510018
ZJ016962,0.03270528,0.0007524882,0.08431266,0.47619703,0.0054090517,0.010396696,0.0012390618,0.38898778
ZJ016963,0.09846384,0.529535,0.102827154,0.0019870012,0.004334097,0.0040754895,0.23116888,0.027608547
ZJ016964,0.14536145,0.6474657,0.09182687,0.003344165,0.010233924,0.002357602,0.07393444,0.02547585
ZJ016965,0.32941303,0.07741451,0.1700186,0.0044757677,0.0065540294,0.0087648295,0.34620383,0.057155382
ZJ016966,0.30878317,0.016187547,0.034907255,0.37597132,0.19456561,0.025022265,0.030466931,0.014095922
ZJ016967,0.0809789,0.012606352,0.021392215,0.001480362,0.01281382,0.33293343,0.53516775,0.0026271474
ZJ016968,0.101069465,0.3867885,0.05579662,0.00080432714,0.0037217175,0.22282591,0.21578267,0.013210764
ZJ016969,0.2315435,0.12998956,0.1355249,0.0036583603,0.08276937,0.003857088,0.38014534,0.03251187
ZJ016970,0.19195642,0.06389058,0.54229236,6.725853e-05,0.0010729013,0.0066511654,0.19105826,0.0030110667
ZJ016971,0.30359688,0.10257007,0.13940255,0.013620775,0.030363264,0.017363079,0.36594486,0.02713851
ZJ016972,0.24752612,0.027820148,0.35065913,0.22392239,0.002231771,0.005192323,0.009507672,0.13314049
ZJ016973,0.012950939,0.7450823,0.017556302,1.5127177e-05,0.00048141883,0.019902507,0.17227869,0.0317327
ZJ016974,0.10923455,0.09180265,0.3668165,0.0005423801,0.0008092476,0.0056883967,0.22252484,0.20258148
ZJ016975,0.09575204,0.06309428,0.6199916,0.00092068396,0.0004916713,0.027531123,0.16861711,0.023601461
ZJ016976,0.44107744,0.17444514,0.03199404,0.0017022745,0.02663064,0.00052720704,0.19834872,0.12527446
ZJ016977,0.07505091,0.012463507,0.12143584,0.24701843,0.03389592,0.42434663,0.016314317,0.06947444
ZJ016978,0.3787041,0.08065969,0.20937651,0.00014340275,0.002630827,0.18354715,0.12999344,0.014944881
ZJ016979,0.2809906,0.139369,0.18775083,0.02238545,0.21579224,0.026618175,0.088185064,0.038908664
ZJ016980,0.035356864,0.7896106,0.008853228,0.00018279701,0.0034250538,0.000782098,0.15068752,0.011101766
ZJ016981,0.16923657,0.017894307,0.053945452,0.07593959,0.00845079,0.001943868,0.014358188,0.65823126
ZJ016982,0.36956143,0.10137877,0.17020877,0.08140333,0.09155599,0.017605789,0.08365972,0.084626235
ZJ016983,0.049410313,0.008242858,0.11428579,0.07770332,0.00018493913,0.0010055226,0.001586672,0.7475806
ZJ016984,0.42534488,0.0039913454,0.021330135,0.4399516,0.06371255,0.019742632,0.013356256,0.012570616
ZJ016985,0.367481,0.14266524,0.12046248,0.00097494846,0.010635106,0.02084306,0.32110932,0.015828865
ZJ016986,0.13897397,0.0022367374,0.00258395,0.74263185,0.049259607,0.008721628,0.055135377,0.00045690386
ZJ016987,0.3620802,0.040832315,0.079529606,0.008004748,0.019762443,0.04685757,0.36220682,0.08072633
ZJ016988,0.42261565,0.012029229,0.02286242,0.4451805,0.06883213,0.006501142,0.014102709,0.007876255
ZJ016989,0.027041359,0.0058195316,0.035032887,0.010238069,0.018821973,0.85039634,0.024285058,0.028364813
ZJ016990,0.16243619,0.29876462,0.05702659,0.0211607,0.034312475,0.002813875,0.35341576,0.07006981
ZJ016991,0.0038177408,0.032539308,0.019044803,0.00011893518,0.0018829538,0.93911004,0.0015568603,0.0019293352
ZJ016992,0.011635083,0.0018000953,0.015487409,0.00024557588,5.90277e-05,0.0103956275,0.9338391,0.026538095
ZJ016993,0.3875691,0.10607718,0.09950961,0.0007004435,0.0081293285,0.019268686,0.34894982,0.029795764
ZJ016994,0.14224441,0.06418414,0.57855403,0.0012815134,0.0034314126,0.0033068098,0.20337741,0.003620296
ZJ016995,0.015353305,0.4865529,0.12329784,0.00020684702,0.04227194,0.29997215,0.024524856,0.007820129
ZJ016996,0.20872311,0.1870197,0.14794214,0.0036321261,0.017214905,0.019197773,0.35289675,0.063373566
ZJ016997,0.12097429,0.22736882,0.33777514,0.07304449,0.044732753,0.0261019,0.15932524,0.010677328
ZJ016998,0.26631576,0.071211986,0.12119808,0.004966574,0.2861854,0.08320597,0.11519679,0.051719427
ZJ016999,0.015407396,0.003603684,0.03851455,0.0013285922,0.0023340043,0.87724584,0.054851457,0.0067145
ZJ017000,0.071268804,0.6127055,0.15051807,0.00062921015,0.001471063,0.0373255,0.121797435,0.004284377
ZJ017001,0.082350686,0.004658478,0.32413298,0.33008626,0.0014700645,0.007581608,0.0018362016,0.2478837
ZJ017002,0.6376117,0.00012628434,0.012776042,0.0012832509,0.33764946,0.0039272048,0.0007961618,0.0058299736
ZJ017003,0.10038468,0.0020120994,0.3533869,0.2108052,0.16753204,0.02949095,0.008728865,0.12765926
ZJ017004,0.5881914,0.11498448,0.055479664,0.0012360977,0.00047094002,0.011921466,0.18537882,0.04233719
ZJ017005,0.21926802,0.34800982,0.24109511,0.008471826,0.0011442624,0.0043883272,0.092564754,0.085057884
ZJ017006,0.18932241,0.29218733,0.10560058,0.036883563,0.025316523,0.06803782,0.23544781,0.04720395
ZJ017007,0.35591274,0.011801543,0.36123338,0.06415968,0.0110663,0.08272418,0.023156324,0.089945875
ZJ017008,0.3161293,0.116782606,0.1704039,0.00078898924,0.010543556,0.020479728,0.3305374,0.034334525
ZJ017009,0.2320805,0.08212115,0.14697123,0.0011198309,0.059650175,0.0054890383,0.4206834,0.051884715
ZJ017010,0.30367708,0.0013298261,0.14644997,0.32377055,0.07196926,0.023109585,0.0023538729,0.12733983
ZJ017011,0.25779673,0.041921906,0.04147312,0.0037126343,0.00081733573,0.0027831502,0.5972029,0.054292243
ZJ017012,0.19733566,0.042407166,0.18772018,0.011694168,0.022072457,0.38467887,0.14587624,0.008215243
ZJ017013,0.08848108,0.0039195963,0.14058173,0.33423162,0.0026988557,0.0062299203,0.0036348219,0.42022243
ZJ017014,0.49374065,0.04399486,0.115604475,0.03343538,0.022545002,0.008825328,0.18185861,0.09999569
ZJ017015,0.13453116,0.049429942,0.24570562,0.00046622974,0.0014932972,0.012780679,0.53606635,0.019526692
ZJ017016,0.01657577,0.8470243,0.03460219,0.001466534,0.0038623617,0.012603451,0.07721114,0.0066541824
ZJ017017,0.26099545,0.01741077,0.024137177,0.5339309,0.07314354,0.009478839,0.07438423,0.0065190736
ZJ017018,0.13459031,0.04604272,0.28645244,0.0010613281,0.0055230805,0.006350043,0.49959236,0.02038777
ZJ017019,0.22835052,0.14654951,0.10805284,0.004676392,0.012299572,0.0035033962,0.43733862,0.05922909
ZJ017020,0.98948437,0.0005940736,0.0049616927,2.8191846e-05,0.00043912322,7.956329e-05,0.0011864416,0.003226515
ZJ017021,0.11685508,0.035442382,0.04795501,0.0012258313,0.0014959468,0.0008162486,0.75200254,0.04420692
ZJ017022,0.3973121,0.07746693,0.21621574,0.027788604,0.009945551,0.010245468,0.035486855,0.22553875
ZJ017023,0.0639656,0.012376317,0.3962357,0.008872991,0.0010259099,0.04070368,0.43640286,0.04041697
ZJ017024,0.10842206,0.15000354,0.59751505,8.813296e-05,0.0009672843,0.0016472505,0.13031812,0.011038605
ZJ017025,0.21253026,0.13530242,0.1727479,0.00081070856,0.015392817,0.0070133815,0.43571416,0.020488426
ZJ017026,0.17522717,0.266561,0.16392069,0.0022211,0.009226662,0.05368,0.29861087,0.03055253
ZJ017027,0.23335452,0.00831548,0.36067376,0.19306697,0.0069310395,0.019644434,0.0067249457,0.17128879
ZJ017028,0.12809806,0.036448937,0.24067053,0.004924217,0.009047216,0.077750444,0.49289155,0.010169102
ZJ017029,0.18073629,0.014669668,0.12516814,0.5143799,0.019716648,0.011473832,0.010578444,0.12327709
ZJ017030,0.39757425,0.054865215,0.11995785,0.0030814488,0.008981312,0.0017932598,0.06570405,0.34804264
ZJ017031,0.23426132,0.13563587,0.21449125,0.14731476,0.0758881,0.0036034652,0.047251794,0.14155337
ZJ017032,0.37776378,0.0005911208,0.07408938,0.40127242,0.013090745,0.061195467,0.0033097728,0.0686874
ZJ017033,0.27687413,0.19100614,0.1860777,0.0057304017,0.10528103,0.0040500886,0.12351529,0.10746523
ZJ017034,0.1404249,0.001098069,0.123702876,0.25865182,0.11984729,0.15315162,0.004499792,0.19862366
ZJ017035,0.3534165,0.16061123,0.16492133,0.0030685577,0.0041613616,0.014244606,0.27236733,0.027209036
ZJ017036,0.17242949,0.1344568,0.28489038,0.0012749573,0.0022984068,0.09686598,0.27571064,0.032073278
ZJ017037,0.11093616,0.015097457,0.43239158,0.00043101396,0.0007136995,0.005418315,0.4315762,0.0034355647
ZJ017038,0.4993547,0.24702114,0.053977925,0.013013622,0.0014514753,0.0029112687,0.016178444,0.16609137
ZJ017039,0.09231572,0.0077585964,0.03135565,0.00043306986,0.0033219808,0.0045454064,0.84634453,0.013924995
ZJ017040,0.15824057,0.20175885,0.13271347,0.013525152,0.0032548686,0.099249564,0.28046805,0.110789515
ZJ017041,0.7201173,0.013979448,0.014945814,0.000680902,0.0033056133,0.0014296094,0.24421792,0.0013234536
ZJ017042,0.19881123,0.003597119,0.30273935,0.13693388,0.031968933,0.014354158,0.001796249,0.3097991
ZJ017043,0.044790916,0.06257068,0.55382234,0.00041426803,0.04169476,0.23678507,0.035692368,0.02422962
ZJ017044,0.22592713,0.21164368,0.10246453,0.06522755,0.013999401,0.0024911405,0.023480576,0.35476598
ZJ017045,0.21649538,0.38636637,0.19241251,0.00070030184,0.0016760364,0.014197923,0.13919513,0.04895639
ZJ017046,0.02852569,0.060174044,0.09457965,0.00079019653,0.087102726,0.70929366,0.011105468,0.008428645
ZJ017047,0.00049702683,9.7743316e-05,0.0007537277,5.039773e-05,2.8094442e-05,0.99825656,0.00030242873,1.3930141e-05
ZJ017048,0.09985438,0.08429551,0.019504484,0.00066618127,0.000636364,0.0002611048,0.78446174,0.010320257
ZJ017049,0.28540438,0.20615593,0.042071622,0.03601814,0.07636814,0.0011539067,0.28161615,0.07121178
ZJ017050,0.24465251,0.03942813,0.16475926,0.4046111,0.042505298,0.0015594728,0.0061881333,0.09629609
ZJ017051,0.357585,0.014357501,0.023573233,0.37464103,0.18872987,0.015243235,0.01801313,0.007856938
ZJ017052,0.32205385,0.05532234,0.36252406,0.0030569853,0.023901217,0.028825115,0.08936865,0.11494776
ZJ017053,0.3386462,0.04456791,0.3723459,0.101885825,0.009068147,0.0077514024,0.009575281,0.1161594
ZJ017054,0.075142525,0.012006191,0.08831206,0.067830704,0.011726769,0.002870986,0.005127356,0.73698336
ZJ017055,0.011145153,0.00083617884,0.01330764,0.005369092,0.0027222843,0.95404387,0.002524969,0.010050843
ZJ017056,0.20101625,0.34018803,0.10780339,0.0027573665,0.008692214,0.10068616,0.20549724,0.03335931
ZJ017057,0.1648986,0.28206864,0.06833508,0.07990169,0.01805215,0.0042785592,0.3199101,0.062555134
ZJ017058,0.07538537,0.085976176,0.36519957,0.0016213025,0.012823413,0.09504784,0.309825,0.05412135
ZJ017059,0.09611675,0.0039878897,0.3221269,0.1745684,0.12769407,0.18562877,0.003677294,0.08619994
ZJ017060,0.09757889,0.08274914,0.5703728,0.0023436279,0.023595255,0.009550065,0.19299345,0.020816727
ZJ017061,0.076644145,0.072738074,0.03592395,0.65724945,0.09150355,0.023630435,0.017970137,0.024340345
ZJ017062,0.0012664971,0.00014660276,0.012721311,0.00015979016,0.00012489004,0.9836083,0.0008337133,0.0011389377
ZJ017063,0.29792508,0.044258617,0.14125292,0.005095146,0.006479885,0.011620585,0.43751055,0.05585718
ZJ017064,0.24848351,0.029224776,0.03317959,0.4259179,0.21584192,0.00578399,0.033132326,0.008436007
ZJ017065,0.08792816,0.01688809,0.058931306,0.47381935,0.044072963,0.010472843,0.0032579512,0.3046293
ZJ017066,0.15346308,0.005898254,0.29132703,0.41025576,0.0007872423,0.0028038276,0.0027554599,0.13270938
ZJ017067,0.014327368,0.00035755386,0.1908814,0.20033026,0.012345507,0.15321478,0.00069926167,0.42784387
ZJ017068,0.07398976,0.033359323,0.25015348,0.0005162491,0.001665418,0.0013038021,0.6235759,0.015436057
ZJ017069,0.066352025,0.0028290425,0.14337085,0.55879325,0.004493899,0.091883965,0.004656745,0.1276202
ZJ017070,0.33705112,0.08317323,0.14300498,0.007690289,0.0458405,0.01515637,0.22913724,0.13894626
ZJ017071,0.34079948,0.041886006,0.0961827,0.0037568994,0.021557258,0.017034339,0.45191517,0.02686816
ZJ017072,0.35646987,0.16886644,0.16307972,0.00082983886,0.017488854,0.013555607,0.25957477,0.020134846
ZJ017073,0.23734616,0.042196862,0.015148172,0.00063034514,0.0013595852,0.003078719,0.6868564,0.01338379
ZJ017074,0.16376388,0.10969428,0.3930983,0.0007129784,0.0044098464,0.02721319,0.29268634,0.008421242
ZJ017075,0.06515711,0.07235957,0.3553032,0.00030259416,0.001474774,0.024471939,0.4584462,0.022484625
ZJ017076,0.081743486,0.08784136,0.27830243,0.00031204612,0.0023079414,0.010218701,0.5231213,0.016152788
ZJ017077,0.081610896,0.050319985,0.3636338,0.0011964389,0.0010954698,0.07600962,0.2652382,0.1608956
ZJ017078,0.041402206,0.004811729,0.07247667,0.0013206262,0.0016274371,0.7829018,0.082767874,0.01269162
ZJ017079,0.11718289,0.14815292,0.14157088,0.07652492,0.022448488,0.008154478,0.032064226,0.4539012
ZJ017080,0.009066439,0.001612982,0.025159476,0.0014388766,0.00013793238,0.9186198,0.037041303,0.006923098
ZJ017081,0.067726284,0.005821095,0.29544228,0.000694753,0.038448248,0.375688,0.031743973,0.18443544
ZJ017082,0.18470576,0.10811926,0.27538204,0.00022927776,0.0025375856,0.008831845,0.31373134,0.1064629
ZJ017083,0.14801592,0.5625819,0.05741921,0.019089995,0.0015908274,0.0024821651,0.016192693,0.19262733
ZJ017084,0.03684998,0.7349263,0.042744774,0.0030132534,0.056850974,0.0036391716,0.087824985,0.034150664
ZJ017085,0.123345934,0.55977225,0.06509542,0.0047239126,0.00399894,0.029280385,0.14867792,0.065105215
ZJ017086,0.1927586,0.39701524,0.08672157,0.0017977845,0.005581622,0.089208364,0.20354491,0.023371939
ZJ017087,0.2663107,0.3615157,0.030606795,0.00030538786,0.0022322885,0.0025583692,0.30948988,0.026980843
ZJ017088,0.005094549,0.0014665308,0.003445277,0.027580742,6.968556e-05,0.9361688,0.025018116,0.0011564221
ZJ017089,0.3958633,0.09639725,0.3437436,0.0023419065,0.0065291757,0.006875084,0.101825364,0.046424415
ZJ017090,0.1467127,0.005189183,0.083385475,0.020859286,0.500642,0.15732339,0.0153556755,0.07053229
ZJ017091,0.05642661,0.78750664,0.048201963,0.009594798,0.00060823985,0.0038185695,0.013289474,0.08055369
ZJ017092,0.11356026,0.0034140097,0.68699956,0.05456961,0.06649415,0.019041577,0.0050001834,0.050920617
ZJ017093,0.06281869,0.0050706277,0.07313008,0.4723329,0.0021723222,0.0040901373,0.010866462,0.36951882
ZJ017094,0.14501633,0.0053580636,0.20271838,0.42806816,0.043845832,0.09998318,0.005242708,0.06976737
ZJ017095,0.31996337,0.07664672,0.17831841,0.00023137953,0.0006267945,0.14477728,0.2673213,0.012114748
ZJ017096,0.13288932,0.02304188,0.026734512,0.72725904,0.025628146,0.0152859455,0.028622333,0.020538867
ZJ017097,0.35076022,0.0090413345,0.020901505,0.43196136,0.15419029,0.0060348245,0.019722734,0.0073877596
ZJ017098,0.11347764,0.0026248388,0.24287318,0.21592626,0.00026528857,0.17270252,0.0010826101,0.25104767
ZJ017099,0.24072675,0.020632166,0.3594141,0.00031731138,0.00060822454,0.004985864,0.3675302,0.005785405
ZJ017100,0.04121125,0.03242414,0.11305273,0.009767568,0.0027930813,0.7343723,0.045606807,0.020772066
ZJ017101,0.5083964,0.037653223,0.09863887,0.0008240275,0.015597946,0.024772646,0.29297805,0.021138826
ZJ017102,0.15650697,0.007158017,0.17130119,0.3153335,0.0036512879,0.005203191,0.0049890783,0.33585683
ZJ017103,0.13929148,0.06734417,0.34109718,0.00012826642,0.00019423735,0.025922144,0.40538535,0.020637205
ZJ017104,0.072994344,0.0028323135,0.29199964,0.4014343,0.0670947,0.026305541,0.0011483324,0.13619088
ZJ017105,0.15765442,0.16071282,0.08257653,0.0038991529,0.010112618,0.0031715583,0.52944684,0.052426137
ZJ017106,0.14584093,0.032743387,0.2981417,0.00014187767,0.00054871885,0.28983682,0.21617743,0.016569182
ZJ017107,0.9522527,0.0015379397,0.021150144,0.0025095742,0.015635293,0.0007874901,0.002302372,0.003824482
ZJ017108,0.010262331,0.014271211,0.011897036,0.003786094,0.0008084676,0.94367117,0.0040312703,0.0112724295
ZJ017109,0.05741652,0.047924485,0.6123481,0.00074762653,0.051191483,0.17339948,0.042974897,0.013997415
ZJ017110,0.1770913,0.06785197,0.18475932,0.00064304145,0.07857209,0.03180641,0.426091,0.03318488
ZJ017111,0.14647801,0.3235903,0.15008123,0.0004207129,0.00035544374,0.003137403,0.36954844,0.006388471
ZJ017112,0.29905736,0.18000148,0.142231,0.00048712402,0.013225415,0.022181079,0.33439606,0.008420423
ZJ017113,0.009770351,0.863045,0.013309528,0.0001946088,0.046860248,0.0034455443,0.051492695,0.011882037
ZJ017114,0.008814108,0.8759289,0.009808763,8.944065e-05,0.013077597,0.002793417,0.08835832,0.0011294552
ZJ017115,0.018257141,0.0038378607,0.038163424,0.009756587,0.007932296,0.8968319,0.008154737,0.017066013
ZJ017116,0.2210357,0.32748848,0.22708736,0.0019291887,0.0028261151,0.011385596,0.14380486,0.06444265
ZJ017117,0.22115575,0.0384679,0.041907042,0.5801833,0.026740262,0.0059723267,0.06313503,0.022438375
ZJ017118,0.1321734,0.02768228,0.23103014,0.0026128863,0.002874356,0.06341691,0.5015685,0.038641565
ZJ017119,0.11422065,0.008492606,0.27893418,0.36178055,0.027509514,0.009368015,0.0025723798,0.19712208
ZJ017120,0.15487213,0.22804302,0.15140346,0.06380458,0.01164096,0.07453287,0.02425783,0.29144508
ZJ017121,0.15972458,0.06388883,0.046381667,0.5776304,0.045824986,0.0033735866,0.04325444,0.059921592
ZJ017122,0.25489688,0.021248028,0.582959,0.02296969,0.00255242,0.015583639,0.007103906,0.09268648
ZJ017123,0.06731015,0.09679229,0.24062946,0.00047044505,0.0011852402,0.16179942,0.26702574,0.16478726
ZJ017124,0.20817529,0.036835104,0.12541127,0.020413734,0.3954536,0.017562358,0.14616562,0.04998306
ZJ017125,0.10524887,0.00180587,0.33875293,0.3197713,0.035699725,0.02020158,0.0013539562,0.17716578
ZJ017126,0.36290795,0.008231355,0.24393648,0.059458762,0.16842577,0.032119997,0.024109961,0.100809716
ZJ017127,0.10487077,0.06314491,0.26191384,0.0002927874,0.0007598793,0.05025276,0.50949425,0.009270836
ZJ017128,0.25330582,0.21300781,0.19887784,0.00021184493,0.002352616,0.026677907,0.29843885,0.00712729
ZJ017129,0.031555433,0.04746923,0.059520792,0.0021581126,0.0021952947,0.8009335,0.05028814,0.0058795377
ZJ017130,0.047461554,0.002508347,0.050089207,0.010517128,0.01668335,0.84848,0.015363291,0.008897152
ZJ017131,0.21788527,0.15536459,0.19868627,0.0054891454,0.012951107,0.072038546,0.23908027,0.098504774
ZJ017132,0.1585576,0.04912468,0.20502537,0.0007983524,0.0005802029,0.0039599454,0.5732245,0.008729378
ZJ017133,0.5040919,0.104701065,0.10032157,0.008877727,0.0339258,0.0049552904,0.19954807,0.04357861
ZJ017134,0.017845113,0.068305925,0.16843289,0.0006636523,0.008599457,0.69107246,0.025330378,0.019750118
ZJ017135,0.06192534,0.0036130839,0.17744678,0.17526115,0.032715105,0.030283663,0.0022616317,0.5164932
ZJ017136,0.022675723,0.01749886,0.011599148,0.00034387835,0.0010942627,0.15732248,0.77912134,0.010344385
ZJ017137,0.0034742483,0.005477928,0.010989157,0.0015340424,0.005463497,0.969133,0.0009242128,0.0030039134
ZJ017138,0.44935566,0.07043895,0.14077087,0.020825673,0.007855734,0.006648415,0.03458741,0.26951727
ZJ017139,0.314959,0.16023606,0.20750098,0.0022306882,0.10754085,0.0071414392,0.14095005,0.05944092
ZJ017140,0.06002151,0.027986242,0.6466251,0.0010010151,0.0014704637,0.02192177,0.1395989,0.10137502
ZJ017141,0.28631207,0.25522584,0.13757114,0.0067820153,0.0021760897,0.040373255,0.2605884,0.010971178
ZJ017142,0.115962304,0.0035494848,0.13104112,0.44404775,0.0018914107,0.0036970142,0.0055033234,0.29430753
ZJ017143,0.051436372,0.002629575,0.18740053,0.50003296,0.02382062,0.006139252,0.0028839929,0.22565667
ZJ017144,0.052471697,0.45814344,0.15419656,0.00027180222,0.001900005,0.13410705,0.10151152,0.09739791
ZJ017145,0.07110277,0.8406416,0.034389284,0.0033455654,0.00073074125,0.000496021,0.004187258,0.04510679
ZJ017146,0.16690971,0.41141573,0.07574844,0.0015779926,0.08047391,0.02183603,0.21614908,0.025889153
ZJ017147,0.21755004,0.07470586,0.2472543,0.00090522796,0.030008378,0.026514411,0.38920626,0.01385555
ZJ017148,0.40255642,0.108388305,0.19671027,0.00022600227,0.003949805,0.1031791,0.16593894,0.019051129
ZJ017149,0.07539891,0.3669015,0.18023917,0.0022188192,0.022162031,0.00768461,0.32563943,0.019755522
ZJ017150,0.2319749,0.0018894895,0.019383224,0.5934248,0.122954965,0.015445232,0.007183054,0.007744338
ZJ017151,0.091577165,0.021318708,0.26887232,0.0023313703,0.3443449,0.0103053525,0.25024414,0.011006056
ZJ017152,0.06269061,0.035257705,0.7604059,0.0073928596,0.0004296316,0.00064890616,0.12257068,0.01060361
ZJ017153,0.13270968,0.014383026,0.26995507,0.45853862,0.048106015,0.008828006,0.010785329,0.056694247
ZJ017154,0.16618724,0.010701576,0.09638942,0.001872756,0.0039416123,0.40027586,0.26736343,0.053268105
ZJ017155,0.14805713,0.05570722,0.5139641,0.0019263049,0.012686453,0.09927539,0.09050228,0.07788112
ZJ017156,0.041496065,0.012067567,0.023338895,0.00028461183,0.00066587067,0.0007689328,0.9095761,0.01180197
ZJ017157,0.7919051,0.012544292,0.09165795,0.0036340905,0.022998415,0.0067352448,0.033755105,0.036769766
ZJ017158,0.10258674,0.6613717,0.095777586,5.8404807e-05,0.00019914629,0.023109537,0.10822145,0.008675444
ZJ017159,0.13036703,0.516704,0.11482526,0.0011099658,0.00085277756,0.0053650113,0.11474643,0.11602959
ZJ017160,0.18367971,0.043835487,0.120031856,5.0300645e-05,0.008806902,0.005737475,0.6313479,0.0065103774
ZJ017161,0.07985225,0.079601325,0.47319078,0.00016211318,0.00072603126,0.0015273816,0.29933795,0.0656021
ZJ017162,0.10876672,0.0026902827,0.18004382,0.118225306,0.004008257,0.5126225,0.0037999828,0.0698432
ZJ017163,0.28430626,0.002212873,0.087482564,0.2812626,0.015939316,0.0021418538,0.004468074,0.32218638
ZJ017164,0.332912,0.01721883,0.0309074,0.28630254,0.28521004,0.0069523407,0.03537395,0.0051229624
ZJ017165,0.44472829,0.068810344,0.12699404,0.0011043317,0.0070639895,0.0064134933,0.2998456,0.04503994
ZJ017166,0.3478889,0.04059391,0.22095266,0.0017118596,0.0036712494,0.010733146,0.3586111,0.015837152
ZJ017167,0.36982647,0.005261768,0.015173259,0.42740273,0.14462155,0.014173107,0.019232754,0.00430836
ZJ017168,0.16607499,0.017014856,0.02861303,0.6639045,0.053817812,0.018272113,0.017431937,0.03487077
ZJ017169,0.11768646,0.07608156,0.30606392,0.00596536,0.005469938,0.054107063,0.31661686,0.11800885
ZJ017170,0.38231167,0.1847688,0.07360333,0.02914387,0.036348723,0.011611836,0.20866877,0.07354299
ZJ017171,0.012307989,0.7484917,0.09005153,0.00018825223,0.13166305,0.002436178,0.0108314995,0.004029821
ZJ017172,0.4165682,0.066206485,0.19187587,0.07062946,0.005527562,0.0014380406,0.014017479,0.23373689
ZJ017173,0.059531488,0.0034084946,0.13073346,0.5338274,0.0067193196,0.12674363,0.004207042,0.13482912
ZJ017174,0.11985078,0.019149106,0.11337315,0.061808374,0.40424496,0.066972755,0.031857844,0.18274301
ZJ017175,0.039812546,0.0015015923,0.10001065,0.38764286,0.002470907,0.40724796,0.0013944362,0.059919044
ZJ017176,0.33711097,0.015552749,0.36425084,0.106667206,0.008154118,0.070160136,0.009818725,0.088285275
ZJ017177,0.010366775,0.04305662,0.10176515,0.0003415445,0.005955259,0.8232136,0.011006742,0.004294352
ZJ017178,0.056647725,0.083141334,0.46901926,0.0006623682,0.0006115497,0.0017738288,0.36287457,0.025269385
ZJ017179,0.13507064,0.17309771,0.113462485,0.0018975991,0.0018153307,0.022804586,0.39930186,0.15254982
ZJ017180,0.16555801,0.39293975,0.11640225,0.005603036,0.007696491,0.028777888,0.24787574,0.03514682
ZJ017181,0.15163727,0.10538461,0.2123605,0.0008923301,0.024120811,0.099617295,0.35657686,0.049410287
ZJ017182,0.105109684,0.078398526,0.5571606,0.00063074654,0.0013042877,0.03179404,0.16062912,0.06497297
ZJ017183,0.21645157,0.1798042,0.13058439,0.012032181,0.022570567,0.010952649,0.34749588,0.080108576
ZJ017184,0.33851665,0.13528739,0.1725185,0.02061131,0.10374295,0.02746774,0.13966891,0.062186513
ZJ017185,0.09991664,0.054067194,0.23315795,0.010471925,0.09619171,0.21913238,0.25844017,0.028622087
ZJ017186,0.20748699,0.0070528686,0.096017115,0.24637589,0.0056749,0.0073895482,0.006485334,0.42351738
ZJ017187,0.09223274,0.028239788,0.28339764,0.003240071,0.0020700493,0.0070668794,0.5559451,0.027807716
ZJ017188,0.16191214,0.061592683,0.14711753,0.015946448,0.13243045,0.108088225,0.14657615,0.22633642
ZJ017189,0.122851394,0.64868414,0.057895247,0.023556884,0.0075324737,0.014746316,0.11063029,0.014103258
ZJ017190,0.23267712,0.10817631,0.110235624,0.00070772064,0.012656441,0.011043136,0.5003703,0.024133373
ZJ017191,0.7519119,0.0066320365,0.01917608,2.2277487e-05,0.2011127,0.00094541756,0.01922071,0.0009789201
ZJ017192,0.19060428,0.10283231,0.122551486,0.00044838386,0.0023712004,0.01772416,0.4939303,0.069537885
ZJ017193,0.1610047,0.01140071,0.066576734,0.065650195,0.006825242,0.0020403247,0.006406011,0.6800961
ZJ017194,0.015184676,0.4501105,0.09483836,0.0011414045,0.009454632,0.37741643,0.035862107,0.01599194
ZJ017195,0.31801757,0.009259081,0.024497803,0.47918233,0.1373063,0.0091702,0.018848302,0.0037183817
ZJ017196,0.086140074,0.022306535,0.13366081,0.14748801,0.00084140146,0.0014991041,0.0058598756,0.6022042
ZJ017197,0.15980302,0.250988,0.2775234,0.0013269676,0.0028143227,0.025978416,0.27287114,0.008694741
ZJ017198,0.25230137,0.26543388,0.18395999,0.0007749928,0.0020163225,0.05550069,0.21373343,0.026279362
ZJ017199,0.16637012,0.005187263,0.3049031,0.16356784,0.0154634,0.18314831,0.0058959145,0.15546408
ZJ017200,0.13846536,0.004376394,0.16207935,0.44179723,0.016052041,0.0067118094,0.01391488,0.21660297
ZJ017201,0.6525246,0.0033336044,0.090168536,0.16104622,0.0131851565,0.009666686,0.014515589,0.055559702
ZJ017202,0.16956595,0.34013104,0.08490429,0.053158287,0.04119663,0.0121945795,0.26191223,0.036937006
ZJ017203,0.031459197,0.5088423,0.036784284,1.8293695e-05,0.0003603544,0.031973433,0.3229017,0.06766043
ZJ017204,0.16909868,0.068271995,0.52233547,5.557824e-05,0.00068389,0.008089539,0.22882718,0.0026376133
ZJ017205,0.20671163,0.10024695,0.1362269,0.0016069236,0.0010354036,0.014630696,0.5085082,0.031033276
ZJ017206,0.24915077,0.07640144,0.21991067,0.0005433648,0.020999167,0.014280082,0.4021281,0.016586408
ZJ017207,0.14995965,0.27925915,0.12869677,0.036610678,0.012905041,0.027775887,0.017174972,0.3476179
ZJ017208,0.13737938,0.028021323,0.07345121,0.051397383,0.007819868,0.0014674129,0.011926517,0.6885369
ZJ017209,0.008440401,0.01165133,0.07710332,0.0003856748,0.0050684754,0.8862763,0.007586415,0.0034880512
ZJ017210,0.17198744,0.18236117,0.23167902,0.0021453782,0.0023793124,0.0580772,0.33622158,0.015148938
ZJ017211,0.06475464,0.0064252825,0.09281315,0.5230648,0.020657413,0.14505982,0.0036197084,0.14360516
ZJ017212,0.1025439,0.010541533,0.25687847,0.0035571912,0.0015860592,0.114617266,0.44652343,0.06375221
ZJ017213,0.15131855,0.0048837634,0.46297267,0.064290814,0.028807193,0.004799333,0.0033938766,0.27953383
ZJ017214,0.078046985,0.0023872,0.11505571,0.25062355,0.0049472707,0.50655717,0.0036060542,0.038776074
ZJ017215,0.665957,0.044380456,0.07745983,0.0031163394,0.03954333,0.02034839,0.1062455,0.04294915
ZJ017216,0.10583212,0.19494668,0.11307928,0.0037221508,0.015462618,0.024377177,0.15830854,0.3842714
ZJ017217,0.41148406,0.033342034,0.032588437,0.087912425,0.017963916,0.001864347,0.017750038,0.3970947
ZJ017218,0.22156478,0.32320058,0.15674663,0.0032909592,0.0047719786,0.039092552,0.13557646,0.11575604
ZJ017219,0.3129468,0.15258391,0.17085686,0.00035057584,0.021024073,0.0040128445,0.32136542,0.01685958
ZJ017220,0.05450314,0.5797017,0.13421744,0.0018510905,0.0014755824,0.0023602792,0.12534879,0.10054195
ZJ017221,0.28050452,0.11122324,0.08827461,0.0046287747,0.015895931,0.006418957,0.43969628,0.053357664
ZJ017222,0.06297916,0.0025828406,0.082924254,0.317766,0.0045205005,0.49606308,0.0029818092,0.030182319
ZJ017223,0.2012017,0.06014837,0.30656254,0.010531617,0.004164905,0.15275513,0.22752453,0.037111163
ZJ017224,0.17406061,0.036395237,0.36727023,0.00039158107,0.008570047,0.018990692,0.38070276,0.01361882
ZJ017225,0.44366136,0.019712854,0.032321155,0.34944123,0.10968065,0.010285339,0.025693262,0.009204141
ZJ017226,0.23207015,0.2601266,0.050757237,0.08424005,0.023046,0.0030560708,0.26043662,0.08626723
ZJ017227,0.0011745773,0.00040525096,0.009968495,0.0006475516,9.696949e-05,0.9838788,0.00087913964,0.002949238
ZJ017228,0.016837144,0.8532313,0.006748959,3.9278904e-05,4.1678308e-05,0.0013921978,0.11736813,0.0043412806
ZJ017229,0.21262442,0.0017342172,0.10531946,0.265115,0.103807695,0.15898472,0.004908939,0.14750555
ZJ017230,0.001130468,0.00029510577,0.009899416,0.00012831362,9.6254196e-05,0.9847895,0.00056223193,0.0030986436
ZJ017231,0.040677663,0.009747387,0.4758716,0.0005279455,0.0012037796,0.02543293,0.35114533,0.09539336
ZJ017232,0.05679444,0.025775695,0.023889052,0.00016479458,0.66982687,0.21651988,0.0036802099,0.0033490153
ZJ017233,0.0025910311,0.0028826375,0.0056183306,0.00057721994,0.00087037956,0.9849095,0.0011705442,0.0013804073
ZJ017234,0.32244283,0.030459225,0.03362669,0.4353377,0.12083087,0.01264866,0.03406706,0.010586971
ZJ017235,0.17659268,0.23967642,0.091289744,0.04340425,0.023517432,0.009658212,0.34611645,0.0697448
ZJ017236,0.10027971,0.003118696,0.32978427,0.14690147,0.0071431156,0.07244654,0.009924589,0.33040163
ZJ017237,0.078246854,0.093758754,0.5679906,0.0015061517,0.043370903,0.080662526,0.10521429,0.02924992
ZJ017238,0.07939589,0.0036899622,0.18328889,0.22039686,0.0027122372,0.41451022,0.0047921953,0.09121376
ZJ017239,0.15055872,0.40238822,0.111371115,0.0020972241,0.0036868306,0.0016006014,0.30197614,0.02632114
ZJ017240,0.17705718,0.30251968,0.05913445,0.07192126,0.049470365,0.0050452068,0.27670452,0.058147307
ZJ017241,0.13388227,0.056983065,0.0781866,0.003793916,0.0041854563,0.0035715802,0.7011479,0.018249067
ZJ017242,0.5075823,0.03434365,0.13800229,0.000110660396,0.00046194711,0.00588105,0.29990664,0.013711459
ZJ017243,0.031556364,0.008812741,0.09561844,0.00015037425,0.00020034771,0.0032340474,0.8102999,0.05012785
ZJ017244,0.14745852,0.070326954,0.40253183,0.00083402277,0.0022239895,0.0021941175,0.29961345,0.07481708
ZJ017245,0.2825045,0.07100925,0.27367848,0.25673744,0.0019512257,0.0021662328,0.01265318,0.0992997
ZJ017246,0.16281311,0.022066372,0.23396929,0.00011840694,0.00037248115,0.011682772,0.54746497,0.02151263
ZJ017247,0.39245138,0.049949635,0.07537762,0.0037221997,0.058323205,0.008247541,0.39013135,0.021797057
ZJ017248,0.09308225,0.006601776,0.16810325,0.1915519,0.0042395997,0.00790946,0.009702031,0.51880974
ZJ017249,0.06249846,0.00030057784,0.23830794,0.119988725,0.095577024,0.11541941,0.00023309053,0.36767474
ZJ017250,0.21018353,0.22494993,0.13187626,0.13700312,0.028737828,0.005296723,0.025628157,0.23632447
ZJ017251,0.28033963,0.026895456,0.22719772,0.00031126066,0.0009791736,0.045851618,0.4085668,0.009858311
ZJ017252,0.27859592,0.29978785,0.03194272,0.034425315,0.05349677,0.0075366097,0.23844273,0.055772107
ZJ017253,0.053170662,0.016600639,0.18957207,0.0015816706,0.0008089246,0.17642389,0.49180084,0.0700413
ZJ017254,0.09922548,0.00879578,0.20813932,0.2056015,0.09950802,0.17894083,0.012086529,0.18770255
ZJ017255,0.13811342,0.09298962,0.20301859,0.009178505,0.0531769,0.283471,0.18446064,0.035591308
ZJ017256,0.06736302,0.0042669773,0.061281312,0.0012568048,0.0013969399,0.041634817,0.7945532,0.028246962
ZJ017257,0.039351534,0.04747101,0.13268021,0.00024414522,0.02329758,0.72520125,0.020324579,0.011429649
ZJ017258,0.24338579,0.10806778,0.14724812,0.0006516676,0.008840345,0.0007884744,0.47324827,0.017769504
ZJ017259,0.0833832,0.15197338,0.27356282,0.32470977,0.033354685,0.016752155,0.008505403,0.10775864
ZJ017260,0.38748696,0.18595953,0.18996029,0.010575317,0.057090934,0.0019243415,0.1169603,0.050042335
ZJ017261,0.6359621,0.053382665,0.065039046,0.0012756789,0.015275639,0.0046838396,0.20854156,0.01583943
ZJ017262,0.18399858,0.18378863,0.105509,0.026717765,0.011895065,0.00053131283,0.30986416,0.17769545
ZJ017263,0.098030984,0.1685662,0.18788722,0.002196502,0.0029529545,0.23323318,0.28604802,0.021084921
ZJ017264,0.41016635,0.07807305,0.11299713,0.0002981898,0.018420188,0.004840409,0.3493202,0.025884496
ZJ017265,0.24796394,0.26629338,0.35451773,0.006428395,0.0022102054,0.00941427,0.03994076,0.073231325
ZJ017266,0.08757116,0.0033166264,0.21803622,0.23774692,0.087659456,0.15179095,0.005007625,0.20887104
ZJ017267,3.5120716e-05,5.1058856e-07,4.3033164e-05,0.00012666495,1.5416181e-06,0.9997412,1.2282278e-05,3.956757e-05
ZJ017268,0.25045803,0.01390946,0.023388566,0.52094734,0.1321685,0.016401343,0.014574393,0.028152348
ZJ017269,0.054834355,0.0037435573,0.19714783,0.45436308,0.05991669,0.008884981,0.0016740091,0.21943544
ZJ017270,0.39389414,0.0939095,0.1674558,0.13447139,0.03081943,0.002660181,0.028017607,0.148772
ZJ017271,0.10145067,0.7704884,0.056095727,0.0036753123,0.0015903758,0.0035995988,0.017925508,0.045174416
ZJ017272,0.6915566,0.0012079814,0.053347267,0.0056927893,0.2190355,0.0155138085,0.0017696656,0.011876386
ZJ017273,0.07955355,0.78555155,0.022675872,2.4240802e-05,0.0006731806,0.04678293,0.033719238,0.031019414
ZJ017274,0.2409611,0.2860578,0.08513859,0.0023555097,0.003256608,0.04150744,0.26326582,0.07745714
ZJ017275,0.19897324,0.044649873,0.19250199,0.0019046452,0.010070815,0.13201116,0.3928097,0.027078649
ZJ017276,0.052634213,0.0362634,0.10931345,0.002951817,0.011297655,0.65782046,0.04428142,0.08543756
ZJ017277,0.058044765,0.014212605,0.1503563,0.57555443,0.007176426,0.0043700337,0.028015712,0.1622698
ZJ017278,0.11354076,0.004006066,0.17935677,0.30626434,0.0029116774,0.018470941,0.0022690424,0.37318045
ZJ017279,0.32929453,0.122116804,0.19614676,0.0003716852,0.00511793,0.21262506,0.106974185,0.027353004
ZJ017280,0.1740804,0.00676029,0.6240173,0.032263193,0.010800111,0.025235489,0.009628506,0.11721466
ZJ017281,0.073138975,0.029034186,0.06370019,0.0002722622,0.0015861791,0.0047996026,0.81648624,0.010982396
ZJ017282,0.35819936,0.054595396,0.14209864,0.0017085336,0.020672616,0.00282641,0.12668285,0.29321614
ZJ017283,0.17860591,0.2920849,0.17675625,0.00074636476,0.0012881593,0.06327828,0.28123927,0.006000932
ZJ017284,0.35402292,0.00097369234,0.23850177,0.21989577,0.11930371,0.00632187,0.0013336537,0.05964668
ZJ017285,0.22222413,0.24274798,0.1692429,0.0031021354,0.0021243477,0.027681943,0.16355646,0.16932008
ZJ017286,0.30905423,0.02804284,0.12736845,0.0018133605,0.002443885,0.0026059798,0.49934545,0.029325828
ZJ017287,0.15584289,0.5206787,0.11086018,0.0012406453,0.0011166296,0.022470377,0.16889694,0.018893667
ZJ017288,0.8656151,0.040835716,0.04063601,0.00024700607,0.0028349832,0.001250338,0.028822482,0.01975841
ZJ017289,0.2534405,0.17330343,0.23942852,0.019955855,0.14165495,0.017405076,0.059988048,0.09482361
ZJ017290,0.31126833,0.015200911,0.028048147,0.4392329,0.18248563,0.0021998677,0.0178359,0.0037283027
ZJ017291,0.016394716,0.87303644,0.03338279,2.1450443e-05,0.0001643085,0.028793547,0.013177794,0.035028975
ZJ017292,0.14846306,0.0022097917,0.60085243,0.08489657,0.013699201,0.051478077,0.0029908863,0.09541005
ZJ017293,0.15829617,0.3674233,0.028984688,0.096489586,0.09232298,0.0045615383,0.21559188,0.036329843
ZJ017294,0.17572069,0.13138525,0.34784758,0.00043913774,0.0028733122,0.009105307,0.32394093,0.008687877
ZJ017295,0.63023174,0.040119614,0.11477259,0.0030131983,0.028317474,0.009775588,0.10226177,0.07150804
ZJ017296,0.007684743,0.007848557,0.055143375,0.09046127,0.00032070387,0.770759,0.0031837036,0.06459867
ZJ017297,0.18786982,0.00622103,0.24160148,0.003097456,0.0010720723,0.17846689,0.37029263,0.011378672
ZJ017298,0.0218637,0.79345906,0.02508427,0.0031561577,0.0059091668,0.031005617,0.10854998,0.010972017
ZJ017299,0.16588388,0.023479266,0.27541968,0.0010040916,0.000637105,0.059196692,0.4477951,0.02658415
ZJ017300,0.12159359,0.6622295,0.09145053,0.012158819,0.0010356946,0.007946443,0.012716705,0.09086878
ZJ017301,0.16249526,0.03817005,0.31143922,0.0016852741,0.014030345,0.014891964,0.44446322,0.012824675
ZJ017302,0.18057454,0.107515424,0.3185083,0.0036222746,0.022624511,0.0767628,0.18643692,0.103955224
ZJ017303,0.18150346,0.033297542,0.3019185,0.00019396504,0.0017725326,0.16974418,0.2962555,0.015314279
ZJ017304,0.035192348,0.006635302,0.050556064,0.017541884,0.016363012,0.8408623,0.012011023,0.020838114
ZJ017305,0.18025139,0.21711454,0.27731124,0.0024783625,0.012995575,0.0049921647,0.17929521,0.12556157
ZJ017306,0.19024038,0.02788356,0.074939124,0.065441996,0.009903529,0.0022293767,0.016952636,0.61240935
ZJ017307,0.42082155,0.07035833,0.17170767,0.0008510702,0.0027303507,0.08479858,0.2337525,0.014979965
ZJ017308,0.08261466,0.0019624853,0.33065867,0.3153007,0.025476944,0.11407923,0.0015597249,0.12834753
ZJ017309,0.6084686,0.08174125,0.1544827,0.0012220967,0.005773407,0.010508136,0.11408362,0.023720209
ZJ017310,0.03293818,0.118443966,0.21973675,0.0012059921,0.11948743,0.4610284,0.027246067,0.019913245
ZJ017311,0.17105119,0.0037118408,0.30123046,0.13952887,0.016750135,0.023873905,0.0031050637,0.34074852
ZJ017312,0.17632486,0.026829688,0.08233167,0.07110555,0.010280809,0.0008852113,0.013954234,0.6182879
ZJ017313,0.17538579,0.079574704,0.15003565,0.00032857474,0.005077425,0.00088085287,0.5760595,0.012657449
ZJ017314,0.33852416,0.038364556,0.1777468,0.003093424,0.0013963325,0.030793777,0.39631844,0.013762475
ZJ017315,0.08473199,0.045225125,0.17296071,0.0017719724,0.3715271,0.012174608,0.23475626,0.076852284
ZJ017316,0.1996265,0.2587132,0.10482474,0.036986906,0.058778267,0.005722577,0.28297603,0.0523718
ZJ017317,0.08401318,0.2194737,0.15037878,0.08619218,0.0051297466,0.0068842936,0.013257557,0.43467057
ZJ017318,0.17409018,0.020066293,0.10139006,0.0004448019,0.0003006478,0.00482212,0.6851549,0.013730953
ZJ017319,0.067294925,0.041879058,0.040417325,0.0011146857,0.0053739026,0.68922323,0.120936416,0.033760466
ZJ017320,0.1854504,0.14393444,0.394449,0.01894874,0.009308868,0.023623379,0.015667858,0.20861739
ZJ017321,0.040242054,0.09892668,0.21323444,0.00023915208,0.027201852,0.24851175,0.3498709,0.021773158
ZJ017322,0.5612283,0.03445373,0.08910527,0.00012271946,0.0048279273,0.0039732205,0.29125425,0.015034538
ZJ017323,0.03146202,0.10197811,0.013968315,2.232211e-05,0.041314762,0.80721366,0.002354293,0.0016865045
ZJ017324,0.01109801,0.051319096,0.090083405,0.00028583404,0.009892995,0.8190243,0.0138970995,0.004399221
ZJ017325,0.034717236,0.0002911937,0.20525163,0.116681926,0.10338447,0.1435318,0.00020557424,0.3959362
ZJ017326,0.027449246,0.048188142,0.019268714,4.0708375e-05,0.02150743,0.0030516214,0.8781186,0.0023755615
ZJ017327,0.23806322,0.11608968,0.16990106,0.0013231506,0.003068884,0.09644696,0.3670986,0.00800842
ZJ017328,0.31519324,0.019991744,0.3801459,0.00025566976,0.0053315074,0.013519283,0.259531,0.006031697
ZJ017329,0.05407413,0.0024838585,0.12969656,0.48683065,0.008863787,0.1467702,0.0036975846,0.16758323
ZJ017330,0.1362122,0.0034648243,0.17278765,0.11229301,0.025594223,0.014886738,0.0045187403,0.5302426
ZJ017331,0.00016789109,1.2515023e-05,0.0008108587,7.659194e-06,3.0664425e-05,0.99851733,5.026737e-05,0.00040275356
ZJ017332,0.24250695,0.13415614,0.16065407,0.004019073,0.008305871,0.011956675,0.30233976,0.1360614
ZJ017333,0.3563022,0.064580455,0.09417948,0.0015541113,0.015594311,0.0031510298,0.4388282,0.025810223
ZJ017334,0.013159585,0.00071362784,0.005094547,0.0021557354,0.012598906,0.95950925,0.004598358,0.0021700563
ZJ017335,0.21356948,0.1473383,0.19714914,0.060699362,0.033039622,0.040955216,0.26093268,0.046316165
ZJ017336,0.16132116,0.24975616,0.09554376,0.06263786,0.016719785,0.0032978705,0.3382173,0.07250612
ZJ017337,0.10481617,0.004214587,0.27369452,0.0027787709,0.0005616789,0.059558168,0.5449022,0.009473937
ZJ017338,0.33765653,0.13627835,0.2173239,0.001415326,0.0017163347,0.021536438,0.27507284,0.009000378
ZJ017339,0.27727887,0.3417207,0.11682349,0.027380558,0.011541978,0.008309179,0.17099158,0.045953535
ZJ017340,0.2577538,0.3667276,0.16319163,0.006298036,0.031796828,0.0027607654,0.115272224,0.05619911
ZJ017341,0.08328833,0.0041866554,0.20743558,0.5124387,0.072791345,0.07883543,0.005533466,0.035490472
ZJ017342,0.21882705,0.20520264,0.13543177,0.0062491284,0.061436556,0.026437866,0.22774686,0.11866814
ZJ017343,0.05320383,0.020197282,0.050025586,5.9750982e-05,7.981265e-05,0.03763818,0.8354604,0.0033351022
ZJ017344,0.15728158,0.7001775,0.02131015,0.0011346937,0.0020126756,0.010842206,0.082316294,0.02492489
ZJ017345,0.12321753,0.027405703,0.18229233,0.005040427,0.0028556297,0.02246249,0.62697566,0.009750224
ZJ017346,0.049715694,0.38325986,0.07303488,0.00036158334,0.0071093943,0.14999469,0.30265713,0.033866726
ZJ017347,0.34813148,0.070818,0.07882231,0.01085314,0.021755802,0.037992135,0.36175403,0.069873154
ZJ017348,0.19066386,0.24210116,0.061326727,0.005636076,0.015323004,0.009470536,0.42628628,0.04919236
ZJ017349,0.0042010457,0.008363502,0.0036885592,0.0006900078,0.00056509965,0.96901035,0.013125713,0.00035574124
ZJ017350,0.25368097,0.0785018,0.17432284,0.001315866,0.020046905,0.003745634,0.41244742,0.055938568
ZJ017351,0.097210556,0.000957792,0.17889287,0.23368374,0.004109458,0.14308637,0.0005157959,0.34154338
ZJ017352,0.07176991,0.13023764,0.2106123,0.40071058,0.073280185,0.014705916,0.0039574117,0.09472605
ZJ017353,0.25668514,0.10481753,0.46444508,7.832865e-05,0.003318363,0.018682549,0.14569007,0.006282903
ZJ017354,0.15092708,0.0023647393,0.11053386,0.27074087,0.0064063654,0.0054297866,0.0049296753,0.44866762
ZJ017355,0.11738161,0.003127559,0.13268006,0.16539988,0.0133136045,0.51134455,0.0041638343,0.052588914
ZJ017356,0.26242718,0.3329737,0.17285092,0.0017205108,0.0013678258,0.012756375,0.15836276,0.057540677
ZJ017357,0.35810277,0.052753955,0.23320067,0.0006506485,0.011892373,0.026686732,0.25641912,0.06029368
ZJ017358,0.02025262,0.4750822,0.06518919,0.00012885845,0.0002603814,0.35945034,0.015817866,0.06381856
ZJ017359,0.3978378,0.025679553,0.16067517,0.00069779955,0.04320602,0.0039294222,0.3341306,0.033843607
ZJ017360,0.015824499,0.9500559,0.0068675485,0.0024464338,0.00011368348,0.00019232153,0.006229063,0.01827053
ZJ017361,0.3298882,0.05993736,0.48949394,0.012228836,0.0030199545,0.015690744,0.03630053,0.053440478
ZJ017362,0.010622027,0.92999834,0.0080344565,4.1541234e-06,2.2388473e-05,0.02980769,0.013959885,0.007551063
ZJ017363,0.13742082,0.013861783,0.017580679,0.0026224742,0.026674842,0.25255495,0.5453546,0.0039298255
ZJ017364,0.32646134,0.08217277,0.33634317,0.022621496,0.0036680312,0.043388207,0.04138982,0.1439552
ZJ017365,0.124096766,0.39806688,0.13060293,0.0051930915,0.004695823,0.023442246,0.2852402,0.028662043
ZJ017366,0.27824003,0.22083166,0.18718436,0.0010053796,0.001291943,0.023203896,0.24452907,0.04371372
ZJ017367,0.15288338,0.006200167,0.1391127,0.27348408,0.006815174,0.010973834,0.004920794,0.4056099
ZJ017368,0.07765766,0.0037741414,0.17423928,0.27894095,0.004601455,0.4060455,0.0016054881,0.053135525
ZJ017369,0.0060737445,0.004086216,0.005417592,0.0018231623,0.000987441,0.97678584,0.0005509368,0.0042751464
ZJ017370,0.17575659,0.07467148,0.2622543,0.00067553885,0.0111304885,0.051923677,0.37151524,0.05207265
ZJ017371,0.12672533,0.036945753,0.22777747,0.0005838878,0.0015005443,0.0077394852,0.5763204,0.022407113
ZJ017372,0.11304281,0.14552076,0.09660954,0.00020948499,0.0038134211,0.012169754,0.53733367,0.09130056
ZJ017373,0.06977854,0.0037610764,0.10776145,0.27081904,0.006745324,0.49470696,0.0041270675,0.042300556
ZJ017374,0.14919503,0.016285416,0.032294657,0.0077108983,0.004622892,0.003276745,0.76107323,0.025541112
ZJ017375,0.024718648,0.0088139195,0.24464172,0.0010958625,0.004540187,0.69395024,0.020919165,0.0013203074
ZJ017376,0.11663149,0.036360715,0.24357456,0.0029553392,0.0018100127,0.03115508,0.5378698,0.029642906
ZJ017377,0.36036247,0.12279615,0.15874435,0.06171142,0.029983325,0.0023644723,0.15844308,0.10559479
ZJ017378,0.15210542,0.24487534,0.2351215,0.0026912352,0.00078342535,0.012952875,0.33186504,0.019605229
ZJ017379,0.34593475,0.004893863,0.06670726,0.007752911,0.0056404495,0.0078216465,0.55295366,0.008295434
ZJ017380,0.31075093,0.119907886,0.2741753,0.0508384,0.0008852746,0.0072637596,0.06885665,0.1673218
ZJ017381,0.17506446,0.3429227,0.077101864,0.06903235,0.014840575,0.0013682065,0.25661573,0.06305408
ZJ017382,0.12699096,0.0037750986,0.15065654,0.5085255,0.0065679587,0.029342936,0.005559127,0.16858193
ZJ017383,0.24519907,0.010592203,0.57754976,0.028796272,0.0015411349,0.024760816,0.0070405276,0.104520276
ZJ017384,0.060350675,0.8703971,0.033179455,0.0024311147,0.0007973221,0.00057397265,0.009781439,0.02248883
ZJ017385,0.32013714,0.1208628,0.124495566,0.0021972246,0.017966472,0.0050420673,0.37152284,0.03777593
ZJ017386,0.07572783,0.61148906,0.052866712,0.020080835,0.006422198,0.024545778,0.16490427,0.043963324
ZJ017387,0.1218786,0.030270567,0.01243257,0.0007461625,0.00094365457,0.00023214427,0.8087599,0.024736337
ZJ017388,0.27252102,0.14151776,0.20656751,0.0002688503,0.001106618,0.023547903,0.3457854,0.008684932
ZJ017389,0.11140172,0.04326534,0.51336914,0.0005714806,0.015141425,0.036232408,0.23223515,0.047783364
ZJ017390,0.010709435,0.54344267,0.020893507,1.4993208e-05,0.00018873284,0.007225112,0.34260094,0.07492457
ZJ017391,0.14321394,0.37442246,0.06475929,0.05604762,0.013217679,0.020861128,0.2551762,0.07230161
ZJ017392,0.25592017,0.008301472,0.4422287,0.065523796,0.0019502346,0.017373817,0.0052094692,0.2034923
ZJ017393,0.0015972144,0.0005305328,0.001318601,0.00060717174,0.00054344593,0.9930365,0.0019321438,0.00043436768
ZJ017394,0.17899565,0.1393116,0.099900894,0.015484335,0.0012733198,0.0065994435,0.47454178,0.083892964
ZJ017395,0.07803665,0.025480099,0.121728815,0.016111618,0.017216435,0.6756725,0.03856007,0.027193837
ZJ017396,0.121054664,0.008343298,0.17559761,0.30546352,0.005525142,0.0065952823,0.006544836,0.3708757
ZJ017397,0.08622492,0.03750363,0.17066215,0.00034378524,0.0011179444,0.0025229175,0.66609806,0.035526626
ZJ017398,0.2190571,0.2958689,0.06923506,0.030352999,0.071432404,0.034402166,0.21026348,0.06938792
ZJ017399,0.44824585,0.06218667,0.11167041,0.00030606758,0.016590582,0.0020709108,0.3411933,0.017736163
ZJ017400,0.31277457,0.006604661,0.14376521,0.2426356,0.002741937,0.10023635,0.00696068,0.18428098
ZJ017401,0.09570499,0.0055080224,0.24204145,0.0012070397,0.00041071716,0.076062046,0.5686307,0.0104350485
ZJ017402,0.42459604,0.07562339,0.117875,0.0026353514,0.07286327,0.006289273,0.27802843,0.022089299
ZJ017403,0.9144174,0.0020091238,0.019049985,0.00023139105,0.010277553,0.008395605,0.04438736,0.0012315584
ZJ017404,0.17450012,0.29836822,0.13452746,0.034105137,0.017384332,0.011729417,0.30362067,0.02576466
ZJ017405,0.076582335,0.066874936,0.31014916,0.0034207567,0.00047772977,0.0055304742,0.5171106,0.019854028
ZJ017406,0.34589612,0.12894018,0.2874368,0.0021179144,0.00065243087,0.0044362526,0.09914442,0.13137582
ZJ017407,0.22211793,0.008806931,0.08568089,0.5448155,0.00089060643,0.040710133,0.017491264,0.07948676
ZJ017408,0.14099392,0.32091448,0.15641402,0.0023514116,0.014560271,0.03441628,0.27758366,0.052765917
ZJ017409,0.61852986,0.0027897097,0.07714913,0.016231777,0.22568637,0.028956996,0.0024928162,0.02816323
ZJ017410,0.0807498,0.031288475,0.24319777,0.004978761,0.004370897,0.13024838,0.49906868,0.0060971756
ZJ017411,0.51175356,0.045927387,0.042807125,0.041688792,0.0030237178,0.0009305918,0.01239505,0.34147388
ZJ017412,0.33297533,0.060575645,0.18858868,0.01032112,0.23799033,0.0032770915,0.0951151,0.0711567
ZJ017413,0.08775826,0.4153264,0.10132628,0.0037726222,0.0037281998,0.0031691804,0.3429891,0.041929983
ZJ017414,0.33960536,0.014126429,0.041625097,0.5397185,0.023207508,0.0109642865,0.015543001,0.015209889
ZJ017415,0.5027323,0.0911874,0.08786327,0.0025530604,0.026146866,0.0075586634,0.23354,0.04841849
ZJ017416,0.120993994,0.012930949,0.19442126,0.5820121,0.004478543,0.016121564,0.003163829,0.06587774
ZJ017417,0.31317052,0.11669937,0.11996819,0.00019812115,0.015069338,0.0048970655,0.41915172,0.010845713
ZJ017418,0.23698135,0.0854162,0.11951018,0.00790378,0.1951561,0.0016148093,0.24001695,0.11340058
ZJ017419,0.13629876,0.31873605,0.059625484,0.10573844,0.022592666,0.0074788146,0.27656102,0.07296876
ZJ017420,0.14978373,0.32675883,0.109700695,0.04677782,0.012345605,0.006122859,0.29082656,0.057683934
ZJ017421,0.36406666,0.0059213284,0.01927998,0.51024634,0.0564987,0.011727469,0.021087565,0.0111719025
ZJ017422,0.28458628,0.14094007,0.15486044,0.0484888,0.018261742,0.0041578216,0.017542725,0.33116215
ZJ017423,0.4179697,0.050279535,0.18051109,0.10599619,0.021254163,0.003882314,0.0352996,0.18480743
ZJ017424,0.23106979,0.03155432,0.6162197,0.03510085,0.0025131553,0.0035845272,0.011947412,0.06801031
ZJ017425,0.03061184,0.009406521,0.037876558,0.021646213,0.019779952,0.8265339,0.0234386,0.030706376
ZJ017426,0.04994434,0.051904652,0.24272527,0.0025383027,0.0017519018,0.0007312148,0.5687863,0.081618026
ZJ017427,0.19446678,0.12119512,0.22628728,0.0018717959,0.0026567748,0.021411179,0.38038838,0.051722694
ZJ017428,0.082071505,0.04836794,0.70817304,0.00068480166,0.045461167,0.041112497,0.06372882,0.010400349
ZJ017429,0.45702803,0.15963893,0.21871424,0.0007404349,0.004822514,0.03886209,0.07319553,0.04699822
ZJ017430,0.35187945,0.12706205,0.10379552,0.027293151,0.020572133,0.009765761,0.25872055,0.10091139
ZJ017431,0.23853004,0.012872533,0.44062892,0.00022835028,0.0006836629,0.03720433,0.26509613,0.004756031
ZJ017432,0.1665585,0.21986225,0.14544265,0.040582687,0.0135017615,0.009784355,0.035215676,0.36905205
ZJ017433,0.2996509,0.0068748114,0.026156658,0.0022412876,0.017249111,0.0041304203,0.63267404,0.011022845
ZJ017434,0.036187533,0.12820826,0.016839791,0.0007828054,0.00042399435,0.00012169204,0.80815786,0.009278069
ZJ017435,0.06005829,0.008748457,0.08108239,0.47565186,0.0126193445,0.005725671,0.0024434559,0.3536706
ZJ017436,0.13594705,0.008603739,0.36695898,0.20048955,0.0063923425,0.009294902,0.0044697546,0.26784366
ZJ017437,0.62612677,0.046587195,0.044129692,0.0031388833,0.022248799,0.028474996,0.17335615,0.055937584
ZJ017438,0.10273605,0.0010839524,0.1693427,0.46205088,0.0014426532,0.09503204,0.0017385988,0.1665732
ZJ017439,0.22831072,0.12664333,0.14397968,0.00713631,0.00075472676,0.0045333332,0.43789047,0.05075145
ZJ017440,0.7658611,0.009213111,0.01001449,3.6479032e-06,0.064220995,0.0037796185,0.14201437,0.0048926277
ZJ017441,0.16570783,0.36719128,0.13228603,0.002875546,0.008668596,0.046410665,0.25057536,0.026284678
ZJ017442,0.0055232584,0.018043576,0.03226389,0.00015319938,0.0031516398,0.9374691,0.0018110541,0.0015842011
ZJ017443,0.1499804,0.5259354,0.09886294,0.0016183555,0.0006539267,0.0023275246,0.1465247,0.07409675
ZJ017444,0.05854576,0.016049176,0.11071677,0.0011797296,0.0028163411,0.65782577,0.13269764,0.020168826
ZJ017445,0.6094551,0.0068270336,0.19599754,0.046093263,0.022206785,0.05713423,0.00569516,0.056590904
ZJ017446,0.26723185,0.20311943,0.26911485,0.0043810215,0.0060298447,0.023951882,0.114721395,0.11144971
ZJ017447,0.3204826,0.08107399,0.16687873,0.031951793,0.098650694,0.00167021,0.18458213,0.11470983
ZJ017448,0.26116446,0.011871741,0.5317184,0.02889863,0.0054566134,0.018536657,0.010747567,0.13160591
ZJ017449,0.1471427,0.030118603,0.30198804,0.00019714586,0.0007074081,0.25990826,0.24660003,0.0133378375
ZJ017450,0.24866262,0.51851004,0.03966284,0.0022451007,0.008707441,0.0016539141,0.11395905,0.06659903
ZJ017451,0.29604474,0.16249079,0.20856462,0.0038944574,0.037611663,0.04409067,0.179161,0.06814205
ZJ017452,0.26687035,0.012359909,0.5007007,0.059326325,0.0075686253,0.037109844,0.0076746456,0.10838962
ZJ017453,0.1285389,0.07743514,0.18848339,0.020381331,0.028118147,0.016126808,0.22386724,0.31704906
ZJ017454,0.5762728,0.04221481,0.044448778,0.0014230093,0.2388752,0.012557022,0.047294274,0.036914155
ZJ017455,0.08055424,0.030194268,0.19800508,0.0021255568,0.13571359,0.0022475733,0.08276771,0.468392
ZJ017456,0.3312871,0.027448626,0.3420281,0.12523772,0.004962062,0.019389033,0.012679675,0.13696773
ZJ017457,0.010225064,0.50839216,0.06085114,9.6299664e-05,0.0034952082,0.3321733,0.0145207,0.07024613
ZJ017458,0.15988383,0.2995722,0.04746024,0.024895895,0.06841292,0.004761943,0.31775194,0.077261016
ZJ017459,0.16403252,0.04163545,0.24279068,0.00035882415,0.00059170485,0.004987492,0.5355958,0.010007488
ZJ017460,0.052701097,0.0074360706,0.14099765,0.1101138,0.00027068757,0.0021151619,0.0023612801,0.6840043
ZJ017461,0.4181991,0.13678339,0.3104768,0.0013295203,0.0034860063,0.047577325,0.035313625,0.046834227
ZJ017462,0.054281946,0.0059247287,0.22477038,0.4637697,0.003971136,0.15183307,0.012986965,0.082462
ZJ017463,0.098004855,0.071461454,0.07561423,0.0029189123,0.0019116419,0.0029956053,0.72130805,0.025785219
ZJ017464,0.35801917,0.16689102,0.01902646,0.032835018,0.034949094,0.0015627301,0.35595992,0.030756561
ZJ017465,0.10969729,0.69657934,0.053488195,0.011171365,0.0069425907,0.014539761,0.08428205,0.023299439
ZJ017466,0.5442548,0.08389494,0.13843021,0.097614855,0.025586097,0.001656924,0.0051911566,0.10337103
ZJ017467,0.10175637,0.0025148212,0.48437446,0.07682803,0.015855506,0.007274194,0.0030834212,0.30831316
ZJ017468,0.0866604,0.07998698,0.063015245,0.0030261485,0.01652403,0.6870491,0.021643773,0.04209423
ZJ017469,0.24552326,0.014322365,0.023471469,0.44165406,0.24572003,0.006091437,0.016429484,0.006787874
ZJ017470,0.057738177,0.051695563,0.34405702,0.00038236074,0.00045318698,0.24095833,0.2480682,0.056647122
ZJ017471,0.35152164,0.037538342,0.4391637,0.03421121,0.019298667,0.035046034,0.01906992,0.06415045
ZJ017472,0.11416617,0.16061686,0.5069051,0.0025020055,0.0034636313,0.029401984,0.17118926,0.011755017
ZJ017473,0.08107502,0.0034528472,0.21144836,0.0031673566,0.00045826242,0.20212029,0.48736843,0.010909427
ZJ017474,0.0036362177,0.70504135,0.0077327034,3.820927e-06,0.00011196672,0.012787146,0.19610755,0.07457916
ZJ017475,0.3482167,0.17672184,0.13575993,0.0023551148,0.010166264,0.0020243619,0.25788507,0.066870704
ZJ017476,0.058069125,0.016092973,0.047453664,0.00029920414,0.0017277205,0.005972272,0.8511521,0.019232897
ZJ017477,0.07014358,0.0025820204,0.29836366,0.23189333,0.0022899085,0.06629839,0.004122089,0.32430702
ZJ017478,0.15490499,0.045746773,0.17050193,0.005980481,0.018437373,0.50705004,0.09313453,0.004243925
ZJ017479,0.096616544,0.5770801,0.13116711,0.00040695193,0.0049169417,0.015152695,0.1707507,0.003908969
ZJ017480,0.0639561,0.025977759,0.0029058934,0.00014839626,0.000891042,0.004938681,0.90064436,0.0005377706
ZJ017481,0.20011692,0.39269358,0.11358835,0.0037112487,0.009472187,0.022669254,0.22729535,0.030453123
ZJ017482,0.1883132,0.038283903,0.10616389,0.001510389,0.018348057,0.009608188,0.62362665,0.01414577
ZJ017483,0.33269367,0.0551764,0.14103429,0.0012566127,0.005250713,0.021528365,0.39968538,0.04337455
ZJ017484,0.019968102,0.51700693,0.061773077,3.2709475e-05,0.00014007729,0.31585884,0.032369055,0.052851208
ZJ017485,0.15772969,0.18472014,0.23188692,0.002138132,0.011291988,0.049582202,0.21602952,0.14662142
ZJ017486,0.14077507,0.3459742,0.083944276,0.1253982,0.05775702,0.010331593,0.17299369,0.06282597
ZJ017487,0.35598436,0.03142155,0.041810848,0.38980645,0.08592656,0.010128268,0.043294445,0.041627537
ZJ017488,0.4620851,0.16518538,0.15049373,0.019288788,0.042801574,0.0015123534,0.043727253,0.114905834
ZJ017489,0.34638464,0.13771997,0.32606485,0.0074677505,0.0012511709,0.009464753,0.09778743,0.07385944
ZJ017490,0.14312832,0.006129041,0.18667598,0.30590653,0.0039250823,0.0052372953,0.0045757648,0.344422
ZJ017491,0.21689971,0.40789872,0.0734631,0.023817714,0.03007321,0.022072172,0.17681721,0.04895814
ZJ017492,0.43167967,0.107129544,0.14101237,0.0014283328,0.003434421,0.06421368,0.23927811,0.01182392
ZJ017493,0.20300199,0.37173972,0.11457929,0.028805496,0.010672381,0.040764906,0.16566154,0.06477471
ZJ017494,0.24545453,0.17746636,0.17963453,0.00035724015,0.0009336825,0.070947155,0.27962956,0.045576926
ZJ017495,0.06583272,0.6329416,0.14339088,0.00061494036,0.0013383502,0.031126635,0.121549994,0.003204911
ZJ017496,0.41703495,0.14318807,0.10753713,0.0014839353,0.006328495,0.010067588,0.28028286,0.034076907
ZJ017497,0.11346512,0.03361298,0.22856471,0.00033322594,0.0060656206,0.08328932,0.48958468,0.045084335
ZJ017498,0.17895524,0.09095341,0.22818306,0.00046234587,0.055880412,0.052240323,0.37727314,0.01605206
ZJ017499,0.17001276,0.26234326,0.06933615,0.080264226,0.034751125,0.006106042,0.30788794,0.069298506
ZJ017500,0.18852817,0.0035381352,0.07643415,0.1493066,0.0051593585,0.00065976614,0.0050315065,0.57134235
ZJ017501,0.12735547,0.04118068,0.29363763,0.0007209188,0.006258225,0.0027923153,0.5140347,0.014020055
ZJ017502,0.19344692,0.21024874,0.039013237,0.07807697,0.020947954,0.001420186,0.36549664,0.09134939
ZJ017503,0.33834413,0.19816013,0.20475337,0.016468648,0.030814193,0.001251386,0.1270683,0.08313986
ZJ017504,0.15008187,0.032960963,0.13358714,0.00015171884,0.00049223704,0.03616325,0.63788843,0.00867443
ZJ017505,0.22941901,0.0046282485,0.36270377,0.00013006125,0.0003850359,0.0057056523,0.3904437,0.0065845805
ZJ017506,0.37307173,0.017720923,0.028683148,0.33316284,0.21126436,0.007037524,0.0150187975,0.014040679
ZJ017507,0.2552314,0.19097403,0.20474793,0.0050989734,0.14732543,0.0016729728,0.14560567,0.049343586
ZJ017508,0.14776112,0.004827492,0.13893375,0.22898693,0.014911012,0.39401445,0.007374387,0.06319082
ZJ017509,0.071412325,0.0053989002,0.16465251,0.09778048,0.013725725,0.5976533,0.0046216235,0.044755053
ZJ017510,0.18525608,0.18546999,0.19989552,0.0015205198,0.00094792625,0.014048185,0.39378098,0.01908081
ZJ017511,0.6760724,0.012600156,0.047944035,0.0001060804,0.03170803,0.08685286,0.13609543,0.008620913
ZJ017512,0.10709738,0.00883548,0.01315425,0.0121576935,0.049979348,0.000675084,0.7980723,0.01002845
ZJ017513,0.037122726,0.019882219,0.030837387,0.00245048,0.00016855318,0.7292622,0.16827379,0.012002691
ZJ017514,0.063186124,0.013092932,0.3298257,0.00080544775,0.00284713,0.008860074,0.54343367,0.037948944
ZJ017515,0.106051974,0.16100608,0.014426203,0.09931366,0.018111518,0.0006085079,0.40699258,0.19348946
ZJ017516,0.08587869,0.0008162395,0.19387048,0.39320374,0.017239418,0.002908386,0.0010679658,0.30501506
ZJ017517,0.05531069,0.015460243,0.035704058,0.004353903,0.012892934,0.035981793,0.8367118,0.0035845651
ZJ017518,0.19166106,0.039421335,0.39149097,0.0023297062,0.0030911982,0.04803001,0.23065796,0.09331779
ZJ017519,0.21516214,0.122147806,0.19089001,0.002684583,0.0053290334,0.160747,0.26556334,0.037476096
ZJ017520,0.14160474,0.029684644,0.10281076,0.36792353,0.02111477,0.020737926,0.0029559801,0.31316772
ZJ017521,0.06547465,0.0023783469,0.09284933,0.27778736,0.009310076,0.5040043,0.0024703795,0.04572562
ZJ017522,0.18903418,0.0967967,0.3703159,0.000119417964,0.0011757994,0.018311195,0.30398187,0.020264976
ZJ017523,0.09737601,0.00026808513,0.16262738,0.31595674,0.0025483568,0.12986325,0.0005126553,0.29084754
ZJ017524,0.2861832,0.11542246,0.08235416,8.678754e-05,0.020795366,0.0016242233,0.48493075,0.008603057
ZJ017525,0.32667637,0.055085726,0.14353994,0.00018531365,0.009019185,0.0035285458,0.44893268,0.01303226
ZJ017526,0.172189,0.067194656,0.19559208,0.00034705462,0.0271507,0.014262731,0.50863034,0.014633439
ZJ017527,0.02666348,0.91006696,0.0048581045,0.00020808986,6.0325325e-05,0.008317409,0.048213452,0.0016121487
ZJ017528,0.25453934,0.18467343,0.1319645,8.9685374e-05,0.010183798,0.0015673477,0.4132508,0.0037310845
ZJ017529,0.08559365,0.049034763,0.28123778,0.0006129725,0.0049385834,0.0041292445,0.5313526,0.043100484
ZJ017530,0.5995231,0.015828293,0.082851656,0.037731558,0.07992391,0.0032529316,0.016001558,0.16488697
ZJ017531,0.0021540837,0.05615713,0.010450104,0.00014515631,0.0020642378,0.92563146,0.0007298495,0.0026679977
ZJ017532,0.16795053,0.044415798,0.2904186,0.0018323369,0.016329015,0.110864736,0.35892904,0.009259977
ZJ017533,0.32789937,0.1457392,0.07773019,0.0069366903,0.014433172,0.0030107442,0.38341466,0.040835995
ZJ017534,0.23325858,0.07451754,0.28767353,0.00048730237,0.0018203326,0.008510917,0.37298957,0.020742204
ZJ017535,0.124671414,0.12463463,0.2496172,0.0030704092,0.0026879413,0.04189514,0.44335055,0.010072711
ZJ017536,0.5956507,0.035589993,0.18104617,0.031679306,0.034178767,0.028551428,0.040749937,0.05255371
ZJ017537,0.28740552,0.013632687,0.47353205,0.03959099,0.004357796,0.01401534,0.010578175,0.1568874
ZJ017538,0.17465268,0.33328286,0.10980629,0.03526447,0.017525345,0.020115383,0.27206874,0.037284218
ZJ017539,0.1256344,0.30131674,0.07502244,0.00031054817,0.002219451,0.24663736,0.23524363,0.01361541
ZJ017540,0.18573806,0.01889979,0.43046018,0.00016265606,0.002375324,0.025413133,0.3346346,0.0023162023
ZJ017541,0.34958047,0.14216252,0.19091254,0.027011747,0.020545674,0.0016020121,0.044954013,0.22323103
ZJ017542,0.15222988,0.30997822,0.21976054,0.024765471,0.065017484,0.013242809,0.20265469,0.01235094
ZJ017543,0.17667922,0.31017333,0.06972214,0.09340097,0.026022134,0.005097001,0.25454563,0.06435959
ZJ017544,0.5354498,0.04781221,0.08686433,0.0004329283,0.010982057,0.014081627,0.0316887,0.27268836
ZJ017545,0.16815731,0.06764302,0.1622344,0.0012530896,0.002784462,0.0026741908,0.57392687,0.021326656
ZJ017546,0.26954404,0.07723143,0.53327084,0.018223247,0.007274132,0.013418729,0.017248137,0.06378949
ZJ017547,0.11438716,0.39471138,0.119078614,0.0009827279,0.0021169144,0.009169446,0.31859267,0.04096113
ZJ017548,0.25038898,0.1538219,0.19261461,0.015894167,0.21680364,0.0035824976,0.095523365,0.07137081
ZJ017549,0.08411601,0.04176603,0.069811046,0.00508544,0.0046878494,0.75391996,0.014417721,0.026195977
ZJ017550,0.09003398,0.001158762,0.35547006,0.24176963,0.037982166,0.12095452,0.0010836928,0.1515472
ZJ017551,0.26190624,0.2059428,0.18034017,0.034273036,0.010167693,0.0019739796,0.10288389,0.20251217
ZJ017552,0.093229145,0.101468906,0.01482037,0.00017664269,0.0005841715,0.07842261,0.7054852,0.005812979
ZJ017553,0.29712293,0.06650089,0.41635612,0.02706227,0.0072735213,0.004298008,0.09727893,0.08410733
ZJ017554,0.17660552,0.41834846,0.17284048,0.09092953,0.0017475057,0.0010877129,0.010316783,0.12812403
ZJ017555,0.49933663,0.05946718,0.20132878,0.0010467714,0.004665845,0.007836034,0.18678299,0.039535783
ZJ017556,0.052801553,0.07192003,0.09668724,0.0040830187,0.01215115,0.63228744,0.06661743,0.063452125
ZJ017557,0.41204965,0.07017458,0.084081195,0.24871363,0.007592357,0.0049891737,0.052316777,0.12008263
ZJ017558,0.097253725,0.12260058,0.10658051,0.007863626,0.016828831,0.07317431,0.50840634,0.06729204
ZJ017559,0.11538946,0.0027972122,0.2576367,0.36620265,0.009736383,0.20734635,0.0020047629,0.03888656
ZJ017560,0.043170888,0.12583005,0.37320343,0.00048218528,0.00032750086,0.0047239764,0.44378316,0.008478814
ZJ017561,0.5682704,0.005348776,0.019512441,0.30779585,0.06890806,0.0061608306,0.01884945,0.0051542493
ZJ017562,0.064782985,0.007490725,0.08352182,0.54702014,0.013138409,0.0064856834,0.0023088993,0.2752513
ZJ017563,7.510416e-05,1.8654897e-06,9.408493e-05,2.4543144e-05,5.9546364e-06,0.9996725,2.0934905e-05,0.00010504112
ZJ017564,0.2844811,0.13706875,0.21788588,0.005803474,0.2170474,0.007128208,0.066851005,0.06373419
ZJ017565,0.34672233,0.006201137,0.50838625,0.035208903,0.00396029,0.017043507,0.009856572,0.072621055
ZJ017566,0.11596878,0.0075041903,0.1998065,0.54605955,0.0001569861,0.033654924,0.0037423763,0.09310666
ZJ017567,0.00094950583,0.00026083615,0.011719284,0.00018681088,0.000106083135,0.98362505,0.0004930131,0.0026593783
ZJ017568,0.027506461,0.01118365,0.08117885,0.00046781826,8.346203e-05,0.0022751149,0.8387916,0.03851299
ZJ017569,0.34805813,0.015692363,0.02378196,0.45239368,0.12158582,0.0063426793,0.02388467,0.0082606925
ZJ017570,5.615785e-05,2.338933e-06,3.5707137e-05,1.8186123e-05,4.2955066e-06,0.99983346,1.1767893e-05,3.8090922e-05
ZJ017571,0.33395797,0.035492178,0.12005411,0.0023813813,0.0065665813,0.003110225,0.4512864,0.047151178
ZJ017572,0.28562653,0.032048494,0.052742016,0.5327109,0.036475375,0.005036112,0.035307184,0.020053372
ZJ017573,0.27525795,0.02902534,0.2089191,0.00020718628,0.00091822643,0.011130572,0.45748192,0.017059708
ZJ017574,0.105019934,0.6672763,0.054571874,0.019423977,0.006736592,0.003987875,0.111222185,0.031761285
ZJ017575,0.12101665,0.29215857,0.2815274,0.0022113135,0.0042675883,0.034746245,0.25095502,0.013117223
ZJ017576,0.11666986,0.026426857,0.23602273,0.25437447,0.02366095,0.07474416,0.008132244,0.25996873
ZJ017577,0.47331563,0.027998945,0.024068901,0.00044935892,0.03683052,0.0030970457,0.42634118,0.007898438
ZJ017578,0.007722301,0.682215,0.008240005,2.892593e-06,5.683107e-05,0.05007257,0.22170988,0.02998055
ZJ017579,0.17812511,0.11752014,0.30180526,0.0006780252,0.0011182737,0.0060635693,0.38432154,0.010368071
ZJ017580,0.12590465,0.04969158,0.17047472,0.0010044422,0.059848398,0.028850641,0.54842424,0.015801314
ZJ017581,0.1487243,0.16420206,0.06626717,0.037644867,0.012356312,0.0033734695,0.43668246,0.1307493
ZJ017582,0.021509232,0.033374473,0.06440912,0.007861285,0.005143921,0.75470203,0.06890404,0.0440959
ZJ017583,0.047073107,0.32834032,0.53431875,2.5467254e-05,0.00013642067,0.00054685224,0.07174573,0.017813407
ZJ017584,0.07600198,0.17564346,0.100307725,0.0030890235,0.0061831977,0.03152918,0.5252523,0.08199317
ZJ017585,0.07005614,0.02605586,0.01885868,0.0065012313,0.03571516,0.0019344329,0.8152319,0.025646536
ZJ017586,0.08788964,0.7401469,0.05772951,9.040595e-05,0.0004146463,0.0061059874,0.098330975,0.009291906
ZJ017587,0.24347182,0.22266838,0.09484674,0.06588778,0.09457186,0.00439959,0.21546665,0.05868725
ZJ017588,0.17127639,0.04158895,0.08517453,0.0019073377,0.0025851547,0.06860523,0.6086611,0.0202013
ZJ017589,0.23878126,0.3218813,0.25253472,0.008534866,0.0038245937,0.005387809,0.07129647,0.097759
ZJ017590,0.122623965,0.60218984,0.07457819,0.011049262,0.032036442,0.0247924,0.0468517,0.085878186
ZJ017591,0.10493502,0.0069118557,0.48553115,0.08252769,0.06859702,0.10766771,0.010017874,0.13381173
ZJ017592,0.2827797,0.15099955,0.23184651,0.010484573,0.115960054,0.0020099229,0.086493134,0.11942651
ZJ017593,0.0552939,0.094746076,0.008010248,1.726671e-05,0.17834987,0.656136,0.007197106,0.00024953546
ZJ017594,0.2779629,0.113064766,0.119571745,0.0022274673,0.01849098,0.006350253,0.4358364,0.026495531
ZJ017595,0.15341155,0.10380403,0.5522496,0.0012178175,0.0007084419,0.012028196,0.14898486,0.027595429
ZJ017596,1.5265483e-05,5.9592696e-07,2.1749365e-05,1.9294314e-06,9.5586e-07,0.9999263,1.3542928e-05,1.9578865e-05
ZJ017597,0.22253057,0.104712114,0.26993194,0.00017385946,0.001204245,0.046279777,0.28596744,0.069200106
ZJ017598,0.027250068,0.005407453,0.037149753,0.013276636,0.0051117316,0.89253134,0.013371066,0.005901994
ZJ017599,0.0020063268,0.0015102408,0.0036923538,0.0018562217,0.0035011573,0.98568827,0.00030048258,0.0014449415
ZJ017600,0.14113934,0.42713287,0.07397354,0.028419478,0.050579198,0.005703456,0.22785667,0.045195486
ZJ017601,0.11312635,0.10057214,0.18663482,0.03593148,0.070948154,0.0024562373,0.19107041,0.2992604
ZJ017602,0.2045364,0.15817116,0.28232405,0.0036812678,0.016415387,0.053825922,0.16922316,0.11182271
ZJ017603,0.08013892,0.045462735,0.6920413,0.0011022222,0.046839163,0.052348234,0.067131445,0.014935978
ZJ017604,0.24960141,0.207003,0.28345564,0.00096041884,0.005172555,0.033590805,0.21249484,0.0077213407
ZJ017605,0.4780332,0.12910263,0.05577064,0.00076849665,0.0025190974,0.0052491627,0.26050523,0.06805158
ZJ017606,0.12997161,0.0043015927,0.24256532,0.0010329986,0.00044925683,0.089273065,0.5234072,0.008998865
ZJ017607,0.3384498,0.06750312,0.19307521,0.091640346,0.036041416,0.0024749874,0.016119175,0.25469595
ZJ017608,0.22136979,0.5405447,0.11062663,0.0013627416,0.0012010034,0.008424877,0.07516968,0.041300543
ZJ017609,0.14002205,0.21694702,0.2142172,0.0002829651,0.0032105404,0.013859081,0.29824343,0.11321765
ZJ017610,0.14566042,0.04730247,0.29254186,0.07368253,0.06898851,0.071006306,0.010484121,0.29033378
ZJ017611,0.25362548,0.0064643184,0.18865833,0.12593678,0.0039292304,0.159008,0.0017531449,0.26062468
ZJ017612,0.2311677,0.0030373822,0.03150652,0.00057037914,0.63488895,0.0038146926,0.09055707,0.0044572894
ZJ017613,0.24770012,0.3114965,0.0851973,0.055386435,0.041681804,0.0015029862,0.16534077,0.09169407
ZJ017614,0.8247809,0.002784211,0.009727819,0.00015765184,0.1452399,0.009948925,0.006700941,0.00065968075
ZJ017615,0.24138989,0.28093374,0.25787497,0.0023147701,0.06772609,0.0062034135,0.05255486,0.09100224
ZJ017616,0.07063005,0.0046186876,0.0051266938,9.907737e-05,0.0026878412,0.0022883434,0.9139868,0.0005625136
ZJ017617,0.11956878,0.70202285,0.0356625,0.010795385,0.0019884398,0.019474048,0.108896576,0.0015914427
ZJ017618,0.5108939,0.021610167,0.019966085,0.31161168,0.10483882,0.01121711,0.013725716,0.006136547
ZJ017619,0.18572178,0.0030870417,0.116182245,0.34841898,0.0019672003,0.004737388,0.006855615,0.33302978
ZJ017620,0.04201334,0.0028704186,0.0028637042,3.5748544e-05,0.0034276503,0.0014703207,0.9464342,0.00088466227
ZJ017621,0.31128505,0.26191354,0.11600774,0.0018382804,0.008214144,0.009837061,0.23564458,0.05525961
ZJ017622,0.17641555,0.17799346,0.23371848,0.00087407336,0.0008111294,0.04330624,0.31980392,0.04707711
ZJ017623,0.1732525,0.070950486,0.21302271,0.0024236368,0.004782357,0.10332813,0.38780883,0.04443135
ZJ017624,0.14927736,0.02338645,0.25474536,0.012525401,0.002586637,0.09960523,0.42092785,0.036945697
ZJ017625,0.42384636,0.04756044,0.1218099,0.0014520899,0.0072607943,0.004070759,0.34056157,0.05343809
ZJ017626,0.2498239,0.35781884,0.06758618,0.012438361,0.021287283,0.02957735,0.21269248,0.04877563
ZJ017627,0.09272007,0.0874629,0.42699346,0.00055787363,0.00047210694,0.008426804,0.29837915,0.08498761
ZJ017628,0.03343265,0.270706,0.21055166,0.0014381948,0.3355522,0.11136592,0.024266327,0.012686991
ZJ017629,0.1905609,0.012900516,0.2918742,0.40551272,0.0016542638,0.0033015078,0.010632014,0.083563894
ZJ017630,0.05308019,0.023676744,0.13694228,0.0054149088,0.0027003367,0.0058086384,0.76175964,0.010617261
ZJ017631,0.12856047,0.005744843,0.37597567,0.34530005,0.012259179,0.05052102,0.0038698227,0.0777689
ZJ017632,0.07469392,0.7640946,0.047224447,0.0021265424,0.0005496754,0.020348543,0.06492392,0.026038347
ZJ017633,0.10036799,0.004112271,0.031479936,0.0009361521,0.00014081407,0.00012056266,0.85566807,0.007174219
ZJ017634,0.4021235,0.030464184,0.12734674,0.0011890362,0.029492782,0.010829161,0.35158372,0.046970867
ZJ017635,0.028885558,0.01198032,0.015131865,0.00386279,0.0036829012,0.833963,0.052491367,0.050002217
ZJ017636,0.20427024,0.006658819,0.16060603,0.23543008,0.0053200545,0.001957928,0.006337073,0.37941977
ZJ017637,0.086528845,0.062625535,0.21538755,0.0029901597,0.00030531903,0.0036991541,0.5928249,0.03563858
ZJ017638,0.24977185,0.2537156,0.109616384,0.00024365232,0.01001277,0.04163798,0.33065194,0.004349784
ZJ017639,0.23482808,0.09541097,0.074412204,0.0014085285,0.02285662,0.0013244586,0.5584658,0.011293382
ZJ017640,0.13187566,0.034609374,0.24199681,0.0014580936,0.0027059435,0.019378638,0.54436684,0.0236086
ZJ017641,0.05669536,0.69519097,0.039440125,0.0019005741,0.049129814,0.009984172,0.113446064,0.034212958
ZJ017642,0.1833503,0.0019635065,0.10242707,0.22770384,0.0050624423,0.0043835156,0.0030785387,0.47203076
ZJ017643,0.14208388,0.08468222,0.07136028,0.56269515,0.04966212,0.017713089,0.03574109,0.03606218
ZJ017644,0.37419164,0.0065621585,0.024458414,0.45698428,0.10976535,0.002590226,0.019910999,0.0055369325
ZJ017645,0.19604114,0.061079547,0.09553964,0.0035700917,0.45957989,0.005225265,0.14784034,0.031124162
ZJ017646,0.09305982,0.6662235,0.09576155,0.00013933232,0.0004748293,0.0030114753,0.12884566,0.01248385
ZJ017647,0.112447254,0.024743166,0.18940502,0.27969834,0.097844906,0.23246326,0.010447587,0.052950535
ZJ017648,0.0927518,0.015446432,0.05472816,0.6965375,0.042033516,0.00473559,0.020806435,0.07296058
ZJ017649,0.068583,0.006792987,0.17578106,0.14169326,0.021963181,0.011875227,0.0020189302,0.5712924
ZJ017650,0.37762216,0.098383956,0.12534556,0.007594072,0.1363848,0.08193015,0.13097054,0.041768733
ZJ017651,0.110555224,0.41057202,0.27203193,0.0005760137,0.0021709013,0.028901752,0.1715444,0.0036477924
ZJ017652,0.11223448,0.59946793,0.0315181,0.0059097116,0.014738908,0.0010597059,0.20729952,0.027771669
ZJ017653,0.30870298,0.12279972,0.3116238,0.0011869672,0.034347862,0.056964073,0.14115235,0.023222247
ZJ017654,0.012619517,0.0031947258,0.0049956096,0.003386238,0.022715341,0.93654275,0.0054949326,0.011050909
ZJ017655,0.1063679,0.0071485867,0.3162337,0.27355027,0.008665338,0.01295832,0.0020606988,0.2730152
ZJ017656,0.10631095,0.088242315,0.31579384,0.0015348557,0.0024219926,0.05640775,0.25479084,0.17449744
ZJ017657,0.06912216,0.06349121,0.43054277,0.0001855634,0.0005047444,0.11496991,0.29773763,0.023446014
ZJ017658,0.2334239,0.06374968,0.13035367,0.00577225,0.35460445,0.009690498,0.16427548,0.03813005
ZJ017659,0.21112807,0.052127194,0.46116424,0.062719874,0.0076474515,0.037468433,0.01379582,0.15394893
ZJ017660,0.75744975,0.014078926,0.060889114,0.02455029,0.023481876,0.0050813532,0.010972926,0.103495784
ZJ017661,0.18226567,0.005218782,0.1819201,0.21652094,0.009566959,0.01589901,0.0037530432,0.3848555
ZJ017662,0.27965564,0.0092511065,0.28834906,0.00059312093,0.0014065007,0.033905588,0.38133535,0.005503642
ZJ017663,0.17755803,0.314184,0.0746748,0.020561969,0.0337155,0.0046196226,0.2888426,0.08584347
ZJ017664,0.22176765,0.07209238,0.2090542,9.595267e-05,0.0043038395,0.03453605,0.44992274,0.008227231
ZJ017665,0.14459847,0.19915988,0.33174032,0.001192935,0.0014394367,0.037026253,0.2766956,0.008147062
ZJ017666,0.59570587,0.047275875,0.14006172,0.0006838132,0.009081624,0.009542718,0.16142121,0.03622714
ZJ017667,0.024032954,0.17694035,0.11620423,0.00036697043,0.027420942,0.6107262,0.030137056,0.01417132
ZJ017668,0.32352254,0.19191825,0.100648955,0.0042724134,0.014443138,0.013424895,0.22829162,0.12347823
ZJ017669,0.14977124,0.025062654,0.39902055,0.0006004966,0.0023955938,0.014594946,0.39240536,0.016149173
ZJ017670,0.1509361,0.014204478,0.14888339,0.3159265,0.040438596,0.046534788,0.006802734,0.27627337
ZJ017671,0.51257336,0.18623565,0.041930027,0.0001179476,0.0006829179,0.16817805,0.07599289,0.0142891565
ZJ017672,0.2101543,0.1700687,0.2021732,0.018281244,0.0021529829,0.06848505,0.22260141,0.106083125
ZJ017673,0.06369719,0.0062739523,0.14005385,0.5678996,0.014450565,0.04267295,0.001950047,0.16300179
ZJ017674,0.039076976,0.10562767,0.06350802,0.001699108,0.024208736,0.7563363,0.0075035836,0.0020396623
ZJ017675,0.7928552,0.004473731,0.06781456,7.2525385e-05,0.031630408,0.004844168,0.09051761,0.007791852
ZJ017676,0.16796623,0.049137786,0.24571376,0.00020754908,0.0019168832,0.015585587,0.45066413,0.068808064
ZJ017677,0.099840626,0.06325489,0.2740463,0.0017610645,0.0188316,0.19461478,0.2573268,0.09032397
ZJ017678,0.010267113,0.9536313,0.011359707,9.462037e-05,0.00010515903,0.0015746122,0.021376522,0.0015910014
ZJ017679,0.024993533,0.28147694,0.48609155,2.782198e-05,3.0197727e-05,0.0002214537,0.18235318,0.024805345
ZJ017680,0.14079179,0.05206718,0.28828675,0.0008056898,0.005488562,0.0034024252,0.49369684,0.015460699
ZJ017681,0.3664728,0.0670424,0.1415016,0.0004213983,0.010728253,0.0064528915,0.3798781,0.027502565
ZJ017682,0.27116078,0.2183219,0.20160645,0.015704403,0.13977613,0.0019182317,0.07251968,0.07899245
ZJ017683,0.18609534,0.01526305,0.029082566,0.5643938,0.07613326,0.009408917,0.041026544,0.078596525
ZJ017684,0.10504066,0.08695087,0.2617624,0.0035464363,0.021717614,0.12477535,0.27505827,0.12114839
ZJ017685,0.36037943,0.008612349,0.48864213,0.024201702,0.001989026,0.017372593,0.00815859,0.09064419
ZJ017686,0.054556556,0.06847146,0.45813173,0.0011474205,0.012451483,0.12887695,0.17498663,0.10137777
ZJ017687,0.03616475,0.035404507,0.48765287,0.0008877645,0.0034939698,0.22607496,0.088416055,0.121905126
ZJ017688,0.303866,0.004160292,0.011975782,0.3240705,0.33898097,0.0043260576,0.00948184,0.0031385582
ZJ017689,0.1797224,0.096918315,0.2611972,0.00083212607,0.0014418772,0.043670617,0.33766714,0.078550346
ZJ017690,0.47850767,0.024317106,0.22333306,0.04409418,0.009084223,0.007176704,0.20500147,0.0084856525
ZJ017691,0.08155084,0.01913404,0.15583254,0.00027462866,0.002108672,0.012912583,0.7220831,0.0061035138
ZJ017692,0.2215124,0.004004999,0.5033431,0.057908468,0.03055688,0.050865788,0.008577251,0.12323115
ZJ017693,1.2966284e-05,1.8394398e-07,1.890657e-05,2.2569427e-06,2.2193638e-06,0.99994373,2.1273809e-06,1.7612414e-05
ZJ017694,0.056705054,0.04162316,0.24174908,0.0049265623,0.0006385807,0.0030549446,0.6253021,0.026000584
ZJ017695,0.20235361,0.3153776,0.15596884,0.0031779937,0.011788182,0.039750364,0.22475472,0.04682872
ZJ017696,0.0042695976,0.0033809335,0.00613513,0.021617657,0.0050451434,0.9438117,0.0029680822,0.012771742
ZJ017697,0.111402735,0.0026398173,0.0067175874,0.0046973615,0.06490954,0.00052829727,0.8045293,0.0045752823
ZJ017698,0.21502276,0.022709353,0.12588722,0.000115081406,0.0011592446,0.005198232,0.6163952,0.013512961
ZJ017699,0.16427557,0.07450097,0.106675155,0.007276897,0.49497056,0.022167897,0.09852977,0.031603176
ZJ017700,0.11628133,0.0027159303,0.32347053,0.2206687,0.041924093,0.118274055,0.001432989,0.17523234
ZJ017701,0.21171427,0.17559995,0.037189193,0.13350669,0.02536129,0.0015223848,0.33543003,0.07967617
ZJ017702,0.09058063,0.0023924583,0.17592742,0.4225228,0.02833517,0.19310412,0.0025259713,0.08461144
ZJ017703,0.40415126,0.0937802,0.14820424,0.0014090071,0.01190502,0.016400313,0.29065377,0.033496205
ZJ017704,0.20827395,0.0782537,0.17416863,0.00066328683,0.01688519,0.0020637165,0.48182192,0.03786956
ZJ017705,0.07347514,0.51571155,0.06119788,0.0018318672,0.012475652,0.005013893,0.3215206,0.008773356
ZJ017706,0.12616193,0.6554092,0.08920672,0.002232428,0.012066158,0.0014294401,0.08562357,0.027870534
ZJ017707,0.16124606,0.07146955,0.13085599,0.28226787,0.029836245,0.017239757,0.005114483,0.30196998
ZJ017708,0.26047584,0.32543436,0.058657743,0.01510681,0.03392268,0.017280797,0.20220576,0.086915985
ZJ017709,0.24883832,0.014280474,0.02391288,0.5392607,0.133583,0.0049591465,0.015830878,0.01933461
ZJ017710,0.23498397,0.24125475,0.15490805,0.010354608,0.0069191037,0.011741859,0.26791283,0.07192483
ZJ017711,0.2866023,0.3266716,0.07316346,0.03238581,0.01436859,0.024211075,0.18839656,0.05420056
ZJ017712,0.18637325,0.11011998,0.18605086,0.000582288,0.0010961301,0.010761142,0.47316203,0.031854335
ZJ017713,0.16037661,0.41121373,0.10133146,0.003007207,0.005620577,0.055428337,0.23532502,0.027697023
ZJ017714,0.77750564,0.0018663555,0.027275965,0.041099407,0.09171349,0.051881127,0.004397159,0.0042608776
ZJ017715,0.24097057,0.03909191,0.3016032,0.016466968,0.003153436,0.30852646,0.02990726,0.060280234
ZJ017716,0.18528897,0.27420482,0.12530874,0.017455414,0.025789531,0.018689696,0.32586366,0.027399145
ZJ017717,0.52256274,0.0017233774,0.07796916,0.099676095,0.002938986,0.006887512,0.0018462873,0.28639588
ZJ017718,0.60132676,0.086336344,0.060545377,0.00047688693,0.0018639193,0.0024106018,0.23497467,0.012065475
ZJ017719,0.08316457,0.67292017,0.08225043,0.00030463043,0.00029471572,0.019844167,0.11098396,0.030237397
ZJ017720,0.026219953,0.91430855,0.009728597,8.352329e-05,0.00086693175,0.003979718,0.04190278,0.0029099316
ZJ017721,0.2796937,0.22186416,0.18858534,0.0077763894,0.12791818,0.002096349,0.095060386,0.07700548
ZJ017722,0.34496522,0.26510397,0.18691021,0.0010947213,0.0012985249,0.014906014,0.12958972,0.05613154
ZJ017723,0.33759806,0.15283316,0.12137043,0.00089200394,0.022652717,0.006570565,0.32893786,0.029145237
ZJ017724,0.00058226596,3.1981068e-05,0.00021560215,0.00033222718,7.205594e-05,0.9982884,0.00037146473,0.00010602941
ZJ017725,0.06264319,0.0056510675,0.106850676,0.55296636,0.01577946,0.038121108,0.00096626487,0.21702185
ZJ017726,0.45867625,0.037178233,0.08827962,0.0044533135,0.017867925,0.055140514,0.27517924,0.06322489
ZJ017727,0.10343507,0.002451193,0.38064682,0.28162086,0.022593372,0.02756255,0.0027502445,0.1789399
ZJ017728,0.23360355,0.06263952,0.24441576,0.00049993116,0.078967825,0.013606317,0.35673645,0.009530645
ZJ017729,0.5935408,0.00036340533,0.042096335,0.12262542,0.013336313,0.00607165,0.0004729095,0.22149315
ZJ017730,0.33270434,0.062228385,0.40222496,0.017301695,0.0025679967,0.03953605,0.060555525,0.08288101
ZJ017731,0.020775132,0.45530376,0.10955989,0.00014947916,0.017907334,0.3463968,0.042722434,0.0071851127
ZJ017732,0.42480022,0.13490994,0.10137572,0.028273692,0.017422901,0.019826055,0.1938553,0.07953618
ZJ017733,0.060875192,0.051863253,0.55460566,0.0006903332,0.052811123,0.22277702,0.04668221,0.009695195
ZJ017734,0.04545481,0.044938993,0.070899576,0.00059314945,0.015831746,0.6197219,0.19558837,0.006971506
ZJ017735,0.22026035,0.01487902,0.5211489,0.04248121,0.0015794099,0.015446427,0.012123941,0.17208077
ZJ017736,0.33394414,0.07887556,0.14911579,0.00060554215,0.010758828,0.009873714,0.3510417,0.0657847
ZJ017737,0.18428506,0.12183337,0.04548547,0.097102076,0.02096621,0.0049321493,0.41886395,0.10653176
ZJ017738,0.17987399,0.36596206,0.1193143,0.03061255,0.021024818,0.008753534,0.22972494,0.044733796
ZJ017739,0.2057164,0.0024370619,0.0061489716,0.7354397,0.021400137,0.021668926,0.005460636,0.0017281487
ZJ017740,0.053214125,0.002742163,0.10412109,0.35920072,0.0019219132,0.42275652,0.0030340357,0.05300951
ZJ017741,0.1963915,0.02222378,0.06830814,0.51675916,0.1371112,0.020244084,0.018925188,0.020037038
ZJ017742,0.0770088,0.7110254,0.037185006,0.0018134917,0.0032629215,0.0014307927,0.1335058,0.034767747
ZJ017743,0.10022384,0.64762235,0.045470867,0.013068317,0.01142121,0.008745173,0.13378279,0.03966549
ZJ017744,0.20744708,0.020211613,0.51698995,0.059302326,0.008204771,0.016505655,0.0075018755,0.16383669
ZJ017745,0.12754145,0.63231874,0.043003816,0.0014977856,0.0054259994,0.0009566294,0.14514183,0.044113796
ZJ017746,0.3718678,0.14073108,0.22011372,0.004371532,0.0642476,0.0067304876,0.1388088,0.05312892
ZJ017747,0.12992008,0.00945133,0.29985473,0.26505902,0.042568333,0.038495954,0.013687159,0.2009634
ZJ017748,0.14727305,0.18122348,0.07833345,0.0034106672,0.10371467,0.33864275,0.120057024,0.027344896
ZJ017749,0.2206734,0.074324355,0.18334022,0.00054899795,0.011606682,0.014996095,0.3783726,0.11613772
ZJ017750,0.23341677,0.07089843,0.27501523,0.00021196078,0.0049804803,0.0039395737,0.37595582,0.0355817
ZJ017751,0.12071164,0.5110429,0.0710778,0.04489431,0.010353383,0.01034693,0.17482367,0.056749362
ZJ017752,0.10366965,0.008673973,0.039781492,0.00021176701,0.0010888822,0.0026534372,0.8165948,0.027326014
ZJ017753,0.4617897,0.17579257,0.12422628,0.0020909668,0.020327201,0.0129068885,0.17164287,0.031223614
ZJ017754,0.07515388,0.7835595,0.0609182,7.297798e-05,0.00020056427,0.013071567,0.057180215,0.009843001
ZJ017755,0.19715233,0.36993706,0.123760626,0.014920085,0.0064934883,0.018942237,0.24105069,0.027743502
ZJ017756,0.25890708,0.0072740763,0.01655095,0.008566562,0.09116257,0.0005944477,0.59576845,0.021175917
ZJ017757,0.16848528,0.088470004,0.27492958,0.00042466976,0.019936487,0.09398548,0.3113619,0.042406518
ZJ017758,0.023383284,0.03500374,0.032679293,0.00084291387,0.049596008,0.80455166,0.038107324,0.01583577
ZJ017759,0.2581913,0.00048747798,0.0049455357,0.00013313799,0.7192162,0.0026456078,0.014166265,0.00021444839
ZJ017760,0.32292402,0.17882794,0.12348795,0.0019038847,0.009444279,0.018047621,0.24407361,0.101290666
ZJ017761,0.24852222,0.38116795,0.11205462,0.002951133,0.010041012,0.0031342006,0.19788624,0.044242643
ZJ017762,0.075706355,0.07994224,0.08414725,0.0038530382,0.010314861,0.02493645,0.6457175,0.0753823
ZJ017763,0.22812273,0.0201754,0.22660461,0.34990534,0.024387728,0.08271589,0.018773416,0.049314875
ZJ017764,0.00581704,0.6463762,0.0118490085,5.7534526e-06,4.4871867e-05,0.004838897,0.27772313,0.053345095
ZJ017765,0.20497419,0.107106544,0.4664694,0.01362651,0.016378095,0.0631855,0.095636636,0.032623094
ZJ017766,0.32592502,0.13850479,0.2861221,0.058576338,0.0018792704,0.006785406,0.0422574,0.1399496
ZJ017767,0.42039958,0.013745069,0.013096756,0.00029322685,0.0047658277,0.031735644,0.504703,0.011260968
ZJ017768,0.1426463,0.51762897,0.08944021,0.0010380178,0.0031068982,0.012173565,0.13794166,0.096024394
ZJ017769,0.13625929,0.45078617,0.07379449,0.04733855,0.029335774,0.016171267,0.18307915,0.06323536
ZJ017770,0.20189,0.08394444,0.3858256,0.00088795926,0.0017022223,0.072154455,0.1808814,0.07271397
ZJ017771,0.011231761,0.6641945,0.015516634,1.742249e-05,0.00026699508,0.03146363,0.24362965,0.03367939
ZJ017772,0.073441535,0.008238254,0.11669388,0.15032323,0.34348273,0.25638404,0.003439306,0.047997065
ZJ017773,0.07536391,0.16947617,0.2602116,0.00084296364,0.0019320904,0.0046082214,0.4785686,0.008996385
ZJ017774,0.22679095,0.43309388,0.10997491,0.004328754,0.0013210956,0.010020243,0.13342649,0.08104374
ZJ017775,0.06810617,0.036612768,0.18357436,0.0035834769,0.0011097016,0.0053107254,0.617631,0.08407179
ZJ017776,0.1331856,0.005978965,0.17123799,0.34997532,0.0036403632,0.007692288,0.0050578164,0.32323176
ZJ017777,0.32048237,0.0016608018,0.12575856,0.18399116,0.13272533,0.029194701,0.008323137,0.19786395
ZJ017778,0.28361043,0.0050338465,0.12907583,0.27661574,0.006037613,0.004343535,0.008403815,0.2868792
ZJ017779,0.07759383,0.046129078,0.70575047,0.0007385984,0.027140008,0.06389737,0.06551961,0.013231073
ZJ017780,0.1309094,0.104067065,0.15275562,0.19003898,0.008380464,0.01356512,0.019754276,0.3805291
ZJ017781,0.8668828,0.018654387,0.02019484,0.0005345719,0.0068415166,0.0009919305,0.0763586,0.009541381
ZJ017782,0.17568722,0.18655634,0.19580166,0.004393725,0.013339056,0.042955376,0.33589917,0.045367386
ZJ017783,0.14334255,0.055722073,0.32787243,0.0011241972,0.0010183367,0.042326584,0.34202647,0.0865673
ZJ017784,0.06217328,0.08089863,0.12435712,0.011471128,0.008962931,0.6045792,0.036184546,0.071373075
ZJ017785,0.09131472,0.05132722,0.24316676,0.00065820746,0.0030264624,0.0025996862,0.589542,0.018365016
ZJ017786,0.14473629,0.008093885,0.14475276,0.3864478,0.0022815275,0.0015532025,0.006290435,0.3058442
ZJ017787,0.22542377,0.008042102,0.54507816,0.052392706,0.0025597715,0.014506771,0.009468682,0.14252801
ZJ017788,0.008519166,0.00044887047,0.001184673,3.9961145e-05,5.833292e-05,6.0279115e-05,0.9871493,0.0025394198
ZJ017789,0.08469518,0.0069226855,0.17626554,0.27686378,0.105563134,0.12433972,0.015197953,0.21015199
ZJ017790,0.38865393,0.0047990424,0.3033681,0.075351715,0.10134329,0.049539927,0.015614845,0.061329145
ZJ017791,0.46219686,0.032014154,0.18824314,0.020457923,0.006008024,0.0058285207,0.023256525,0.26199484
ZJ017792,0.20302564,0.16191043,0.25038886,0.0016383305,0.0016988799,0.013329279,0.30139902,0.06660958
ZJ017793,0.27381697,0.020805229,0.0339902,0.005086645,0.021179149,0.0018896813,0.6096557,0.033576418
ZJ017794,0.15939419,0.5254122,0.072992615,0.0021097846,0.008691432,0.0052339085,0.18322138,0.04294448
ZJ017795,0.16306825,0.3527629,0.11805858,0.0046005705,0.006136076,0.032823272,0.27958238,0.042967968
ZJ017796,0.087493256,0.010857522,0.23715189,0.0020652448,0.00091951917,0.09605747,0.51260215,0.052852992
ZJ017797,0.11236106,0.05517335,0.22275545,0.0019081564,0.024106978,0.12506412,0.37905627,0.079574615
ZJ017798,0.2437068,0.008469863,0.20809488,0.10698631,0.0008268468,0.15675351,0.0018349444,0.27332687
ZJ017799,0.3137823,0.09613013,0.15244918,0.012673116,0.2506375,0.0026446842,0.100489765,0.07119337
ZJ017800,0.18785575,0.32597944,0.09885416,0.038985766,0.06311386,0.0173935,0.2137484,0.054069098
ZJ017801,0.034471083,0.041307006,0.077444136,0.009783839,0.0040288335,0.77892965,0.027866164,0.026169257
ZJ017802,0.43663645,0.10378731,0.24014054,0.00045554273,0.005609547,0.09751356,0.08992874,0.025928378
ZJ017803,0.20146286,0.34917346,0.08029307,0.035064906,0.020959398,0.011211376,0.25053054,0.05130435
ZJ017804,0.22564164,0.055936016,0.32024583,0.00100018,0.032249458,0.04147791,0.3002052,0.02324379
ZJ017805,0.060942847,0.049661513,0.60678756,0.00095248997,0.033938706,0.18567012,0.049171835,0.012874831
ZJ017806,0.25397882,0.26692924,0.20221914,0.0008445658,0.0005503579,0.010290446,0.22458695,0.04060053
ZJ017807,0.26087636,0.14904128,0.14900681,0.11307404,0.045469247,0.004529776,0.025040532,0.25296193
ZJ017808,0.0665525,0.11453674,0.36094657,0.0005912704,0.00042241087,0.0041979463,0.44456342,0.008189147
ZJ017809,0.5661982,0.026155272,0.06861914,0.00048549773,0.041498374,0.010729944,0.26940313,0.016910426
ZJ017810,0.07359572,0.005453282,0.0043032244,2.0589589e-05,0.003856426,5.2977073e-05,0.90932333,0.0033944712
ZJ017811,0.08238865,0.20655765,0.20479888,0.00043586298,0.0008989138,0.09371294,0.30346867,0.10773845
ZJ017812,0.13498086,0.40525946,0.1421146,0.00675515,0.010645626,0.036522187,0.23240854,0.031313535
ZJ017813,0.45392367,0.15583546,0.22433816,0.00049095275,0.004411523,0.062387682,0.048659764,0.04995279
ZJ017814,0.119049296,0.03124569,0.07552385,0.05173834,0.0076885857,0.0047532865,0.013718527,0.69628245
ZJ017815,0.00019726652,1.0583525e-06,4.946733e-05,3.874796e-06,1.8372892e-06,0.9995898,1.4337459e-05,0.00014233621
ZJ017816,0.11346767,0.0030955938,0.2082261,0.55044407,0.009201148,0.028573588,0.0039127804,0.08307913
ZJ017817,0.40530354,0.15553193,0.12390822,0.006682557,0.008933412,0.006199578,0.21101102,0.082429744
ZJ017818,0.08255281,0.055915955,0.51943874,0.00091166445,0.008314212,0.113937244,0.18893011,0.029999273
ZJ017819,0.1442885,0.010554608,0.44902104,0.29785508,0.0050495393,0.0068620443,0.007388371,0.078980856
ZJ017820,0.36775175,0.007543559,0.018231392,0.39946258,0.18279427,0.0033484942,0.016560132,0.004307797
ZJ017821,0.3950695,0.15842529,0.061487984,0.004241868,0.008639917,0.0029737363,0.29631314,0.07284855
ZJ017822,0.031766642,0.035886437,0.060240384,0.0008303159,0.28128615,0.53229487,0.04044805,0.017247153
ZJ017823,0.17200059,0.06437064,0.12273354,0.007770239,0.44855183,0.012960335,0.12853098,0.043081824
ZJ017824,0.07604699,0.21686165,0.034230236,0.0012034974,0.00032754746,0.000280691,0.6534536,0.017595805
ZJ017825,0.49673432,0.022148216,0.16405548,0.0046990947,0.005030268,0.04201574,0.23910274,0.026214188
ZJ017826,0.08494058,0.0035438773,0.2900323,0.3895781,0.0023231357,0.10513642,0.0086032655,0.11584225
ZJ017827,0.21852061,0.23276263,0.22168407,0.0007014779,0.0013724377,0.014715682,0.28185713,0.02838597
ZJ017828,0.08376786,0.049617764,0.70142543,0.00076923147,0.040368274,0.04510735,0.06706818,0.0118759405
ZJ017829,0.3100651,0.2665285,0.174897,0.005788725,0.032528,0.0023967426,0.12458783,0.083208136
ZJ017830,0.16182609,0.2709939,0.03734836,0.092461765,0.0239436,0.0012812179,0.3407625,0.07138259
ZJ017831,0.08348891,0.7000991,0.08687463,0.00023822149,0.0012816678,0.03866798,0.07718203,0.012167473
ZJ017832,0.11781338,0.006702894,0.33932313,0.0008086764,0.0014620709,0.18879616,0.33611903,0.008974637
ZJ017833,0.00014960967,1.557807e-06,5.8303238e-05,3.5284174e-05,3.277053e-06,0.9995446,1.3692574e-05,0.00019365162
ZJ017834,0.2500653,0.22322112,0.19931532,0.0005019358,0.001149022,0.023091305,0.25903234,0.043623682
ZJ017835,0.17937948,0.009032573,0.02874362,0.0017425019,0.03611528,0.00305773,0.7330272,0.0089015905
ZJ017836,0.018852256,0.7843834,0.008717901,0.00022957874,0.00014875738,0.004735478,0.18214595,0.0007865499
ZJ017837,0.33117867,0.14508444,0.18372813,0.016788585,0.0064973133,0.01742048,0.12677886,0.17252353
ZJ017838,0.20974004,0.013545513,0.12393683,0.52574676,0.0010571745,0.0469801,0.0062719877,0.07272166
ZJ017839,0.20555729,0.04206832,0.41025344,0.00053299457,0.0022655055,0.09630739,0.18483782,0.058177218
ZJ017840,0.35745603,0.04445391,0.26035297,0.057832386,0.008994857,0.1000636,0.033362255,0.13748407
ZJ017841,0.092891164,0.05834514,0.547047,0.001139956,0.01106189,0.08428957,0.1728853,0.032339983
ZJ017842,0.14966759,0.0343345,0.21708633,0.00084766257,0.0023672322,0.005199042,0.57949346,0.011004099
ZJ017843,0.1652711,0.06762131,0.36877173,0.012280343,0.042778064,0.17258911,0.095923774,0.0747645
ZJ017844,0.11734128,0.3190241,0.0386081,0.017756684,0.026557652,0.0024121986,0.39894867,0.07935135
ZJ017845,0.02994936,0.0028286863,0.1361383,0.16299374,0.15767786,0.25143188,0.0012423503,0.25773787
ZJ017846,0.10415279,0.04464236,0.1588492,0.11118141,0.019018885,0.0024885323,0.014491199,0.5451756
ZJ017847,0.5307604,0.0038222617,0.21800587,0.05002281,0.090944454,0.051745567,0.0054964153,0.04920227
ZJ017848,0.062204033,0.18256173,0.62274265,5.263751e-05,0.0014027708,0.06461627,0.06389054,0.0025293443
ZJ017849,0.39869812,0.11628167,0.29944858,0.0027692674,0.00067619636,0.009500499,0.08707749,0.085548155
ZJ017850,0.04316185,0.057851616,0.32096544,0.008921579,0.0005406348,0.0071292743,0.519065,0.04236465
ZJ017851,0.1640715,0.43367025,0.117416315,0.0054876115,0.0120705515,0.025362968,0.20777927,0.03414142
ZJ017852,0.2555893,0.0052197063,0.01583716,0.5708105,0.12404274,0.010196852,0.0129891755,0.005314559
ZJ017853,0.1210997,0.0038398623,0.19478159,0.0035036681,0.0010710377,0.08212779,0.5871635,0.006412845
ZJ017854,0.15424281,0.04570188,0.36638448,0.0010945718,0.0025234078,0.017310437,0.34652895,0.06621351
ZJ017855,0.13151762,0.03894848,0.2691725,0.0021963413,0.0037735293,0.3944421,0.10502876,0.054920726
ZJ017856,0.098056845,0.018488087,0.14357619,0.029753892,0.31552368,0.114205904,0.033712815,0.24668258
ZJ017857,0.56921226,0.0011778153,0.028309502,0.004795009,0.37949425,0.008021852,0.0014725801,0.007516687
ZJ017858,0.17615877,0.42331967,0.058486376,0.036459893,0.041602973,0.003045289,0.21856241,0.04236461
ZJ017859,0.48461512,0.001332659,0.06799012,0.32747865,0.06994973,0.0038528428,0.0034132875,0.041367583
ZJ017860,0.08768202,0.03634851,0.25310168,0.00244235,0.008491689,0.07847728,0.52670133,0.006755091
ZJ017861,0.047294375,0.028911525,0.023272121,0.00047472317,0.00027986924,0.0015915495,0.8735974,0.024578406
ZJ017862,0.039810978,0.7473092,0.009174819,0.0012349773,0.0046655443,0.011051305,0.18007928,0.006673896
ZJ017863,0.36448476,0.06359213,0.12599613,0.0006250612,0.037098262,0.07048083,0.3269608,0.010761969
ZJ017864,0.11668658,0.018952034,0.15427735,0.33084992,0.033051033,0.040969428,0.003630814,0.3015828
ZJ017865,0.0038276804,0.00089089485,0.01033312,0.0010023603,0.00059795857,0.97857213,0.0032761062,0.001499718
ZJ017866,0.35271996,0.11401941,0.2427735,0.0014093423,0.001969593,0.004702475,0.16126865,0.12113705
ZJ017867,0.16249673,0.12593888,0.18468596,0.0012309309,0.0074835448,0.012918591,0.436446,0.06879938
ZJ017868,0.038004268,0.025205607,0.14824472,0.00045415614,0.0100511415,0.643562,0.122442916,0.012035208
ZJ017869,0.12729338,0.005551935,0.16582164,0.31889766,0.0036903925,0.020839628,0.0049439548,0.35296136
ZJ017870,0.40080777,0.009034698,0.018902453,0.2726033,0.27344984,0.011967102,0.006578908,0.006655962
ZJ017871,0.5406164,0.020326143,0.07039093,0.00051558577,0.046949647,0.0055256835,0.30063078,0.015044892
ZJ017872,0.16037644,0.4796629,0.06828015,0.01944449,0.0024548688,0.002226779,0.0412685,0.22628586
ZJ017873,0.02771279,0.0011646374,0.008154099,9.301892e-05,0.002215743,0.000643795,0.95633274,0.0036832283
ZJ017874,0.2287271,0.36021706,0.07376442,0.0008447848,0.005291197,0.0020853921,0.29464647,0.034423612
ZJ017875,0.28529847,0.3026561,0.08028132,0.0010849906,0.0027684069,0.0423482,0.2750969,0.010465604
ZJ017876,0.0028348146,0.040818382,0.0113525605,6.411617e-05,0.0005661762,0.9290912,0.012930416,0.0023422579
ZJ017877,0.14002943,0.0474228,0.16593881,0.023996351,0.10015551,0.088428766,0.19980198,0.23422642
ZJ017878,0.37250632,0.14407057,0.23493358,0.0046395115,0.079667926,0.010663649,0.10655865,0.046959717
ZJ017879,0.06266361,0.05511837,0.1836787,0.012143974,0.0084696,0.018914886,0.6408019,0.018208994
ZJ017880,0.18539934,0.03440336,0.37038884,0.0005952136,0.0021013157,0.0379695,0.36211663,0.007025826
ZJ017881,0.28339648,0.046231158,0.14043953,0.00033302314,0.028908463,0.005031588,0.4760235,0.019636257
ZJ017882,0.08804625,0.035618197,0.25574663,0.03718374,0.013868435,0.09792894,0.004168481,0.46743932
ZJ017883,0.048388887,0.009760128,0.11246269,0.0006869595,0.005998575,0.6638607,0.12928815,0.029553924
ZJ017884,0.21614803,0.21683364,0.0640314,0.07454471,0.041754026,0.0058670295,0.2421906,0.13863055
ZJ017885,0.1156896,0.002749286,0.11938541,0.016146412,0.6320638,0.066578515,0.016942412,0.030444574
ZJ017886,0.08331093,0.0041902997,0.33129564,0.03103015,0.044297956,0.45538637,0.015606827,0.03488189
ZJ017887,0.15761565,0.09823245,0.43126988,0.00060773763,0.0020969575,0.016922088,0.2878122,0.005442922
ZJ017888,0.1667632,0.30563208,0.097526185,0.071695074,0.048805688,0.009122162,0.25913966,0.04131592
ZJ017889,0.15512702,0.003125072,0.05466478,0.49204978,0.02217443,0.24371406,0.002004851,0.027139971
ZJ017890,0.34914926,0.041333493,0.4886372,0.018407943,0.0027660502,0.009163364,0.016092185,0.07445053
ZJ017891,0.1309996,0.1332408,0.2853059,0.0015268388,0.0007081942,0.005683022,0.4311188,0.011416906
ZJ017892,0.34308153,0.0048662373,0.055710018,0.23904993,0.0058692438,0.0011775913,0.011146943,0.33909842
ZJ017893,0.08202596,0.012182402,0.25735888,0.08877182,0.20672412,0.079585806,0.022027941,0.25132307
ZJ017894,0.37767115,0.036073547,0.20688361,0.0007949638,0.08078849,0.005396807,0.28094363,0.011447816
ZJ017895,0.51075983,0.07090841,0.11168116,0.007884757,0.044148944,0.008715587,0.1594667,0.0864346
ZJ017896,0.08493253,0.041485693,0.09235117,0.13076325,0.004646568,0.0015159198,0.004999073,0.6393058
ZJ017897,0.13891755,0.013730436,0.05387859,0.0002290622,0.015944172,0.020342423,0.7175225,0.039435297
ZJ017898,0.8879688,0.0028379215,0.044764407,0.007607551,0.017449334,0.024405584,0.00239044,0.012575926
ZJ017899,0.25032234,0.1827918,0.15627183,0.008796483,0.04396545,0.0072191027,0.31433192,0.03630109
ZJ017900,0.11491766,0.19558975,0.08718458,0.00010711478,0.0019394086,0.010128897,0.51363,0.076502584
ZJ017901,0.2793039,0.0054879053,0.12728047,0.29224613,0.0045166165,0.0029682387,0.0073239603,0.28087276
ZJ017902,0.16026855,0.20976137,0.12154872,0.00020409041,0.011102085,0.014732612,0.47598827,0.0063942946
ZJ017903,0.16061033,0.081413746,0.1461443,0.0010163694,0.00032140437,0.00075847114,0.56277776,0.046957675
ZJ017904,0.24101652,0.008470858,0.51444405,0.04710588,0.0050707413,0.023452893,0.011142886,0.14929613
ZJ017905,0.026686091,0.82710665,0.0225139,2.0995483e-05,0.00028012178,0.0322355,0.042505357,0.048651446
ZJ017906,0.03378627,0.23910418,0.23373125,0.0017863831,0.026392302,0.39940792,0.05112569,0.014665957
ZJ017907,9.773263e-05,2.257624e-06,4.5645294e-05,4.411998e-05,7.2528446e-06,0.99974406,1.978481e-05,3.9075247e-05
ZJ017908,0.21974255,0.07101324,0.14400643,0.003720206,0.022665668,0.0015218409,0.48441446,0.052915577
ZJ017909,0.07842644,0.5611683,0.09443357,0.0063264035,0.0020900401,0.0005330053,0.23112343,0.025898848
ZJ017910,0.7940914,0.0017505895,0.04782501,0.100742176,0.012349062,0.009681826,0.0028624397,0.030697465
ZJ017911,0.0820672,0.0076345378,0.34974864,0.06559346,0.048306067,0.3689104,0.011568769,0.06617093
ZJ017912,0.4991531,0.14767113,0.108779736,0.004157797,0.0058475365,0.021392556,0.13341378,0.07958432
ZJ017913,0.225209,0.12876578,0.32973248,0.05257593,0.006588733,0.0022139777,0.062421914,0.19249214
ZJ017914,0.14359164,0.3177252,0.056255694,0.08635436,0.03100648,0.007218768,0.26720104,0.09064683
ZJ017915,0.5634316,0.07363957,0.093729734,0.012108439,0.03379618,0.047541033,0.09647374,0.079279706
ZJ017916,0.10348718,0.04034062,0.20978992,0.0013205814,0.0012351087,0.0066015925,0.60326636,0.033958584
ZJ017917,0.19437583,0.049513914,0.097301945,0.0027018783,0.00058896304,0.0011770886,0.61525303,0.039087392
ZJ017918,0.16681737,0.0033136653,0.06571345,0.021872045,0.58561134,0.048909407,0.016074518,0.09168816
ZJ017919,0.18175496,0.2774268,0.1321717,0.003201466,0.005777964,0.001002446,0.361402,0.03726265
ZJ017920,0.27062738,0.04602447,0.07733219,8.1350634e-05,0.0002885923,0.01726148,0.5678747,0.020509822
ZJ017921,0.106006876,0.76714796,0.056755558,0.0025815326,0.0076236934,0.0016128158,0.039914772,0.018356794
ZJ017922,0.5731257,0.0011421134,0.03794623,0.2829826,0.011697296,0.0017110853,0.009652017,0.08174296
ZJ017923,0.51755476,0.09750861,0.19427711,0.026203286,0.05626834,0.006555554,0.042045638,0.059586756
ZJ017924,0.34792468,0.1311977,0.2390337,0.002247636,0.0017181749,0.016145434,0.12926722,0.13246544
ZJ017925,0.040875163,0.020029152,0.06968682,0.0060425843,0.0037879557,0.0069911852,0.8448901,0.007697026
ZJ017926,0.23920387,0.0887806,0.20182864,4.221551e-05,0.01401133,0.060739033,0.39203665,0.0033576938
ZJ017927,0.21614891,0.20136057,0.28704318,0.0023258766,0.01148486,0.019608648,0.12987413,0.13215393
ZJ017928,0.19315755,0.08583295,0.0956733,0.0041446104,0.4047639,0.0027663503,0.16948225,0.044179056
ZJ017929,0.10291187,0.0027767776,0.06976147,0.35484782,0.033494297,0.39296672,0.0037724248,0.039468598
ZJ017930,0.1163904,0.007795307,0.32560354,0.20403723,0.016793936,0.025648128,0.0063422895,0.2973891
ZJ017931,0.10804632,0.0023150272,0.2890859,0.43012363,0.008733179,0.035728224,0.0024615973,0.123506084
ZJ017932,0.40263864,0.14658402,0.064847074,0.02725839,0.11394379,0.013499345,0.20569736,0.025531298
ZJ017933,0.14928074,0.3631058,0.08925066,0.060483553,0.015901955,0.0040377025,0.25374833,0.06419128
ZJ017934,0.18612152,0.27491802,0.1948284,0.0006925757,0.00012978708,0.0042984467,0.30276474,0.036246523
ZJ017935,0.059273396,0.0024398593,0.12607044,0.49287677,0.017853962,0.030648855,0.0013579568,0.26947874
ZJ017936,0.23309882,0.009765874,0.14302573,0.36076513,0.061855845,0.024050301,0.008249454,0.15918887
ZJ017937,0.098128,0.037676267,0.077655315,0.02568417,0.022649402,0.6666504,0.049646877,0.021909593
ZJ017938,0.18367362,0.00376874,0.25194097,0.0018962155,0.0022440818,0.13733737,0.41394845,0.005190524
ZJ017939,0.07880271,0.037168767,0.007998558,0.00037741984,0.0006415509,0.00031961215,0.84961677,0.025074597
ZJ017940,0.00085968117,2.474083e-05,0.0008289105,0.00069330464,0.00040447686,0.9969511,0.00017342428,6.442065e-05
ZJ017941,0.33018208,0.1433782,0.19783954,0.065485135,0.08154371,0.004616026,0.086384304,0.090571
ZJ017942,0.2811822,0.10578308,0.18969838,0.023074929,0.007321049,0.02647129,0.13323979,0.23322932
ZJ017943,0.012707806,0.0015257873,0.0021256178,0.966761,0.0061402596,0.006529994,0.00409688,0.000112711445
ZJ017944,0.15843149,0.20822321,0.0539424,0.05946667,0.014439568,0.006786258,0.4610584,0.037652068
ZJ017945,0.23549417,0.031307917,0.5523504,0.018421458,0.005621321,0.020385828,0.02102411,0.11539479
ZJ017946,0.21579672,0.03162628,0.1925428,0.00078607356,0.0045795697,0.0060034334,0.5388048,0.0098603
ZJ017947,0.042071857,0.01164567,0.08830468,0.0030994653,0.1653191,0.65793115,0.0131683415,0.018459693
ZJ017948,0.04386765,0.84742254,0.011934156,2.8598226e-05,0.001608707,0.0022417423,0.09218312,0.0007134785
ZJ017949,0.27728385,0.11172264,0.19404957,0.00038490145,0.025948502,0.014108407,0.3634615,0.013040685
ZJ017950,0.056369826,0.16345967,0.427804,0.00074883405,0.046743788,0.1863475,0.10662541,0.011901018
ZJ017951,0.13625051,0.12827858,0.36251265,0.0028232695,0.031094562,0.061530463,0.14051794,0.13699205
ZJ017952,0.18877889,0.18279433,0.06124725,0.17192553,0.049466737,0.010085169,0.26245606,0.073246084
ZJ017953,0.11553895,0.7333928,0.06306097,0.0027103932,0.0012023598,0.0012795038,0.013749315,0.06906572
ZJ017954,0.000680848,9.4323244e-05,0.005957947,0.00018450343,0.00011727939,0.99071664,0.00048370002,0.0017647808
ZJ017955,0.04133509,0.033551868,0.06597627,0.0045695323,0.0016763895,0.80635935,0.02555041,0.020981051
ZJ017956,0.27617726,0.20930515,0.22806664,0.016299753,0.0053742845,0.009758121,0.16860045,0.08641831
ZJ017957,0.0847252,0.007855035,0.10218799,0.24808761,0.0057290224,0.4918488,0.005344982,0.054221418
ZJ017958,0.029143896,0.89281505,0.020154895,0.0009463944,0.000282238,0.010848342,0.03402309,0.011786087
ZJ017959,0.2690658,0.0152519345,0.032066062,0.41349587,0.21241133,0.0075574405,0.017780347,0.03237123
ZJ017960,0.20050988,0.42015487,0.17088751,0.0005578418,0.00088217267,0.014067155,0.168057,0.024883494
ZJ017961,0.49184647,0.054541826,0.15059392,0.026635114,0.009635639,0.009591961,0.021043291,0.23611175
ZJ017962,0.042877503,0.006217416,0.0035413112,0.91263866,0.012124582,0.001903438,0.018847538,0.0018495962
ZJ017963,0.287252,0.14631683,0.19942552,0.0029226067,0.12032992,0.023402268,0.17925304,0.041097812
ZJ017964,0.007964802,0.00021627368,0.037364993,0.2444484,0.0019993267,0.6901422,0.00029857567,0.01756543
ZJ017965,0.18595989,0.10501504,0.25661612,0.00038258056,0.0014411167,0.011106181,0.41626817,0.023210915
ZJ017966,0.2507916,0.12133602,0.20835131,0.008020975,0.27660862,0.010094365,0.07554882,0.049248353
ZJ017967,0.081217535,0.0030771801,0.09318324,0.00842331,0.002523858,0.11046757,0.65373987,0.04736746
ZJ017968,0.010485582,0.07424288,0.0075750137,5.785313e-05,0.0013596052,0.0021625876,0.8938079,0.010308556
ZJ017969,0.04888542,0.05235945,0.033215567,0.0006681072,0.0015045422,0.78304523,0.020013385,0.06030829
ZJ017970,0.008008213,0.0033708608,0.034325656,0.0050491574,0.00010297728,0.9005374,0.035565775,0.013039982
ZJ017971,0.3349413,0.03199204,0.10008685,0.002201822,0.2937166,0.00953074,0.21467033,0.012860392
ZJ017972,0.12822267,0.039967176,0.03808263,0.5609486,0.15382372,0.03195716,0.030033873,0.016964192
ZJ017973,0.04380415,0.014649752,0.10419234,0.0054391334,0.001644664,0.0017608743,0.8146892,0.013819837
ZJ017974,0.3383476,0.013382144,0.032339346,0.32693723,0.16844904,0.056411155,0.016133878,0.047999557
ZJ017975,0.11222842,0.39502335,0.06744808,0.041441385,0.039508976,0.02271791,0.2675412,0.054090712
ZJ017976,0.3553638,0.055520765,0.15529476,0.0034540566,0.14434652,0.0033856528,0.25015596,0.032478496
ZJ017977,0.26426956,0.3921716,0.102875896,0.008284838,0.0068215085,0.0036960107,0.17323409,0.0486465
ZJ017978,0.3203981,0.11192051,0.10119396,0.0015961903,0.16045843,0.01012497,0.27893174,0.015376107
ZJ017979,0.21995564,0.04386782,0.3878716,0.07694871,0.010374247,0.0028645855,0.042857286,0.2152601
ZJ017980,0.35245118,0.1753363,0.13688198,0.0034038797,0.015445934,0.006752638,0.13948141,0.17024668
ZJ017981,0.13014671,0.7087422,0.0451034,0.00023509852,0.00024831304,0.022946395,0.08841553,0.0041623265
ZJ017982,0.376617,0.07198985,0.2329023,0.04514175,0.012140175,0.02039005,0.03538008,0.20543873
ZJ017983,0.06684356,0.011925607,0.10951038,0.00051025854,0.41251034,0.00037958898,0.26518047,0.13313983
ZJ017984,0.23021743,0.37526238,0.06384769,0.015214249,0.04027406,0.021068089,0.20030187,0.05381421
ZJ017985,0.14846624,0.18462639,0.12979174,0.026677864,0.006718425,0.029890692,0.03872193,0.4351067
ZJ017986,0.22783811,0.06433176,0.35483256,0.0009878732,0.0026870635,0.12925178,0.15286887,0.067201965
ZJ017987,0.28640583,0.13443024,0.1859068,0.0019572782,0.07520849,0.014803034,0.27489132,0.026396997
ZJ017988,0.327588,0.15432845,0.09856601,0.0017053003,0.0037797056,0.0059123076,0.38818318,0.019937161
ZJ017989,0.17000626,0.28350335,0.04634736,0.049217924,0.01710943,0.0023740975,0.34629348,0.08514812
ZJ017990,0.01304561,0.010290807,0.019553494,4.6954356e-05,0.0011759225,0.05477394,0.8999294,0.0011838588
ZJ017991,0.512074,0.068771034,0.09788842,0.0069035366,0.03923158,0.0145610515,0.16031955,0.10025086
ZJ017992,0.14630626,0.0006867097,0.006907475,0.00035886196,0.8383541,0.0010876352,0.0058504804,0.00044846267
ZJ017993,0.11304672,0.07920423,0.23941426,0.0027123732,0.02312562,0.111600325,0.3465723,0.08432415
ZJ017994,0.0033469617,0.07894363,0.017188815,7.7245066e-05,0.0007094096,0.8955919,0.0032476238,0.00089441065
ZJ017995,0.0845392,0.0023703438,0.5072559,0.19091286,0.08284596,0.043725554,0.0041544135,0.08419577
ZJ017996,0.022524273,0.0017246343,0.0015786899,0.9400268,0.008710297,0.021155251,0.00405584,0.00022422789
ZJ017997,0.5327838,0.06985157,0.19209248,0.0124019915,0.01800247,0.0042892215,0.07782626,0.0927522
ZJ017998,0.36685377,0.013510052,0.028749863,0.43067533,0.12914607,0.0047069546,0.018604208,0.0077538122
ZJ017999,0.11287582,0.40303457,0.07738793,0.00077271875,0.012024885,0.010694071,0.3660281,0.017181894
ZJ018000,0.05449175,0.028598415,0.18037936,0.0005709838,0.0041149743,0.5121741,0.19157946,0.02809095
ZJ018001,0.067961715,0.15504244,0.6367908,0.00018322562,0.0003679641,0.0016832515,0.12877183,0.009198745
ZJ018002,0.19394223,0.1679293,0.1899764,0.0032244162,0.00834927,0.0031041682,0.2985452,0.13492906
ZJ018003,0.35096252,0.08810828,0.35858384,0.0016222482,0.013256296,0.12791173,0.03927498,0.020280074
ZJ018004,0.27939427,0.036396466,0.14498398,0.00091614696,0.07574818,0.0019693128,0.42492437,0.035667237
ZJ018005,0.074467614,0.0031251037,0.29764843,0.32006702,0.11923848,0.035365466,0.0020574713,0.14803044
ZJ018006,0.013836208,0.0011145865,0.033519708,0.0140531035,0.0022542651,0.93143445,0.0011820522,0.0026056024
ZJ018007,0.36730847,0.12196495,0.08825256,0.0023253665,0.10499847,0.11170371,0.12840252,0.07504393
ZJ018008,0.17158766,0.0068676523,0.2760896,0.3454681,0.024702772,0.109604724,0.004903471,0.060775977
ZJ018009,0.47210905,0.08324242,0.16744272,0.08483072,0.017281454,0.0026065258,0.03592988,0.13655718
ZJ018010,0.06456871,0.32945928,0.4894168,3.8348982e-05,0.00038229703,0.0004615199,0.09587958,0.0197934
ZJ018011,0.23969819,0.30102378,0.10391187,0.026167732,0.03297205,0.009504192,0.20775971,0.07896256
ZJ018012,0.13264789,0.1672989,0.55610484,0.00018074016,0.0023090732,0.0028305473,0.13312003,0.0055079586
ZJ018013,0.15343286,0.08999468,0.26062912,0.007787125,0.061143644,0.10476786,0.09612805,0.2261167
ZJ018014,0.19176833,0.1491918,0.0537622,0.07657453,0.011887909,0.0029447204,0.40129,0.11258055
ZJ018015,0.8739305,0.004770815,0.0319896,0.00059728953,0.035875738,0.0011380162,0.051065393,0.00063261646
ZJ018016,0.70204854,0.111478716,0.03528944,0.00086803257,0.0048234602,0.0030229238,0.12448429,0.01798465
ZJ018017,0.12986276,0.008486911,0.15249251,0.3682816,0.0048515676,0.0030877714,0.006952816,0.32598415
ZJ018018,0.29869375,0.14123014,0.1588724,0.081746176,0.042358883,0.08257505,0.18130405,0.013219555
ZJ018019,0.23499015,0.038219668,0.08746353,0.003987988,0.010964674,0.019606855,0.57409763,0.030669548
ZJ018020,0.36307466,0.08237394,0.09309856,0.0030845022,0.26743597,0.008212148,0.16909786,0.013622433
ZJ018021,0.1792268,0.26146314,0.14569712,0.0025395653,0.008964713,0.008175647,0.272782,0.121151075
ZJ018022,0.054312516,0.018385004,0.30083203,0.0065648565,0.00084299577,0.01610814,0.568224,0.034730457
ZJ018023,0.58105564,0.08592971,0.12404314,0.004910851,0.027486451,0.009308867,0.10605851,0.06120683
ZJ018024,0.19203712,0.5009357,0.098463304,0.0014354755,0.0036072866,0.025285508,0.14176093,0.03647469
ZJ018025,0.33833146,0.23553625,0.046905704,0.003239429,0.00618547,0.0015019937,0.20562866,0.162671
ZJ018026,0.19194959,0.005573993,0.29174775,0.0008269907,0.0007763596,0.005048502,0.49644864,0.0076281624
ZJ018027,0.0989168,0.14964665,0.24628362,0.0006438184,0.000940442,0.026076617,0.3715765,0.105915576
ZJ018028,0.1775059,0.028867954,0.030763714,0.6802606,0.029030766,0.0056245644,0.031320028,0.016626457
ZJ018029,0.22705187,0.35246992,0.18077564,0.00092177803,0.0028487137,0.061330047,0.15933758,0.015264436
ZJ018030,0.10008962,0.2105147,0.48954418,0.0022906633,0.004096785,0.002908662,0.18101643,0.009538906
ZJ018031,0.13958436,0.20995969,0.13257705,0.056607205,0.04281319,0.09528187,0.2673088,0.055867817
ZJ018032,0.15679108,0.20036723,0.11843236,0.00025647253,0.00053770235,0.003381267,0.3740739,0.14616
ZJ018033,0.8338474,0.016406287,0.02676297,0.000930636,0.009818167,0.0020756104,0.096584216,0.01357471
ZJ018034,0.68555886,0.016523125,0.12958951,0.00013956278,0.02246536,0.006510916,0.13671714,0.0024955454
ZJ018035,0.4189898,0.13155346,0.11223781,0.004878003,0.011136844,0.105270036,0.08841071,0.12752333
ZJ018036,0.31090364,0.09232389,0.29986936,0.0021146554,0.0017827308,0.038906306,0.24273631,0.011363103
ZJ018037,0.095588446,0.34413588,0.33598852,0.0007685966,0.0011950184,0.017882707,0.19977424,0.0046665906
ZJ018038,0.010590033,0.009972465,0.09854099,0.0024524052,0.04152451,0.8174355,0.013424277,0.0060598035
ZJ018039,0.3499432,0.116609916,0.09324424,0.011462045,0.003297399,0.0061216727,0.37705666,0.042264827
ZJ018040,0.066226095,0.0045981905,0.18718256,0.4645621,0.03741385,0.002339617,0.001987038,0.23569055
ZJ018041,0.0064485557,0.008583024,0.027819727,0.007639686,0.0107735805,0.9158427,0.0056609553,0.017231723
ZJ018042,0.120651506,0.009024792,0.1758863,0.45002115,0.058938134,0.08442742,0.007850348,0.09320041
ZJ018043,0.5665453,0.17917311,0.04138814,0.026939454,0.0029874814,0.0011405045,0.009185711,0.17264026
ZJ018044,0.28932935,0.010036664,0.046917606,0.5271678,0.035195388,0.03559473,0.012793079,0.04296536
ZJ018045,0.2638076,0.21642007,0.2544966,0.00070197077,0.0016341046,0.028759396,0.22402231,0.010158001
ZJ018046,0.073931776,0.09130115,0.052872103,0.021535892,0.026296342,0.0634703,0.62105525,0.0495373
ZJ018047,0.13497783,0.06792401,0.13465005,0.002456092,0.5249984,0.010797508,0.08782068,0.036375407
ZJ018048,0.3206661,0.1638414,0.20326854,0.0010915258,0.0063907714,0.026028007,0.23729348,0.04142017
ZJ018049,0.09627398,0.04075425,0.2406534,0.0008059337,0.0031067717,0.0036841603,0.59695286,0.017768644
ZJ018050,0.21868066,0.3347803,0.056376513,0.024757981,0.034350954,0.03265486,0.24041031,0.05798843
ZJ018051,0.10553415,0.020423928,0.36973378,0.0006618543,0.0007325195,0.07208799,0.40685815,0.023967613
ZJ018052,0.07473043,0.029556442,0.067148015,0.014964552,0.005525435,0.0035675082,0.7890825,0.015425065
ZJ018053,0.15300338,0.10122093,0.13015117,0.0028633415,0.0020147066,0.002410491,0.4087241,0.1996119
ZJ018054,0.2665154,0.24921559,0.14289193,0.007967824,0.0040039313,0.02236036,0.21609557,0.090949394
ZJ018055,0.32059363,0.03322399,0.04861093,0.3661901,0.193188,0.004713395,0.0237901,0.009689843
ZJ018056,0.0959234,0.08170932,0.49923673,0.0005389323,0.00097478303,0.025698815,0.21338846,0.08252949
ZJ018057,0.02519495,0.84944606,0.016888054,0.0017551867,0.0013821963,0.0029378135,0.068558805,0.033836965
ZJ018058,0.07687194,0.03394029,0.22035074,0.005993807,0.004791452,0.010359889,0.63023543,0.017456455
ZJ018059,0.040463805,0.8677511,0.014272613,0.0011065264,0.0025292737,0.0050427984,0.056703996,0.012129843
ZJ018060,0.2265452,0.20767894,0.13499533,0.030094977,0.007341547,0.013058787,0.1153339,0.26495123
ZJ018061,0.13041109,0.048161596,0.07275441,0.60891014,0.063248254,0.016243365,0.030837908,0.029433204
ZJ018062,0.8042621,0.019463858,0.042747356,0.00021679066,0.0002909658,0.008330291,0.120836005,0.0038526587
ZJ018063,0.12616175,0.0010868387,0.26082784,0.37942302,0.0658839,0.023132594,0.00093205646,0.14255202
ZJ018064,0.005905906,0.005904563,0.0046235626,0.96961427,0.0032734724,0.0024300043,0.0064916927,0.0017565127
ZJ018065,0.4799491,0.100580074,0.056005456,0.11199249,0.105584,0.0064631975,0.10571805,0.033707634
ZJ018066,0.013310918,0.03179305,0.009254353,2.2242679e-05,0.012828829,0.9304696,0.0018228544,0.00049819105
ZJ018067,0.065174624,0.20398057,0.2654201,0.000629853,0.008601057,0.27751026,0.15492725,0.023756288
ZJ018068,0.38503873,0.1485926,0.21027003,0.0009446338,0.0045777718,0.005350685,0.1340644,0.11116113
ZJ018069,0.2894912,0.13275059,0.13647977,0.010977413,0.07773973,0.023571862,0.21834773,0.11064176
ZJ018070,0.25181526,0.0790717,0.28437883,0.0010662088,0.0040571433,0.07179432,0.10311922,0.20469739
ZJ018071,0.20119272,0.16383122,0.025452135,0.058550496,0.03702917,0.0009393624,0.43420422,0.07880067
ZJ018072,0.07504294,0.03162304,0.29848784,0.003132181,0.00045797788,0.008830459,0.56721634,0.015209176
ZJ018073,0.67661417,0.0017085603,0.019763384,0.02161088,0.23915437,0.011589563,0.018297298,0.0112617435
ZJ018074,0.30606335,0.010535675,0.098724425,3.240186e-05,0.045830037,0.002114402,0.5321893,0.004510365
ZJ018075,0.37349266,0.14051148,0.10985825,0.0008287765,0.0046959254,0.14184593,0.22321554,0.0055514094
ZJ018076,0.22746626,0.012296126,0.5313158,0.027804485,0.0032253868,0.015617159,0.006970757,0.17530404
ZJ018077,0.0686057,0.044673905,0.2676306,0.0016552901,0.006248121,0.07988992,0.5262007,0.0050957426
ZJ018078,0.31121927,0.0028220136,0.08787557,0.14092511,0.029412081,0.027324125,0.0039980714,0.3964238
ZJ018079,0.18879865,0.2823726,0.13423663,0.0072561856,0.006081014,0.06435548,0.2868376,0.030061804
ZJ018080,0.34860733,0.15222508,0.23901609,0.0034774814,0.043717183,0.0009640806,0.14779888,0.06419385
ZJ018081,0.24089777,0.017766822,0.08284259,0.0010405951,0.10626496,0.012141232,0.5226431,0.016402926
ZJ018082,0.23766935,0.2776081,0.2505424,0.0021700808,0.06424204,0.0021395173,0.060816087,0.104812466
ZJ018083,0.0907801,0.46800977,0.047224786,0.00012836854,0.003253747,0.010368989,0.3655108,0.014723414
ZJ018084,0.045169648,0.8648696,0.018511234,0.005135454,0.002632102,0.00077200553,0.055289876,0.007620154
ZJ018085,0.21536094,0.060189877,0.016762136,0.51907617,0.14164115,0.013892288,0.024871483,0.008205977
ZJ018086,0.1356734,0.020303838,0.022535298,0.5770126,0.19826803,0.013848961,0.02188384,0.010474063
ZJ018087,0.21680298,0.043780725,0.17157151,0.075614534,0.09034845,0.083946034,0.07291303,0.24502274
ZJ018088,0.16040984,0.3800595,0.07588196,0.048840314,0.032784447,0.008003945,0.21063827,0.08338172
ZJ018089,0.09021492,0.06299922,0.44571573,0.00026254577,0.0008943557,0.0020426586,0.3098597,0.08801091
ZJ018090,0.07344908,0.010760679,0.1699658,0.19896147,0.00038349407,0.0018000369,0.0026270496,0.5420524
ZJ018091,0.28324184,0.015194527,0.036763504,0.55861145,0.027917063,0.03721475,0.014216549,0.02684036
ZJ018092,0.23633543,0.04575374,0.354728,0.00018334713,0.0018966876,0.006606996,0.3308121,0.02368369
ZJ018093,0.06342453,0.008317656,0.0139777055,0.01192266,0.01227845,0.0005017602,0.8822812,0.007296052
ZJ018094,0.07163582,0.0685315,0.5888652,0.0012587188,0.04957223,0.13506435,0.06307274,0.021999441
ZJ018095,0.5729577,0.08158768,0.15446654,0.0007768895,0.00976905,0.008836846,0.14131097,0.030294355
ZJ018096,0.15561207,0.0700631,0.37625384,0.0004663702,0.0012476916,0.013166952,0.27772447,0.10546547
ZJ018097,0.20237462,0.09130688,0.17501219,0.00308703,0.0013655451,0.04351388,0.44270328,0.040636603
ZJ018098,0.06657707,0.02111236,0.22039187,0.0054539302,0.0031888613,0.12239529,0.5547935,0.006087057
ZJ018099,0.009184709,0.0007652049,0.07974056,0.20190148,0.00035004783,0.6697689,0.0011303638,0.037158698
ZJ018100,0.491891,0.26827055,0.030211553,0.013595802,0.0030619751,0.00093964994,0.016935648,0.17509383
ZJ018101,0.52745336,0.063304305,0.088131465,0.080633335,0.012908937,0.0026229399,0.020949518,0.20399614
ZJ018102,0.014936806,0.00056787883,0.08755732,0.10593711,0.006788352,0.34158945,0.00078969845,0.44183344
ZJ018103,0.86851245,0.008287667,0.011278811,0.00015495229,0.0011589742,0.00054816337,0.10018798,0.009871103
ZJ018104,0.0073421854,0.012737043,0.0945778,9.196063e-05,0.012157995,0.8654694,0.0047092335,0.0029143507
ZJ018105,0.40300053,0.17097302,0.10496848,0.00079674675,0.011695133,0.08568684,0.20582874,0.017050568
ZJ018106,0.00028355315,5.4729404e-05,0.0006258305,0.00010190472,1.8151653e-05,0.9958884,0.0028532909,0.0001741469
ZJ018107,0.15160026,0.15305589,0.07153027,0.0013075741,0.0022092976,0.036242995,0.42807716,0.15597655
ZJ018108,0.15249033,0.18805149,0.13381222,0.007888869,0.005514331,0.015359095,0.41520438,0.081679314
ZJ018109,0.039697338,0.010782892,0.06262034,0.41959015,0.00065519416,0.00022642026,0.008823715,0.45760393
ZJ018110,0.34579733,0.0897364,0.19379637,0.0014286283,0.018253487,0.0063889516,0.27203408,0.07256476
ZJ018111,0.069977425,0.009705265,0.12343573,0.5302678,0.023965884,0.031506684,0.0026255094,0.20851585
ZJ018112,0.04038946,0.0526228,0.028316477,0.0066956086,0.016545216,0.57671547,0.23407596,0.044638995
ZJ018113,0.21541195,0.008381731,0.17036234,0.1578324,0.0013960424,0.21654288,0.0021917357,0.22788091
ZJ018114,0.89230835,0.009969263,0.014417606,0.00042488694,0.04050671,0.001296191,0.032126453,0.008950415
ZJ018115,0.25075528,0.10519326,0.11952999,0.0057556466,0.0142522,0.0034651542,0.43508375,0.065964684
ZJ018116,0.23831579,0.14135912,0.035699364,0.0133164115,0.0038727745,0.014494301,0.46337575,0.089566484
ZJ018117,0.2201928,0.04897956,0.29129294,0.0018127277,0.12271242,0.015475759,0.25013337,0.049400445
ZJ018118,0.55565405,0.08418444,0.12291737,0.004208696,0.019706389,0.018292844,0.14312312,0.051913034
ZJ018119,0.20995197,0.03952871,0.16932203,0.0007886751,0.014393182,0.012180304,0.5470862,0.0067489664
ZJ018120,0.16637583,0.2975336,0.06117913,0.092785865,0.019223947,0.005124752,0.26582897,0.09194796
ZJ018121,0.40100303,0.016584458,0.08664951,0.0005306919,0.019032966,0.0045337705,0.46630856,0.005356934
ZJ018122,0.363704,0.115189046,0.15006256,0.0038259549,0.015342659,0.002731566,0.28797668,0.061167564
ZJ018123,0.18286397,0.1119962,0.12553312,0.007492632,0.009973476,0.0019483432,0.50522983,0.054962467
ZJ018124,0.17433238,0.12211791,0.032189183,0.12383457,0.0056626145,0.00070035044,0.39709893,0.14406401
ZJ018125,0.6926974,0.08748192,0.076084755,0.0059598344,0.012124681,0.0054738643,0.10323264,0.016944954
ZJ018126,0.17553413,0.0659405,0.12474383,0.0020637282,0.18074259,0.010597346,0.3952459,0.045131963
ZJ018127,0.15261784,0.3132764,0.100665554,0.08192285,0.0397525,0.013033071,0.26891163,0.02982019
ZJ018128,0.050080694,0.016898695,0.077985115,0.14271884,0.005992449,0.00057762576,0.007181692,0.6985649
ZJ018129,0.47787467,0.15874833,0.12489387,0.003757911,0.021627598,0.015376907,0.11923126,0.078489475
ZJ018130,0.1438177,0.59887266,0.08963319,0.013170873,0.0021237086,0.0034952075,0.015381324,0.13350533
ZJ018131,0.073402815,0.7737205,0.038413934,0.00014608364,0.00072587625,0.009291014,0.100850165,0.0034495934
ZJ018132,0.13506217,0.0046736845,0.42998224,0.1551751,0.0044057686,0.18286932,0.005191513,0.08264017
ZJ018133,0.08794558,0.52913296,0.12850855,0.002375892,0.001384425,0.007144308,0.16503792,0.078470394
ZJ018134,0.24485269,0.10749048,0.17685893,0.07215143,0.019376447,0.0026966725,0.008343228,0.36823004
ZJ018135,0.30649173,0.17422578,0.078804225,0.077747166,0.056956228,0.020951714,0.22295153,0.0618716
ZJ018136,0.018021964,0.93465453,0.011711324,0.005903256,4.3836582e-05,0.0024562464,0.004971085,0.022237739
ZJ018137,0.042153943,0.3240749,0.38597253,0.00054669194,0.16729467,0.05098363,0.019851103,0.009122584
ZJ018138,0.045563214,0.25347888,0.18891357,0.000387505,0.08109238,0.08428522,0.25324857,0.0930307
ZJ018139,0.22173555,0.37538072,0.068739064,0.03397367,0.016335199,0.040634736,0.16622306,0.07697797
ZJ018140,0.17737393,0.12523961,0.051854875,0.122134596,0.010431882,0.010242037,0.37632003,0.12640305
ZJ018141,0.12688603,0.093998,0.30740944,0.0005800351,0.009993728,0.10175594,0.32878608,0.030590829
ZJ018142,0.12525143,0.016198164,0.10667941,0.00020291617,0.001154458,0.03414943,0.70435977,0.012004499
ZJ018143,0.09802612,0.043856908,0.23814161,0.010645895,0.0042179846,0.075731866,0.5148485,0.014531158
ZJ018144,0.60244644,0.044718795,0.10289373,0.0040096403,0.002274114,0.005345336,0.2281191,0.010192749
ZJ018145,0.08685361,0.08937341,0.27285975,0.0018777731,0.0009965075,0.007498007,0.52539724,0.015143641
ZJ018146,0.26419142,0.053802498,0.23646615,0.0005192335,0.027368061,0.0018709145,0.33185235,0.083929375
ZJ018147,0.058309536,0.07101693,0.088858455,0.29533988,0.024243569,0.018092358,0.015473649,0.4286656
ZJ018148,0.37183565,0.054064095,0.26084942,0.033860292,0.0062832707,0.008824607,0.034613114,0.2296696
ZJ018149,0.069411434,0.0038142889,0.0977253,0.36647627,0.0035306367,0.41279793,0.003064605,0.043179587
ZJ018150,0.23382978,0.12777904,0.16217606,0.013252791,0.008154657,0.03675859,0.3818728,0.036176264
ZJ018151,0.76200163,0.00072840496,0.015865345,0.045208316,0.14927712,0.005031174,0.0032013664,0.018686626
ZJ018152,0.20881152,0.39076483,0.10358018,0.0039447513,0.006948306,0.029231034,0.22929923,0.027420167
ZJ018153,0.45272258,0.07183998,0.15515831,0.021471761,0.049042318,0.002362216,0.059682485,0.18772031
ZJ018154,0.040283564,0.0316752,0.01405945,0.0003768135,0.040060386,0.8402082,0.0187609,0.014575453
ZJ018155,0.28375518,0.092674755,0.14857605,0.0017268781,0.009326647,0.004505453,0.43154114,0.027893906
ZJ018156,0.08207679,0.048087433,0.6967774,0.0007828653,0.03439071,0.0587738,0.06598904,0.013121983
ZJ018157,0.15356566,0.0069090435,0.30087864,0.40279523,0.012649544,0.024568,0.0042981897,0.09433571
ZJ018158,0.058979772,0.0057731075,0.30126798,0.0070960023,0.20869105,0.019077692,0.0039959606,0.39511847
ZJ018159,0.10561986,0.0068761213,0.34725875,0.4123538,0.021185474,0.04597292,0.00565892,0.055074178
ZJ018160,0.066959865,0.04813315,0.028734664,0.019157935,0.00032936124,0.56710434,0.25881574,0.010764911
ZJ018161,0.16107091,0.0026573765,0.35245332,0.2648254,0.04181092,0.13982722,0.004034909,0.033319943
ZJ018162,0.28294978,0.1538412,0.072180636,0.0023673498,0.33771986,0.03284629,0.108391464,0.00970345
ZJ018163,0.072338164,0.046124626,0.19423807,0.00049358275,0.009671253,0.5276351,0.11570569,0.0337936
ZJ018164,0.32031184,0.03125346,0.24115208,0.00024329046,0.030496866,0.12373354,0.24328919,0.0095197465
ZJ018165,0.22905329,0.3765672,0.11749719,0.020659849,0.06419502,0.0050554434,0.06103797,0.12593403
ZJ018166,0.67051125,0.005531826,0.024383053,0.0002394057,0.04951077,0.15980685,0.084849894,0.005167023
ZJ018167,0.4359902,0.068572894,0.17756467,0.0028279638,0.022632033,0.0048231157,0.16289918,0.12468993
ZJ018168,0.12572517,0.12981579,0.15093628,0.024983821,0.33927277,0.068628214,0.02748528,0.13315257
ZJ018169,0.12888534,0.013927542,0.016337061,0.72949064,0.0748769,0.013452718,0.016833633,0.0061961785
ZJ018170,0.13459927,0.34409127,0.0411116,0.017293304,0.010271594,0.0012204988,0.37548786,0.0759246
ZJ018171,0.086335994,0.041591924,0.20456073,0.00038297486,0.001041456,0.024478773,0.6136484,0.0279597
ZJ018172,0.035103112,0.13256013,0.07236491,0.0006011371,0.09729215,0.5987617,0.050146677,0.013170234
ZJ018173,0.0011418893,0.0134471925,0.002969929,0.0023915635,0.02894564,0.9482249,0.00027959855,0.0025992736
ZJ018174,0.039590165,0.00270746,0.28084868,0.09888509,0.023966564,0.45068103,0.0024391017,0.1008819
ZJ018175,0.4382794,0.061740942,0.13770914,0.005256413,0.11101582,0.03165108,0.1721143,0.042232927
ZJ018176,0.29565093,0.046143305,0.17795494,0.0002622215,0.04612011,0.0036953194,0.42115912,0.009014094
ZJ018177,0.22693029,0.261507,0.06246536,0.0455179,0.022399042,0.006635792,0.2528272,0.121717386
ZJ018178,0.7339799,0.04279356,0.10753984,0.012336746,0.006356641,0.00862332,0.009450689,0.07891938
ZJ018179,0.09478348,0.022682562,0.035918914,0.000409942,0.0041931327,0.0011130981,0.81041664,0.030482206
ZJ018180,0.34794495,0.026023164,0.029412631,0.38412777,0.15798342,0.026108267,0.0217039,0.006695892
ZJ018181,0.17324637,0.36393848,0.07458202,0.0246996,0.04112434,0.008810849,0.26431516,0.0492832
ZJ018182,0.2105116,0.26589617,0.104468524,0.0031651715,0.005738761,0.010502616,0.27175036,0.12796675
ZJ018183,0.08228232,0.046982888,0.5533258,0.00013222876,0.04717858,0.005225282,0.2513874,0.013485491
ZJ018184,0.040656283,0.13671078,0.023941994,0.0010370777,0.00032306375,0.00022805072,0.7816141,0.015488607
ZJ018185,0.26608348,0.39911345,0.11813791,0.005898561,0.02746936,0.0023730947,0.122871116,0.058053035
ZJ018186,0.027558459,0.06576579,0.01781258,8.125284e-05,0.0023248075,0.28768653,0.5714231,0.02734743
ZJ018187,0.0056675375,0.0010726558,0.0023796752,0.00049017026,0.00022533485,0.9719517,0.017816018,0.00039691525
ZJ018188,0.16459031,0.024037246,0.2819435,0.00012063904,0.0005787802,0.014094162,0.49821186,0.016423507
ZJ018189,0.007363067,0.24258646,0.004324526,5.576301e-06,4.045774e-05,0.023262203,0.6845029,0.03791484
ZJ018190,0.039542258,0.591903,0.07776369,8.322448e-05,0.00066347636,0.10761194,0.055069458,0.12736294
ZJ018191,0.23073597,0.21238495,0.26484674,0.0017906749,0.0026413475,0.015534117,0.25964686,0.012419323
ZJ018192,0.17870161,0.05299888,0.28957644,0.0020442444,0.005712701,0.020125724,0.37826177,0.07257857
ZJ018193,0.084465444,0.050443728,0.32536253,0.002756753,0.0010696823,0.008746437,0.5096381,0.017517313
ZJ018194,0.0013200454,0.00018784286,0.0044305045,6.58746e-05,0.00014219798,0.98981905,0.0011363934,0.002898066
ZJ018195,0.004024492,0.024945112,0.025428459,0.00021671518,0.0013175963,0.9383799,0.0031695282,0.0025182255
ZJ018196,0.116083525,0.012022071,0.15839271,0.35053393,0.030648854,0.07175307,0.004264503,0.25630134
ZJ018197,0.049295366,0.036564633,0.13724549,0.00085533666,0.47095206,0.0024999562,0.2677094,0.0348778
ZJ018198,0.11985959,0.0418803,0.34758064,0.00079681724,0.0013372741,0.031013781,0.35650784,0.1010238
ZJ018199,0.13141799,0.003327172,0.13329123,0.37600845,0.003279046,0.0031135865,0.0073862886,0.34217626
ZJ018200,0.05912538,0.84488213,0.017051619,0.00026643125,0.00078135787,0.00360449,0.05952437,0.014764173
ZJ018201,0.1538862,0.004649392,0.36703902,0.4078771,0.00074640074,0.009480939,0.0038836817,0.052437298
ZJ018202,0.18719402,0.005229903,0.14460962,0.28335118,0.0053783148,0.019041987,0.0048050587,0.35039
ZJ018203,0.18521747,0.16841827,0.23298332,0.00040073568,0.00035749903,0.0035308897,0.40070266,0.00838922
ZJ018204,0.1578582,0.0037672604,0.15136632,0.35121518,0.0035716528,0.003851385,0.0032953196,0.32507467
ZJ018205,0.69983,0.028949304,0.11075701,0.0075648497,0.0077974033,0.0045176554,0.021347772,0.11923596
ZJ018206,0.34691042,0.06221326,0.18164502,0.0055556553,0.18009664,0.004837075,0.14361912,0.07512283
ZJ018207,0.19599771,0.13108264,0.095405936,0.00045282458,0.009988376,0.35449457,0.16974278,0.042835135
ZJ018208,0.0891027,0.02004719,0.2678648,0.0006018762,0.0024424228,0.050512247,0.5376999,0.03172892
ZJ018209,0.17452063,0.046410445,0.054023605,0.0021051506,0.006301052,0.034783546,0.6577577,0.024097903
ZJ018210,0.32274982,0.24884003,0.15437703,0.00094289304,0.0017543507,0.038390283,0.18236753,0.05057806
ZJ018211,0.2256359,0.11583902,0.14348833,0.0048663663,0.0025357401,0.00997171,0.37552756,0.12213541
ZJ018212,0.13851358,0.001400858,0.16416238,0.31734014,0.31801635,0.011409564,0.0008660621,0.04829104
ZJ018213,0.39242062,0.08475368,0.2900684,0.00023456286,0.004717662,0.008818535,0.1993524,0.019634096
ZJ018214,0.20204072,0.07992242,0.12580223,0.0025749991,0.32188448,0.02210802,0.2165005,0.029166715
ZJ018215,0.14717984,0.26051623,0.09460976,0.000188687,0.0005008732,0.010596814,0.46800676,0.01840099
ZJ018216,0.0339357,0.08150843,0.03332952,0.00017355186,0.11713664,0.72251415,0.008775808,0.00262619
ZJ018217,0.92343956,0.0032553782,0.026691997,0.00052589894,0.031483687,0.00032499488,0.0033852411,0.010893219
ZJ018218,0.06258285,0.4659417,0.30132768,0.0003061002,0.00043911918,0.00030821396,0.15637355,0.012720824
ZJ018219,0.09363007,0.7699415,0.07354062,0.002977709,0.00073555147,0.0019238961,0.02444661,0.032804005
ZJ018220,0.13367663,0.13246736,0.26524282,0.0010245775,0.017806057,0.0701201,0.34354633,0.036116194
ZJ018221,0.11098116,0.20381339,0.5204608,7.8789584e-05,0.0015613467,0.00048215486,0.14222687,0.020395467
ZJ018222,0.5822656,0.0233614,0.051992018,0.0007612041,0.20301133,0.0010490224,0.11819608,0.019363232
ZJ018223,0.124813855,0.18306069,0.098762475,0.0023940022,0.0012160477,0.038790286,0.42171735,0.12924533
ZJ018224,0.20340064,0.014692624,0.24970612,0.3858926,0.002858094,0.020965034,0.011293248,0.111191615
ZJ018225,0.15427032,0.22046809,0.24623653,0.0001646204,0.0003466158,0.0025086321,0.3713464,0.004658733
ZJ018226,0.11106915,0.0641586,0.26896948,0.00090784504,0.0017526038,0.04108832,0.49291682,0.019137152
ZJ018227,0.5790511,0.06252563,0.07791454,4.809692e-05,0.013323901,0.043204,0.22077379,0.0031589693
ZJ018228,0.54054,0.007053659,0.23651934,0.061488975,0.037410975,0.061036307,0.0065261736,0.049424645
ZJ018229,0.16914907,0.008794421,0.12864724,0.0022317057,0.35719594,0.03986306,0.28212762,0.011990934
ZJ018230,0.048110135,0.041794106,0.028691784,0.0035353722,0.0011478837,0.8494429,0.009452058,0.017825745
ZJ018231,0.30412915,0.041692838,0.103353225,0.00013255561,0.0026508772,0.022707293,0.522039,0.003295104
ZJ018232,0.15916397,0.30168444,0.12428833,0.0024093003,0.006072544,0.03653802,0.23919432,0.13064909
ZJ018233,0.161908,0.021038678,0.136741,0.35450074,0.017921405,0.023133479,0.0044725705,0.2802841
ZJ018234,0.048826765,0.005118876,0.21873635,0.0974611,0.006820606,0.043488067,0.0029184741,0.5766298
ZJ018235,0.123847745,0.0013564834,0.59660524,0.12681678,0.019715449,0.041192513,0.001655674,0.08881015
ZJ018236,0.02815163,0.03732273,0.25414547,0.0008679549,0.04907226,0.59201515,0.022581918,0.015842946
ZJ018237,0.2617396,0.003629728,0.1939366,0.10659134,0.0014050943,0.098645926,0.0013084577,0.3327433
ZJ018238,0.120946296,0.0053259735,0.23812546,0.34687963,0.037908964,0.0032965234,0.0041632084,0.24335393
ZJ018239,0.09201814,0.07369802,0.5276218,0.00026558826,0.0005094328,0.020258805,0.2574234,0.028204856
ZJ018240,0.2002458,0.17226931,0.086296596,0.08622682,0.03305484,0.0059096795,0.33593193,0.08006504
ZJ018241,0.11367599,0.006939266,0.548678,0.08401505,0.16323012,0.032040916,0.009675155,0.041745547
ZJ018242,0.34436548,0.010078383,0.24188443,0.0020322741,0.0065200324,0.1379778,0.24667048,0.010471134
ZJ018243,0.017670635,0.08176334,0.2315371,0.00021424035,0.029840553,0.60243714,0.02657752,0.009959449
ZJ018244,0.101405665,0.0049884226,0.5654215,0.1040693,0.00816618,0.09167315,0.0037829778,0.12049273
ZJ018245,0.15794471,0.16836856,0.37701395,0.0012203762,0.004443424,0.029402671,0.25299114,0.008615208
ZJ018246,0.0010939032,2.064324e-05,0.001072573,0.00030662323,0.0003150681,0.99695563,0.00015269463,8.289286e-05
ZJ018247,0.5038105,0.037252486,0.11559644,0.0030264743,0.20045741,0.0032875212,0.110575765,0.02599337
ZJ018248,0.17776647,0.0304509,0.37925333,0.0002836622,0.0072362977,0.03947767,0.357997,0.0075346287
ZJ018249,0.16302222,0.037899937,0.19555303,0.00046293315,0.1181029,0.062325355,0.40604162,0.016591972
ZJ018250,0.31028202,0.13863657,0.27398255,0.0007910863,0.008160935,0.031144997,0.2274113,0.009590538
ZJ018251,0.14783542,0.0048880344,0.50884247,0.2531806,0.0043669804,0.022531534,0.0042401827,0.0541148
ZJ018252,0.04225117,0.020287614,0.35494313,0.013313797,0.0014973638,0.11547085,0.42825451,0.023981541
ZJ018253,0.2873332,0.42014894,0.07050362,0.011684369,0.027574575,0.0006952317,0.12554447,0.056515586
ZJ018254,0.2740355,0.09659947,0.33513033,0.039001152,0.005328891,0.004605999,0.15022567,0.09507297
ZJ018255,0.9119102,0.010384955,0.017189512,0.00017328578,0.006199971,0.001097953,0.048174664,0.0048695114
ZJ018256,0.18404178,0.0022016133,0.58028823,0.04966562,0.019188173,0.013018813,0.0029083788,0.1486874
ZJ018257,0.28696656,0.075370744,0.15756515,0.003747043,0.027536605,0.002320398,0.43191177,0.014581733
ZJ018258,0.118634194,0.6643109,0.09350021,0.00025878413,0.00035855212,0.0056328755,0.07353275,0.04377171
ZJ018259,0.007424839,0.7544891,0.01031282,4.788172e-05,6.8114605e-05,0.024295453,0.14130399,0.06205773
ZJ018260,0.36211276,0.0028732177,0.31269798,0.046880193,0.0033375272,0.008113727,0.0021112184,0.26187336
ZJ018261,0.1994117,0.45663908,0.08563777,0.00029195592,0.00080313045,0.023699703,0.2269418,0.0065749297
ZJ018262,0.032254152,0.042521834,0.015335249,0.00013145899,0.2746723,0.6006369,0.032273743,0.0021742955
ZJ018263,0.33722308,0.13390023,0.083460376,0.0017998908,0.22332042,0.013259086,0.1863031,0.020733781
ZJ018264,0.020840336,0.92552423,0.010603574,0.00016475667,0.0023987286,0.0060737324,0.030376738,0.004017933
ZJ018265,0.157154,0.07787917,0.22686315,0.000702704,0.0024136533,0.009405204,0.50269794,0.022884114
ZJ018266,0.19455233,0.004633661,0.1167179,0.23623776,0.002461863,0.0053697033,0.004713972,0.43531284
ZJ018267,0.121848635,0.011703202,0.14294904,0.37160805,0.020310894,0.019766938,0.0035201896,0.30829304
ZJ018268,0.18282235,0.023281246,0.28418827,0.0077706724,0.0060338485,0.0740925,0.40925598,0.012555135
ZJ018269,0.08984419,0.0047525954,0.171808,0.67886037,0.0003391479,0.0031344334,0.00301606,0.048245188
ZJ018270,0.14504984,0.0067495024,0.16602564,0.10255245,0.29433653,0.06543414,0.014447298,0.20540465
ZJ018271,0.1397769,0.0062933713,0.08306395,0.46580026,0.015981294,0.24248852,0.0071221944,0.03947343
ZJ018272,0.86823314,0.0055681877,0.010463613,4.7114198e-05,0.0896781,0.0014011991,0.023397189,0.0012115175
ZJ018273,0.07803917,0.036825087,0.111874,0.019474141,0.005478959,0.6066066,0.09183447,0.04986758
ZJ018274,0.22395962,0.48688704,0.059555314,0.00036262212,0.00026899233,0.031062752,0.1905521,0.0073515833
ZJ018275,0.32318592,0.054541137,0.25435096,0.04280327,0.007963833,0.006946999,0.032261528,0.27794635
ZJ018276,0.23686981,0.038373686,0.112159126,0.0008633394,0.20250404,0.009949492,0.3476237,0.051656757
ZJ018277,0.13922907,0.08395321,0.26669353,0.0024724242,0.032120045,0.1533508,0.25624558,0.06593533
ZJ018278,0.24737293,0.06686498,0.22805917,0.10185226,0.08841856,0.047633663,0.11940308,0.10039537
ZJ018279,0.20062934,0.2252136,0.16201131,0.004630634,0.012409948,0.019659873,0.2155148,0.15993054
ZJ018280,0.119390376,0.0063484134,0.3819743,0.00015255915,0.0009749806,0.025878932,0.46141598,0.003864496
ZJ018281,0.31188163,0.02827864,0.2584593,0.0012899732,0.009001199,0.10324014,0.22659968,0.06124945
ZJ018282,0.35322192,0.15865202,0.21907485,0.00046398368,0.0037243403,0.025316866,0.22936377,0.01018228
ZJ018283,0.18156499,0.46719208,0.18992424,0.00038803942,0.0011690896,0.006128207,0.13173011,0.02190332
ZJ018284,0.25903168,0.0026169838,0.1342129,0.16900793,0.0010851014,0.13110757,0.0018557197,0.3010821
ZJ018285,0.2651044,0.09958621,0.14416048,0.00015888699,0.001617394,0.29167938,0.19088018,0.006813054
ZJ018286,0.26252162,0.17759362,0.052492727,0.12869583,0.03585106,0.04763419,0.19636577,0.09884516
ZJ018287,0.288021,0.016944773,0.018365726,0.37859592,0.27021924,0.008769143,0.013417018,0.0056671808
ZJ018288,0.2792432,0.0046310024,0.2298778,0.023108404,0.18240914,0.0745843,0.016271153,0.18987496
ZJ018289,0.22577655,0.05103028,0.2568639,0.00039129038,0.04561079,0.059792947,0.3407111,0.019823141
ZJ018290,0.17128691,0.27552894,0.102685936,0.0028810923,0.0044497685,0.00071719,0.3757383,0.06671188
ZJ018291,0.54894346,0.0013384288,0.040932994,0.012968021,0.36293173,0.008028788,0.0012376277,0.023618951
ZJ018292,0.05291712,0.008264795,0.18011671,0.00038724713,0.003956111,0.5368107,0.2095251,0.008022235
ZJ018293,0.19790481,0.0833863,0.28711477,0.00031674706,0.011903012,0.023561187,0.3625888,0.033224363
ZJ018294,0.1519493,0.0066872505,0.11821439,0.4578891,0.037920672,0.011735639,0.017376563,0.1982271
ZJ018295,0.09889817,0.0016592286,0.23412102,0.5533014,0.0026863583,0.013887832,0.0039822054,0.09146379
ZJ018296,0.058699112,0.6273414,0.04870975,0.005626471,0.017490704,0.006026843,0.21395953,0.022146234
ZJ018297,0.25500226,0.0068830904,0.016232423,0.5441058,0.15481332,0.0026008575,0.013971051,0.006391129
ZJ018298,0.11727205,0.0121267,0.270648,0.2149356,0.02587312,0.07968066,0.004273549,0.27519035
ZJ018299,0.2589511,0.0013080161,0.12454612,0.15555759,0.17320809,0.05223559,0.01674693,0.21744664
ZJ018300,0.12615402,0.0022295595,0.04042255,0.00062188215,0.796792,0.022051001,0.008730045,0.0029990042
ZJ018301,0.14784056,0.27878052,0.095794626,0.040816326,0.024983864,0.007436855,0.33666682,0.067680456
ZJ018302,0.04820082,0.039738506,0.09437954,0.45000535,0.014132179,0.11315405,0.0011882053,0.23920129
ZJ018303,0.17303157,0.03473327,0.26796436,0.0003417843,0.0015106837,0.032624874,0.45689228,0.03290116
ZJ018304,0.011850748,0.84126705,0.011439905,1.473599e-05,0.000119633885,0.007037255,0.085606635,0.04266404
ZJ018305,0.07825376,0.02926989,0.12309009,0.01849857,0.0032847468,0.011269126,0.7235195,0.012814288
ZJ018306,0.060748924,0.15824568,0.2723982,0.0010595253,0.0006732336,0.0022295816,0.4938304,0.010814448
ZJ018307,0.07244957,0.0239598,0.29315102,0.00076593726,0.00438616,0.005732346,0.56558174,0.033973515
ZJ018308,0.30061376,0.043338984,0.08668028,0.01815162,0.0075890203,0.009014514,0.4361617,0.0984501
ZJ018309,0.31067342,0.101665504,0.18212776,0.0030470225,0.0016695906,0.022535974,0.3214907,0.05679002
ZJ018310,0.13983278,0.6595344,0.07226997,0.033264067,0.0008582715,0.0012155933,0.008987153,0.08403781
ZJ018311,0.37577337,0.04213997,0.3218439,0.051081326,0.005352131,0.006908405,0.057063945,0.13983694
ZJ018312,0.16705023,0.031342525,0.26591298,0.0009654518,0.00083194394,0.06255868,0.4191564,0.052181724
ZJ018313,0.1438057,0.13219638,0.20554537,0.00047310165,0.0084913615,0.003383281,0.49907148,0.0070333392
ZJ018314,0.44857007,0.04850841,0.06734781,0.0021366929,0.30464378,0.005511685,0.11209258,0.011188934
ZJ018315,0.47664768,0.09651185,0.11628268,0.03418904,0.04567984,0.0038542452,0.07668201,0.15015267
ZJ018316,0.01401559,0.35639402,0.16913547,0.00079861097,0.19400421,0.2433179,0.016818032,0.005516104
ZJ018317,0.01536417,0.9398718,0.013111662,9.237162e-05,8.4147265e-05,0.002376672,0.026600078,0.0024991245
ZJ018318,0.13630429,0.0036708168,0.61320126,0.05938105,0.0071670883,0.037314195,0.0056524826,0.1373088
ZJ018319,0.12928914,0.01899979,0.060570728,0.0009994253,0.01636325,0.11580675,0.6464485,0.011522403
ZJ018320,0.23375319,0.14531778,0.1540568,0.010353517,0.26919785,0.004032944,0.12638232,0.056905627
ZJ018321,0.06717414,0.631929,0.16708998,0.0002401512,0.0012959207,0.03795558,0.092294104,0.0020211479
ZJ018322,0.2504731,0.07047341,0.16213058,0.0004130064,0.045960184,0.045215845,0.39009845,0.035235424
ZJ018323,0.16233703,0.025099125,0.3668593,0.00017445238,0.000469995,0.050621793,0.37633532,0.018103007
ZJ018324,0.8678351,0.012835196,0.021062095,0.01154365,0.03255493,0.00075052463,0.010270225,0.043148234
ZJ018325,0.15050471,0.0057325633,0.15131782,0.26432636,0.0050255107,0.027210498,0.0055467146,0.39033583
ZJ018326,0.0688474,0.81659025,0.019974131,6.030018e-05,0.0020873349,0.00080088177,0.0814847,0.010155045
ZJ018327,0.17086382,0.0009615113,0.19006233,0.17321621,0.005018752,0.06542801,0.004394755,0.39005458
ZJ018328,0.35842758,0.1017149,0.08807248,0.035655722,0.085813336,0.1657254,0.12839606,0.036194474
ZJ018329,0.15627085,0.09809267,0.3412718,0.0028274371,0.033782687,0.024374966,0.25428537,0.08909429
ZJ018330,0.3306829,0.2763653,0.17967851,0.0054699383,0.005433902,0.03633629,0.11555283,0.05048031
ZJ018331,0.38082665,0.06773977,0.16680641,0.011011823,0.021637028,0.009684723,0.30994266,0.032350913
ZJ018332,0.33857733,0.0855297,0.17542064,0.110657096,0.082630016,0.0092491405,0.020456724,0.17747942
ZJ018333,0.1296311,0.013888084,0.4886246,0.15108185,0.02887319,0.07269841,0.016500745,0.09870204
ZJ018334,0.31715566,0.09289519,0.115006655,0.0015827506,0.012824225,0.0026031602,0.42564836,0.032284
ZJ018335,0.17625827,0.112047166,0.12898242,0.0018668249,0.09157079,0.004874107,0.44448584,0.039914563
ZJ018336,0.3736926,0.20318796,0.087337896,0.00402524,0.010833612,0.01837338,0.2605992,0.041950095
ZJ018337,0.16413358,0.07720075,0.4120152,0.0009906444,0.0016326603,0.019337839,0.31714314,0.0075462493
ZJ018338,0.116010986,0.3763812,0.08959539,0.06218879,0.011481926,0.0060935537,0.28975028,0.04849788
ZJ018339,0.20259781,0.30783767,0.19945288,0.0006569636,0.00054916943,0.040877327,0.21538317,0.032644995
ZJ018340,0.1725974,0.3370724,0.12804416,0.004074653,0.008462965,0.019496968,0.272698,0.057553485
ZJ018341,0.19485448,0.18643019,0.106405005,0.06756087,0.02825284,0.022939486,0.29914764,0.094409525
ZJ018342,0.37624988,0.21407671,0.16410762,0.00034812614,0.011109152,0.012770986,0.16671441,0.054623127
ZJ018343,0.14934593,0.004010399,0.16621816,0.29692364,0.0068507874,0.011650478,0.0037126872,0.36128795
ZJ018344,0.40146935,0.020294534,0.048230723,0.35508764,0.05757227,0.037049312,0.04365844,0.03663772
ZJ018345,0.3002758,0.236117,0.20034212,0.0051421067,0.02092729,0.0052971486,0.14757825,0.084320284
ZJ018346,0.026011767,0.019029284,0.027556561,0.010559553,0.0008177252,0.8740924,0.021751106,0.020181537
ZJ018347,0.12048399,0.099932946,0.30376458,0.025390863,0.10260879,0.16599064,0.13727917,0.04454908
ZJ018348,0.13855922,0.036681067,0.17446111,0.23947237,0.023467349,0.02609477,0.004544299,0.35671982
ZJ018349,0.17580841,0.2177027,0.13917,0.005036046,0.022418035,0.014805419,0.38334516,0.041714255
ZJ018350,0.769319,0.010432038,0.013062066,0.0014896196,0.13929626,0.0065993397,0.03450751,0.025294159
ZJ018351,0.16708483,0.2959444,0.14919096,0.0037362732,0.005855345,0.029646663,0.30578154,0.042760067
ZJ018352,0.021423457,0.042336587,0.045525488,0.054312497,0.0021521072,0.745236,0.07509072,0.013923146
ZJ018353,0.050762244,0.7367682,0.047468476,0.0051989034,0.016391713,0.0017902466,0.11540337,0.026216846
ZJ018354,0.576277,0.031405706,0.09819703,0.0039327745,0.04412785,0.016665166,0.21338603,0.016008431
ZJ018355,0.036999658,0.020457525,0.040796723,0.021219896,0.005299924,0.8165894,0.044165395,0.014471474
ZJ018356,0.26674175,0.04066871,0.04013229,0.4451661,0.105400845,0.03983308,0.04600262,0.016054587
ZJ018357,0.36222023,0.0671707,0.09556394,0.027634446,0.028555911,0.032056995,0.23920815,0.14758965
ZJ018358,0.2961392,0.19242513,0.18502128,0.008975025,0.14757566,0.0012220644,0.103503585,0.06513813
ZJ018359,0.35443172,0.07858868,0.18459831,0.0012914685,0.0021190243,0.012989908,0.27599335,0.089987606
ZJ018360,0.81981444,0.0018733579,0.007893668,0.00018365051,0.16255052,0.0011006559,0.004845688,0.00173803
ZJ018361,0.36978662,0.05099988,0.18221304,0.0027545337,0.07950071,0.008507996,0.28356126,0.022675885
ZJ018362,0.24964395,0.30963862,0.17528622,0.06278325,0.0048405193,0.0108137885,0.18003252,0.006961109
ZJ018363,0.105396755,0.6160076,0.06415433,0.02021269,0.025473865,0.014901339,0.13046993,0.023383433
ZJ018364,0.38680193,0.08238623,0.36222756,0.0067820763,0.01888067,0.011001043,0.028723054,0.103197455
ZJ018365,0.3028221,0.08497762,0.119637296,0.06852735,0.016313711,0.0038779147,0.062475532,0.3413685
ZJ018366,0.24327977,0.34637216,0.2109627,0.0009651927,0.0016995122,0.008661974,0.1268935,0.061165165
ZJ018367,0.021390157,0.011811023,0.038592506,0.53245574,0.0019899954,0.00018328008,0.005056362,0.3885209
ZJ018368,0.22885945,0.039808773,0.257234,0.0002591764,0.0007743124,0.005072965,0.44786793,0.020123404
ZJ018369,0.096899554,0.4910976,0.072173685,0.0063099894,0.017866565,0.0039709476,0.27582276,0.035858847
ZJ018370,0.021133075,0.033556342,0.93298334,0.00026794424,9.960485e-06,0.0018899803,0.0019584303,0.0082008885
ZJ018371,0.19030143,0.058584373,0.1398907,0.011554934,0.36761737,0.026272317,0.1372652,0.06851368
ZJ018372,0.2961396,0.008982017,0.012172469,0.5773172,0.056648012,0.004654348,0.03057975,0.013506592
ZJ018373,0.0857409,0.0027224272,0.101985924,0.51196295,0.0024108775,0.0116712665,0.003171638,0.28033403
ZJ018374,0.59453654,0.042354867,0.09608176,0.0009754346,0.0043930947,0.07872156,0.16642012,0.016516639
ZJ018375,0.14335449,0.004627612,0.23935278,0.48961815,0.038401984,0.023636231,0.0021803759,0.05882838
ZJ018376,0.21106334,0.048073135,0.031563662,0.002875462,0.0025856819,0.0037362806,0.6754631,0.024639314
ZJ018377,0.11479235,0.19868052,0.42656434,0.0011191403,0.0023486663,0.087675035,0.16022572,0.008594322
ZJ018378,0.054765455,0.044213213,0.57496625,0.0010611926,0.026406396,0.23374484,0.043627385,0.021215228
ZJ018379,0.050441068,0.019193454,0.08741048,0.018616034,0.013890004,0.7426834,0.043325968,0.024439506
ZJ018380,0.28387633,0.20448834,0.2432069,0.055590298,0.0510518,0.0029737742,0.010480583,0.14833201
ZJ018381,0.031807274,0.008253328,0.038042743,0.01192154,0.009161538,0.8547758,0.027162492,0.018875208
ZJ018382,0.05771915,0.03712853,0.32950062,0.007326363,0.00061163004,0.0249887,0.49511218,0.047612857
ZJ018383,0.09317645,0.43959683,0.081477515,0.018315207,0.0054997504,0.105130464,0.22614653,0.030657206
ZJ018384,0.21324697,0.3465057,0.093148254,0.001287924,0.007253106,0.0035991692,0.27441695,0.06054196
ZJ018385,0.03324919,0.0066855135,0.0060610697,9.1555805e-05,0.0007440573,0.0005526484,0.949214,0.0034019302
ZJ018386,0.17467865,0.10551425,0.05791897,0.018459784,0.036069404,0.013369636,0.5204926,0.07349663
ZJ018387,0.117236614,0.0033315124,0.5121804,0.06331847,0.021258812,0.01500407,0.0038717429,0.26379833
ZJ018388,0.024125578,0.8542739,0.03017652,4.4805474e-05,0.0010321764,0.022705803,0.023997087,0.043644134
ZJ018389,0.5083122,0.071941145,0.12512714,0.0010249208,0.05366589,0.004636929,0.1406095,0.094682276
ZJ018390,0.3886237,0.16352564,0.28284097,0.0009780157,0.00503724,0.03772817,0.072327755,0.04893852
ZJ018391,0.12405896,0.0072317887,0.37385106,0.07248092,0.009587867,0.023306152,0.0050554555,0.38442782
ZJ018392,0.070683815,0.0031714775,0.114431575,0.4142942,0.008736234,0.33820525,0.0031269605,0.047350474
ZJ018393,0.004808564,0.0003298671,0.017921126,0.00033572596,0.0024568753,0.96997154,0.0017969504,0.00237938
ZJ018394,0.10733518,0.035565704,0.21308231,0.0047009266,0.013587777,0.06181553,0.55429447,0.009618093
ZJ018395,0.7274486,0.025722807,0.091229185,0.036459614,0.006873024,0.0018036017,0.02579132,0.084671855
ZJ018396,0.30786115,0.034688715,0.12598142,0.00041098616,0.008079012,0.008712438,0.51038677,0.003879369
ZJ018397,0.07756522,0.0074699465,0.2539619,0.24957086,0.0011015991,0.10800192,0.004452465,0.29787618
ZJ018398,0.34339464,0.21998267,0.15162745,0.0006285205,0.008430834,0.08588945,0.14493653,0.04510987
ZJ018399,0.1349429,0.051472697,0.2946812,0.0010634975,0.0026006228,0.038815632,0.4160653,0.06035821
ZJ018400,0.31098175,0.101517215,0.17098932,0.039696597,0.16820966,0.011726992,0.113140516,0.08373803
ZJ018401,0.024502503,0.004141747,0.02752182,0.0002601098,0.0003098877,0.0043760724,0.89990187,0.038985915
ZJ018402,0.13733535,0.06617385,0.17570296,0.0027016043,0.020951895,0.1923374,0.23227024,0.17252669
ZJ018403,0.28224754,0.097779006,0.09080032,0.00049977336,0.0032421045,0.006273609,0.48510563,0.034052026
ZJ018404,0.1377126,0.026632283,0.08094114,0.0770937,0.004758428,0.003813519,0.015963377,0.65308493
ZJ018405,0.080396816,0.022874728,0.13260649,0.025867084,0.0021686817,0.0044966955,0.7204994,0.011090161
ZJ018406,0.15160325,0.16181879,0.043018885,0.06273299,0.01623616,0.004121022,0.4347384,0.12573044
ZJ018407,0.015414062,0.008466985,0.6511036,0.00058216805,0.0026692345,0.30793232,0.0057646735,0.008066931
ZJ018408,0.014012214,0.48479208,0.21931347,0.000100367906,0.09973696,0.17148046,0.006413062,0.0041513857
ZJ018409,0.06277351,0.0023421033,0.18119666,0.21876101,0.0031173625,0.018392147,0.009001699,0.5044155
ZJ018410,0.16112386,0.0068645407,0.093785405,0.04293419,0.5804498,0.035853986,0.021711739,0.057276394
ZJ018411,0.0017277589,8.151436e-05,0.0073195226,0.0006961477,3.220896e-05,0.9842764,0.0023157166,0.0035506957
ZJ018412,0.7080818,0.002036929,0.04284574,0.11703468,0.051849086,0.0019431488,0.004332364,0.07187624
ZJ018413,0.32771242,0.10115709,0.16278194,0.00023071539,0.006439444,0.0077642254,0.3808347,0.013079425
ZJ018414,0.19331087,0.3324751,0.11447619,0.025384424,0.07873899,0.0077388333,0.17449887,0.07337674
ZJ018415,0.00012063557,5.694739e-06,0.00014865902,4.877858e-05,1.1936735e-05,0.9993529,4.509487e-05,0.00026637927
ZJ018416,0.42524737,0.06562468,0.08249219,0.08359253,0.05307481,0.0057189334,0.05364218,0.23060732
ZJ018417,0.25412542,0.09877373,0.1514768,0.016191091,0.2697589,0.008776617,0.12456764,0.07632981
ZJ018418,0.15444233,0.41151887,0.080184914,0.03531166,0.017640775,0.015483422,0.2553819,0.030036071
ZJ018419,0.19930239,0.0032906975,0.11111203,0.0013804425,0.43602183,0.007416565,0.23762792,0.003848138
ZJ018420,0.2726877,0.23794016,0.2621693,0.012330626,0.0035702926,0.017621078,0.07949782,0.11418295
ZJ018421,0.14818239,0.006544423,0.17561918,0.3363655,0.0035160142,0.002575175,0.005855146,0.32134217
ZJ018422,0.16967821,0.0077758627,0.24634713,0.38086,0.026505155,0.118100695,0.005069347,0.045663636
ZJ018423,0.18659084,0.03316321,0.19696644,0.0004936472,0.0005343977,0.007233368,0.5624024,0.012615669
ZJ018424,0.18604633,0.31846133,0.105038375,0.019231321,0.002628235,0.012756768,0.049378116,0.3064596
ZJ018425,0.5179452,0.0013514088,0.01052343,0.36309597,0.095933504,0.003402951,0.0064653223,0.0012821531
ZJ018426,7.1847724e-05,2.507749e-06,6.316616e-05,8.909455e-06,4.6639802e-06,0.9997562,2.2589213e-05,7.010707e-05
ZJ018427,0.07876983,0.040681712,0.28463018,0.0022649155,0.004133497,0.05794866,0.5224098,0.009161428
ZJ018428,0.13141392,0.2918572,0.27382174,0.013932957,0.011935241,0.035946112,0.033612393,0.20748045
ZJ018429,0.23783706,0.15982018,0.16812162,0.0047045206,0.15834555,0.0022572998,0.20000671,0.06890702
ZJ018430,0.21943656,0.20733006,0.31567457,0.011850235,0.005799612,0.011992453,0.07260815,0.1553084
ZJ018431,0.3260279,0.012718718,0.18928102,0.33439237,0.030179137,0.0055766385,0.007270001,0.09455422
ZJ018432,0.31919938,0.24145843,0.19118719,0.00656475,0.050420895,0.00071974087,0.1129489,0.07750073
ZJ018433,0.34389812,0.092193246,0.1132782,0.018648064,0.0031053964,0.0076832455,0.31162658,0.109567136
ZJ018434,0.028179755,0.13987303,0.02542448,2.1394113e-05,0.040145934,0.75480646,0.010674588,0.00087431504
ZJ018435,0.28199574,0.10372747,0.08347388,0.0013175765,0.31377476,0.023334987,0.18088853,0.01148702
ZJ018436,0.14350496,0.016691508,0.15862668,0.33052903,0.027438512,0.014292406,0.0044795205,0.3044373
ZJ018437,0.0747412,0.03547237,0.59725416,0.0002648088,0.0002443683,0.005451109,0.25884092,0.02773109
ZJ018438,0.12674867,0.06679516,0.32707116,0.010567131,0.07221758,0.1709841,0.20672026,0.01889597
ZJ018439,0.033887297,0.79128677,0.01761958,1.8447203e-05,0.0001704985,0.029652596,0.1021666,0.02519825
ZJ018440,0.005168815,0.00538349,0.004774923,0.00069859636,0.00046389567,0.9699711,0.0038780493,0.009661079
ZJ018441,0.043935213,0.9164353,0.022030922,0.00039405565,0.0011336429,0.0006243802,0.011701531,0.003744945
ZJ018442,0.16357414,0.09425594,0.21956484,0.012405661,0.05359197,0.1795343,0.23750937,0.03956378
ZJ018443,0.21371062,0.10504095,0.21453287,0.003099542,0.0019060634,0.043950908,0.37587157,0.04188745
ZJ018444,0.2541047,0.27610037,0.18914078,0.010800695,0.0031817271,0.024318047,0.13417025,0.10818346
ZJ018445,0.17490554,0.11368049,0.2295891,0.00074399944,0.03111214,0.011797399,0.37009296,0.06807837
ZJ018446,0.17855826,0.0580156,0.23724346,0.00038422574,0.00041706354,0.017736213,0.49851266,0.00913252
ZJ018447,0.27814478,0.0009117956,0.40764844,0.12672774,0.042009052,0.024460306,0.002949114,0.11714874
ZJ018448,0.23343904,0.2870248,0.090384886,0.006489996,0.01461706,0.0024570096,0.29671463,0.06887261
ZJ018449,0.025501031,0.068752766,0.45931894,0.00030307137,0.010876131,0.38345137,0.03482821,0.01696847
ZJ018450,0.053701904,0.0071658688,0.060306262,0.0010991292,0.0017126902,0.05605127,0.80085176,0.01911112
ZJ018451,0.16643877,0.032318786,0.16335087,0.29363596,0.050458163,0.02958216,0.0039523384,0.260263
ZJ018452,0.42008874,0.12672189,0.21738388,0.04066964,0.013578905,0.009431019,0.033006687,0.13911928
ZJ018453,0.22924218,0.43217275,0.14498463,0.0024727448,0.0019492598,0.012030534,0.13291125,0.04423669
ZJ018454,0.013036649,0.11538912,0.07042449,6.815962e-05,0.005214485,0.7821295,0.01048607,0.0032514196
ZJ018455,0.12483995,0.004637566,0.13452522,0.16006361,0.09039145,0.41560626,0.005179647,0.0647563
ZJ018456,0.15597406,0.53152734,0.06350456,0.00043302943,0.007006813,0.0064205807,0.21853751,0.016596127
ZJ018457,0.20731923,0.122199774,0.14523803,0.13383494,0.026211238,0.0072912057,0.0593736,0.298532
ZJ018458,0.25012875,0.07416971,0.10426714,0.0060512656,0.0016343829,0.0018669054,0.52858603,0.033295825
ZJ018459,0.21509893,0.025091691,0.15788956,0.0034914864,0.027149947,0.45508695,0.108423054,0.0077683637
ZJ018460,0.065794684,0.0058370605,0.0794691,0.58751005,0.024287201,0.03028389,0.0019122132,0.20490587
ZJ018461,0.19148786,0.15201688,0.34393263,0.002892887,0.014086173,0.071819514,0.124329776,0.099434316
ZJ018462,0.24590582,0.08240616,0.12513532,0.19844565,0.029295245,0.019889826,0.007857264,0.29106477
ZJ018463,0.00085075817,0.0001673286,0.011180288,0.00011648366,4.5539608e-05,0.9852898,0.0007939156,0.0015558607
ZJ018464,0.27684152,0.34609854,0.17073518,0.0032593922,0.03342207,0.00072925625,0.105830684,0.06308337
ZJ018465,0.33631384,0.1351726,0.24047346,0.008272297,0.006597076,0.0045762477,0.17770714,0.09088735
ZJ018466,0.067459196,0.011805565,0.02853328,0.0008016828,0.0009158483,0.0002291594,0.8845319,0.005723279
ZJ018467,0.25200588,0.30617863,0.24349363,0.0009468984,0.0014577743,0.024221113,0.13573325,0.035962913
ZJ018468,0.06756068,0.0032094186,0.11908013,0.4239836,0.0021346898,0.003656161,0.008432245,0.3719431
ZJ018469,0.06146017,0.01901481,0.5010667,0.002104146,0.046105918,0.2974952,0.06781614,0.0049369116
ZJ018470,0.3355804,0.13441077,0.22509862,0.0002128333,0.0021189665,0.023567062,0.26048833,0.018522978
ZJ018471,0.12794624,0.15911444,0.19479561,0.1749803,0.009376571,0.011124736,0.013540764,0.30912128
ZJ018472,2.0319561e-05,8.224796e-07,3.1839183e-05,2.7692842e-05,1.404852e-06,0.9998896,4.9082714e-06,2.3398892e-05
ZJ018473,0.31430835,0.067993075,0.39492396,0.016415525,0.0036597005,0.09228205,0.03261094,0.07780644
ZJ018474,0.18400167,0.49466595,0.08926235,0.0010743365,0.0015911149,0.04791623,0.17519885,0.0062894165
ZJ018475,0.21512134,0.008867306,0.41320893,0.065037146,0.05890475,0.0220944,0.0072496966,0.20951644
ZJ018476,0.24405532,0.11739944,0.27323303,0.0012777188,0.03692795,0.0418095,0.17395234,0.111344755
ZJ018477,0.08850437,0.12007969,0.6382749,2.324171e-05,0.0021554597,0.0010523681,0.14573343,0.0041765324
ZJ018478,0.24214333,0.011466362,0.07300325,0.0013496624,0.4398141,0.0031244,0.21928158,0.009817317
ZJ018479,0.20329681,0.08214707,0.121752955,0.00062704994,0.00049237,0.0014967897,0.5524763,0.03771072
ZJ018480,0.18182342,0.17829116,0.05162639,0.033619903,0.02101394,0.00061094476,0.3886435,0.14437073
ZJ018481,0.18750189,0.3184621,0.04783925,0.12361211,0.047021378,0.007148398,0.2317995,0.03661534
ZJ018482,0.14079995,0.020360002,0.3363455,0.00012181207,0.0006737121,0.041316617,0.44226426,0.018118154
ZJ018483,0.0181743,0.0014494052,0.0077406345,0.00042610924,0.006933866,0.0027374818,0.96130633,0.0012318692
ZJ018484,0.14344285,0.008800454,0.33533862,0.011299546,0.21811944,0.12785944,0.016105698,0.13903399
ZJ018485,0.0024946318,0.00014934181,0.00077629497,3.121476e-06,4.9237256e-05,5.7556237e-05,0.9955046,0.00096523383
ZJ018486,0.4302935,0.041692898,0.078750074,0.0011871892,0.040373832,0.017404366,0.37390035,0.016397784
ZJ018487,0.05912622,0.017336162,0.2160763,0.0005362353,0.0033146862,0.44137332,0.22183987,0.040397212
ZJ018488,0.20013182,0.1352778,0.31099084,0.00022596779,0.0016595823,0.009653906,0.3262699,0.015790192
ZJ018489,0.077692464,0.013136949,0.07504805,0.0009103428,0.0024288688,0.012022012,0.8109828,0.0077785077
ZJ018490,0.6360188,0.0018957317,0.069095366,0.037518937,0.17101263,0.029008558,0.00272231,0.052727617
ZJ018491,0.1782472,0.05174573,0.29903433,0.00031416304,0.0058977106,0.0104381805,0.41725683,0.037065856
ZJ018492,0.24888803,0.019986844,0.20529774,0.0013410154,0.001455271,0.013289355,0.49438915,0.015352611
ZJ018493,0.06163569,0.017551176,0.18368268,0.0008995629,0.0022200295,0.49422416,0.19586845,0.043918174
ZJ018494,0.5182065,0.0054337615,0.23035538,0.026346955,0.14157908,0.012744635,0.009627549,0.0557062
ZJ018495,0.290041,0.23098105,0.04742515,0.036831122,0.066177785,0.007063199,0.2873335,0.03414723
ZJ018496,0.042001545,0.005452286,0.0587963,0.00026509777,0.5870044,4.5494802e-05,0.23116897,0.07526581
ZJ018497,0.17915098,0.01979441,0.13202822,7.688365e-05,0.000217172,0.025536451,0.6167067,0.02648912
ZJ018498,0.09259695,0.048556864,0.021529242,0.06571509,0.009036645,0.72848505,0.023973752,0.01010641
ZJ018499,0.15424874,0.15731233,0.5172752,9.015952e-05,0.0018040627,0.0006068642,0.16407096,0.004591648
ZJ018500,0.103750855,0.06767881,0.51652676,0.0008310107,0.013109941,0.074370824,0.19116923,0.032562587
ZJ018501,0.027356064,0.061129645,0.12432805,0.0025348698,0.0037373118,0.68575865,0.07458445,0.020570954
ZJ018502,0.056551237,0.6909389,0.04666494,0.0071259583,0.053371035,0.030690212,0.078066066,0.03659171
ZJ018503,0.20374332,0.05544741,0.17730135,0.002802195,0.0007411352,0.0034602755,0.5397854,0.016719
ZJ018504,0.21440277,0.057644792,0.15602684,0.004703213,0.0012270049,0.021000078,0.51419926,0.030796075
ZJ018505,0.8247299,0.0018333469,0.027360931,0.0007819957,0.059552968,0.016576594,0.057159763,0.012004469
ZJ018506,0.51848006,0.00030993062,0.016416231,0.001308589,0.45906603,0.0017253018,0.00087398017,0.0018198603
ZJ018507,0.27426544,0.30281147,0.09956795,0.0065995823,0.01900784,0.0027792335,0.21766455,0.07730392
ZJ018508,0.030407283,0.03630019,0.07911899,0.023324262,0.009548543,0.6792973,0.121725045,0.020278279
ZJ018509,0.53227097,0.0064283516,0.006640524,0.0008231928,0.35676232,0.003990289,0.057122946,0.03596138
ZJ018510,0.12190751,0.013855265,0.13330291,0.051866073,0.4127818,0.047183532,0.02225179,0.19685115
ZJ018511,0.11560183,0.31368643,0.2458228,0.00014839199,0.0064751273,0.033513114,0.27597922,0.00877304
ZJ018512,0.072336264,0.026647834,0.34412205,0.0074232384,0.0009853835,0.08861823,0.42770657,0.032160476
ZJ018513,0.06854822,0.0104810875,0.15252489,0.0015738588,0.00068539794,0.035273723,0.5960829,0.13482991
ZJ018514,0.18069704,0.12453976,0.3317062,0.0030124523,0.0187631,0.01998342,0.13135555,0.18994251
ZJ018515,0.12943612,0.06919245,0.30318475,0.008708811,0.0028668917,0.0087987445,0.45536345,0.022448767
ZJ018516,0.063705206,0.008293853,0.5033882,0.2672204,0.006504874,0.0078552775,0.007540398,0.13549176
ZJ018517,0.1492119,0.02875841,0.1700299,0.32281873,0.025572887,0.008825582,0.0054768124,0.28930578
ZJ018518,0.34163007,0.016549993,0.020758202,0.4152792,0.18226692,0.0050549237,0.015599,0.0028617298
ZJ018519,0.178359,0.2022975,0.3125637,0.0010225513,0.008463303,0.0035769937,0.2782638,0.015453223
ZJ018520,0.21542655,0.03572268,0.10349752,0.0004435963,0.0028406398,0.0034475762,0.6285585,0.010062902
ZJ018521,0.18916611,0.40921214,0.082724474,0.011403442,0.019480377,0.009090176,0.23272286,0.046200432
ZJ018522,0.077063575,0.024656625,0.48313394,0.001401004,0.015727228,0.32068953,0.07078328,0.0065448037
ZJ018523,0.11559991,0.14314722,0.5780129,0.0028849656,0.0008427418,0.005925328,0.11750988,0.036077134
ZJ018524,0.18146464,0.040685628,0.2285213,0.00085689925,0.2523191,0.012308104,0.22654904,0.057295255
ZJ018525,0.2699823,0.2311832,0.19595778,0.0013247146,0.00064253743,0.042251356,0.23542148,0.023236595
ZJ018526,0.20281243,0.5250929,0.09864476,0.032448094,0.001613093,0.0012936112,0.01192907,0.12616605
ZJ018527,5.1341754e-05,6.1949763e-06,5.200132e-05,5.9572798e-05,3.141921e-06,0.99975157,2.044792e-05,5.5756915e-05
ZJ018528,0.24528831,0.010755033,0.58504385,0.02422671,0.0024598837,0.0244551,0.0073298574,0.10044119
ZJ018529,0.056645717,0.80455726,0.06284975,0.00064797566,0.00023495268,0.0015900794,0.06832385,0.0051504048
ZJ018530,0.06416937,0.039515186,0.276183,0.0064043677,0.00040715828,0.00454597,0.58984834,0.018926589
ZJ018531,0.110713765,0.028624324,0.30931884,0.13810246,0.009868507,0.022970539,0.0025732243,0.37782836
ZJ018532,0.078965314,0.364178,0.06664994,0.00048091373,0.0041891513,0.0064912713,0.46747822,0.011567175
ZJ018533,0.056009073,0.11091072,0.049182568,0.0027394253,0.0027608261,0.44579768,0.24426074,0.088338904
ZJ018534,0.060479395,0.0016935221,0.15904005,0.210524,0.017830253,0.041221686,0.0022737216,0.5069374
ZJ018535,0.0752013,0.00482383,0.4822683,0.26724154,0.02063044,0.06977395,0.0051109144,0.07494969
ZJ018536,0.47523767,0.110254824,0.14685276,0.0007267417,0.0097004855,0.002846687,0.21348996,0.040890917
ZJ018537,0.2949206,0.014885777,0.16966309,0.0015570044,0.0061850203,0.14584137,0.33557862,0.031368546
ZJ018538,0.54158235,0.0024556473,0.14913003,0.22720724,0.0046143294,0.018752,0.001930815,0.054327607
ZJ018539,0.20662576,0.073680736,0.09907324,0.0023565642,0.042044245,0.042366803,0.3786322,0.1552205
ZJ018540,0.04445652,0.23774086,0.31026748,0.0014436387,0.00019153769,0.0012272625,0.39178786,0.012884882
ZJ018541,0.14958228,0.13009113,0.11766852,0.0005712642,0.13842772,0.061757773,0.36792013,0.033981245
ZJ018542,0.2844315,0.07040173,0.50259,0.043414086,0.0034398458,0.009259408,0.03059395,0.055869475
ZJ018543,0.012417997,0.012696967,0.020238243,0.0024832778,0.0012707466,0.92062664,0.007793265,0.022472814
ZJ018544,0.28631878,0.05711887,0.18791653,0.00053157605,0.006272471,0.021122169,0.42018008,0.020539548
ZJ018545,0.06548166,0.021664307,0.29559487,0.0013775358,0.00029025148,0.0032471314,0.5839406,0.028403519
ZJ018546,0.5786466,0.019812351,0.025181971,0.0005159577,0.005532991,0.009900527,0.35625392,0.0041557015
ZJ018547,0.4015168,0.0039764927,0.20360117,0.24569787,0.055130374,0.03273847,0.0027884324,0.054550402
ZJ018548,0.0719693,0.0039655906,0.20021227,0.26355404,0.0004496002,0.14770159,0.0014650043,0.31068262
ZJ018549,0.0686193,0.02308475,0.06034627,0.557289,0.2315117,0.013393411,0.023503425,0.022252163
ZJ018550,0.44390938,0.03510332,0.14901201,0.0007949499,0.042106,0.020055493,0.28113714,0.027881633
ZJ018551,0.14759849,0.3074108,0.07355885,0.1036547,0.040670983,0.009049771,0.27693546,0.041120853
ZJ018552,0.45709452,0.057677455,0.1322205,0.009131458,0.09469446,0.043428425,0.14088182,0.06487132
ZJ018553,0.28095326,0.08060765,0.17033438,0.0005804811,0.011911671,0.0024204054,0.42390552,0.029286584
ZJ018554,0.14829576,0.12845822,0.06995161,0.0075972835,0.00050397404,0.004097234,0.60447943,0.036616433
ZJ018555,0.13040914,0.6660784,0.07565801,0.0020312117,0.03231242,0.0034235388,0.06964502,0.020442262
ZJ018556,0.5618739,0.105761096,0.1067302,0.00023984196,0.04394924,0.012341268,0.03156006,0.13754444
ZJ018557,0.03468229,0.08045165,0.10984237,0.0011620686,0.010019579,0.6709693,0.078300536,0.014572147
ZJ018558,0.090058945,0.011633399,0.07156725,0.089761786,0.4718159,0.041348614,0.021359269,0.20245482
ZJ018559,0.19347063,0.05610859,0.1953777,0.031528223,0.023645686,0.37339252,0.11347999,0.012996634
ZJ018560,0.146704,0.1594986,0.16071174,0.011171308,0.0010167267,0.1844752,0.24728897,0.08913345
ZJ018561,0.30897167,0.015403712,0.037311427,0.5662679,0.045953803,0.0044544125,0.013185393,0.008451598
ZJ018562,0.020433286,0.7446606,0.09778534,0.0014750119,0.041482225,0.051364567,0.01968775,0.02311118
ZJ018563,0.12985924,0.67180765,0.07988793,0.0038390956,0.001496164,0.010357475,0.06416146,0.038591016
ZJ018564,0.027456375,0.21552972,0.01338653,6.875299e-05,0.04612595,0.68799627,0.009188714,0.0002476303
ZJ018565,0.20609981,0.21720666,0.26031536,0.012415448,0.0025927713,0.004809965,0.16279256,0.13376746
ZJ018566,0.39746216,0.07388991,0.15586282,0.00129005,0.0076397266,0.0057839495,0.34694177,0.011129536
ZJ018567,0.05853651,0.020840729,0.11795799,0.011019248,0.0022544782,0.0012999349,0.76796395,0.0201271
ZJ018568,0.17104802,0.3124437,0.105098404,0.017596865,0.019951293,0.014108828,0.32734418,0.032408684
ZJ018569,0.28947258,0.051923007,0.044378333,0.4154406,0.13884923,0.021037398,0.021555508,0.017343339
ZJ018570,0.21957254,0.13295148,0.21374555,0.027290141,0.03575545,0.12658972,0.17923774,0.064857334
ZJ018571,0.09294795,0.069890745,0.40715334,0.00027954386,0.0009983019,0.0029744133,0.24420281,0.18155292
ZJ018572,0.11124379,0.042973526,0.41995206,0.0005619302,0.0010934968,0.038448337,0.27974698,0.10597993
ZJ018573,0.006670953,0.0018139462,0.031857036,0.00041614086,0.002617524,0.95162666,0.004580979,0.0004167751
ZJ018574,0.15900806,0.0049646073,0.6296836,0.043292496,0.010290073,0.044852775,0.007336469,0.10057195
ZJ018575,0.20378765,0.022195917,0.16967611,0.0018058321,0.00091909576,0.027045095,0.5399082,0.034662165
ZJ018576,0.33400908,0.111108154,0.18664883,0.0015017564,0.0027266175,0.008393088,0.32202545,0.03358705
ZJ018577,0.4430323,0.07346789,0.16949235,0.0010624657,0.0037831436,0.003669643,0.27952126,0.025970962
ZJ018578,0.1473331,0.0037577741,0.18206027,0.35589692,0.0021001857,0.014067542,0.005046192,0.289738
ZJ018579,0.31605706,0.010256194,0.32769647,0.03880301,0.074075595,0.0051175146,0.0077323397,0.22026186
ZJ018580,0.098722726,0.02554985,0.18206139,0.30942565,0.012955255,0.27750424,0.019460207,0.07432069
ZJ018581,0.1842111,0.17430696,0.17436175,0.0012005224,0.06551002,0.010842964,0.37610444,0.01346217
ZJ018582,0.16213712,0.002544607,0.25790495,0.2843166,0.011660421,0.021326609,0.0032788971,0.25683075
ZJ018583,0.023279589,0.032985073,0.2565668,0.0031399878,0.00024815844,0.0018401534,0.65613776,0.025802448
ZJ018584,0.06580186,0.016672144,0.14544638,0.12452543,0.00043562733,0.0008032417,0.0026833115,0.64363205
ZJ018585,0.36283603,0.059367195,0.116652235,0.00015619176,0.16496977,0.011186063,0.275972,0.008860443
ZJ018586,0.039379247,0.119661465,0.29925278,0.00045332068,0.00011830871,0.004264911,0.5322386,0.0046313186
ZJ018587,0.0021579855,0.13470918,0.00036746057,1.3110249e-06,4.963813e-06,0.010223762,0.8445397,0.007995571
ZJ018588,0.26385552,0.12444899,0.1288746,0.0008242553,0.006878025,0.002287306,0.4294489,0.04338239
ZJ018589,0.19087481,0.00134763,0.1233893,0.26613998,0.028280323,0.14338447,0.0015416244,0.24504179
ZJ018590,0.06289446,0.29112452,0.16851602,0.0004961972,0.001157016,0.34497225,0.11547599,0.015363523
ZJ018591,0.0031113639,0.001338322,0.010991853,0.00069142616,0.0003226679,0.977991,0.0020671878,0.0034862151
ZJ018592,0.163052,0.0023405906,0.46620825,0.06909916,0.035493407,0.030735923,0.0034251744,0.2296455
ZJ018593,0.031947,0.021260181,0.022745613,0.00052331376,0.003570647,0.88239217,0.00883492,0.028726153
ZJ018594,0.3028444,0.08796871,0.12091975,0.0015901192,0.005817658,0.044888515,0.3938084,0.042162422
ZJ018595,0.1213937,0.7111685,0.07220763,0.0022250905,0.0039793802,0.0006334677,0.055028718,0.033363454
ZJ018596,0.649641,0.0933765,0.106854685,0.0023477827,0.01259756,0.002156748,0.07063247,0.06239332
ZJ018597,0.18632804,0.11803475,0.3371665,0.00035473955,0.0073030978,0.024460144,0.31532523,0.011027516
ZJ018598,0.19336353,0.22850658,0.16767746,0.0042499173,0.0525351,0.009154291,0.32891092,0.015602234
ZJ018599,0.08617962,0.06207493,0.49964198,8.447155e-05,0.0010147794,0.00046275585,0.26443976,0.08610169
ZJ018600,0.12090851,0.35415816,0.077297226,0.0858502,0.010180657,0.001362166,0.29754168,0.052701447
ZJ018601,0.2022312,0.006758818,0.2040816,0.48697713,0.014712173,0.015322875,0.0128845,0.057031695
ZJ018602,0.18212777,0.4344547,0.042366985,0.058121618,0.078554496,0.0033568086,0.15294576,0.04807182
ZJ018603,0.2142545,0.007243332,0.21020186,0.16224211,0.026905721,0.05844812,0.007885067,0.31281927
ZJ018604,0.53441596,0.023859972,0.04790632,0.0033653993,0.012950152,0.0023051582,0.3578538,0.017343238
ZJ018605,0.14614893,0.43087682,0.050010443,0.046352625,0.027170496,0.0019268752,0.26618293,0.03133088
ZJ018606,0.48610058,0.0069330563,0.019059284,0.34501883,0.0685609,0.0310905,0.018201564,0.025035275
ZJ018607,0.0012057767,0.00025313307,0.007417278,0.000577346,0.0001675542,0.9879595,0.00039749435,0.0020219602
ZJ018608,0.18873978,0.003918046,0.47178593,0.16121279,0.01107251,0.04376514,0.0046999045,0.114805944
ZJ018609,0.46194977,0.041313287,0.050878327,0.00046660408,0.0006081611,0.008533459,0.3882097,0.04804066
ZJ018610,0.108262174,0.0011147065,0.15512069,0.27040347,0.024889648,0.013417445,0.00075902184,0.4260329
ZJ018611,0.20997083,0.17618737,0.21535462,0.014288704,0.017375438,0.0045859055,0.23015484,0.13208228
ZJ018612,0.0074634105,0.022830194,0.019820353,0.0013229302,0.012382991,0.9293765,0.0030827532,0.0037208032
ZJ018613,0.16290662,0.16050862,0.21106167,0.0008448556,0.0013653112,0.06303359,0.3569143,0.043365017
ZJ018614,0.10290813,0.77090144,0.05498146,0.0003502322,0.00031277246,0.0039230245,0.044179518,0.022443494
ZJ018615,0.43783748,0.21725123,0.13028994,0.00067370496,0.0128968945,0.014088701,0.13986927,0.047092773
ZJ018616,0.42569047,0.02615868,0.11385472,0.0010116269,0.035026688,0.045082115,0.31368083,0.039494913
ZJ018617,0.47469348,0.025921287,0.06640904,8.64413e-05,0.21911904,0.0010967506,0.20347887,0.009195036
ZJ018618,0.33854163,0.12202776,0.2707051,0.042713802,0.0016913381,0.015476007,0.08899928,0.11984511
ZJ018619,0.02961738,0.6407047,0.1331146,5.0641378e-05,0.00028909493,0.040793773,0.061437167,0.0939927
ZJ018620,0.38786408,0.00086241757,0.055495482,0.08655633,0.0012308806,0.0015702873,0.000768085,0.4656525
ZJ018621,0.15868804,0.15230067,0.14692622,0.07573293,0.09645754,0.041052327,0.17928775,0.14955454
ZJ018622,0.17769998,0.15278825,0.11952008,0.0024961794,0.0023716441,0.009314243,0.49760556,0.038204037
ZJ018623,0.20717935,0.11890036,0.20900418,0.00045039886,0.021750098,0.007392208,0.42255062,0.012772774
ZJ018624,0.3175802,0.18217672,0.17939349,0.0050768284,0.10598553,0.0018792319,0.14014861,0.06775945
ZJ018625,0.07663711,0.051782236,0.08917545,0.0020319573,0.0074446606,0.69406056,0.048505776,0.030362265
ZJ018626,0.371735,0.0306977,0.12406417,0.0032798608,0.057659056,0.021856688,0.3693097,0.021397859
ZJ018627,0.08171291,0.08693436,0.23477048,0.00056731416,0.0011704313,0.0034801317,0.53926265,0.05210176
ZJ018628,0.7748516,0.051612608,0.027583687,0.0003197681,0.0016259326,0.0098835565,0.12394137,0.0101814475
ZJ018629,0.29072008,0.18460624,0.20513596,0.0012440948,0.0033581373,0.019425986,0.28156608,0.013943385
ZJ018630,0.043748923,0.030128475,0.039553147,0.0010076137,0.01696885,0.85144585,0.0027697082,0.014377384
ZJ018631,0.1679447,0.062262587,0.11373208,0.02131151,0.45709613,0.009561107,0.1181751,0.04991684
ZJ018632,0.19613267,0.10437119,0.20458782,0.0009455419,0.0056050527,0.0074635097,0.4622376,0.018656624
ZJ018633,0.47120526,0.022315158,0.15371002,0.00021022478,0.003568073,0.09448986,0.23892345,0.015577973
ZJ018634,0.009494524,0.00087313115,0.0040204073,0.00022496641,0.000114800525,0.00042083487,0.98405045,0.00080091757
ZJ018635,0.06824236,0.14637087,0.054644227,0.00026094515,0.017489165,0.008017837,0.69997835,0.0049962746
ZJ018636,0.12121934,0.63863814,0.024167331,0.007690611,0.0006052723,0.022479782,0.18234818,0.002851393
ZJ018637,0.1894793,0.3192293,0.12234352,0.020764165,0.03116807,0.007400139,0.27141333,0.038202144
ZJ018638,0.069385536,0.029137688,0.22574086,0.006193084,0.0022772588,0.020614438,0.6177067,0.028944401
ZJ018639,0.17301212,0.42626297,0.16765206,0.0015393331,0.0014929347,0.012404601,0.16467571,0.05296026
ZJ018640,0.432153,0.06973149,0.22037305,0.09118713,0.0017840759,0.0055067823,0.022392232,0.15687224
ZJ018641,0.3370951,0.084084705,0.40889144,0.039010167,0.00667862,0.014408392,0.029116232,0.080715366
ZJ018642,0.22550678,0.30174634,0.076156236,0.0448515,0.026805168,0.016537607,0.23071517,0.07768121
ZJ018643,0.07302039,0.0020314688,0.09815245,0.30701578,0.0039804624,0.4684634,0.0023639367,0.044972137
ZJ018644,0.21049452,0.10909112,0.122470625,0.009686533,0.001909174,0.010092714,0.45409742,0.082157955
ZJ018645,0.2565612,0.08496701,0.06875104,0.00017288193,0.0021512266,0.0291543,0.5450962,0.01314618
ZJ018646,0.20026879,0.14744589,0.11296995,0.0011881825,0.017462773,0.0014648623,0.4877911,0.03140846
ZJ018647,0.04678965,0.007267509,0.1059171,0.00080229016,0.006419447,0.63224095,0.18525107,0.015311936
ZJ018648,0.2489134,0.17506167,0.14685777,0.00024900428,0.0011682839,0.29635206,0.121172056,0.010225725
ZJ018649,0.16981648,0.090553746,0.17462978,0.25685725,0.014315608,0.0072867256,0.008030768,0.27850962
ZJ018650,0.30778083,0.16429467,0.22589141,0.003976509,0.06120375,0.0066347565,0.15928178,0.0709362
ZJ018651,0.049424227,0.002388532,0.18218118,0.3636586,0.004411439,0.008714683,0.0061099613,0.38311136
ZJ018652,0.07730269,0.0039107385,0.11338898,0.36747745,0.004593894,0.36300334,0.0031873058,0.067135625
ZJ018653,0.16105232,0.002377621,0.10042962,0.040528126,0.60638815,0.031637684,0.008522486,0.04906397
ZJ018654,0.11724243,0.013323215,0.32608682,0.15150777,0.035790306,0.009408739,0.004609523,0.34203118
ZJ018655,0.097220585,0.018705059,0.09448264,0.018456755,0.020815743,0.64581746,0.077348,0.027153837
ZJ018656,0.08846813,0.77158296,0.050997443,0.012940517,0.0008559127,0.0014140031,0.005175198,0.06856585
ZJ018657,0.09914981,0.37021434,0.12841703,0.009830291,0.014487311,0.008500545,0.33736718,0.032033503
ZJ018658,0.23820162,0.26322135,0.13290353,0.009069113,0.051519368,0.0013503714,0.08260267,0.22113198
ZJ018659,0.05116371,0.01024966,0.027479641,0.000295668,0.0004943798,0.0012269135,0.8951361,0.013953888
ZJ018660,0.263017,0.2129091,0.31835398,0.0031742563,0.0076737707,0.016922984,0.10967739,0.06827151
ZJ018661,0.22908507,0.24187888,0.05603614,0.10131297,0.067666724,0.015672913,0.23917316,0.049174078
ZJ018662,0.113172635,0.030807292,0.18717536,0.016236503,0.09192298,0.09613028,0.08032251,0.38423243
ZJ018663,0.4126669,0.017615667,0.033823695,0.38466516,0.09282676,0.013831281,0.01882163,0.025748909
ZJ018664,0.60908425,0.10010116,0.035939828,0.0031318518,0.0072182254,0.0071630515,0.19731858,0.040042974
ZJ018665,0.75099385,0.057142846,0.040428273,0.00016446301,0.03201848,0.005744071,0.10914488,0.004363135
ZJ018666,0.57952774,0.11540503,0.08831515,0.008722979,0.036548816,0.004630443,0.08146807,0.08538172
ZJ018667,0.14028834,0.15116513,0.34746838,0.00076003134,0.0020986495,0.031914737,0.2403032,0.08600151
ZJ018668,0.47113016,0.01620326,0.117995776,0.00027873015,0.013716053,0.0012838359,0.371353,0.008039191
ZJ018669,0.16646416,0.39854133,0.09990172,0.00025845662,0.007514711,0.045409713,0.27511105,0.006798859
ZJ018670,0.068467975,0.059601724,0.25184944,0.51755244,0.028557999,0.0066997665,0.0024754368,0.06479523
ZJ018671,0.15898356,0.01840969,0.043138437,0.61581546,0.09533825,0.0058074803,0.027235538,0.035271592
ZJ018672,0.04879154,0.46656424,0.1315787,0.00061410083,0.12298923,0.023774777,0.069082536,0.13660488
ZJ018673,0.56371725,0.140714,0.03892763,0.00037661407,0.007766089,0.0057273908,0.22272065,0.020050373
ZJ018674,0.0059513333,0.012272191,0.060611673,0.00020636627,0.0055235005,0.9087836,0.004252607,0.002398673
ZJ018675,0.022007728,0.93361384,0.016020013,0.0055912873,0.009575379,0.0011498865,0.007221855,0.0048200176
ZJ018676,0.20923157,0.004267369,0.11602063,0.21725228,0.0049729263,0.005654599,0.004876595,0.43772405
ZJ018677,0.21777034,0.11109863,0.15318747,0.03953044,0.034766722,0.07549185,0.31466433,0.053490277
ZJ018678,0.36225003,0.1681232,0.16820426,6.346068e-05,0.006890961,0.019936655,0.26658553,0.007945921
ZJ018679,0.1760722,0.22108868,0.16339943,0.00075094606,0.0060605356,0.007973204,0.37949684,0.045158137
ZJ018680,0.13229895,0.2954245,0.114593185,0.08663512,0.016094483,0.022879459,0.03050355,0.3015707
ZJ018681,0.110258885,0.6118,0.07605319,0.00019319927,0.0002548263,0.02594602,0.14804141,0.0274525
ZJ018682,0.05575065,0.83311313,0.038978618,5.5542838e-05,7.3219235e-05,0.0017401212,0.064346135,0.0059426134
ZJ018683,0.15290803,0.16093235,0.28078038,0.00039739363,0.0007262618,0.019841943,0.35483488,0.029578835
ZJ018684,0.08890523,0.16746978,0.023764648,0.0012397751,0.0021017173,0.00035854615,0.6845311,0.03162921
ZJ018685,0.47445604,0.24641226,0.06896862,0.016327435,0.021165,0.0036794308,0.11159464,0.05739658
ZJ018686,0.103417896,0.036417954,0.15452202,0.0003717921,0.002933163,0.024522563,0.67287326,0.00494135
ZJ018687,0.58698356,0.0055801533,0.09829786,0.13665469,0.10200531,0.0037361598,0.026518563,0.040223755
ZJ018688,0.39681327,0.05777556,0.16388187,0.03176465,0.013798363,0.007608812,0.24324976,0.08510769
ZJ018689,0.21977568,0.008296751,0.02206375,0.55322796,0.15283304,0.020867081,0.0137806805,0.009155013
ZJ018690,0.2939359,0.24700618,0.19668919,0.00041738208,0.0011388409,0.03629902,0.21389952,0.0106139565
ZJ018691,0.20450507,0.040200245,0.1505979,0.0021821703,0.0040560854,0.016292853,0.55727124,0.024894418
ZJ018692,0.33072656,0.0029090983,0.051889677,0.50186807,0.011526526,0.013057017,0.0130917225,0.07493134
ZJ018693,0.58196527,0.0038805034,0.10858148,0.15709244,0.028256085,0.0038662194,0.014878916,0.10147906
ZJ018694,0.38516295,0.063056104,0.14914222,0.01745268,0.023303675,0.009830362,0.20150825,0.1505438
ZJ018695,0.04430003,0.0072471914,0.00910663,0.00012400515,0.00031775772,0.00031588637,0.93297625,0.0056122346
ZJ018696,0.09218084,0.03143701,0.04523122,0.67089695,0.09263462,0.017174024,0.034481473,0.015963892
ZJ018697,0.12179753,0.028260265,0.072167434,0.04883349,0.0048123593,0.00078569655,0.0072980965,0.7160451
ZJ018698,0.035834648,0.0024075222,0.012743457,0.0008700646,0.010599417,0.91882026,0.009773423,0.008951196
ZJ018699,0.17612563,0.009730604,0.30158478,0.31924513,0.019467046,0.12133841,0.0060275355,0.046480887
ZJ018700,0.04744027,0.02567145,0.25608626,0.0004668692,0.00052167906,0.55916804,0.070274435,0.04037102
ZJ018701,0.15557113,0.05785849,0.32183668,0.0008293313,0.012886156,0.005203964,0.4138544,0.03195976
ZJ018702,0.18583502,0.06789217,0.23772049,0.0011240568,0.0008576729,0.0075751795,0.4803836,0.018611806
ZJ018703,0.07422465,0.01265805,0.02843592,0.00067187095,0.0019441168,0.0011937498,0.8683274,0.012544313
ZJ018704,0.16634764,0.34966934,0.08242891,0.021904822,0.055324927,0.006675376,0.2605158,0.057133224
ZJ018705,0.38810658,0.0007048803,0.15224664,0.31171027,0.08334818,0.02956237,0.0010027003,0.033318374
ZJ018706,0.08736889,0.003959983,0.14378764,0.3181697,0.0017363009,0.006393544,0.0030471366,0.4355367
ZJ018707,0.14151122,0.19169673,0.049149353,0.040630836,0.012317968,0.0024696817,0.453366,0.108858235
ZJ018708,0.14727421,0.021464154,0.27808315,0.0009053667,0.016194487,0.18133354,0.3439418,0.010803273
ZJ018709,0.12743099,0.087964974,0.31584755,0.004594159,0.031050436,0.13657208,0.2751293,0.021410508
ZJ018710,0.28275096,0.02705296,0.03218806,0.46042046,0.15173855,0.0077180583,0.020380452,0.017750531
ZJ018711,0.06944114,0.7668971,0.030259848,9.2335074e-05,0.007028421,0.00079314155,0.12068556,0.004802382
ZJ018712,0.13373972,0.05360083,0.15515557,0.0013383911,0.0068684584,0.21421379,0.35753268,0.077550635
ZJ018713,0.050255578,0.011420417,0.11424059,0.62551314,0.0077193487,0.00076129066,0.010980109,0.17910951
ZJ018714,0.1538499,0.50963473,0.09852167,0.019238861,0.0024957894,0.022367045,0.12834455,0.06554739
ZJ018715,0.11839608,0.0017233551,0.2096281,0.55144155,0.00471828,0.018952105,0.0035808517,0.09155965
ZJ018716,0.17055522,0.36834309,0.0744357,0.019788124,0.06577322,0.0050868937,0.26416647,0.03185131
ZJ018717,0.09044062,0.038894344,0.2652643,0.004839254,0.008250349,0.05608801,0.5281986,0.008024554
ZJ018718,0.099980146,0.019770972,0.073288746,0.05904922,0.006310512,0.00391481,0.007788623,0.72989696
ZJ018719,0.063374855,0.80707175,0.038729217,0.0033140827,0.0046503134,0.0025158566,0.04987794,0.030465968
ZJ018720,0.28102607,0.031509776,0.2181323,0.019208228,0.01170126,0.0034228764,0.01727427,0.41772518
ZJ018721,0.23180202,0.023305926,0.073818125,0.00015510638,0.5231642,0.0029176935,0.13441406,0.010422919
ZJ018722,0.34950307,0.036726456,0.0319525,0.347653,0.18211748,0.016617369,0.028982578,0.006447532
ZJ018723,0.13825695,0.07280997,0.16112266,0.001189158,0.06227142,0.0053461893,0.4311436,0.12786001
ZJ018724,0.2903684,0.07721082,0.38141018,0.029328948,0.016107267,0.005045978,0.06770168,0.13282661
ZJ018725,0.6234854,0.0915466,0.084178045,0.00020683138,0.015403413,0.054527394,0.061139148,0.069513224
ZJ018726,0.20813395,0.04828748,0.21762401,0.22040226,0.025972871,0.008383366,0.012051519,0.25914454
ZJ018727,0.05511422,0.0038498698,0.07981096,0.19884583,0.0033740636,0.6136786,0.0023749522,0.042951502
ZJ018728,0.07008684,0.0023173569,0.2372547,0.50062585,0.07004165,0.012996815,0.0010135046,0.10566328
ZJ018729,0.33214748,0.024563083,0.029820593,0.45485318,0.119779654,0.0044732667,0.027047954,0.0073147905
ZJ018730,0.03087389,0.0032044293,0.50253284,0.0004494159,0.00016863851,0.0124551,0.43781984,0.012495795
ZJ018731,0.22068633,0.009226087,0.12086686,0.028289812,0.06788938,0.4982967,0.0046368064,0.050108008
ZJ018732,0.59780616,0.07502183,0.050390568,0.00031410754,0.05286795,0.0031311975,0.20805015,0.012418003
ZJ018733,0.06983001,0.69355583,0.06746417,0.008935159,0.017393755,0.0041590584,0.1066684,0.031993613
ZJ018734,0.18415079,0.29667342,0.05473417,0.035760056,0.045963373,0.004224368,0.3073393,0.07115443
ZJ018735,0.1969872,0.32027906,0.067383446,0.038891852,0.032427885,0.0028423932,0.27525267,0.06593552
ZJ018736,0.12757678,0.7084937,0.044635087,0.012017719,0.0032306048,0.0009163678,0.018964116,0.084165655
ZJ018737,0.05772827,0.012591499,0.34662896,0.00096142857,0.010982191,0.5157506,0.052885495,0.0024715103
ZJ018738,0.14017718,0.09482285,0.24306934,0.00020079258,0.0011467447,0.028486995,0.48002708,0.012069091
ZJ018739,0.3474551,0.040215403,0.07076146,0.0057539856,0.019137165,0.041071802,0.42404425,0.051560808
ZJ018740,0.20861901,0.08260452,0.2833413,0.00026175944,0.011616091,0.12021402,0.2661538,0.027189542
ZJ018741,0.23941246,0.07175434,0.13852753,0.00950793,0.34136167,0.0045239567,0.13749392,0.057418186
ZJ018742,0.110243425,0.0074723084,0.13756062,0.0072542075,0.59865934,0.07938421,0.0145522645,0.04487367
ZJ018743,0.55388683,0.032435857,0.043768696,0.0009079617,0.012858409,0.0010873328,0.35022572,0.004829213
ZJ018744,0.17229989,0.0050309226,0.28505364,0.3779743,0.011910824,0.091936976,0.004125126,0.051668294
ZJ018745,0.2659045,0.20891535,0.11270445,0.08422835,0.022205252,0.005373397,0.019635446,0.28103322
ZJ018746,0.008301456,0.8742038,0.007536099,7.541462e-07,1.7044986e-05,0.007355063,0.084520705,0.018065086
ZJ018747,0.41413578,0.00335055,0.2565384,0.05360209,0.104890436,0.025872346,0.0070964037,0.13451394
ZJ018748,0.12939805,0.005297728,0.15399183,0.42450804,0.0062447307,0.02420752,0.0061375587,0.25021458
ZJ018749,0.26310062,0.01133076,0.55538213,0.024126997,0.0034367244,0.032153673,0.011009737,0.09945935
ZJ018750,0.17861257,0.32535872,0.05641186,0.033889875,0.13417123,0.007252241,0.21296328,0.051340204
ZJ018751,0.2169266,0.020790977,0.18033308,0.0011149683,0.14749368,0.017935924,0.4102752,0.005129526
ZJ018752,0.011628921,0.45882514,0.019248646,8.430372e-06,7.9862606e-05,0.010439176,0.44495696,0.05481285
ZJ018753,0.24944177,0.0030164355,0.41168353,0.105326496,0.06928354,0.019279627,0.0062390054,0.13572955
ZJ018754,0.27858904,0.19502954,0.1874613,0.013641239,0.0026885052,0.05762191,0.1565963,0.108372174
ZJ018755,0.19544862,0.550327,0.04929794,0.004659783,0.012865492,0.003852137,0.14292942,0.040619604
ZJ018756,0.28671497,0.009078271,0.50304395,0.043725975,0.0050537186,0.007878125,0.0035772373,0.14092772
ZJ018757,0.14664578,0.36102265,0.16506504,0.0021045809,0.005506749,0.030999163,0.26393613,0.02471993
ZJ018758,0.09627163,0.008116305,0.1168178,0.47134355,0.031871114,0.049784217,0.0024203456,0.22337501
ZJ018759,0.06436184,0.0763614,0.030059213,0.00013155938,0.06508275,0.74320537,0.017090594,0.0037072445
ZJ018760,0.6099503,0.0020073545,0.08955342,0.028901327,0.23554602,0.014794278,0.0038324967,0.01541478
ZJ018761,0.46123418,0.0929687,0.17896597,0.005172276,0.047163803,0.015400156,0.17261887,0.02647605
ZJ018762,0.19799025,0.07794994,0.12852448,0.0026478637,0.00070760853,0.0059399786,0.40576208,0.18047778
ZJ018763,0.13014196,0.009732465,0.35018492,0.33907798,0.07720614,0.013367401,0.0096414145,0.07064772
ZJ018764,0.34390956,0.058427386,0.17482197,0.0064652334,0.18482526,0.028005835,0.13502486,0.0685199
ZJ018765,0.03310408,0.0040786555,0.09401688,0.00061606313,0.0022761205,0.7471705,0.10740533,0.011332304
ZJ018766,0.0927971,0.018346168,0.04777133,0.005089796,0.00093373645,0.004588902,0.8249276,0.005545309
ZJ018767,0.2607623,0.0020849917,0.03043058,0.064844936,0.0025414375,0.00026322194,0.002543078,0.63652945
ZJ018768,0.22776902,0.14503011,0.14765915,0.0007972911,0.0146793565,0.0026023167,0.43326226,0.028200487
ZJ018769,0.39891407,0.06416314,0.116895355,0.0010801877,0.02951001,0.04009051,0.32624793,0.023098774
ZJ018770,0.0064216806,0.0030415866,0.028907813,0.0001086935,0.0008320555,0.95378256,0.006389066,0.0005165671
ZJ018771,0.0014742007,0.0016727612,0.0035977052,0.0022762355,0.027796844,0.9604613,0.00029655715,0.002424386
ZJ018772,0.4319626,0.13322738,0.10724518,0.044195544,0.0024860976,0.0024935787,0.008572781,0.26981676
ZJ018773,0.16009371,0.061063845,0.21207923,0.0007709925,0.00067098235,0.010537579,0.5433073,0.011476356
ZJ018774,0.22907302,0.46566397,0.0956483,0.00048393008,0.0053275907,0.018970456,0.17907313,0.005759639
ZJ018775,0.014222412,0.027036931,0.0043823877,2.4773964e-05,0.33166555,0.6178769,0.0045051137,0.0002859994
ZJ018776,0.13750002,0.031954873,0.19157627,0.0010745258,0.16309154,0.0023026608,0.1520849,0.32041517
ZJ018777,0.25498846,0.057091467,0.07319488,0.001346334,0.009123049,0.0009770903,0.58904016,0.014238621
ZJ018778,0.11465814,0.025627404,0.06710261,6.6857974e-05,0.0002706174,0.034136944,0.7473758,0.010761645
ZJ018779,0.056576096,0.04675712,0.10234928,0.013098709,0.0058752694,0.65306544,0.08404498,0.038233083
ZJ018780,0.8036981,0.025150046,0.03921015,8.6804816e-05,0.00083006505,0.0020673035,0.12719344,0.0017640996
ZJ018781,0.21120454,0.030837756,0.32847095,0.00036976804,0.0026833015,0.011433991,0.39260536,0.022394344
ZJ018782,0.25701514,0.03730863,0.04265115,0.44245043,0.17708054,0.010369288,0.019605888,0.013518914
ZJ018783,0.44143742,0.05571892,0.13313101,0.0022793189,0.19873537,0.016487237,0.11546527,0.036745407
ZJ018784,0.021350807,0.036367916,0.31136653,0.00028181402,0.024231665,0.5708995,0.021063397,0.014438396
ZJ018785,0.07224775,0.003427818,0.07631011,0.00140137,0.0010905159,0.011093373,0.80445963,0.029969426
ZJ018786,0.003581787,0.40159112,0.002649873,8.29521e-06,3.788479e-05,0.0032920325,0.53654855,0.0522904
ZJ018787,0.06516521,0.099304706,0.32665476,0.00051574723,0.00040477462,0.0044754087,0.49594843,0.0075310175
ZJ018788,0.27931854,0.0213091,0.24296758,0.2798631,0.08208142,0.0042586806,0.009058826,0.081142694
ZJ018789,0.26406595,0.012184312,0.03458348,0.0053932974,0.01609244,0.006164389,0.6399483,0.021567887
ZJ018790,0.096986756,0.051149566,0.30881417,0.010407629,0.0020952364,0.228036,0.2283962,0.074114494
ZJ018791,0.30284193,0.006376316,0.022194115,0.47093818,0.16581637,0.009672348,0.01407396,0.008086726
ZJ018792,0.17655449,0.3868628,0.097548485,0.02650643,0.019778136,0.0099261105,0.23996218,0.042861406
ZJ018793,0.090229936,0.002641645,0.2718794,0.5632992,0.0019439255,0.018272016,0.0011974659,0.05053644
ZJ018794,0.15417491,0.0030172803,0.6232193,0.051837094,0.072955176,0.034114674,0.0049078246,0.055773683
ZJ018795,0.52579623,0.06886136,0.113862485,0.06376115,0.021719048,0.0023379496,0.03753022,0.16613162
ZJ018796,0.5965674,0.02988533,0.15239878,0.07913747,0.05619958,0.004662808,0.018378403,0.06277023
ZJ018797,0.22796312,0.11124509,0.23573199,0.0007854105,0.017721541,0.0022390995,0.38154414,0.022769576
ZJ018798,0.0033512264,0.0021758706,0.023044214,0.0010454579,0.0001325576,0.9655953,0.001907188,0.0027481308
ZJ018799,0.14566347,0.030379348,0.033768833,0.58022237,0.049094554,0.06892421,0.05067596,0.041271217
ZJ018800,0.019337788,0.0007380873,0.17209561,0.14891392,0.0060807476,0.027084086,0.0011078055,0.624642
ZJ018801,0.0058381045,0.004231945,0.051102765,0.0004914619,0.0025634137,0.924897,0.0076384074,0.0032369646
ZJ018802,0.05071466,0.0511684,0.08761865,0.07678652,0.0067569725,0.62896365,0.036609992,0.061381087
ZJ018803,0.22663575,0.3339564,0.05983177,0.02695268,0.028001904,0.028391669,0.19853738,0.09769241
ZJ018804,0.048407726,0.008517406,0.1016078,0.00074284984,0.0018208538,0.63308597,0.176017,0.02980043
ZJ018805,0.19439484,0.009174079,0.3786075,0.1381699,0.00782194,0.03832078,0.00897382,0.22453715
ZJ018806,0.15989636,0.19415791,0.34342742,0.001087333,0.0018867425,0.017314367,0.27491084,0.0073189707
ZJ018807,0.08058885,0.16292788,0.6193773,8.416512e-05,0.0012283868,0.0010292538,0.119575806,0.015188422
ZJ018808,0.30440447,0.002557267,0.42018816,0.044085674,0.08880174,0.040566526,0.0044270237,0.09496913
ZJ018809,0.39734563,0.015806505,0.14347504,0.3124105,0.007030245,0.021615457,0.007210942,0.095105745
ZJ018810,0.11000067,0.028654533,0.30355275,0.0027658732,0.0016420808,0.034275234,0.48197582,0.037133034
ZJ018811,0.274714,0.041175056,0.19999127,0.0006235972,0.032345764,0.05540145,0.35811105,0.037637863
ZJ018812,0.15785849,0.025773223,0.09235135,0.3430394,0.039637554,0.057581317,0.006337188,0.2774214
ZJ018813,0.038805682,0.0014003079,0.2405361,0.4511519,0.00066042796,0.1422433,0.0023393505,0.12286297
ZJ018814,0.01065889,0.0031671582,0.039807633,0.00033156847,0.00045031248,0.00031892915,0.9325901,0.012675394
ZJ018815,0.006513066,4.194221e-05,0.0020682833,0.0038573076,0.010562081,0.9755186,0.00013026399,0.0013084172
ZJ018816,0.4575083,0.114773944,0.13578504,0.0010752721,0.009871934,0.010567048,0.21477832,0.05564013
ZJ018817,0.41427544,0.015161056,0.026000319,0.3124349,0.20127173,0.0047697867,0.017748645,0.00833819
ZJ018818,0.20341052,0.0043853624,0.06366415,0.0043324227,0.6746759,0.02792999,0.010208399,0.0113931885
ZJ018819,0.13483103,0.08859231,0.19389331,0.009502574,0.08017561,0.22967175,0.12360626,0.13972716
ZJ018820,0.7257278,0.0380058,0.031623844,2.1031074e-05,0.014089579,0.00065084914,0.18512028,0.0047608158
ZJ018821,0.32874897,0.03924611,0.16021335,0.0002469505,0.015481538,0.029997759,0.4109817,0.015083574
ZJ018822,0.34977406,0.12814401,0.1946039,0.085325085,0.0366372,0.0024667024,0.109553196,0.09349579
ZJ018823,0.39664745,0.153118,0.12027091,0.0015283406,0.011703814,0.0622801,0.23913234,0.015319002
ZJ018824,0.119002126,0.25250918,0.31160057,0.0014656364,0.0054206294,0.1426732,0.14181294,0.025515746
ZJ018825,0.20932533,0.09135333,0.46469262,0.00026323315,0.0029828602,0.009656602,0.21755774,0.0041682464
ZJ018826,0.09271462,0.78984755,0.03704959,0.0002768741,0.0008268979,0.021606373,0.046299797,0.011378278
ZJ018827,0.00056432077,0.00014170379,0.002884319,0.00044273952,5.393566e-05,0.99428344,0.00023033727,0.0013992265
ZJ018828,0.08365083,0.0010028693,0.40813294,0.26469913,0.04788128,0.029986713,0.0007206071,0.16392557
ZJ018829,0.22783297,0.15380365,0.18652752,0.00038642035,0.008551963,0.0021616882,0.4091481,0.011587679
ZJ018830,0.04308705,0.77331364,0.051479146,0.0011226945,0.0036630144,0.0019305366,0.11416716,0.01123679
ZJ018831,0.3431491,0.115354754,0.15415262,0.05192359,0.03555,0.009915059,0.17478727,0.11516766
ZJ018832,0.51816785,0.3467837,0.0222947,0.00077234703,0.002325733,0.0032528853,0.09861033,0.0077924537
ZJ018833,0.1620804,0.0029861033,0.6131292,0.06041615,0.013124765,0.03299548,0.006750258,0.10851766
ZJ018834,0.22948754,0.018802153,0.18134567,0.0005350185,0.00394793,0.0060737757,0.54798925,0.011818593
ZJ018835,0.23204683,0.15618108,0.28510636,0.0013887205,0.007092074,0.023810042,0.2856396,0.008735294
ZJ018836,0.25528073,0.21620339,0.14244494,0.0019492293,0.0010703882,0.017941987,0.18398434,0.18112497
ZJ018837,0.0369642,0.01862804,0.0789251,0.010355681,0.0042325463,0.8123993,0.025806827,0.012688295
ZJ018838,0.22910425,0.068380125,0.30152687,0.00040227146,0.021262174,0.04635327,0.30131036,0.03166071
ZJ018839,0.2981362,0.077083595,0.17816672,0.0092428,0.007953284,0.007566957,0.37751627,0.04433419
ZJ018840,0.03575653,0.07119262,0.25216413,0.003544114,0.00071552995,0.004968761,0.59333694,0.03832134
ZJ018841,0.20918383,0.065415256,0.26416212,0.00014481692,0.0006302589,0.008428768,0.4259028,0.026132207
ZJ018842,0.09369867,0.83014756,0.027364876,0.0036265776,0.017962536,0.0024135252,0.017019447,0.007766905
ZJ018843,0.14770597,0.05268513,0.38691986,0.0003649998,0.00491388,0.032001268,0.36431578,0.011093145
ZJ018844,0.32287347,0.11558344,0.21728536,0.011614851,0.19684362,0.0024668747,0.05241147,0.08092083
ZJ018845,0.07229679,0.10963846,0.42251545,0.0009010491,0.0020307868,0.093856156,0.14289422,0.1558671
ZJ018846,0.3855984,0.15999915,0.18550149,0.010960153,0.10125906,0.019977376,0.08352378,0.053180598
ZJ018847,0.18865162,0.023328647,0.24876563,0.00050906156,0.3105153,0.010990202,0.2023421,0.014897455
ZJ018848,0.16654114,0.405644,0.060847156,0.022627827,0.075904004,0.012504475,0.21909246,0.036838926
ZJ018849,0.6574699,0.036766186,0.0957341,0.06808655,0.04301634,0.007849473,0.021820325,0.06925706
ZJ018850,0.18920702,0.031018546,0.15527993,0.00064574904,0.0127753345,0.02788629,0.5706086,0.012578603
ZJ018851,0.0704189,0.06294846,0.2077029,0.011078812,0.026194282,0.10214813,0.07310223,0.44640625
ZJ018852,0.58557427,0.038725823,0.1058599,0.0064868764,0.006124453,0.056095637,0.18150167,0.019631425
ZJ018853,0.25580737,0.07482483,0.30751154,0.0006242863,0.0006658428,0.0030926175,0.34784794,0.009625574
ZJ018854,0.20742448,0.02321533,0.02864749,0.008130319,0.016165633,0.0017691671,0.67551464,0.03913293
ZJ018855,0.23624979,0.06473246,0.17763121,0.026583722,0.26631486,0.014307976,0.1163553,0.09782468
ZJ018856,0.12460082,0.021332903,0.14409593,0.36512968,0.026369076,0.069444984,0.005639155,0.24338749
ZJ018857,0.03752255,0.007196424,0.06376728,0.3465411,0.011154541,0.5004302,0.0034207304,0.029967153
ZJ018858,0.15442345,0.30213428,0.26370898,0.0008583063,0.0009473812,0.013111478,0.23175594,0.033060215
ZJ018859,0.30490777,0.23891725,0.047908895,0.00066309125,0.02211775,0.0023817415,0.2344912,0.14861232
ZJ018860,0.08694148,0.73344815,0.04756142,0.0018466222,0.0004081451,0.0026974177,0.07993966,0.047157113
ZJ018861,0.07509065,0.03240738,0.107381456,0.00059132377,0.003441143,0.5797268,0.16857128,0.032789946
ZJ018862,0.17966373,0.013315044,0.053621978,0.52296996,0.14007884,0.01914476,0.020328572,0.050877158
ZJ018863,0.09268862,0.045439407,0.18623504,0.0016297589,0.0025254635,0.0054138913,0.62350214,0.042565733
ZJ018864,0.36495665,0.099733554,0.0993193,0.071296416,0.0007673612,0.0011818657,0.007000729,0.35574418
ZJ018865,0.05811518,0.06723434,0.51643145,0.00078624673,0.056346413,0.24083799,0.049763054,0.010485326
ZJ018866,0.0557014,0.0015216134,0.08918189,0.32689157,0.006301711,0.43594682,0.0026471394,0.0818078
ZJ018867,0.078483306,0.0026893064,0.20261756,0.36616987,0.0024052507,0.0060068727,0.002354685,0.33927324
ZJ018868,0.019378697,0.006682069,0.04832358,0.0053969887,0.0048513175,0.869918,0.022839298,0.022610068
ZJ018869,0.077762514,0.05263366,0.3010259,0.00077141117,0.0020104893,0.013149553,0.4999192,0.05272722
ZJ018870,0.4032141,0.24506474,0.073626146,0.03380535,0.03625045,0.0045642867,0.15137711,0.052097812
ZJ018871,0.14831758,0.40045646,0.15779778,0.0021923126,0.009962397,0.02940447,0.21470477,0.037164293
ZJ018872,0.10734249,0.0033121158,0.20704588,0.5294275,0.006549723,0.035652976,0.0050316765,0.1056376
ZJ018873,0.00025046972,4.7314254e-05,7.2717405e-05,2.6765849e-05,2.7936672e-05,0.99932927,0.00020822664,3.7285157e-05
ZJ018874,0.4816221,0.013754511,0.2582055,0.00017232062,0.014068554,0.015448526,0.20121351,0.015515035
ZJ018875,0.1646408,0.20222108,0.2677031,0.0005175888,0.0013446003,0.009573476,0.3322967,0.02170266
ZJ018876,0.37076366,0.100354545,0.19729057,0.11669938,0.025042841,0.0073423525,0.019576995,0.16292965
ZJ018877,0.08185782,0.52032584,0.0075924057,0.0002788321,0.0048820605,0.0015420627,0.36464244,0.018878514
ZJ018878,0.24940148,0.136766,0.2134521,0.014727948,0.13535912,0.05025504,0.11423854,0.0857997
ZJ018879,0.12862454,0.6644238,0.08384792,0.00096615404,0.0011860187,0.020220444,0.072237425,0.028493691
ZJ018880,0.29807237,0.19537328,0.13442485,0.0042191776,0.008044497,0.0035758123,0.29625437,0.06003565
ZJ018881,0.3313965,0.040019266,0.15856466,0.0040803566,0.008471472,0.012543658,0.39321625,0.05170786
ZJ018882,5.137496e-05,1.3859747e-06,7.616617e-05,1.6110262e-05,5.2799764e-06,0.99976593,1.098066e-05,7.278158e-05
ZJ018883,7.5499134e-05,1.4415851e-06,6.4423e-05,9.899957e-05,8.718167e-06,0.99965036,7.847934e-06,9.2698865e-05
ZJ018884,0.40143335,0.027308665,0.026562393,0.06067674,0.029391527,0.020905921,0.08153867,0.35218275
ZJ018885,0.074074805,0.012687499,0.102689855,0.6407611,0.08463213,0.011706595,0.017014058,0.05643405
ZJ018886,0.8887668,0.0013751034,0.039535653,0.007866635,0.015407652,0.0026142139,0.009522476,0.034911443
ZJ018887,0.11365921,0.07884715,0.10646416,0.0019452424,0.0003626913,0.007500034,0.65520173,0.0360198
ZJ018888,0.06102232,0.011402686,0.09142765,0.47119763,0.012278936,0.022788107,0.0016170839,0.3282656
ZJ018889,0.20628005,0.07052362,0.09932238,0.00011498545,0.012296432,0.0086783245,0.59657645,0.006207795
ZJ018890,0.0017280568,0.0006314573,0.025699623,0.00027064775,0.00013684235,0.9661711,0.0011787103,0.004183586
ZJ018891,0.19231524,0.3464835,0.054500654,0.11572234,0.031267907,0.0039504017,0.21672077,0.03903925
ZJ018892,0.08946212,0.0548289,0.4267248,0.00096280687,0.0010849138,0.27388242,0.13573149,0.01732259
ZJ018893,0.059993498,0.5357002,0.20408021,0.0023610578,0.0016388062,0.0043638577,0.11905591,0.072806485
ZJ018894,0.27215484,0.16964206,0.17435676,0.0014281647,0.018113289,0.0036245238,0.3283322,0.032348193
ZJ018895,0.08269168,0.004018652,0.22181089,0.25566524,0.00738686,0.013957447,0.0058555985,0.40861362
ZJ018896,0.13663101,0.41705948,0.13916309,0.05146159,0.0010499601,0.0015785258,0.008910744,0.24414556
ZJ018897,0.06271241,0.012642648,0.068410225,0.63626796,0.004198008,0.00038701328,0.022180812,0.19320093
ZJ018898,0.14148512,0.0014179407,0.17842706,0.23399214,0.004150594,0.06505484,0.0008802213,0.3745921
ZJ018899,0.11991616,0.7171919,0.08078955,0.0037249832,0.0075801765,0.004177662,0.048567496,0.01805203
ZJ018900,0.027821943,0.5902068,0.10465836,0.000578637,0.055365402,0.0010714377,0.0820539,0.1382435
ZJ018901,0.5521979,0.02924076,0.06620871,2.53806e-05,0.23088045,0.00039975,0.11676793,0.004279128
ZJ018902,0.46455097,0.07812423,0.17449774,0.0685784,0.029914143,0.0107487105,0.037109032,0.13647686
ZJ018903,0.23781727,0.2040737,0.25602505,0.0007212389,0.0030448062,0.04025936,0.2494886,0.008569949
ZJ018904,0.080746934,0.06394943,0.68487936,0.0007379285,0.04262882,0.045963723,0.069815986,0.011277778
ZJ018905,0.24528588,0.107724816,0.21303728,0.0028338549,0.013453219,0.17404823,0.16203989,0.081576824
ZJ018906,0.3846166,0.10558997,0.17749667,0.00031801042,0.0062149107,0.019098947,0.2986455,0.008019429
ZJ018907,0.16959547,0.11692426,0.32444438,0.0005950981,0.0009936406,0.0064962856,0.36657962,0.014371308
ZJ018908,0.25644934,0.31286648,0.1744834,0.0039747735,0.0015788777,0.02354401,0.1517479,0.0753552
ZJ018909,0.21826643,0.14916973,0.18452573,0.1928327,0.0820689,0.0036086182,0.04758784,0.12194006
ZJ018910,0.05015291,0.7825526,0.0148901725,1.0890499e-05,0.00081145857,0.10771717,0.030366115,0.013498686
ZJ018911,0.17712474,0.023184853,0.3619776,7.594498e-05,0.0008264294,0.041401103,0.38328764,0.01212165
ZJ018912,0.1886171,0.26750627,0.12362767,0.004031142,0.0060743797,0.03355411,0.27152064,0.10506867
ZJ018913,0.04818068,0.66750276,0.05197186,0.0018111262,0.056551695,0.028309314,0.112487264,0.03318533
ZJ018914,0.18993339,0.20207748,0.29795182,0.0011730487,0.054494753,0.017312085,0.2201777,0.016879722
ZJ018915,0.21975805,0.005246997,0.014800584,0.00083395356,0.010433583,0.0013518273,0.74046636,0.0071086036
ZJ018916,0.4782428,0.031351317,0.07234294,0.0025281282,0.028905945,0.046477515,0.28495002,0.055201307
ZJ018917,0.12900643,0.655956,0.07995209,0.009956067,0.0025378368,0.0025471593,0.023226393,0.096818104
ZJ018918,0.07572489,0.6018946,0.14908637,0.002256194,0.006357922,0.010270214,0.081431374,0.07297841
ZJ018919,0.16015293,0.24285725,0.049631014,0.0005591593,0.13189098,0.24269873,0.16458842,0.007621557
ZJ018920,0.16108708,0.05760287,0.3524936,0.03444725,0.02491951,0.05448713,0.0033127966,0.31164977
ZJ018921,0.18281892,0.33614847,0.06955379,0.052432258,0.017105194,0.00367324,0.2792049,0.059063297
ZJ018922,0.3359196,0.033165485,0.04829493,0.044093557,0.034506705,0.006350496,0.1081434,0.38952583
ZJ018923,0.06943844,0.057778135,0.2644203,0.000855542,0.000823119,0.011625537,0.5255082,0.06955068
ZJ018924,0.05395712,0.049195193,0.021950718,5.6758083e-05,0.0030361377,0.0007979824,0.8693455,0.0016605986
ZJ018925,0.018848984,0.032561984,0.018643921,4.1661693e-05,0.01911046,0.90342396,0.0064883255,0.00088075333
ZJ018926,0.3667051,0.048130978,0.20423332,0.00015199851,0.0025147914,0.20554657,0.15959115,0.013126134
ZJ018927,0.10412854,0.3481056,0.1771987,0.0010920449,0.0013410572,0.22780623,0.116651,0.02367679
ZJ018928,0.2335435,0.016067704,0.030323666,0.001370398,0.0034341074,0.0024366372,0.67869264,0.034131423
ZJ018929,0.20563127,0.010609551,0.11747456,0.0015118239,0.36151472,0.0073385253,0.28989375,0.006025701
ZJ018930,0.37549505,0.038861584,0.1748051,0.000992274,0.062734574,0.005953346,0.3215674,0.019590681
ZJ018931,0.16160999,0.21325682,0.23788267,0.0015707558,0.005820147,0.05177533,0.15622786,0.17185645
ZJ018932,0.051283192,0.01311108,0.086706996,0.61920667,0.0104080355,0.0007560458,0.014154245,0.20437372
ZJ018933,0.26841855,0.1765668,0.19678856,0.005783484,0.12640281,0.0016068576,0.15685223,0.067580745
ZJ018934,0.001858617,0.00055966823,0.0034239453,0.0051809377,0.0037852286,0.98292863,0.0002879953,0.00197494
ZJ018935,0.24424072,0.11357141,0.18938844,0.005108467,0.002247611,0.006010306,0.39938766,0.04004537
ZJ018936,0.18536448,0.11661174,0.3347425,0.0006735073,0.0010659017,0.0037052813,0.34057018,0.017266516
ZJ018937,0.12850136,0.43317595,0.09728122,0.0018843912,0.002122885,0.049814243,0.27877626,0.008443661
ZJ018938,5.277425e-05,1.4914399e-06,5.8290465e-05,2.2593842e-05,1.33130825e-05,0.9997166,1.0737979e-05,0.0001243046
ZJ018939,0.088687316,0.6490853,0.059692156,0.0026987498,0.001634215,0.02658965,0.056282602,0.11533003
ZJ018940,0.2843313,0.009003047,0.38503852,0.10857649,0.022760293,0.043532826,0.03410915,0.112648346
ZJ018941,0.5345752,0.12072373,0.13246182,0.0012997746,0.020581862,0.006708118,0.12834992,0.055299588
ZJ018942,0.13460545,0.5579915,0.1407286,0.0005613422,0.0005929716,0.008444371,0.12623103,0.030844755
ZJ018943,0.2455332,0.011660701,0.36159015,0.020113382,0.19338961,0.020690655,0.03982823,0.1071941
ZJ018944,0.2544675,0.6639939,0.0058443765,1.8975827e-05,0.00049323734,0.031376082,0.033608336,0.010197595
ZJ018945,0.16910076,0.005498186,0.5757683,0.079200864,0.034819487,0.05072551,0.0067386827,0.0781482
ZJ018946,0.1232287,0.004891237,0.24915709,0.17636323,0.002774547,0.0039041282,0.00583884,0.43384227
ZJ018947,0.018845856,0.9188575,0.030607011,6.165431e-05,6.957553e-05,0.0024986188,0.026572734,0.0024870827
ZJ018948,0.048312522,0.74272496,0.025866013,0.028539654,0.0008844041,0.0102912085,0.05922436,0.084156975
ZJ018949,0.23092899,0.33587882,0.05921049,0.041707855,0.03267322,0.0038140407,0.2575113,0.038275298
ZJ018950,0.013821265,0.0006912515,0.19068874,0.028156409,0.015660387,0.59578997,0.0010901417,0.15410183
ZJ018951,0.14626865,0.08331269,0.15949336,0.004051608,0.0032560495,0.009736086,0.53813654,0.055745043
ZJ018952,0.100916035,0.042691547,0.15033937,0.0002882326,0.0027654653,0.00039385798,0.6478952,0.054710347
ZJ018953,0.22436428,0.22246797,0.1485271,0.0009161339,0.004158375,0.006651979,0.36703697,0.02587722
ZJ018954,0.62474257,0.04247746,0.03301398,0.0010933442,0.0076959236,0.00043152526,0.28635788,0.0041873595
ZJ018955,0.12949106,0.073314294,0.26642287,0.0013595654,0.0039158356,0.020407803,0.48745263,0.017635869
ZJ018956,0.06909864,0.011567522,0.21796201,0.0012209234,0.0043843393,0.3835703,0.28461808,0.027578212
ZJ018957,0.099199265,0.006690141,0.17240827,0.34974077,0.0014972733,0.0018641021,0.001969534,0.36663067
ZJ018958,0.21543245,0.1524569,0.13634406,0.0022732192,0.0041148127,0.0116401445,0.44181842,0.035920028
ZJ018959,0.475725,0.083300665,0.123114884,0.008942459,0.0015408241,0.025040803,0.20643884,0.075896524
ZJ018960,0.1799283,0.0017996605,0.010555352,0.73586184,0.026447836,0.024053628,0.018157072,0.00319634
ZJ018961,0.08492989,0.07259044,0.4289234,0.0001256053,0.0007196436,0.0012341244,0.3211855,0.09029132
ZJ018962,0.31243497,0.04192182,0.19093245,0.002905727,0.02951645,0.003867292,0.40219134,0.016229874
ZJ018963,0.3014303,0.26180723,0.17442001,0.0026806023,0.03715699,0.0025594018,0.10902541,0.11092007
ZJ018964,0.117232226,0.012986294,0.2847328,0.17150794,0.01345554,0.04999253,0.011861709,0.33823103
ZJ018965,0.3648729,0.1230131,0.20622616,0.0058092675,0.11165557,0.0018853485,0.13049206,0.056045614
ZJ018966,0.00777328,0.002230232,0.005159453,0.0044600745,3.6672824e-05,0.9468517,0.03308988,0.00039870825
ZJ018967,0.08489452,0.69618523,0.057601705,0.00025001468,0.0015469505,0.08057006,0.06914339,0.009808087
ZJ018968,0.23116513,0.08324363,0.23049814,0.023392148,0.05178401,0.093563974,0.2418008,0.044552162
ZJ018969,0.15680403,0.074715376,0.60792977,6.0977207e-05,0.004004384,0.0014990338,0.15059844,0.0043880306
ZJ018970,0.07734961,0.04474762,0.71041214,0.00072019646,0.03473815,0.056618683,0.06368779,0.011725855
ZJ018971,0.076759435,0.0672786,0.097570315,0.0021305215,0.002181917,0.015236066,0.52280265,0.21604046
ZJ018972,0.5387947,0.03720054,0.1303701,0.0009642757,0.07529381,0.0048816907,0.19366167,0.018833222
ZJ018973,0.17474678,0.08357245,0.04830658,0.011870553,0.015302744,0.35718137,0.29262242,0.016397139
ZJ018974,0.20531411,0.058195654,0.32578376,0.0005665109,0.0032716594,0.007233387,0.36973324,0.029901652
ZJ018975,0.48841128,0.08789983,0.20061354,0.005156347,0.053865716,0.010050102,0.116607815,0.037395343
ZJ018976,0.20581271,0.23864241,0.06214191,0.039363068,0.07382806,0.003483217,0.31152037,0.065208316
ZJ018977,0.34387997,0.078936785,0.16847444,0.0002884806,0.08529291,0.0772891,0.23745626,0.008382071
ZJ018978,0.13483347,0.100186944,0.24712656,0.00047127373,0.0002759148,0.0033569105,0.5040709,0.009678028
ZJ018979,0.12416412,0.040268745,0.2514764,0.0005050336,0.0030183396,0.013054538,0.5070914,0.06042139
ZJ018980,0.24194708,0.003280098,0.11298485,0.3226876,0.00523678,0.0071304073,0.0065783137,0.3001549
ZJ018981,0.031084776,0.0105549665,0.037454017,0.7425864,0.067006044,0.0649571,0.014356198,0.03200042
ZJ018982,0.17523168,0.00163206,0.32746685,0.32828644,0.017480098,0.06755961,0.004946334,0.0773969
ZJ018983,0.30527374,0.010821713,0.38312757,0.068850406,0.019927353,0.06504278,0.048376024,0.098580405
ZJ018984,0.14958155,0.024398386,0.07294357,0.054386135,0.007158046,0.003636096,0.017156333,0.6707399
ZJ018985,0.109324895,0.49350235,0.12139548,0.0025391835,0.006584166,0.012491631,0.22379035,0.030371955
ZJ018986,0.20808452,0.31750965,0.1163384,0.03855608,0.024344573,0.007322671,0.24801396,0.03983005
ZJ018987,0.20688243,0.043350164,0.23060197,0.000904866,0.0030279926,0.006298851,0.49601728,0.012916355
ZJ018988,0.09134498,0.07588014,0.09255116,0.0024828273,0.0018612015,0.043991957,0.5109346,0.1809531
ZJ018989,0.105701014,0.45353648,0.3023536,6.821579e-05,0.00031265183,0.0012591376,0.12836228,0.008406666
ZJ018990,0.06279509,0.07799971,0.4689733,0.0011911235,0.036663067,0.09891482,0.23764065,0.015822208
ZJ018991,0.12291378,0.017004719,0.30591777,7.8370744e-05,0.00075014634,0.021248255,0.5166008,0.015486214
ZJ018992,0.07990182,0.6476544,0.16117035,0.00049824786,0.00063014217,0.01570874,0.089234635,0.0052016163
ZJ018993,0.09057306,0.008596318,0.2788985,0.23494054,0.011045555,0.01033607,0.0013334696,0.36427647
ZJ018994,0.06531433,0.042510867,0.27486816,0.008814399,0.0016387051,0.028298575,0.5502471,0.028307868
ZJ018995,0.081895925,0.07096816,0.046432134,0.0033299518,0.002928904,0.004622129,0.77159876,0.018224053
ZJ018996,0.11807996,0.019230826,0.07488637,0.054050356,0.0058661536,0.0030085815,0.005874934,0.71900284
ZJ018997,0.16363111,0.013859995,0.2978838,0.10756542,0.10660899,0.1851621,0.01721604,0.10807254
ZJ018998,0.08439655,0.5860247,0.063673,0.0062877536,0.006586138,0.013482631,0.20217897,0.037370276
ZJ018999,0.20874707,0.09604447,0.40800855,0.00015318827,0.043800995,0.030160662,0.19568725,0.017397817
ZJ019000,0.025425933,0.07716026,0.10746104,0.7439867,0.0071774726,0.00782796,0.0019472584,0.029013386
ZJ019001,0.20964791,0.003267495,0.1671885,0.48173606,0.010848036,0.00874226,0.0031297512,0.11543994
ZJ019002,0.09096789,0.0011686087,0.12476633,0.58594507,0.0012478887,0.0560171,0.0017569468,0.1381302
ZJ019003,0.3984894,0.08107201,0.24436466,0.00067242776,0.009559893,0.01184221,0.20084979,0.053149607
ZJ019004,0.5327024,0.02032807,0.0738835,0.09724728,0.016737606,0.0018831535,0.024083916,0.2331341
ZJ019005,0.65056694,0.022139674,0.034732275,0.0027277088,0.04357454,0.0033325814,0.23976442,0.0031618676
ZJ019006,0.67313766,8.7814915e-05,0.008162545,0.000118400094,0.31575087,0.001298513,0.000352409,0.0010917522
ZJ019007,0.43358836,0.46112826,0.011817062,1.20269115e-05,0.043279737,0.025986329,0.01894414,0.0052440274
ZJ019008,0.0588525,0.0034611821,0.19401935,0.49648103,0.0031667026,0.011791517,0.004969555,0.22725818
ZJ019009,0.17337508,0.46532336,0.09533433,0.0024986702,0.007133622,0.04888122,0.18901521,0.018438486
ZJ019010,0.05553895,0.027121294,0.11460641,0.6185346,0.033340443,0.0017231734,0.020316653,0.12881854
ZJ019011,0.007917202,0.002317981,0.033101015,0.0054895156,0.0001383724,0.90663296,0.03142764,0.012975321
ZJ019012,0.24182396,0.017583014,0.060200647,0.0010449117,0.0057230867,0.0036359401,0.6589807,0.011007794
ZJ019013,0.08335562,0.030470164,0.2190636,0.0001401021,0.0010443449,0.013727589,0.6283146,0.023883961
ZJ019014,0.42156288,0.096451305,0.14045785,0.018793615,0.03516322,0.030014733,0.21216176,0.045394663
ZJ019015,0.43985227,0.0342294,0.1496149,0.10048313,0.06395283,0.0069407527,0.022696689,0.18223
ZJ019016,0.2074811,0.19193564,0.15225817,0.001905877,0.0050954055,0.013550746,0.2808722,0.1469009
ZJ019017,0.18832427,0.03488341,0.30574727,0.0086912615,0.1466532,0.16329417,0.098211065,0.0541954
ZJ019018,0.03883528,0.0019896866,0.19659336,0.09753856,0.0029272712,0.014885661,0.0018412339,0.6453889
ZJ019019,0.071044445,0.04456476,0.06134535,0.030443838,0.017035028,0.019279748,0.66859686,0.08768998
ZJ019020,0.0009753278,0.0002499017,0.009031273,0.00016091546,7.51837e-05,0.9861939,0.0007128933,0.002600628
ZJ019021,0.45592043,0.0075150793,0.013495589,0.382624,0.1164159,0.006005725,0.013949804,0.004073465
ZJ019022,0.17573448,0.08071186,0.18457758,0.0015415065,0.0077369986,0.2690957,0.1905534,0.09004848
ZJ019023,0.25018564,0.2937118,0.2373557,0.0006226651,0.0009886764,0.008271304,0.14936528,0.059498947
ZJ019024,0.53517157,0.11514199,0.10558869,0.005634936,0.010566077,0.021982303,0.0850034,0.12091105
ZJ019025,0.19231817,0.1286776,0.27010074,0.009863695,0.0119723445,0.008846053,0.222604,0.15561743
ZJ019026,0.23296463,0.10649374,0.3465942,0.0002635575,0.015369265,0.0014954096,0.29013595,0.0066833156
ZJ019027,0.26066673,0.10394951,0.13067947,0.08493084,0.033454,0.006265626,0.08556575,0.29448804
ZJ019028,0.27832922,0.08716191,0.31223702,0.08247376,0.004592256,0.004790897,0.11291832,0.117496654
ZJ019029,0.085135825,0.012097288,0.08034238,0.0017748467,0.0049102376,0.035385817,0.66916066,0.11119294
ZJ019030,0.008126434,0.83926445,0.021313729,0.00010940393,8.254942e-05,0.01941359,0.026470652,0.085219175
ZJ019031,0.02768685,0.018474383,0.053136807,0.03358824,0.007654772,0.7127048,0.13407522,0.012678993
ZJ019032,0.19782463,0.25504965,0.07321708,0.036785606,0.009560945,0.004384076,0.3562303,0.066947736
ZJ019033,0.09129227,0.0052742367,0.3584894,0.23126812,0.0028652346,0.024608957,0.0028671909,0.2833346
ZJ019034,0.46260002,0.05721062,0.10859231,0.00016465934,0.01088786,0.005754929,0.34803477,0.006754874
ZJ019035,0.30612412,0.17552318,0.27618557,0.053277776,0.020260265,0.055459578,0.008863835,0.10430568
ZJ019036,0.10145604,0.010515644,0.14240876,0.3616244,0.020398756,0.01798714,0.002862189,0.34274703
ZJ019037,0.060146354,0.016005661,0.14365706,0.0009357688,0.000645783,0.003904183,0.71471095,0.059994243
ZJ019038,0.3908103,0.0403861,0.055913284,0.034492183,0.009857629,0.017127806,0.26737586,0.18403679
ZJ019039,0.20167035,0.10620107,0.29520142,0.001643562,0.0013689626,0.015724214,0.35277072,0.025419718
ZJ019040,0.09871824,0.0316074,0.11817188,0.00015213288,0.001983783,0.0350062,0.7105745,0.0037858633
ZJ019041,0.42548415,0.10944152,0.118940465,0.00037294402,0.0032034703,0.08081287,0.2540525,0.007692067
ZJ019042,0.055760283,0.7921078,0.044885427,0.00018442198,0.005019457,0.015628021,0.08473393,0.0016806934
ZJ019043,0.19855602,0.09535923,0.17472146,0.0010513548,0.0008861731,0.010952765,0.45753694,0.06093609
ZJ019044,0.6484079,0.03178991,0.09605931,0.00065418554,0.030725846,0.019851033,0.14093454,0.031577263
ZJ019045,0.022899784,0.034074288,0.35937828,0.00019767552,0.029697578,0.5118049,0.024877455,0.017070077
ZJ019046,0.150566,0.3069004,0.066550426,0.08232653,0.070010215,0.010832245,0.26660943,0.046204735
ZJ019047,0.09031093,0.04393895,0.23876128,0.0004607401,0.0007198746,0.48676622,0.13735802,0.0016839309
ZJ019048,0.21266837,0.14904815,0.20204209,0.0062199277,0.0066541317,0.033051476,0.35876933,0.03154652
ZJ019049,0.20583788,0.2478581,0.06286497,0.048058763,0.023460792,0.0037857671,0.33520335,0.07293033
ZJ019050,0.1394036,0.2604149,0.3310281,0.0025585962,0.0035481213,0.021193188,0.09884098,0.14301248
ZJ019051,0.2380436,0.54826576,0.08710704,0.0014544965,0.0007226254,0.0037196153,0.066279426,0.054407496
ZJ019052,0.2653866,0.03057434,0.1105425,0.0004318231,0.00066772226,0.043125596,0.53713936,0.01213203
ZJ019053,0.0827427,0.0025225743,0.09316779,0.4909352,0.0013421456,0.0017129739,0.0029484404,0.3246282
ZJ019054,0.3890529,0.08952544,0.17875311,0.0017735456,0.014769812,0.009530146,0.28129232,0.035302743
ZJ019055,0.11756219,0.037965816,0.02190306,0.00062823726,0.0012736346,0.0048409305,0.81140536,0.004420776
ZJ019056,0.41165566,0.0055291844,0.10364733,0.151908,0.099073544,0.013333251,0.019971842,0.19488117
ZJ019057,0.14666653,0.38014916,0.065390386,0.04217093,0.013109146,0.00910399,0.24969907,0.09371077
ZJ019058,0.18667628,0.1478485,0.2703997,0.0022201003,0.019947525,0.021073004,0.19952138,0.15231359
ZJ019059,0.060148295,0.002569606,0.18925595,0.17630148,0.004059354,0.008409711,0.008320155,0.5509354
ZJ019060,0.058946744,0.026351156,0.005471619,0.0010008685,0.00024942603,0.00021307658,0.8945361,0.013231068
ZJ019061,0.119853646,0.6053078,0.07766224,0.00016868506,0.00052266754,0.0027769522,0.18422946,0.00947852
ZJ019062,0.1955387,0.030501146,0.3967341,0.10642137,0.015955193,0.004673643,0.048181195,0.20199464
ZJ019063,0.025849165,0.0664,0.029524883,0.00034775253,0.029950216,0.023754846,0.809097,0.015076167
ZJ019064,0.31137532,0.08211493,0.17406562,0.0010850473,0.014887792,0.0025037574,0.3703437,0.043623846
ZJ019065,0.24021861,0.16157669,0.325825,0.010305625,0.0010946977,0.004967989,0.23974214,0.016269235
ZJ019066,0.46726128,0.06336944,0.059157595,0.008815538,0.032942023,0.0020322306,0.29056883,0.07585301
ZJ019067,0.0650922,0.035745747,0.45452148,0.0059442217,0.0071326005,0.34988478,0.062488895,0.019190107
ZJ019068,0.24156234,0.062477797,0.14984989,0.000466515,0.01410767,0.01762112,0.5022964,0.011618302
ZJ019069,0.06522769,0.006806164,0.19800144,0.12133617,0.009358854,0.026222868,0.0044232793,0.5686235
ZJ019070,0.18404931,0.13536048,0.14194414,0.0004894968,0.0016214395,0.0074045723,0.50215757,0.02697298
ZJ019071,0.35109493,0.26514584,0.18676479,0.0008823419,0.002166537,0.011512976,0.14282991,0.039602723
ZJ019072,0.1178153,0.6435796,0.07438258,0.0005226012,0.00027870949,0.026361711,0.11965825,0.01740123
ZJ019073,0.016560761,0.04053703,0.026967423,0.0036623636,0.0019884184,0.8957494,0.0040471433,0.010487476
ZJ019074,0.16312595,0.0052575553,0.2913938,0.32431072,0.03598966,0.099671744,0.0050467486,0.075203806
ZJ019075,0.007366538,0.04535257,0.030579884,0.00072897755,0.00068418676,0.9049709,0.0036729826,0.006643954
ZJ019076,0.24050952,0.17502744,0.21116613,0.00044769127,0.0103887385,0.011421526,0.33834317,0.012695736
ZJ019077,0.08793579,0.026658311,0.24012719,0.0016618778,0.0010035133,0.034432597,0.5584706,0.04971009
ZJ019078,0.00060775556,5.723991e-05,0.005089494,0.00012005366,7.1418915e-05,0.9931234,0.00023480193,0.00069582596
ZJ019079,0.09342539,0.15296812,0.53810894,0.00032079336,0.0020833816,0.008003004,0.1990436,0.0060467096
ZJ019080,0.19581743,0.23182611,0.15374543,0.0052709477,0.018384244,0.0689986,0.19435433,0.13160297
ZJ019081,0.04855437,0.070266075,0.01763997,0.0002714075,0.0001252499,0.00018268764,0.8558683,0.007091942
ZJ019082,0.023534106,0.014470879,0.02797259,0.0021955362,0.0002061613,0.8406027,0.08129336,0.009724703
ZJ019083,0.16459619,0.010838544,0.10688461,0.0011267196,0.45789558,0.006982146,0.24673437,0.0049419045
ZJ019084,0.09517458,0.057213746,0.08010291,0.0205629,0.005175933,0.0057880967,0.71532357,0.020658214
ZJ019085,0.1915563,0.12617733,0.07661108,0.02241596,0.011702619,0.49035618,0.049848612,0.03133193
ZJ019086,0.1819247,0.029706832,0.38697365,0.0007798536,0.026013568,0.048456438,0.30944288,0.016702062
ZJ019087,0.29051894,0.18018167,0.0538547,0.023478698,0.029827364,0.015778335,0.3814367,0.0249236
ZJ019088,0.33552462,0.35812488,0.029677842,0.0013321004,0.0060740905,0.0008388568,0.14305992,0.12536769
ZJ019089,0.11862047,0.29063627,0.52105737,8.478389e-05,6.955718e-05,0.004071846,0.063378185,0.002081556
ZJ019090,0.04491425,0.032151546,0.07261644,0.009051862,0.0026242943,0.0060213613,0.817971,0.014649196
ZJ019091,0.1509225,0.006597178,0.22073916,0.4925337,0.026354436,0.032112963,0.008978972,0.06176112
ZJ019092,0.05260389,0.84975433,0.027026957,0.00025028927,0.006186413,0.010166629,0.045124732,0.008886731
ZJ019093,0.13142847,0.72959584,0.03399792,0.0056838226,0.043472532,0.00037314248,0.02810934,0.027338965
ZJ019094,0.18861046,0.016389959,0.034424104,0.5819005,0.11233405,0.021108685,0.020532453,0.02469973
ZJ019095,0.803847,0.11089595,0.017288815,0.0026356159,0.013677727,0.0052186884,0.028808545,0.017627673
ZJ019096,0.23078117,0.064814046,0.17434986,0.00057689106,0.0072755483,0.0379549,0.41949332,0.06475423
ZJ019097,0.22323735,0.20025054,0.25357452,0.0036812625,0.020097023,0.01758089,0.26070276,0.020875629
ZJ019098,0.15874383,0.18294698,0.25475797,0.0004880753,0.00361951,0.031707995,0.33265093,0.03508475
ZJ019099,0.13515557,0.12715822,0.10029684,0.018894685,0.00057829823,0.03491952,0.55600226,0.026994659
ZJ019100,0.0004910277,3.0299489e-05,0.999155,8.593024e-07,2.5590226e-11,1.2637468e-05,5.2587297e-06,0.00030420482
ZJ019101,0.5309201,0.054549407,0.13106935,0.0002068003,0.0031203558,0.0058341897,0.16534017,0.10895971
ZJ019102,0.17874826,0.16066343,0.17031218,0.023129709,0.026430631,0.05541673,0.35751167,0.027787384
ZJ019103,0.07481632,0.010675462,0.16888312,0.23203325,0.0002203442,0.00093256216,0.0025069546,0.509932
ZJ019104,0.17604335,0.022164814,0.24916655,0.10266935,0.0011869419,0.13125773,0.006901883,0.3106094
ZJ019105,0.33134216,0.12644057,0.2177296,0.13084331,0.0036009543,0.005074157,0.03225727,0.15271199
ZJ019106,0.11013059,0.7096367,0.050005943,0.014962405,0.0010981563,0.003425095,0.0076727625,0.10306832
ZJ019107,0.073036395,0.5717385,0.05981807,0.0035655722,0.03608374,0.011680576,0.17511545,0.0689617
ZJ019108,0.37361187,0.060052395,0.08031692,0.0021277242,0.11675382,0.044268243,0.29402128,0.02884779
ZJ019109,0.3167043,0.25084496,0.10383037,0.014271055,0.06149112,0.0075932182,0.1862978,0.058967166
ZJ019110,0.052619398,0.0034378828,0.082081765,0.0016751857,0.00048493146,0.039037168,0.7500313,0.07063238
ZJ019111,0.32920274,0.16291372,0.17285775,0.0005898588,0.0017426249,0.0106102545,0.21139103,0.110692024
ZJ019112,0.16702622,0.0061237672,0.46092275,0.197817,0.048776656,0.03194954,0.0077600772,0.07962405
ZJ019113,0.28978255,0.014181467,0.37775496,0.055064954,0.05670845,0.09148199,0.032423485,0.08260212
ZJ019114,0.1526376,0.02886105,0.073738545,6.6500295e-05,0.00030163742,0.064663656,0.67298347,0.0067475596
ZJ019115,0.32498884,0.36570153,0.05609238,0.00081913435,0.005022572,0.03301228,0.11128218,0.103081085
ZJ019116,0.14744551,0.005437437,0.31639692,0.00047215994,0.001003979,0.044027444,0.47841427,0.006802277
ZJ019117,0.18930277,0.05503811,0.33733895,0.0008292697,0.0020372742,0.012914947,0.39306897,0.009469722
ZJ019118,0.101232,0.104003884,0.18165797,0.113081045,0.0071931398,0.021720462,0.01404268,0.4570688
ZJ019119,0.591579,0.074920386,0.11835509,0.0011747007,0.023964675,0.0076967445,0.11956505,0.06274428
ZJ019120,0.29107562,0.049647395,0.28503537,0.0005033065,0.0050737998,0.019646008,0.3234516,0.025566904
ZJ019121,0.58458805,0.1240483,0.1171851,0.01063267,0.029237235,0.014750574,0.042242453,0.077315725
ZJ019122,0.23507777,0.055240747,0.14384513,0.0013548959,0.006790327,0.014607394,0.47468522,0.06839853
ZJ019123,0.21200265,0.0022611474,0.11532674,0.1633808,0.057085015,0.11848274,0.0041310065,0.3273299
ZJ019124,0.1557913,0.53279215,0.08430402,0.00049185654,0.0011773267,0.022129264,0.19654398,0.00677012
ZJ019125,0.23578516,0.14451575,0.1371698,6.0486036e-05,0.010674774,0.020103844,0.4393959,0.012294254
ZJ019126,0.17672227,0.13100421,0.36817858,0.000102378646,0.003972156,0.0036145581,0.2920944,0.024311353
ZJ019127,0.012246777,0.316505,0.06308789,4.3529155e-05,0.0018959385,0.4865221,0.015306847,0.10439191
ZJ019128,0.179384,0.3640256,0.093567446,0.027862966,0.016969638,0.009538461,0.27456644,0.03408535
ZJ019129,0.17742287,0.012813657,0.32639492,0.37743953,0.006043814,0.0074767456,0.013613217,0.078795284
ZJ019130,0.03350627,0.69945073,0.09362693,0.0006791249,0.008256867,0.014664077,0.14435826,0.005457769
ZJ019131,0.08526,0.08416383,0.09010805,0.00025274517,0.003973507,0.0017841171,0.6931665,0.041291263
ZJ019132,0.09646896,0.04741286,0.14673483,0.0010222321,0.21844424,0.0036244078,0.42533773,0.06095477
ZJ019133,0.23522362,0.08067222,0.41715297,6.4328466e-05,0.0006342774,0.04600707,0.20619029,0.014055268
ZJ019134,0.23065698,0.11244129,0.22668883,0.021854896,0.017647227,0.010203954,0.19331966,0.18718718
ZJ019135,0.651756,0.0038758134,0.11457052,0.096713945,0.035907768,0.048954073,0.007494625,0.040727306
ZJ019136,0.00785195,0.0021024102,0.04509707,9.887721e-05,0.00088300754,0.93603307,0.0074525536,0.00048101152
ZJ019137,0.36780247,0.010555286,0.022526693,0.40562496,0.1440612,0.007762632,0.03063297,0.011033778
ZJ019138,0.40137467,0.18252665,0.09980347,0.0033151095,0.11394822,0.0048170043,0.12502961,0.06918526
ZJ019139,0.12604478,0.008045722,0.13023762,0.3066476,0.0040454753,0.008778511,0.004285248,0.41191503
ZJ019140,0.2139151,0.011623771,0.47865352,0.08298891,0.00205348,0.013287687,0.008020557,0.18945697
ZJ019141,0.14194012,0.008827841,0.29472035,0.28703052,0.009773091,0.0027405038,0.003151721,0.25181586
ZJ019142,0.02654266,0.6619713,0.13761333,0.00041517516,0.12585688,0.009966505,0.019211702,0.018422522
ZJ019143,0.056985594,0.05686462,0.6248742,0.00090444117,0.029876802,0.16404991,0.048715647,0.017728873
ZJ019144,0.11897236,0.01953601,0.10134072,0.0015489107,0.0015331215,0.054568477,0.45595863,0.24654183
ZJ019145,0.053685777,0.0185503,0.09328334,0.60295194,0.007611816,0.0015858267,0.015126238,0.20720476
ZJ019146,0.047214482,0.019597245,0.37536374,0.013999947,0.0057546357,0.4791488,0.03393908,0.024982069
ZJ019147,0.49723664,0.1267303,0.09743959,0.0006178244,0.0021429814,0.024054011,0.23111928,0.02065943
ZJ019148,0.15950228,0.034412857,0.060827408,0.50445694,0.18396612,0.0047290446,0.026935836,0.025169503
ZJ019149,0.12436126,0.3474401,0.035411682,0.06255542,0.08895394,0.0050173,0.2890948,0.04716553
ZJ019150,0.028129881,7.128285e-05,0.063188784,0.6452677,0.0029970307,0.24464323,0.0007203538,0.014981721
ZJ019151,0.014444465,0.74490666,0.0148344,1.9561501e-05,9.430542e-05,0.025169894,0.1670273,0.033503428
ZJ019152,0.2616155,0.052808564,0.13141167,0.0024209481,0.0362243,0.07804622,0.36647525,0.07099755
ZJ019153,0.30968973,0.12337918,0.13214521,0.0042551984,0.010185032,0.003951525,0.37091824,0.04547588
ZJ019154,0.5623068,0.21075088,0.06525252,0.038305916,0.0025895322,0.0014670511,0.00901237,0.11031492
ZJ019155,0.3128858,0.10608681,0.19815956,0.0040339734,0.16592146,0.011147483,0.14326036,0.058504548
ZJ019156,0.40912077,0.030536572,0.42584473,0.0018380219,0.010160803,0.029186038,0.027501177,0.06581192
ZJ019157,0.0012121097,0.00096236885,0.021595987,0.00083325466,0.0008904901,0.9717262,0.00074438483,0.0020352507
ZJ019158,0.16671115,0.18677694,0.26888555,0.00019041469,0.0035412468,0.05657868,0.30779618,0.009519861
ZJ019159,0.269598,0.0076272194,0.52888614,0.051822,0.005265491,0.040367797,0.0049873875,0.09144592
ZJ019160,0.0168807,0.0038982944,0.007563556,5.9778766e-05,6.379257e-05,0.0024506373,0.96493423,0.0041490314
ZJ019161,0.47650856,0.05956195,0.21743482,0.037317883,0.03829532,0.012683326,0.050979394,0.1072187
ZJ019162,0.17915086,0.0046471637,0.19293006,0.29289064,0.0066243457,0.011433505,0.0027742994,0.30954915
ZJ019163,0.15545186,0.26438802,0.15257381,0.00246165,0.0016638421,0.017370438,0.33373678,0.07235357
ZJ019164,0.11331364,0.02319108,0.29195875,0.011906146,0.0018558807,0.035250995,0.50399476,0.018528763
ZJ019165,0.34135816,0.105123386,0.18629844,0.00814902,0.19340678,0.00634323,0.09236384,0.06695718
ZJ019166,0.1654513,0.44563353,0.14119986,0.00065786584,0.0013950528,0.013772834,0.18474163,0.04714793
ZJ019167,0.081135005,0.4983628,0.2213548,0.0022698825,0.0034053174,0.05473421,0.13323095,0.005507013
ZJ019168,0.016625913,0.018882614,0.50841385,0.0005625779,0.0012760325,0.43579328,0.0070171254,0.011428513
ZJ019169,0.3009384,0.106199086,0.18754326,0.20166029,0.03822648,0.003478439,0.011318929,0.15063514
ZJ019170,0.117749676,0.07449373,0.12178659,0.026437152,0.07926538,0.48099396,0.016283847,0.08298969
ZJ019171,0.101366594,0.0041600475,0.17315817,0.4952713,0.030707892,0.0017362663,0.0014788338,0.19212094
ZJ019172,0.32013002,0.02454886,0.035269987,0.4899917,0.10171437,0.003234224,0.018344887,0.006765895
ZJ019173,0.29546818,0.02009581,0.053571563,0.0014186198,0.03891932,0.009711652,0.5671981,0.013616789
ZJ019174,0.16763628,0.05888676,0.15764631,0.0014981108,0.02909641,0.034258828,0.5323868,0.01859055
ZJ019175,0.17533605,0.10301377,0.2036312,0.00061640254,0.016192278,0.006734179,0.48298034,0.011495752
ZJ019176,0.28478944,0.106824346,0.2147077,0.0021625988,0.1413198,0.013717979,0.19795822,0.038519923
ZJ019177,0.2682971,0.21697171,0.21609277,0.005157476,0.086308174,0.004931461,0.16897051,0.03327071
ZJ019178,0.09985399,0.46354967,0.12060896,0.007591954,0.007193856,0.039557688,0.23352739,0.028116537
ZJ019179,0.23827502,0.27335387,0.088176824,0.01928919,0.04658219,0.017945739,0.26253277,0.053844396
ZJ019180,0.05133297,0.00028738208,0.19466947,0.067182474,0.099261396,0.13970484,0.00043932395,0.44712216
ZJ019181,0.20872582,0.06139835,0.16617058,0.0004704492,0.0012963702,0.005037225,0.543567,0.013334194
ZJ019182,0.065046124,0.008121894,0.046011474,0.44778422,0.031566307,0.0063445326,0.0022875145,0.39283788
ZJ019183,0.2931202,0.019422505,0.15306558,0.0004962344,0.0006990573,0.0028677315,0.5105804,0.019748129
ZJ019184,0.13103488,0.0013744497,0.16237292,0.5297243,0.0046999566,0.0277854,0.000830634,0.14217743
ZJ019185,0.11268397,0.0019982792,0.3476775,0.3962297,0.005301893,0.029661488,0.0021248606,0.10432236
ZJ019186,0.14571826,0.0024837493,0.5234853,0.12665777,0.033407405,0.023534968,0.0033903804,0.14132217
ZJ019187,0.08574701,0.08864506,0.5602671,0.00041663682,0.00032630222,0.050683044,0.18485884,0.029055975
ZJ019188,0.38164878,0.07513527,0.2624998,0.010084064,0.0065782117,0.029858962,0.107925996,0.12626891
ZJ019189,0.68874633,0.022279963,0.023403393,0.0002647709,0.06951066,8.867589e-05,0.18943751,0.0062686442
ZJ019190,0.18208805,0.004943988,0.26263523,0.3651353,0.02987506,0.06251078,0.004718423,0.08809313
ZJ019191,0.25734487,0.41086373,0.19214456,0.0020976274,0.002626599,0.015955793,0.07806464,0.040902153
ZJ019192,0.17795084,0.0992383,0.053807113,0.011843295,0.0032989297,0.0082487725,0.5387985,0.10681422
ZJ019193,0.2599609,0.13853692,0.24843273,0.11266653,0.002690026,0.0026463496,0.015968874,0.21909767
ZJ019194,0.03448516,0.025530301,0.07283245,0.09845619,0.0044995006,0.64424205,0.10746631,0.012488055
ZJ019195,0.23765512,0.018475283,0.4322889,7.63224e-05,0.0002997574,0.009300103,0.2996495,0.0022550174
ZJ019196,0.3035059,0.014141683,0.018680762,0.6026126,0.03551182,0.00694456,0.013055308,0.005547351
ZJ019197,0.0025338298,0.00040992448,0.0026902403,0.00031450347,0.00053209404,0.9880505,0.0051067625,0.00036214627
ZJ019198,0.30185068,0.119376965,0.084735915,0.017400285,0.09899364,0.22193445,0.13766713,0.01804092
ZJ019199,0.21925442,0.29013172,0.07403899,0.03627295,0.036817208,0.027865278,0.247434,0.06818542
ZJ019200,0.15921722,0.024161633,0.035330974,0.6567769,0.07627615,0.009828912,0.015483584,0.022924634
ZJ019201,0.21638715,0.2723095,0.0727532,0.045989886,0.0522151,0.0035725047,0.2842406,0.05253205
ZJ019202,0.15588006,0.2409997,0.08516113,0.06812996,0.10953191,0.008535683,0.29834664,0.033414967
ZJ019203,0.26436517,0.01722093,0.5617023,0.023739964,0.0037717738,0.024016893,0.0132179195,0.09196498
ZJ019204,0.10087455,0.0039309124,0.0047487845,0.73957443,0.13145475,0.009754461,0.00841209,0.0012500114
ZJ019205,0.080519706,0.21199009,0.17815186,0.37009415,0.059241444,0.012067493,0.006994289,0.08094097
ZJ019206,0.21412283,0.5007374,0.11566776,0.005637924,0.032321367,0.0076613184,0.08204663,0.04180473
ZJ019207,0.5564523,0.0125984335,0.11851649,0.00037892725,0.01672852,0.0037437046,0.27035856,0.021223066
ZJ019208,0.103469715,0.0020032427,0.2107363,0.33346644,0.0029936617,0.009870345,0.003068013,0.3343923
ZJ019209,0.22753604,0.0069536166,0.117208526,0.08348345,0.37429392,0.041572686,0.026810158,0.12214166
ZJ019210,0.14340831,0.29259893,0.25930116,0.0016088161,0.0025261696,0.0029995104,0.2842606,0.01329646
ZJ019211,0.043081254,0.0020216105,0.2123606,0.25545397,0.01196599,0.01110952,0.006693348,0.4573137
ZJ019212,0.63639975,0.017626137,0.07684713,0.06553163,0.033993423,0.0020475956,0.006437258,0.16111702
ZJ019213,0.19156243,0.0023855474,0.18780513,0.5393249,0.019957824,0.013907181,0.0036460783,0.04141091
ZJ019214,0.25801468,0.119768664,0.12285644,0.0024283011,0.012872504,0.0019761259,0.45913213,0.022951137
ZJ019215,0.1577405,0.10657455,0.27741513,0.0043223933,0.038995218,0.04552397,0.10189182,0.2675365
ZJ019216,0.10043767,0.012062567,0.14028312,0.37732795,0.03727415,0.0049476232,0.003306883,0.32436016
ZJ019217,0.25464803,0.34582013,0.22175498,0.0019059769,0.0019604762,0.0139503265,0.102831945,0.057128116
ZJ019218,0.104257315,0.04507976,0.28052187,0.0005209625,0.0016846607,0.00541039,0.5374399,0.025085187
ZJ019219,0.08327141,0.07450996,0.09297233,0.014609493,0.06271212,0.55904514,0.07376659,0.03911296
ZJ019220,0.061532956,0.09948272,0.06530788,0.0047343825,0.01983501,0.085361525,0.59719175,0.06655376
ZJ019221,0.03708475,0.006422978,0.10587466,0.2585917,0.012077439,0.5497078,0.0026670955,0.027573599
ZJ019222,0.29893756,0.21431729,0.04329811,0.08826357,0.056508925,0.0062630256,0.232863,0.05954845
ZJ019223,0.33302107,0.12908973,0.109812394,0.0019126821,0.024503758,0.04086185,0.26173583,0.099062674
ZJ019224,0.70910627,0.0017051904,0.04849397,0.06223602,0.007609592,0.019624183,0.0031580962,0.14806658
ZJ019225,0.45853433,0.0042422074,0.2894753,0.053986747,0.08974334,0.023287697,0.017604064,0.06312635
ZJ019226,0.057116065,0.042577565,0.35992667,0.0020189686,0.0014102608,0.00224461,0.48615316,0.048552707
ZJ019227,0.6930155,0.100774124,0.06259629,0.0011829204,0.0030053928,0.0003698195,0.033658594,0.10539735
ZJ019228,0.30879,0.010800639,0.41244316,0.14381894,0.004973988,0.01596532,0.007433891,0.09577406
ZJ019229,0.84365207,0.061508544,0.013543211,0.0003927729,0.018769844,0.002764854,0.056074247,0.0032944633
ZJ019230,0.121246226,0.143452,0.100922324,0.0034567958,0.0015329714,0.0049528517,0.5892323,0.03520447
ZJ019231,0.10284795,0.61666214,0.13417827,0.0011042994,0.001662412,0.044836383,0.093138866,0.0055697314
ZJ019232,0.19103824,0.34876016,0.05209339,0.088651724,0.07659973,0.0040707886,0.20584822,0.03293774
ZJ019233,0.43040746,0.023558265,0.13483907,0.0011039596,0.13396649,0.0037967337,0.14247024,0.12985776
ZJ019234,0.072606966,0.09913734,0.07251193,0.0029593382,0.009267286,0.04777973,0.6584899,0.037247617
ZJ019235,0.2500301,0.011245304,0.40571746,0.16936438,0.00334173,0.03725633,0.007879611,0.11516519
ZJ019236,0.07387146,0.7673844,0.033562444,0.0039889314,0.010255947,0.0014208878,0.0987268,0.010789077
ZJ019237,0.08038767,0.10589802,0.14034806,0.0011067067,0.0011066154,0.012154867,0.60065633,0.05834177
ZJ019238,0.109133646,0.09134401,0.27724636,0.0006652323,0.0023446544,0.026592795,0.4844946,0.008178718
ZJ019239,0.05608855,0.01249714,0.17861965,0.0010982373,0.00065477,0.16112854,0.4924173,0.097495824
ZJ019240,0.11123443,0.4740674,0.17738774,0.00026867172,0.0006970247,0.0037984531,0.22696562,0.0055807065
ZJ019241,0.00039167004,4.595813e-06,0.00046838622,0.0025968775,5.934657e-05,0.9963543,4.5362045e-05,7.946332e-05
ZJ019242,0.24022265,0.23649855,0.06189182,0.03731546,0.047878057,0.008392291,0.28966415,0.078137025
ZJ019243,0.14489298,0.010622342,0.32374966,0.28013203,0.029273827,0.108534195,0.01013676,0.0926582
ZJ019244,0.09259334,0.008300641,0.19655204,0.4472231,0.060233757,0.067037284,0.0037078871,0.12435197
ZJ019245,0.42286307,0.091710225,0.25254086,0.00025483817,0.0034912715,0.027274312,0.17216995,0.029695464
ZJ019246,0.2375773,0.054633863,0.12096246,0.00039968875,0.050365373,0.03618319,0.46530253,0.03457555
ZJ019247,0.13409758,0.5833317,0.062977895,0.02994218,0.009126016,0.0025052095,0.1408624,0.037156925
ZJ019248,0.4160537,0.037382964,0.16349068,0.00027966106,0.00837721,0.005389111,0.35048562,0.01854106
ZJ019249,0.0922589,0.11716094,0.1867994,0.0008813136,0.0015721647,0.0068885763,0.53445524,0.05998344
ZJ019250,0.48876545,0.012618204,0.27742273,0.061026797,0.013859243,0.056895267,0.009009839,0.08040245
ZJ019251,0.43551826,0.118181996,0.26327628,0.00068913895,0.0039671976,0.080015585,0.058245998,0.040105563
ZJ019252,0.05353806,0.68122894,0.15560439,0.00043804085,0.0029139442,0.022051934,0.08236849,0.0018562041
ZJ019253,0.13466312,0.005433699,0.55176014,0.07844087,0.019017672,0.027441874,0.008000814,0.17524187
ZJ019254,0.2924098,0.34126857,0.11744661,0.0005082186,0.0022005658,0.025902042,0.21063696,0.009627279
ZJ019255,0.21407537,0.036929697,0.025149375,0.55712724,0.14084329,0.004514059,0.014812959,0.0065479944
ZJ019256,0.06427977,0.7519037,0.064394414,0.0002754556,0.00066681503,0.016033653,0.08520687,0.017239302
ZJ019257,0.2985775,0.5414374,0.03745229,0.0050753807,0.004986904,0.0110647185,0.08651488,0.0148908775
ZJ019258,0.005312046,0.06155233,0.030045211,0.0003087245,0.00046624726,0.8940825,0.0034715591,0.0047613685
ZJ019259,0.0038113417,0.0021005522,0.03885618,0.0011487752,0.0011190155,0.94707185,0.0021867258,0.0037055449
ZJ019260,0.08508318,0.020057516,0.0129465675,0.025107522,0.077076815,0.0012234465,0.76568264,0.0128222285
ZJ019261,0.09946571,0.0057449923,0.25562152,0.31748503,0.0020161003,0.002545768,0.002314124,0.3148067
ZJ019262,0.34490758,0.019137228,0.06586654,0.002384635,0.36495203,0.0062786476,0.18843623,0.008037158
ZJ019263,0.19492398,0.042605586,0.1878119,0.3753221,0.02674281,0.0060799466,0.011806913,0.15470682
ZJ019264,0.52410793,0.00041201594,0.081684954,0.17688085,0.19368061,0.014008413,0.00062322477,0.0086019365
ZJ019265,0.055757996,0.0005050246,0.37796965,0.3473021,0.04255371,0.091540165,0.00055596005,0.08381535
ZJ019266,0.13151975,0.35431623,0.09033987,0.04759032,0.02185593,0.0038971575,0.29152274,0.058957987
ZJ019267,0.10519265,0.09857626,0.1267767,0.001988739,0.012301466,0.018706193,0.56499475,0.07146331
ZJ019268,0.16416413,0.29438093,0.09718167,0.096453354,0.025552869,0.019688306,0.24331132,0.059267413
ZJ019269,0.10720268,0.01903028,0.017072322,0.008483487,0.018307894,0.00053863303,0.8201856,0.0091791265
ZJ019270,0.16345389,0.2364178,0.14655995,0.04793606,0.019258171,0.0065717925,0.04037048,0.33943182
ZJ019271,0.07659273,0.6114486,0.051584803,0.001371084,0.08085291,0.01821871,0.12493124,0.03499995
ZJ019272,0.010130631,0.038126558,0.050220646,7.300063e-05,0.007000408,0.88542724,0.00781722,0.0012043617
ZJ019273,0.163077,0.27493343,0.08183549,0.024770385,0.022286927,0.0039470736,0.37575582,0.053393856
ZJ019274,0.101512685,0.02783875,0.047916207,0.631723,0.08941482,0.05330676,0.022588722,0.025699044
ZJ019275,0.15952343,0.032087963,0.055319056,0.01920344,0.042619884,0.003001378,0.65413254,0.034112334
ZJ019276,0.346064,0.20032795,0.19215016,0.0076002944,0.02840517,0.00058113935,0.0973614,0.12750988
ZJ019277,0.28355202,0.028833834,0.13107124,0.0030637875,0.038599312,0.02643007,0.46699646,0.021453269
ZJ019278,0.12953985,0.10194058,0.0692251,0.0013619382,0.0020639452,0.008384762,0.6728089,0.0146749895
ZJ019279,0.5236025,0.038925815,0.26512098,0.016824909,0.032211304,0.0027639014,0.04902997,0.07152061
ZJ019280,0.13126539,0.05641642,0.2576847,0.0008891845,0.10307615,0.13929647,0.2638272,0.047544394
ZJ019281,0.24735881,0.09071034,0.15494573,0.002373733,0.018265275,0.0016892523,0.46431193,0.020344922
ZJ019282,0.078868136,0.011410308,0.188695,0.0010777438,0.0016858414,0.070214644,0.5708234,0.07722495
ZJ019283,0.12451756,0.010203055,0.31776378,0.47101957,0.0027556596,0.010018521,0.0065786303,0.0571432
ZJ019284,0.14143643,0.60339403,0.09262737,0.006027696,0.037966736,0.0018553667,0.06726149,0.04943084
ZJ019285,0.16425446,0.0074570687,0.118141875,0.2495563,0.004185279,0.0025399553,0.005256617,0.4486084
ZJ019286,0.07950826,0.056862094,0.052361496,0.5863126,0.15665117,0.021589428,0.0314972,0.015217758
ZJ019287,0.034771796,0.2759384,0.10638502,0.00010461922,0.0009546556,0.44102982,0.049918566,0.09089707
ZJ019288,0.14849116,0.07203996,0.1918301,0.0075329538,0.055918593,0.058086812,0.15543099,0.31066945
ZJ019289,0.24061316,0.24083433,0.4116366,0.00018062646,0.0051225466,0.0027149436,0.09046342,0.008434416
ZJ019290,0.042409506,0.023518994,0.077616066,0.014028296,0.008344214,0.7898854,0.029711591,0.014485949
ZJ019291,0.28028563,0.007518407,0.10664324,0.44912347,0.0030300643,0.0039732708,0.009684556,0.13974147
ZJ019292,0.09823205,0.040914267,0.007605141,0.7846366,0.029992567,0.002758478,0.032976583,0.0028842874
ZJ019293,0.032436315,0.009349473,0.015507308,0.0012131868,0.0018424708,0.79818994,0.1364602,0.0050011817
ZJ019294,0.009532799,0.5904857,0.013645237,1.0273426e-05,5.7528647e-05,0.015675627,0.33846933,0.032123517
ZJ019295,0.2011962,0.27454457,0.1303915,0.0020639752,0.003409792,0.0247477,0.16592976,0.19771652
ZJ019296,0.15525982,0.007610553,0.18224339,0.5502451,0.00038322454,0.03610344,0.010940361,0.05721417
ZJ019297,0.38522196,0.047066472,0.16313724,0.008052947,0.1830518,0.041534778,0.14179835,0.030136468
ZJ019298,0.10553241,0.43492776,0.24453393,0.00066949945,0.0024925135,0.022669122,0.18527263,0.0039021615
ZJ019299,0.38432118,0.18530911,0.09262894,0.004871187,0.009829708,0.00534116,0.27964818,0.038050503
ZJ019300,0.122316256,0.0035813847,0.13575083,0.34882143,0.0035434726,0.0029399863,0.0035608052,0.37948585
ZJ019301,0.07334657,0.04958311,0.011180761,0.00048911275,0.00053502055,8.45332e-05,0.8351716,0.029609289
ZJ019302,0.21850152,0.012402929,0.02638775,0.5649452,0.15936793,0.0016010429,0.011304959,0.0054885973
ZJ019303,0.20378293,0.180541,0.27927154,0.00091240427,0.0024705464,0.029343931,0.2612284,0.042449217
ZJ019304,0.921688,0.004516987,0.020360416,0.007649721,0.022058284,0.00037612047,0.010995175,0.01235538
ZJ019305,0.15947075,0.12010566,0.23896186,0.00064105314,0.014032034,0.0054995953,0.45242628,0.0088627115
ZJ019306,0.094237596,0.06151171,0.042198196,0.004588227,0.0013927121,0.0013725982,0.7852787,0.009420214
ZJ019307,0.06707375,0.13224241,0.22369564,0.0045512947,0.0007619514,0.0034550393,0.54645056,0.021769373
ZJ019308,0.19961226,0.004201159,0.16970186,0.3243958,0.004602976,0.013925227,0.0079563055,0.27560437
ZJ019309,0.45947963,0.08908789,0.12999944,0.027488727,0.0679328,0.011231769,0.11316396,0.10161583
ZJ019310,0.16593903,0.07894472,0.27835876,0.0040854425,0.0105805695,0.009401884,0.4185094,0.034180176
ZJ019311,0.10705478,0.73145884,0.01370244,4.629167e-05,0.015202422,0.0020308855,0.1275029,0.0030014778
ZJ019312,0.0139803225,0.02650276,0.01117475,0.006566842,0.0017496173,0.9159255,0.02323936,0.0008607803
ZJ019313,0.029275987,0.060077675,0.06725978,0.0051130964,0.006936515,0.7388371,0.07139255,0.0211073
ZJ019314,0.13425124,0.0021340498,0.32245252,0.37651542,0.03435154,0.050782595,0.0035237267,0.07598888
ZJ019315,0.15879902,0.45894632,0.111497335,0.0037402282,0.007146792,0.014521006,0.21005847,0.035290822
ZJ019316,0.15228954,0.3624401,0.13602039,0.006174608,0.0059525645,0.06750164,0.23756674,0.032054387
ZJ019317,0.058930613,0.57070214,0.048735503,0.0017303003,0.14841948,0.015735354,0.10365154,0.05209506
ZJ019318,0.17541379,0.010108761,0.41170007,0.06914524,0.118685186,0.089615986,0.008501592,0.11682942
ZJ019319,0.004813079,0.07978873,0.022782756,0.00012581996,0.00044078042,0.88874096,0.0019895143,0.0013184032
ZJ019320,0.08228879,0.05406263,0.04552699,0.5951326,0.12836057,0.044243257,0.024872294,0.025512904
ZJ019321,0.053988624,0.018977432,0.09547341,0.54385805,0.17185742,0.03507138,0.03487281,0.04590095
ZJ019322,0.39285186,0.07610485,0.1176368,0.005027336,0.15992723,0.0705636,0.15232892,0.025559379
ZJ019323,0.20775765,0.0080396,0.017326336,0.6678438,0.0804575,0.003841265,0.010595972,0.0041378555
ZJ019324,0.27593896,0.14260222,0.18212248,0.00045696984,0.028367367,0.028946137,0.329587,0.01197888
ZJ019325,0.21986888,0.22773506,0.16934846,0.00042836214,0.01092599,0.023975836,0.3404243,0.007293111
ZJ019326,0.13922854,0.021304445,0.14354898,0.29829648,0.028001955,0.044245873,0.0067112236,0.31866255
ZJ019327,0.050957564,0.04667013,0.5134051,0.0006083093,0.0004236644,0.0060960855,0.353459,0.028380202
ZJ019328,0.33573315,0.031872265,0.11747712,0.0109034665,0.29709896,0.011705871,0.16426921,0.03094006
ZJ019329,0.69441116,0.0012256091,0.114715934,0.018111095,0.010636011,0.0065279645,0.0024846622,0.15188754
ZJ019330,0.049954284,0.023012001,0.13761756,0.7356895,0.011906508,0.01222232,0.0046424554,0.024955386
ZJ019331,0.026665209,0.013674552,0.02426635,0.0036756506,9.486628e-05,0.8302883,0.09858371,0.002751368
ZJ019332,0.31049508,0.2656394,0.07968664,0.060039815,0.0008942436,0.0003271131,0.004678521,0.2782392
ZJ019333,0.086216785,0.018640805,0.04998134,6.167526e-05,0.004938686,0.00057266216,0.8258997,0.013688359
ZJ019334,0.3511003,0.20529063,0.14219351,0.0057272683,0.08581023,0.0032219705,0.14753464,0.05912141
ZJ019335,0.0013232214,0.00026309225,0.016742138,0.00028533948,9.77564e-05,0.9767925,0.00074570964,0.0037501976
ZJ019336,0.054476343,0.013426197,0.45876047,0.0013487522,0.016156867,0.38543868,0.06725545,0.003137229
ZJ019337,0.24293429,0.031994037,0.29097226,0.00023962886,0.0013612616,0.0037089677,0.4105983,0.018191243
ZJ019338,0.23005041,0.13727051,0.18880728,0.028849699,0.057309553,0.1742133,0.02759231,0.15590698
ZJ019339,0.050216943,0.014871002,0.13992362,0.00032905204,0.0019741245,0.0085987,0.77451885,0.009567738
ZJ019340,0.33740854,0.015948273,0.027734369,0.4163929,0.13358888,0.03135562,0.024822177,0.012749303
ZJ019341,0.087407514,0.07975917,0.6182963,0.0019304954,0.046280738,0.057057053,0.08911122,0.020157458
ZJ019342,0.21345906,0.02058588,0.024751872,0.52447665,0.16679208,0.0040937006,0.031681985,0.014158788
ZJ019343,0.6116439,0.007160502,0.053007085,0.13350171,0.12667492,0.015022496,0.0074424394,0.045546956
ZJ019344,0.12566027,0.46525997,0.08781782,0.014563676,0.021108365,0.01120216,0.22341445,0.05097324
ZJ019345,0.18285042,0.1017836,0.22413708,0.012113856,0.018101363,0.024560925,0.10216003,0.3342927
ZJ019346,0.14837821,0.34394154,0.100169875,0.03984776,0.018710967,0.01816601,0.29162335,0.039162282
ZJ019347,0.062345628,0.0061919177,0.09918714,0.5171323,0.009022898,0.027735988,0.0011359063,0.27724823
ZJ019348,0.26958147,0.0641703,0.23484588,0.0002328101,0.04366072,0.094413154,0.27285475,0.020240905
ZJ019349,0.024609582,0.88536346,0.008361123,0.0003227477,0.00075498363,0.018509572,0.05738949,0.004688969
ZJ019350,0.26963925,0.21729043,0.16856188,0.004053529,0.025222288,0.0020674819,0.22905573,0.08410936
ZJ019351,0.188979,0.0022366848,0.16011757,0.48551884,0.011455225,0.027363338,0.0016431983,0.12268621
ZJ019352,0.16342425,0.21151718,0.105984,0.011001988,0.04477921,0.007352786,0.29356104,0.16237958
ZJ019353,0.031774286,0.8589965,0.048656467,0.0022281182,0.0016239133,0.0004928207,0.020945584,0.03528229
ZJ019354,0.127381,0.085083105,0.3670292,0.0010745211,0.0011676742,0.02104375,0.2605391,0.13668157
ZJ019355,0.110648766,0.026632236,0.06246262,0.06303188,0.0052340035,0.0015083548,0.011302612,0.7191795
ZJ019356,0.07739528,0.007131315,0.0727622,0.001124819,0.0017175914,0.6104061,0.12099547,0.10846718
ZJ019357,0.17512047,0.46734923,0.13100332,0.0011845435,0.00095039944,0.013803838,0.16221061,0.048377544
ZJ019358,0.31143582,0.21147172,0.040840603,0.07932317,0.076401584,0.020090716,0.21640337,0.044033054
ZJ019359,0.18186653,0.005700312,0.021516887,0.7172541,0.041582644,0.01674791,0.012980564,0.0023510454
ZJ019360,0.14177233,0.0647647,0.16875862,0.0029244241,0.16926768,0.022437051,0.24020018,0.18987502
ZJ019361,0.0012325521,0.000111405316,0.004477209,0.00012359107,0.00030059772,0.9912627,0.00026173604,0.0022302193
ZJ019362,0.073291235,0.82920116,0.042256065,0.0026381027,0.0007275904,0.009899309,0.024627732,0.017358718
ZJ019363,0.12980951,0.036252856,0.22155587,0.004304864,0.0036761917,0.028873552,0.5095696,0.06595755
ZJ019364,0.10752763,0.0470194,0.08300816,0.00020134472,0.0012867596,0.049660012,0.63687307,0.07442362
ZJ019365,0.070017256,0.00090535113,0.0011328646,0.80410683,0.012139857,0.10920004,0.0022508735,0.00024688823
ZJ019366,0.07853525,0.123944245,0.33202565,0.0006991305,0.018186849,0.014922836,0.2689818,0.16270421
ZJ019367,0.63184047,0.07402149,0.09362576,0.0054435874,0.011237531,0.007169556,0.07373065,0.10293098
ZJ019368,0.19872288,0.07376876,0.31296584,0.00036403848,0.0008465094,0.008501951,0.39647007,0.008359949
ZJ019369,0.0020151418,0.0009649282,0.004675315,0.00062480633,6.155461e-05,0.97845316,0.01247111,0.00073396566
ZJ019370,0.53224397,0.043211192,0.041451223,3.7738453e-05,0.001697451,0.06292294,0.30696753,0.011467881
ZJ019371,0.035662245,0.032186057,0.27408585,0.0039814804,0.00037676215,0.003034576,0.63276756,0.017905474
ZJ019372,0.094870076,0.53293,0.13888018,0.008007551,0.0050560855,0.00928007,0.059011724,0.15196435
ZJ019373,0.13411868,0.30966175,0.18690667,0.004547692,0.011596773,0.09501503,0.2325805,0.02557295
ZJ019374,0.26155046,0.005218729,0.08920007,0.5734734,0.0003099746,0.016050393,0.0031622178,0.05103476
ZJ019375,0.18951143,0.004898985,0.17550798,0.37401676,0.0039434936,0.003085735,0.005467621,0.24356802
ZJ019376,0.037727643,0.0046501127,0.109132,0.00057011144,0.00094630796,0.07096985,0.7288217,0.047182307
ZJ019377,0.15690973,0.015273227,0.20489123,0.005699604,0.002850095,0.040769316,0.51092577,0.06268102
ZJ019378,0.4178505,0.009621185,0.022335408,0.34731233,0.12922467,0.030300954,0.02470316,0.018651865
ZJ019379,0.21148567,0.30868348,0.047902524,0.0034665917,0.2876787,0.013350913,0.122611225,0.0048209284
ZJ019380,0.23946433,0.073533185,0.3063685,0.00010901434,0.0020551842,0.008916364,0.32630244,0.043250952
ZJ019381,0.1753131,0.006640542,0.27355433,0.3602809,0.041234102,0.07774529,0.0031744798,0.06205732
ZJ019382,0.15059498,0.629352,0.09402561,0.006745199,0.015688945,0.0015003427,0.06233391,0.039759018
ZJ019383,0.07369103,0.01315751,0.20042703,0.2509297,0.009828204,0.09388629,0.004169203,0.35391107
ZJ019384,0.011763077,0.0032839226,0.0042336844,0.007300513,0.008523938,0.93092495,0.0060141045,0.027955769
ZJ019385,0.15327449,0.38095495,0.13899451,0.0015020065,0.0012396371,0.003813865,0.25365463,0.06656591
ZJ019386,0.06859698,0.15620264,0.29464632,0.30478254,0.056052987,0.027278304,0.005050267,0.08738997
ZJ019387,0.012784378,0.055678647,0.07800875,0.00049943075,0.0032715357,0.7913106,0.032949883,0.02549679
ZJ019388,0.061505612,0.8243333,0.028327815,0.0052908235,0.0059700045,0.013785137,0.055392332,0.005394979
ZJ019389,0.038766947,0.065247886,0.41062635,0.00077062845,0.079848185,0.3588862,0.032254286,0.013599545
ZJ019390,0.2363006,0.17009388,0.14606659,0.002917502,0.007195328,0.08558165,0.3186156,0.03322878
ZJ019391,0.09844084,0.06845911,0.28424776,0.0015427768,0.2220773,0.15846023,0.14477777,0.0219942
ZJ019392,0.3837112,0.04543878,0.01832184,0.0006174163,0.002128454,0.00089817663,0.522977,0.025907213
ZJ019393,0.8584503,0.025973363,0.023372333,0.00013847262,0.0012539414,0.012328928,0.07493001,0.0035526704
ZJ019394,0.20681159,0.14918692,0.3325927,0.0020227781,0.02237882,0.018588644,0.18876182,0.079656735
ZJ019395,0.3245574,0.1478296,0.20516488,0.008176839,0.11750527,0.0029309632,0.11257577,0.08125933
ZJ019396,0.49121812,0.021438511,0.12822555,0.1691366,0.12970945,0.0043595475,0.0049891546,0.050923094
ZJ019397,0.13793145,0.16921042,0.17195359,0.004872705,0.006899582,0.07631421,0.35893214,0.073885895
ZJ019398,0.14582695,0.097517826,0.31443438,0.005188776,0.009269109,0.10110645,0.28410688,0.04254959
ZJ019399,0.14428851,0.35012364,0.094250455,0.08226539,0.033351693,0.0059784227,0.23168297,0.058058944
ZJ019400,0.3484108,0.051490333,0.1659033,0.0015834922,0.032260947,0.02158948,0.292723,0.086038634
ZJ019401,0.19695476,0.08935805,0.21002005,0.0005808998,0.012484664,0.014895253,0.44020864,0.035497654
ZJ019402,0.065041386,0.79123956,0.042988855,8.319963e-05,0.0002774174,0.023632681,0.0667191,0.010017747
ZJ019403,0.07227844,0.00073163357,0.18285659,0.27205333,0.010682762,0.034497358,0.0006719728,0.42622793
ZJ019404,0.14113799,0.030556425,0.10509596,0.44791174,0.020309802,0.025404215,0.0038271402,0.22575673
ZJ019405,0.3753655,0.024235724,0.038006257,0.0001891659,0.004070931,0.0007254473,0.54730964,0.010097398
ZJ019406,0.25015777,0.033963267,0.34890717,0.040092196,0.004717723,0.005807876,0.014762294,0.30159166
ZJ019407,0.524324,0.11614562,0.06430357,0.046289913,0.11333577,0.0018508306,0.09022692,0.04352328
ZJ019408,0.12321026,0.4851119,0.059593827,0.053056158,0.010810567,0.009074682,0.20691592,0.052226704
ZJ019409,0.053310238,0.04599528,0.081800714,0.000167064,0.01083654,0.006442156,0.7645692,0.036878783
ZJ019410,0.106085554,0.6375658,0.08421322,0.00031822154,0.0013961939,0.015120518,0.14085782,0.014442701
ZJ019411,0.28181624,0.0044184485,0.4951919,0.046104852,0.004368619,0.02131352,0.008677214,0.13810915
ZJ019412,0.11256548,0.30831432,0.030612528,0.06301902,0.022633588,0.0014498708,0.37455866,0.08684653
ZJ019413,0.16653301,0.27920967,0.18029335,0.05882959,0.003156824,0.03729964,0.118402496,0.15627539
ZJ019414,0.55483437,0.026892513,0.16576612,0.013421503,0.009262013,0.002570757,0.020756058,0.2064967
ZJ019415,0.020721886,0.00080265297,0.004587223,0.006066437,0.007861722,0.9559927,0.0009563743,0.0030110702
ZJ019416,0.016163308,0.0007645171,0.042430133,0.78673637,0.0024889135,0.033068344,0.00081560516,0.117532805
ZJ019417,0.03913829,0.88161427,0.011572166,0.0021139486,0.00041335853,0.00024566616,0.049562942,0.015339349
ZJ019418,0.065802485,0.001210303,0.4662178,0.096315816,0.005429257,0.044489812,0.00075127126,0.3197833
ZJ019419,0.11531229,0.51167786,0.11352926,0.0039670547,0.0053030523,0.021141455,0.1936024,0.035466645
ZJ019420,0.20636736,0.13497539,0.22034347,0.0022123968,0.009642737,0.067189574,0.30404934,0.055219714
ZJ019421,0.08075591,0.012619715,0.021678708,4.6264962e-05,0.0065234,0.0018205018,0.8539022,0.022653285
ZJ019422,0.17835546,0.03879581,0.016793864,0.028392222,0.043404974,0.000612467,0.6572518,0.036393445
ZJ019423,0.1397427,0.06412738,0.1780485,0.0013844945,0.00274035,0.56309867,0.047539495,0.003318401
ZJ019424,0.2766696,0.091541685,0.0790636,0.0016604837,0.03698462,0.009941926,0.48439616,0.01974199
ZJ019425,0.38737193,0.029140214,0.20753242,0.0010623671,0.0973277,0.009527076,0.251923,0.016115304
ZJ019426,0.22320072,0.080095,0.2115074,0.0005241294,0.05687702,0.0064825043,0.41364405,0.007669191
ZJ019427,0.08043727,0.0039042535,0.26041096,0.28388712,0.03571039,0.030477399,0.008566916,0.2966057
ZJ019428,0.08994763,0.09732684,0.19391374,0.0005236846,0.0040193335,0.3785904,0.20401691,0.031661477
ZJ019429,0.21445073,0.14383961,0.19736058,0.011896244,0.24925502,0.011211878,0.07758177,0.09440416
ZJ019430,0.17080988,0.17981946,0.25174537,0.0004819986,0.004260891,0.0125306705,0.3049267,0.07542503
ZJ019431,0.02047887,0.025174515,0.012902383,0.0005883846,0.00039973322,0.91983503,0.012173623,0.008447449
ZJ019432,0.016262919,0.77681625,0.031633742,0.00011371205,0.00012579457,0.057554726,0.042856794,0.07463611
ZJ019433,0.23692662,0.0047345,0.12951894,0.48906875,0.02635541,0.0034228705,0.0059043686,0.104068555
ZJ019434,0.15648983,0.15392852,0.33281386,0.0033492763,0.03386867,0.061008852,0.20558159,0.052959338
ZJ019435,0.1883774,0.16834024,0.18166506,0.002243644,0.04800285,0.119147986,0.1357574,0.15646541
ZJ019436,0.11514128,0.524652,0.16912968,0.0009778258,0.0033049353,0.033243965,0.14917222,0.0043780585
ZJ019437,0.06423641,0.8482854,0.040228195,0.002840471,0.00080238807,0.0069703828,0.015274007,0.021362793
ZJ019438,0.08339266,0.027742159,0.2346217,0.0024615398,0.008422158,0.07377868,0.5616003,0.007980761
ZJ019439,0.15066747,0.06644114,0.18986149,0.0010393192,0.0030429738,0.21847975,0.30072695,0.06974085
ZJ019440,0.15614307,0.5054499,0.09768861,0.008826915,0.0034968788,0.008831032,0.048266787,0.1712969
ZJ019441,0.709416,0.023203678,0.09040254,0.039108355,0.02600898,0.045413285,0.018317012,0.0481302
ZJ019442,0.0645075,0.02489324,0.21981172,0.0008595004,0.0016114246,0.41501662,0.2431213,0.030178698
ZJ019443,0.22088012,0.12766387,0.22657534,0.0015439733,0.027357394,0.007548901,0.2608366,0.12759373
ZJ019444,0.08226541,0.17732875,0.2716742,0.3390001,0.06868899,0.01747728,0.00512185,0.038443435
ZJ019445,0.18628494,0.052477494,0.4237266,0.0110571785,0.011054274,0.020422861,0.2589982,0.035978463
ZJ019446,0.0060887705,0.033115827,0.04382024,0.00025679558,0.0005997891,0.91163146,0.0025173558,0.0019697598
ZJ019447,0.53416145,0.033469956,0.05228365,0.001227332,0.025483916,0.011768598,0.3171359,0.024469193
ZJ019448,0.16602531,0.010327467,0.02366706,0.58280325,0.17340904,0.01317292,0.02280911,0.007785853
ZJ019449,0.09424966,0.7632966,0.08022149,0.0014470313,0.0030456008,0.0009157697,0.039913643,0.01691025
ZJ019450,0.11217166,0.006975246,0.13908237,0.35011494,0.0025433279,0.006586204,0.005750498,0.37677574
ZJ019451,0.09714555,0.004912784,0.4946498,0.00095211656,0.00052389037,0.07358036,0.3232927,0.0049427976
ZJ019452,0.06627622,0.0026355234,0.12848262,0.23401925,0.0034096027,0.5244115,0.004160201,0.036605004
ZJ019453,0.0120069245,0.0040781866,0.016077068,0.008703598,2.7173286e-05,0.9159317,0.040322185,0.0028531838
ZJ019454,0.21167041,0.0099868765,0.11261307,0.5120019,0.00078955234,0.07172816,0.012614076,0.06859599
ZJ019455,0.27908587,0.32897642,0.15440229,0.0056008482,0.05300593,0.001974664,0.12566932,0.05128466
ZJ019456,0.114420645,0.0047521247,0.38129926,0.024274938,0.040627003,0.37081528,0.008975834,0.05483494
ZJ019457,0.22743535,0.09504897,0.3105442,0.0007552783,0.011440762,0.041540902,0.2766645,0.03657001
ZJ019458,0.0040646656,0.025185954,0.031170113,0.00012002104,0.0021636107,0.93212074,0.0023421128,0.0028327492
ZJ019459,0.07353755,0.023669133,0.28931263,0.19107552,0.023965446,0.06396348,0.006736071,0.32774022
ZJ019460,0.01488283,0.47705862,0.01985006,2.0786316e-05,0.000110722314,0.02436826,0.37393942,0.08976935
ZJ019461,0.16875073,0.51104987,0.052942496,0.044831052,0.022208013,0.0074238833,0.15432748,0.03846654
ZJ019462,0.081069514,0.002144801,0.17235087,0.16469412,0.010146921,0.5193977,0.004035347,0.046160772
ZJ019463,0.54706025,0.16696739,0.048567053,0.019943189,0.0014020603,0.0042843083,0.0077019017,0.20407386
ZJ019464,0.0599751,0.80119693,0.052434497,0.00081800093,0.00037888813,0.00087879144,0.06552312,0.01879467
ZJ019465,0.17713061,0.062687635,0.13990475,0.013429066,0.05844294,0.12665772,0.3687215,0.05302576
ZJ019466,0.22338232,0.019198677,0.14470066,0.00090739003,0.00092324306,0.0032532755,0.59024125,0.017393112
ZJ019467,0.13198581,0.01932225,0.27809098,0.20464812,0.046998568,0.10734182,0.002592845,0.20901959
ZJ019468,0.06636188,0.048715778,0.12277412,0.012479291,0.0054222257,0.0044330326,0.70906067,0.030753054
ZJ019469,0.44040626,0.014838391,0.106642544,0.0008786391,0.03296063,0.012686323,0.382614,0.008973127
ZJ019470,0.24866857,0.18992826,0.18143396,0.0056484384,0.16729715,0.007381331,0.1258069,0.07383546
ZJ019471,0.24150412,0.20962052,0.38023153,8.572156e-05,0.0008173588,0.008582905,0.15156981,0.0075879795
ZJ019472,0.23480417,0.021194033,0.14173007,0.37604287,0.033085458,0.019877829,0.0140260495,0.15923953
ZJ019473,5.703009e-05,1.6758318e-06,0.00010640471,5.6256504e-05,4.4424423e-06,0.99968344,1.3720647e-05,7.700595e-05
ZJ019474,0.19766067,0.004952715,0.2897649,0.002001403,0.0020730663,0.09720054,0.4019192,0.00442747
ZJ019475,0.15513885,0.017477233,0.1026208,0.00010391371,0.0053881137,0.0030017828,0.66218156,0.054087702
ZJ019476,0.1475665,0.30464283,0.07819173,0.0953867,0.0298801,0.015444339,0.23605043,0.0928374
ZJ019477,0.2880386,0.31356004,0.1761336,0.012632449,0.035174463,0.0022440508,0.08619604,0.08602079
ZJ019478,0.30022204,0.12553675,0.13543051,0.00034017733,0.016559487,0.002098051,0.40353814,0.016274823
ZJ019479,0.17686744,0.104297206,0.027265064,0.1080559,0.0112233665,0.001361088,0.42703786,0.14389198
ZJ019480,0.13974136,0.17461994,0.28705373,0.0075277044,0.15286408,0.010877918,0.21683736,0.010477933
ZJ019481,0.5025632,0.04077273,0.1878917,0.0015913944,0.054600947,0.011667149,0.1668598,0.034053057
ZJ019482,0.14882603,0.04739339,0.26974168,0.0004227982,0.04172788,0.01366069,0.42209476,0.056132704
ZJ019483,0.12418103,0.020576658,0.18355274,0.01442327,0.1582514,0.0099856295,0.33897308,0.15005618
ZJ019484,0.06062283,0.019260347,0.07804031,0.016558157,0.004265856,0.76859766,0.039254755,0.013400189
ZJ019485,0.0070917574,0.9255365,0.007823012,0.00019955926,0.0009447401,0.023971284,0.031174557,0.0032585675
ZJ019486,0.22983879,0.23511256,0.18493266,0.00081800047,0.0029093283,0.040475767,0.29687035,0.009042539
ZJ019487,0.22901683,0.020502178,0.08803549,0.00057318783,0.022690026,0.016483622,0.61446536,0.008233296
ZJ019488,0.046754908,0.09558029,0.27792785,0.0012239107,0.0035469828,0.43662044,0.12165639,0.016689207
ZJ019489,0.14169556,0.08880669,0.34249538,0.0027203162,0.004856573,0.013264762,0.28033486,0.12582591
ZJ019490,0.11902158,0.0022451645,0.5073863,0.07686515,0.009309452,0.023098031,0.0026853387,0.2593889
ZJ019491,0.15225397,0.10671988,0.1502902,0.00019571609,0.0011485693,0.27642003,0.29827625,0.014695383
ZJ019492,0.23320653,0.49313602,0.1429912,0.0014386027,0.0016048958,0.0067092306,0.0907273,0.03018624
ZJ019493,0.94078565,0.00010626419,0.0009275447,4.784799e-06,0.054123297,0.00027646293,0.003652173,0.00012377497
ZJ019494,0.13334896,0.07103605,0.2681425,0.008386059,0.04636906,0.24071662,0.1863881,0.0456126
ZJ019495,0.2364447,0.06300889,0.34744817,0.0032833982,0.0061950088,0.05792682,0.2572615,0.02843153
ZJ019496,0.112752475,0.0019343985,0.23196758,0.20170316,0.0011328304,0.22413674,0.0013563574,0.22501642
ZJ019497,0.009213134,0.76725924,0.053149838,9.6547505e-05,0.10647034,0.034062058,0.01188698,0.017861923
ZJ019498,0.02578165,0.011519245,0.045144673,0.020106237,0.006799446,0.84945047,0.014233487,0.026964772
ZJ019499,0.47284374,0.1398169,0.17380783,0.0047444394,0.0167646,0.021570364,0.09526389,0.075188205
ZJ019500,0.027268821,0.0009990464,0.116102085,0.18249775,0.35537112,0.26493338,0.0007068351,0.052120995
ZJ019501,0.05134283,0.01352993,0.1433692,0.00045925926,0.0017885593,0.006362716,0.772641,0.010506467
ZJ019502,0.0042768726,0.0025476525,0.014917592,0.00043105826,0.00044917208,0.9744305,0.002842326,0.00010479733
ZJ019503,0.11942432,0.072903976,0.3323317,0.0061764675,0.061337985,0.13795131,0.2437194,0.026154863
ZJ019504,0.34155282,0.16482382,0.22577558,0.00017879868,0.0006957723,0.029762466,0.22700833,0.010202396
ZJ019505,0.22011694,0.10005852,0.1441354,0.01457362,0.009467385,0.012196849,0.28848642,0.21096489
ZJ019506,0.33905184,0.02978049,0.027772382,4.8098955e-05,0.5018715,0.094172776,0.0063891695,0.0009136312
ZJ019507,0.21374317,0.34286416,0.093571395,0.020123055,0.014187776,0.042316295,0.22455895,0.048635192
ZJ019508,0.56577605,0.07181909,0.12396918,0.00019927815,0.0046082786,0.045069415,0.10842046,0.080138184
ZJ019509,0.13281211,0.011270043,0.23210695,0.5095707,0.0010175837,0.009122245,0.0051561864,0.098944165
ZJ019510,0.47141433,0.06046472,0.23086254,0.03323637,0.036590945,0.004230074,0.05450178,0.108699225
ZJ019511,0.094925605,0.090814784,0.07679711,0.6079432,0.065231934,0.0061730263,0.026805213,0.031309225
ZJ019512,0.03524604,0.016772663,0.03257558,0.0005881454,0.00068235764,0.8631046,0.029009758,0.022020856
ZJ019513,0.14125888,0.0026694764,0.37796202,0.22084582,0.021640219,0.11195064,0.003986728,0.11968621
ZJ019514,0.02632376,0.12736721,0.059322566,0.00011779333,0.0030737685,0.6342409,0.13119084,0.018363142
ZJ019515,0.061840083,0.022915415,0.60250354,0.0015812712,0.0018136865,0.011950056,0.19935673,0.09803922
ZJ019516,0.05092607,0.056829877,0.15958497,0.0057202587,0.003312399,0.61940897,0.020945093,0.08327237
ZJ019517,3.9131945e-05,5.716998e-07,7.03897e-05,3.6790054e-06,1.6203461e-06,0.99982154,9.557071e-06,5.353079e-05
ZJ019518,0.2655912,0.2945361,0.19167185,0.011475274,0.0303885,0.0023900426,0.1324202,0.0715268
ZJ019519,0.15360719,0.0047218367,0.105540365,0.14940737,0.0051231794,0.008974039,0.0053753704,0.5672506
ZJ019520,0.09016247,0.0033139822,0.013735523,0.00060565176,0.0020640255,0.00016411883,0.88566977,0.0042844824
ZJ019521,0.16720866,0.18883997,0.27890778,0.00037940187,0.00033728447,0.009208666,0.30798176,0.047136486
ZJ019522,0.89288175,0.031506825,0.019122792,0.00028476,0.002528681,0.002739146,0.0418594,0.009076692
ZJ019523,0.03117771,0.023700718,0.03981296,0.00024993054,0.0015058442,0.8667928,0.030171813,0.0065881726
ZJ019524,0.17709203,0.21335545,0.06890636,0.11969013,0.08471951,0.012276761,0.24291202,0.08104772
ZJ019525,0.5092482,0.034912053,0.10367964,0.0013027851,0.0023490111,0.013733214,0.27170274,0.06307236
ZJ019526,0.2727709,0.20572424,0.080367915,0.055756733,0.020971607,0.010692021,0.2973794,0.05633722
ZJ019527,0.20929947,0.005411751,0.34264618,0.32730567,0.018390616,0.04886574,0.0055064457,0.042574074
ZJ019528,0.058017887,0.4111028,0.0771178,0.0012292692,0.008161582,0.011129453,0.41133907,0.021902138
ZJ019529,0.2896112,0.17791027,0.29087037,0.052642677,0.0013109454,0.0039115213,0.047769822,0.13597319
ZJ019530,0.15661888,0.1703256,0.24758062,0.0017563321,0.018744152,0.00868231,0.3778483,0.018443843
ZJ019531,7.2726274e-05,3.0701965e-06,8.293236e-05,6.076345e-06,7.081776e-06,0.9997244,1.2817378e-05,9.0878806e-05
ZJ019532,0.049251758,0.7005718,0.05035289,9.436225e-05,0.00010612498,0.028435802,0.15735753,0.01382975
ZJ019533,0.4173512,0.0892492,0.09123266,0.0003740572,0.01956095,0.005377044,0.36465687,0.012198031
ZJ019534,0.33415192,0.17931426,0.15365724,0.0039801276,0.107259065,0.0075001884,0.12370235,0.090434894
ZJ019535,0.22914596,0.2944341,0.06136693,0.016139975,0.021984488,0.0129684135,0.2792744,0.0846857
ZJ019536,0.21517287,0.0026320282,0.4992111,0.09766493,0.035263386,0.0409283,0.0042916145,0.104835734
ZJ019537,0.13311213,0.010162338,0.11576844,0.57161224,0.00087263086,0.08923849,0.009062236,0.07017159
ZJ019538,0.2660132,0.1516021,0.1270992,0.0020578585,0.010093993,0.00079052633,0.39060313,0.05173997
ZJ019539,0.37375236,0.16633366,0.06336766,0.040386084,0.11539322,0.03175403,0.16176465,0.04724834
ZJ019540,0.5549356,0.013747432,0.1591265,0.00030702085,0.0038807914,0.0037543906,0.24917686,0.015071435
ZJ019541,0.03908521,0.01804224,0.31823632,0.008976917,0.004459544,0.55679905,0.037148066,0.017252645
ZJ019542,0.26326323,0.1352267,0.18109442,0.011512598,0.22739819,0.015770072,0.07368053,0.09205431
ZJ019543,0.17695232,0.20414543,0.23860563,0.0022095542,0.0070116795,0.0147220595,0.18362954,0.17272386
ZJ019544,0.78848255,0.035339106,0.07248754,0.016034685,0.0073037315,0.0013183632,0.024243968,0.05479007
ZJ019545,0.044092048,0.75107753,0.050991252,0.0053487904,0.008925276,0.015364051,0.1090369,0.015164164
ZJ019546,0.06520032,0.03900003,0.3126315,0.010811142,0.0018332623,0.061416283,0.48582134,0.02328611
ZJ019547,0.21030857,0.46875942,0.062367715,0.016221015,0.012314887,0.019019514,0.11408441,0.09692451
ZJ019548,0.07516152,0.04537416,0.26358798,0.0031469509,0.005470612,0.04444297,0.5565381,0.0062777065
ZJ019549,0.157251,0.05520053,0.27072048,0.002576527,0.0037960515,0.03377703,0.285805,0.19087332
ZJ019550,0.019908236,0.94094336,0.0154658025,3.2587333e-05,4.7223708e-05,0.0012054776,0.021159777,0.0012375555
ZJ019551,0.16373181,0.28943613,0.14804031,0.0040044645,0.011739104,0.10818026,0.23830205,0.036565807
ZJ019552,0.07633208,0.07006526,0.1270465,0.3011683,0.029765755,0.019571146,0.016286392,0.3597646
ZJ019553,0.089286804,0.08661219,0.1046658,0.33963457,0.04494635,0.019865569,0.019873625,0.2951151
ZJ019554,0.089434735,0.08128751,0.20580165,0.00075461215,0.00055778056,0.003605439,0.61076385,0.0077943946
ZJ019555,0.03853981,0.028673202,0.16046809,0.00036283545,0.00013563038,0.00046129586,0.6850795,0.08627965
ZJ019556,0.078006566,0.059900366,0.27930745,0.005828911,0.0013293868,0.016649036,0.52413124,0.034846984
ZJ019557,0.13438717,0.10871788,0.23014767,0.010551495,0.031158386,0.1424195,0.30024073,0.042377148
ZJ019558,0.29832065,0.19918184,0.17771082,0.00029262225,0.0017861652,0.04750298,0.26360205,0.011602868
ZJ019559,0.20091304,0.01302886,0.020600462,0.63145494,0.101061404,0.008920308,0.015454657,0.008566371
ZJ019560,0.060308326,0.03138126,0.3185237,0.009475156,0.0015488163,0.025918802,0.51409197,0.03875197
ZJ019561,0.055639092,0.866869,0.031162918,0.0033284207,0.0018582622,0.0015093592,0.015242871,0.024390133
ZJ019562,0.09326088,0.044637106,0.12629358,0.009664292,0.0132745225,0.5776101,0.07707985,0.058179636
ZJ019563,0.2805802,0.13702531,0.180247,0.005079021,0.014756636,0.15155278,0.14337622,0.08738281
ZJ019564,0.30447218,0.040191557,0.13059409,0.0021394803,0.064963974,0.0057949414,0.40316895,0.04867486
ZJ019565,0.07430264,0.34088087,0.23927628,0.0029390343,0.020196388,0.014547013,0.2747825,0.033075307
ZJ019566,0.6294673,0.03680588,0.13664849,0.055276193,0.003039889,0.024873462,0.0216126,0.0922763
ZJ019567,0.11653391,0.014276563,0.29581356,0.24057414,0.007657836,0.0049063973,0.0046482743,0.31558937
ZJ019568,0.1390657,0.029826293,0.05672077,0.6351246,0.053679608,0.006539674,0.04873311,0.030310143
ZJ019569,0.16848649,0.10546644,0.044193756,0.095915586,0.023093164,0.004988861,0.50048196,0.05737373
ZJ019570,0.17199877,0.20042653,0.16386789,0.0004835755,0.0050744,0.014833506,0.4320251,0.011290179
ZJ019571,0.18307841,0.31231403,0.15085886,0.0017013315,0.010927495,0.062138323,0.24655624,0.0324253
ZJ019572,0.15636069,0.0023272464,0.23949274,0.3164214,0.12538412,0.052952185,0.0011165049,0.105945155
ZJ019573,0.16026796,0.10533217,0.2545422,0.007105201,0.006219244,0.0070802704,0.19457881,0.26487407
ZJ019574,0.46938053,0.07126718,0.16916347,0.007911622,0.026943754,0.023591677,0.18835583,0.04338591
ZJ019575,0.12761876,0.14821509,0.035572723,0.015839377,0.03419448,0.0027975838,0.5814636,0.05429846
ZJ019576,0.10447738,0.0019199109,0.12686402,0.5947905,0.014470107,0.06280969,0.0043643443,0.09030398
ZJ019577,0.6327112,0.1485209,0.043198768,0.0013013926,0.10950517,0.0024842944,0.0419036,0.020374686
ZJ019578,0.111534186,0.123376235,0.42194247,0.011340894,0.0018205191,0.008763665,0.30673757,0.014484454
ZJ019579,0.14445178,0.004092911,0.24405986,0.3826139,0.0014950936,0.065351285,0.0025235564,0.15541163
ZJ019580,0.077888906,0.048669685,0.19940922,0.0004362814,0.0024845772,0.011053789,0.646762,0.013295523
ZJ019581,0.3119582,0.0072817104,0.39717454,0.15363115,0.010753565,0.013648362,0.006610152,0.09894225
ZJ019582,0.054380532,0.7744763,0.06190616,0.0031280906,0.001549057,0.0058100256,0.07844295,0.020306861
ZJ019583,0.093385935,0.1972582,0.5910522,6.513262e-05,0.0011709357,0.0007741579,0.11224106,0.0040523037
ZJ019584,0.07127258,0.022462893,0.022683142,0.013607175,0.050071627,0.0011629234,0.80370176,0.015037812
ZJ019585,0.28035048,0.174419,0.23566367,0.008683988,0.14829132,0.0241665,0.08243573,0.04598929
ZJ019586,0.15692963,0.30687177,0.057139408,0.049440503,0.01243966,0.0056291777,0.35788435,0.05366555
ZJ019587,0.1429153,0.35840198,0.0645995,0.010742584,0.03065137,0.015197993,0.29081953,0.08667177
ZJ019588,0.38621098,0.050020125,0.15667264,0.0032213095,0.15841484,0.05321469,0.13485837,0.057387006
ZJ019589,0.17861004,0.0012475011,0.14410132,0.105897695,0.05695249,0.05369943,0.0028571368,0.45663434
ZJ019590,0.3521194,0.049555056,0.13231607,0.0007478662,0.0035622062,0.011208785,0.43110734,0.019383315
ZJ019591,0.119992144,0.08427203,0.4703049,0.0007471708,0.012355966,0.05908484,0.1924635,0.060779456
ZJ019592,0.6525288,0.05339397,0.082937405,0.003178645,0.0183718,0.0049008587,0.088961765,0.09572676
ZJ019593,0.075712,0.034755915,0.05903882,0.6678746,0.066892035,0.018224558,0.03137004,0.046132125
ZJ019594,0.30793032,0.0106115565,0.026615126,0.38075826,0.23355898,0.009782775,0.021396747,0.009346248
ZJ019595,0.20937167,0.34867507,0.22409458,0.03708491,0.0138525665,0.014530624,0.056449175,0.09594142
ZJ019596,0.02849515,0.023212522,0.021543525,1.539839e-05,0.00019309773,0.00020125773,0.92354065,0.0027983333
ZJ019597,0.26602337,0.12994999,0.25244695,0.006656565,0.0642148,0.04994918,0.21854359,0.012215538
ZJ019598,0.16224417,0.35978347,0.10077703,0.037975326,0.014652309,0.007514569,0.26376587,0.053287227
ZJ019599,0.1507576,0.15939283,0.28959063,0.0052514444,0.17136677,0.017922783,0.1910832,0.014634701
ZJ019600,0.6985183,0.0010892019,0.059303675,0.010031712,0.19931978,0.008233558,0.0010752743,0.022428548
ZJ019601,0.1481731,0.41306147,0.051637717,0.021306986,0.047809385,0.004844035,0.2576567,0.055510677
ZJ019602,0.7009772,0.08377106,0.053034622,0.00096365943,0.009672278,0.001793274,0.08982215,0.05996574
ZJ019603,0.05596517,0.009165581,0.14414458,0.15254171,0.00014973845,0.0018479064,0.0019705754,0.63421476
ZJ019604,0.53060925,0.09945877,0.13558835,0.0037822265,0.03891944,0.013629477,0.117267706,0.060744748
ZJ019605,0.16495314,0.23295738,0.04150451,0.021644866,0.022129579,0.0008778382,0.43182954,0.08410314
ZJ019606,0.024591966,0.043971095,0.013273949,7.000778e-05,0.27526358,0.61427057,0.026995448,0.0015633574
ZJ019607,0.22441038,0.057472423,0.36460483,0.0006253341,0.002087498,0.082500584,0.18278007,0.08551888
ZJ019608,0.032683,0.78280723,0.034672406,0.001061757,0.03012878,0.0101110395,0.08203807,0.026497724
ZJ019609,0.2618961,0.13563703,0.12399336,0.00017580259,0.011525884,0.007606706,0.45282936,0.0063358084
ZJ019610,0.030278841,0.010497265,0.03402082,0.01359167,0.0030099584,0.8695516,0.027141124,0.011908747
ZJ019611,0.49334285,0.042456646,0.22761562,0.0035824338,0.022265952,0.0020466722,0.07843736,0.1302525
ZJ019612,0.009477898,0.3791994,0.013133009,1.1988304e-05,0.00021184933,0.0044495943,0.46509928,0.12841702
ZJ019613,0.08980259,0.003966091,0.26452437,0.41240022,0.08355695,0.012288616,0.002333962,0.1311272
ZJ019614,0.33806846,0.09642912,0.19178446,0.12674324,0.03759095,0.006599709,0.023735918,0.17904815
ZJ019615,0.06327229,0.039573207,0.071429685,0.008021361,0.012016305,0.6977708,0.08180714,0.02610927
ZJ019616,0.0818845,0.052579336,0.0042079813,2.5255447e-05,0.0010127667,0.015393818,0.84181887,0.0030775322
ZJ019617,0.044668604,0.67682797,0.05007948,0.0032721176,0.06667392,0.0040139747,0.08818331,0.06628061
ZJ019618,0.14044587,0.12832499,0.13794926,0.25583965,0.011324939,0.008688563,0.016313937,0.3011128
ZJ019619,0.0030074134,0.00030794152,0.0033462779,0.00016130213,0.00010268185,0.98661596,0.0018337137,0.004624734
ZJ019620,0.35931453,0.114509374,0.12247134,0.00016919879,0.010538489,0.005084559,0.38080552,0.0071069924
ZJ019621,0.18316081,0.003588604,0.27239665,0.37620142,0.011014533,0.108541064,0.003467551,0.04162931
ZJ019622,0.41626638,0.057942707,0.23132056,0.044442665,0.012027268,0.00861186,0.033054482,0.19633408
ZJ019623,0.0029263883,0.00012314325,0.0029711667,0.00051412254,0.00010708959,0.98921245,0.0012033028,0.0029422976
ZJ019624,0.08522508,0.13717967,0.19509485,0.00072476006,0.00043632282,0.0009742663,0.5698663,0.010498715
ZJ019625,0.0010015583,0.00018467758,0.009992219,0.00025168242,0.0001926964,0.9849435,0.00063509995,0.0027986155
ZJ019626,0.14939922,0.046137538,0.21256585,0.0015668388,0.003956059,0.14892831,0.35210153,0.08534456
ZJ019627,0.22694077,0.2777495,0.04576118,0.04608385,0.022590822,0.004264152,0.3122781,0.06433169
ZJ019628,0.2024566,0.081522375,0.14048792,0.00095197675,0.00042080221,0.0041021286,0.5146349,0.055423312
ZJ019629,0.27615935,0.10582917,0.18489946,0.00019724191,0.006140032,0.010540729,0.4085544,0.007679684
ZJ019630,0.28637975,0.014241021,0.1207513,0.00010911703,0.000294697,0.016447105,0.55244917,0.00932783
ZJ019631,0.14015277,0.721832,0.06973871,0.0029050503,0.0044641914,0.00021964347,0.03561476,0.025072904
ZJ019632,0.13071126,0.32147586,0.25964102,0.00094399136,0.003339212,0.009670297,0.23841433,0.03580407
ZJ019633,0.1131014,0.71932054,0.0750712,0.006234742,0.0018084366,0.0046079955,0.014877562,0.06497809
ZJ019634,0.2709837,0.1062294,0.20869571,0.0036139942,0.05284818,0.092347085,0.1802347,0.08504725
ZJ019635,0.056313448,0.00922738,0.10906716,0.00068364915,0.003670785,0.62445974,0.17761593,0.01896188
ZJ019636,0.08951963,0.17443871,0.30385676,0.22577758,0.08407704,0.010174293,0.0062916973,0.105864264
ZJ019637,0.15442728,0.04341458,0.22371143,0.0018869891,0.033458557,0.008485051,0.4815635,0.053052627
ZJ019638,0.14566691,0.042474173,0.19868855,0.0005973929,0.014228505,0.023555748,0.5267504,0.048038278
ZJ019639,0.12383815,0.26391587,0.047928985,0.034295082,0.015261605,0.009451523,0.4089051,0.096403696
ZJ019640,0.26824066,0.17560126,0.15111671,0.0019201009,0.004996791,0.015355316,0.2269116,0.15585756
ZJ019641,0.07054425,0.03996032,0.30512023,0.0016810712,0.0054143453,0.07101408,0.49976888,0.0064967964
ZJ019642,0.021885095,0.046575338,0.021464353,0.0003458655,0.119726256,0.7349715,0.048320856,0.006710792
ZJ019643,0.13880584,0.44615638,0.10855144,0.0036909254,0.00515575,0.005110528,0.2590877,0.0334415
ZJ019644,0.3631755,0.3133024,0.056817465,0.025828062,0.0012856645,0.0017071975,0.01208387,0.22579974
ZJ019645,0.07088294,0.017641587,0.06344967,0.50915396,0.020420227,0.011307204,0.002975951,0.3041685
ZJ019646,0.0013895832,0.00033955634,0.018604686,0.00010311444,0.0001598184,0.975584,0.0007885242,0.00303071
ZJ019647,0.08892509,0.23552242,0.11716242,0.0012148042,0.025810266,0.025280803,0.48060519,0.02547902
ZJ019648,0.19833264,0.0113927,0.27392063,0.0004716351,0.00041109032,0.0056111794,0.50087035,0.0089897895
ZJ019649,0.17982273,0.30488107,0.14397444,0.0024395073,0.032395676,0.0618491,0.2581245,0.016513027
ZJ019650,0.46059975,0.0206103,0.23433083,0.05455295,0.0049582887,0.046025578,0.025342258,0.15358005
ZJ019651,0.13161975,0.0071845376,0.06640417,0.6237986,0.06415279,0.005822408,0.020209348,0.080808386
ZJ019652,0.35068977,0.1235012,0.1682171,0.036756128,0.045891196,0.003962425,0.1896106,0.081371605
ZJ019653,0.36886314,0.18617146,0.19153568,0.013432124,0.07085086,0.0013293567,0.05768092,0.11013648
ZJ019654,0.26315588,0.1479061,0.20944084,0.015192018,0.038723797,0.0045265183,0.12524009,0.19581467
ZJ019655,0.04733361,0.44662046,0.3257681,0.00051822234,0.12222976,0.009628802,0.03423916,0.013661847
ZJ019656,0.104359575,0.037603524,0.2331916,0.0009938413,0.0054532276,0.014182805,0.58944786,0.014767469
ZJ019657,0.15139228,0.008589129,0.20246018,0.3810323,0.036557373,0.008989686,0.005945959,0.20503306
ZJ019658,0.93309414,0.0040215277,0.018745862,6.9352005e-05,0.0033848528,0.0027691121,0.0360403,0.0018748047
ZJ019659,0.37991259,0.13520494,0.19044188,0.0042023812,0.10687995,0.008282918,0.1350675,0.04000786
ZJ019660,0.10992596,0.0044748383,0.5900737,0.09657107,0.007816255,0.034258988,0.0033424294,0.1535368
ZJ019661,0.0062846076,0.00018980706,0.0008112125,0.9875414,0.0023224761,0.0007444408,0.002021112,8.496822e-05
ZJ019662,0.12281524,0.37525707,0.26057613,0.00917974,0.013817281,0.0078635095,0.023037769,0.18745323
ZJ019663,0.1761989,0.61922944,0.0958136,0.003195819,0.0012114205,0.009168425,0.06088011,0.034302346
ZJ019664,0.09523744,0.0047432114,0.21952015,0.37120822,0.032670684,0.00158952,0.003091821,0.27193898
ZJ019665,0.60569465,0.005240297,0.14023761,0.02464998,0.02905051,0.021029802,0.0035525209,0.17054465
ZJ019666,0.37582147,0.071553186,0.2792077,0.006728631,0.006788425,0.0018872386,0.07951121,0.1785022
ZJ019667,0.14098614,0.19606847,0.12916209,0.0005964399,0.119317785,0.0053091375,0.37321383,0.03534609
ZJ019668,0.44622767,0.06260135,0.15156174,0.0781027,0.057716493,0.0030550398,0.04335319,0.15738183
ZJ019669,0.15000497,0.03248866,0.34767467,0.0004176259,0.0057815732,0.006676545,0.44810122,0.008854733
ZJ019670,0.3816946,0.014949757,0.02527195,0.3872446,0.15924472,0.011239982,0.014269597,0.0060847267
ZJ019671,0.24830627,0.0095070675,0.036273453,0.46281976,0.18070617,0.019748319,0.013776819,0.028862143
ZJ019672,0.107028686,0.21168374,0.17424783,0.033954177,0.2878768,0.013708175,0.059568416,0.111932136
ZJ019673,0.19994524,0.28997767,0.048643533,0.07411634,0.042916246,0.0050943834,0.26838133,0.07092525
ZJ019674,0.30742407,0.06489558,0.20671427,0.0022872214,0.010373119,0.09105165,0.28153494,0.035719123
ZJ019675,0.18762912,0.17346513,0.19041352,0.009082995,0.017684598,0.0044065756,0.27191186,0.14540623
ZJ019676,0.16987558,0.0042216745,0.63296586,0.051929697,0.036082566,0.04183332,0.0057789725,0.05731232
ZJ019677,0.1876151,0.08909026,0.04003808,0.15094167,0.01835361,0.0016513553,0.3695231,0.1427868
ZJ019678,0.17764854,0.15114874,0.098954044,0.026268244,0.40508556,0.025959564,0.04984162,0.06509362
ZJ019679,0.17621942,0.023981627,0.044269774,0.09290189,0.0043583405,0.00059288926,0.00626782,0.65140826
ZJ019680,0.31238165,0.008615667,0.34681028,0.07132246,0.03409246,0.09986599,0.049236577,0.077674836
ZJ019681,0.13677633,0.10016935,0.3462475,0.0010239203,0.0068361405,0.05633621,0.27028054,0.082330085
ZJ019682,0.14653428,0.011424282,0.18252453,0.5154985,0.011793878,0.0394645,0.0061377846,0.086622216
ZJ019683,0.0013063987,0.0001625002,0.0010777325,0.0012006889,0.0001487559,0.994861,0.0009972665,0.00024568965
ZJ019684,0.11810828,0.71010727,0.058887765,0.005566301,0.007594116,0.0022502453,0.07331846,0.024167571
ZJ019685,0.07597415,0.380869,0.044714235,0.00023992325,0.102789365,0.027858574,0.36050195,0.0070527936
ZJ019686,0.22081958,0.18616591,0.17100932,0.0009563257,0.005380228,0.0038919149,0.37987688,0.031899843
ZJ019687,0.23431352,0.118222676,0.2885329,0.018035885,0.014170962,0.0027355428,0.14540012,0.17858836
ZJ019688,0.7944263,0.0013010682,0.059948355,0.083296545,0.0122879,0.007549948,0.012108773,0.029081056
ZJ019689,0.25707144,0.030083368,0.047381878,0.0011937788,0.0028184736,0.0071008573,0.642001,0.012349185
ZJ019690,0.40256134,0.14812747,0.211425,0.0069389045,0.0016320687,0.0038553192,0.13658568,0.0888742
ZJ019691,0.19357601,0.21373011,0.111463666,0.018507283,0.04746477,0.24323156,0.13267677,0.03934985
ZJ019692,0.22621867,0.3372396,0.10602598,0.00085750653,0.001053822,0.046207525,0.24292454,0.03947235
ZJ019693,0.13305566,0.0044442597,0.50871783,0.09017306,0.04532677,0.028675755,0.0052087572,0.18439794
ZJ019694,0.17753416,0.031052673,0.059932087,0.07439413,0.0063732257,0.004914833,0.0143450955,0.6314538
ZJ019695,0.37530735,0.24296597,0.06552247,0.0023605854,0.00748548,0.0063453815,0.2266332,0.07337958
ZJ019696,0.09280672,0.6346803,0.10943436,8.14287e-05,0.0005978372,0.012996203,0.13909228,0.010310904
ZJ019697,0.28313634,0.24335936,0.22922963,0.00012619098,0.0010692014,0.029431647,0.04529647,0.16835119
ZJ019698,0.26511392,0.00482838,0.23452975,0.13768995,0.02552632,0.24230823,0.011611592,0.078391895
ZJ019699,0.15304767,0.0026498118,0.63676894,0.036058642,0.0153999925,0.031524785,0.0054236264,0.119126506
ZJ019700,0.36753175,0.09083303,0.31400532,0.020253984,0.0050414326,0.016996047,0.016766492,0.16857192
ZJ019701,0.1680052,0.654465,0.08292326,0.0014402008,0.00069851155,0.0017238108,0.04809649,0.042647503
ZJ019702,0.024359787,0.070605256,0.019768693,6.823906e-05,0.01687091,0.8598661,0.007056952,0.00140407
ZJ019703,0.1462659,0.023487503,0.23530832,0.29883522,0.014746433,0.13481356,0.02572354,0.12081951
ZJ019704,0.058746815,0.0077244383,0.08661445,0.50333744,0.010255064,0.017834038,0.0018213018,0.3136664
ZJ019705,0.1376004,0.39938232,0.08486249,0.0006607483,0.00097632,0.008484301,0.17790706,0.19012637
ZJ019706,0.25025126,0.10261649,0.2337006,8.083979e-05,0.005540791,0.06248987,0.33813864,0.0071814707
ZJ019707,0.09041278,0.02447243,0.24182762,0.001246991,0.008581274,0.38982698,0.23294277,0.010689151
ZJ019708,0.17843962,0.118838154,0.29848456,0.00033595128,0.0040050102,0.012431313,0.28321123,0.10425418
ZJ019709,0.24704692,0.015029795,0.026161712,0.6117273,0.056264278,0.0029493354,0.02569521,0.015125469
ZJ019710,0.17132385,0.3151558,0.06869139,0.04643343,0.03573151,0.01025833,0.29699117,0.05541446
ZJ019711,0.02073609,0.095216,0.0229548,9.391338e-05,0.003461033,0.0012518322,0.8291614,0.027124947
ZJ019712,0.28440768,0.16804107,0.07832141,0.010637288,0.011027911,0.002358428,0.35924685,0.08595936
ZJ019713,0.10370525,0.0057996395,0.5094254,0.07027494,0.05778339,0.07786256,0.010684685,0.16446413
ZJ019714,0.02385644,0.92053246,0.027935179,8.3588755e-05,8.373441e-05,0.005704401,0.018935537,0.0028686807
ZJ019715,0.16387817,0.043838527,0.24233253,0.040761773,0.18126382,0.07257295,0.09721118,0.15814106
ZJ019716,0.06678032,0.004312569,0.21236955,0.1494831,0.00033960055,0.21178406,0.0019907118,0.35294014
ZJ019717,0.027325284,0.0036911112,0.95753163,0.0005741442,0.000107698,0.0038775138,0.0038083761,0.003084294
ZJ019718,0.08741434,0.024804555,0.12715659,0.006874236,0.0010420203,0.0038959272,0.73314875,0.015663654
ZJ019719,0.14142583,0.0024182573,0.3237439,0.0021901801,0.0010664313,0.062288597,0.46083012,0.006036642
ZJ019720,0.121068545,0.53874695,0.10801721,0.0037215145,0.009368896,0.018925218,0.17039205,0.029759588
ZJ019721,0.01169946,0.025001487,0.010135926,2.5520605e-05,6.894104e-05,0.00096289086,0.9512507,0.0008551114
ZJ019722,0.006958663,0.0026258316,0.03572639,0.00033523398,9.050465e-05,0.00039977237,0.9285,0.02536362
ZJ019723,0.058129728,0.0022734154,0.16543926,0.41781944,0.004838739,0.26121747,0.0027071359,0.08757475
ZJ019724,0.023930043,0.87734276,0.016291494,0.0011293215,6.3678264e-05,0.008728428,0.017651394,0.05486287
ZJ019725,0.08464683,0.6251284,0.055480026,0.0016231299,0.0029040414,0.011992212,0.124224074,0.09400132
ZJ019726,0.8732529,0.0016160047,0.039435532,0.037475437,0.010266419,0.00469123,0.011713335,0.021549147
ZJ019727,0.64924324,0.00807434,0.022472054,0.16747484,0.1314357,0.0065628337,0.009955954,0.0047810683
ZJ019728,0.20372432,0.14641948,0.12112843,9.392534e-05,0.00039676754,0.023662524,0.49324018,0.011334417
ZJ019729,0.075162515,0.07626317,0.12314055,0.0004174171,0.0010556217,0.005580145,0.6617981,0.05658253
ZJ019730,0.23461543,0.051007096,0.5490983,0.03774981,0.004778676,0.016839813,0.021791123,0.08411974
ZJ019731,0.3026505,0.16660808,0.24078973,0.0062915785,0.052197594,0.0018070346,0.15499453,0.074660935
ZJ019732,0.11532395,0.029389447,0.08709729,0.33617684,0.024144553,0.029393097,0.0057596746,0.37271515
ZJ019733,0.09260444,0.20557345,0.5776482,0.00027421227,0.0019064124,0.0044890796,0.11283806,0.0046661412
ZJ019734,0.06312076,0.021703549,0.5043474,0.0010528361,0.023595763,0.3060091,0.07535977,0.004810893
ZJ019735,0.22782673,0.48967767,0.08781253,0.0043233954,0.0076864613,0.005425241,0.14596444,0.031283557
ZJ019736,0.22205862,0.31175745,0.23442098,0.043191228,0.041073404,0.029377516,0.027576402,0.090544395
ZJ019737,0.053130873,0.008244124,0.089616604,0.51851046,0.006439505,0.0066157132,0.0027468053,0.3146959
ZJ019738,0.17853612,0.042476736,0.32364118,0.0006558827,0.0011578696,0.0072009736,0.43418264,0.012148562
ZJ019739,0.16093862,0.0021418678,0.5032517,0.054379832,0.020051492,0.0089688385,0.0050441767,0.24522346
ZJ019740,0.14030674,0.075438485,0.41570386,0.00072616455,0.103751734,0.087930635,0.16234902,0.013793361
ZJ019741,0.20891777,0.34406713,0.05855767,0.015556382,0.033958588,0.020872576,0.20721157,0.11085832
ZJ019742,0.117398396,0.6585385,0.08100278,0.0015448674,0.0014865235,0.017891001,0.079472505,0.04266537
ZJ019743,0.21031238,0.13061579,0.19622761,0.0039769057,0.0064667,0.018259814,0.3989821,0.03515871
ZJ019744,0.011029063,0.7035619,0.13569242,0.0004319415,0.09628288,0.037261885,0.009611276,0.006128731
ZJ019745,0.059602093,0.004547395,0.22643451,0.18328515,0.011047961,0.046964236,0.0021032107,0.4660155
ZJ019746,0.4332967,0.048253853,0.274605,0.0013880297,0.013338388,0.028282959,0.19450684,0.006328154
ZJ019747,0.1731132,0.06796488,0.11044293,0.0017995696,0.18286295,0.0012816316,0.40552467,0.057010174
ZJ019748,0.1970713,0.2665401,0.27854538,0.021111526,0.0051061762,0.009471647,0.09135869,0.13079517
ZJ019749,0.15264912,0.109696105,0.2517016,0.00039086596,0.00050846406,0.0061866865,0.470075,0.008792132
ZJ019750,0.19222178,0.20871498,0.08789195,0.04758854,0.03774405,0.032175954,0.31061128,0.083051465
ZJ019751,0.18142079,0.23482633,0.2500631,0.002744012,0.0017012488,0.014994661,0.2968273,0.017422535
ZJ019752,0.24415118,0.030625997,0.030347114,0.06673306,0.017877905,0.004081567,0.010552792,0.5956304
ZJ019753,0.046635345,0.0932372,0.49904948,0.00063893566,0.001074894,0.0037460842,0.3300999,0.025518171
ZJ019754,0.17857312,0.24804303,0.120665215,0.046985466,0.031002343,0.01115083,0.31428063,0.049299367
ZJ019755,0.12003366,0.05627712,0.0397087,0.691946,0.031205645,0.01143276,0.030506562,0.018889569
ZJ019756,0.07065107,0.029845964,0.22466174,0.0014134232,0.0022387397,0.23239258,0.3762288,0.06256765
ZJ019757,0.28427047,0.25760788,0.21717025,0.012666334,0.068160705,0.020981362,0.087735265,0.051407706
ZJ019758,0.08577343,0.62439877,0.07171881,0.0020000911,0.003386426,0.010232739,0.16678393,0.035705846
ZJ019759,0.38937098,0.15409814,0.13074361,0.0012060165,0.01752794,0.0020362337,0.26947275,0.0355443
ZJ019760,0.30675918,0.0908933,0.22191902,0.025344398,0.12653224,0.011776842,0.124321714,0.092453346
ZJ019761,0.053253915,0.24166824,0.11166431,0.0029642673,0.011440936,0.39147794,0.1328283,0.054702103
ZJ019762,0.0531232,0.6483271,0.050128985,0.0050054486,0.07435074,0.010815612,0.0922728,0.06597606
ZJ019763,0.5957658,0.0013804216,0.04493199,0.06274521,0.0019325757,0.0036437286,0.0023262086,0.28727406
ZJ019764,0.4640821,0.07096744,0.27314234,0.0013191615,0.0038760172,0.088846564,0.05818733,0.03957905
ZJ019765,0.05709406,0.028001744,0.02248431,0.0019485515,0.046204567,0.0011544902,0.8166161,0.026496185
ZJ019766,0.433471,0.09900688,0.29454336,0.00063853513,0.004098835,0.052896496,0.07389,0.041454896
ZJ019767,0.18141496,0.18251704,0.30797938,0.0003793705,0.0017370825,0.042318586,0.04437808,0.2392755
ZJ019768,0.05846919,0.023762705,0.042671833,0.0018894274,7.317852e-05,0.68548137,0.18119879,0.0064535723
ZJ019769,0.33323577,0.11855207,0.19062887,0.12543242,0.026475353,0.0044407644,0.014890134,0.1863446
ZJ019770,0.013837307,0.87463385,0.024978414,1.4454708e-05,0.00011367158,0.023358205,0.029657286,0.03340688
ZJ019771,0.08993405,0.1095255,0.6306861,0.00013207283,0.0013294265,0.004792115,0.15627664,0.0073240353
ZJ019772,0.051769942,0.047955915,0.042693395,0.0033547352,0.0036418387,0.002225544,0.83151037,0.016848259
ZJ019773,0.08053067,0.8018867,0.060051292,0.0012982882,0.0022170127,0.0010763888,0.038352683,0.014586976
ZJ019774,0.43893018,0.060317144,0.2914033,0.001377055,0.020056894,0.0020533588,0.054513577,0.13134846
ZJ019775,0.19448099,0.18145972,0.11294038,0.0028759853,0.0024356658,0.0074152616,0.40764898,0.09074301
ZJ019776,0.110550605,0.039402183,0.30745515,0.0066358456,0.005669787,0.071572624,0.4477643,0.010949481
ZJ019777,0.4326354,0.13242653,0.09767991,0.004041076,0.06310057,0.0021116897,0.23720168,0.030803064
ZJ019778,0.05852453,0.04844113,0.004419848,0.00015877202,0.00014756483,0.019965712,0.86655736,0.001785133
ZJ019779,0.0733308,0.0017017093,0.089706816,0.5274619,0.04236668,0.13234253,0.009198674,0.12389078
ZJ019780,0.07795207,0.110807195,0.08345873,0.0016063995,0.0076008164,0.03003627,0.62659657,0.06194203
ZJ019781,0.33724028,0.028038142,0.22492363,0.0010016364,0.001471872,0.025215967,0.3676954,0.014413032
ZJ019782,0.674359,0.00530938,0.005237167,0.01028231,0.1840892,0.00048683287,0.11460232,0.005633772
ZJ019783,0.13895191,0.02003349,0.17489225,0.0013876841,0.00427897,0.037482202,0.52074933,0.10222414
ZJ019784,0.2982992,0.013154878,0.50204,0.024354776,0.0039411634,0.013810733,0.010774641,0.13362455
ZJ019785,0.2063729,0.062790126,0.23762393,0.00051486824,0.039373286,0.0230356,0.3764873,0.053801984
ZJ019786,0.19937915,0.114965014,0.2903709,0.00020518972,0.00039586902,0.0023819406,0.38588938,0.0064125555
ZJ019787,0.18344712,0.5251181,0.12677237,0.0018555843,0.0011147375,0.009959735,0.11764345,0.034088857
ZJ019788,0.07337502,0.009221461,0.018009687,6.119142e-05,0.0005012372,0.0005537,0.8939499,0.0043277186
ZJ019789,0.14001097,0.09139178,0.16407251,0.0007348693,0.025025515,0.039404504,0.4761364,0.063223444
ZJ019790,0.17439297,0.036617827,0.40733147,0.1086612,0.021238096,0.025204118,0.011671596,0.21488276
ZJ019791,0.09344934,0.78384656,0.033535097,0.003476215,0.003234541,0.0029530318,0.06298017,0.016525038
ZJ019792,0.12419079,0.021312578,0.039187673,0.011522326,0.03615249,0.00095827325,0.6487114,0.11796438
ZJ019793,0.11543592,0.064070985,0.14414507,0.0041516107,0.0021558632,0.006429656,0.64302796,0.020582952
ZJ019794,0.14659685,0.0042242985,0.15306152,0.29239705,0.0034700106,0.008274646,0.0025905194,0.38938513
ZJ019795,0.03915789,0.76070786,0.13160193,0.0007018695,0.0007898296,0.008088564,0.05673949,0.0022125323
ZJ019796,0.17262077,0.04005119,0.42716196,0.033884477,0.06588543,0.089204304,0.07348522,0.09770661
ZJ019797,0.046409342,0.23797715,0.2554024,0.38830534,0.015409739,0.010102086,0.0050469507,0.04134703
ZJ019798,0.16178587,0.116484314,0.06760973,0.14447135,0.020882508,0.004051061,0.38882613,0.095889054
ZJ019799,0.004842235,0.008663329,0.020019833,0.0007811053,0.0004492757,0.9377181,0.017754946,0.009771152
ZJ019800,0.027420482,0.10598732,0.34082314,0.00041739192,0.015298062,0.4514838,0.035716195,0.022853669
ZJ019801,0.08791826,0.005067383,0.16932398,0.34455484,0.0024106924,0.004266752,0.003950486,0.38250756
ZJ019802,0.3990206,0.12267554,0.1932222,0.027105868,0.025739042,0.0022201512,0.03723879,0.1927778
ZJ019803,0.3180919,0.20868921,0.20847602,0.025081199,0.04933888,0.00656205,0.12487607,0.058884658
ZJ019804,0.06310624,0.017011583,0.0045249946,6.548932e-05,0.0010376744,0.001680414,0.9119862,0.0005874026
ZJ019805,0.048547063,0.04148815,0.11814063,0.008312312,0.001709447,0.005399483,0.7535106,0.02289236
ZJ019806,0.086645804,0.012155513,0.14121476,5.44983e-05,0.0003483177,0.021680614,0.6931362,0.044764247
ZJ019807,0.25847974,0.07826378,0.09734069,0.0024722614,0.006541309,0.002418979,0.24623354,0.30824968
ZJ019808,0.05546054,0.04595225,0.104754806,0.010978093,0.0020102824,0.014209142,0.7440067,0.022628129
ZJ019809,0.113975644,0.08125239,0.32150868,0.0015548682,0.0011361296,0.02487727,0.34061998,0.11507508
ZJ019810,0.23706912,0.14670038,0.16733533,0.00040244646,0.02653102,0.0240628,0.38817137,0.009727503
ZJ019811,0.106552094,0.0012749524,0.17009409,0.0012350008,0.00081378774,0.10417943,0.6104828,0.0053677754
ZJ019812,0.45638797,0.059068806,0.19750634,0.0032016903,0.023516437,0.0029441528,0.091203615,0.16617097
ZJ019813,0.13251586,0.048333444,0.13263305,0.29084584,0.025057698,0.031118069,0.0049010734,0.33459494
ZJ019814,0.32170203,0.2011508,0.12337807,0.0021265307,0.009700347,0.011451897,0.30266073,0.02782958
ZJ019815,0.13858701,0.043460045,0.2542563,0.00021049482,0.0014265736,0.0032415113,0.5449974,0.013820628
ZJ019816,0.13654578,0.19259545,0.12054767,0.003510742,0.0025374456,0.0013669104,0.49290976,0.04998621
ZJ019817,0.101308115,0.46499103,0.07352336,0.009162565,0.012616985,0.008656838,0.29069218,0.03904887
ZJ019818,0.25509614,0.013898074,0.1594485,0.001723892,0.24998358,0.029558098,0.28382638,0.0064652897
ZJ019819,0.075892024,0.7104461,0.10196457,0.00013372663,0.0067732777,0.0031719657,0.09115294,0.010465354
ZJ019820,0.102734074,0.009999681,0.10598677,0.029897107,0.3516833,0.22267653,0.020371927,0.15665062
ZJ019821,0.20283605,0.011341619,0.29946533,0.34730774,0.0009892858,0.0014354632,0.003651777,0.13297272
ZJ019822,0.0011836141,0.000114651906,0.0011999913,0.00042053696,0.00011891899,0.9911115,0.0056114453,0.00023935601
ZJ019823,0.32584086,0.09375636,0.22034235,0.13126189,0.03671556,0.008994382,0.020611601,0.16247702
ZJ019824,0.07308015,0.018947842,0.13031656,0.0044695395,0.001896024,0.02942621,0.6607043,0.08115939
ZJ019825,0.13759708,0.0012873168,0.4569786,0.18594041,0.041514933,0.09097907,0.0023730798,0.083329506
ZJ019826,0.20424105,0.28962052,0.06291521,0.072274,0.0285208,0.010874515,0.28303787,0.048516076
ZJ019827,0.026581258,0.0015228202,0.076463446,0.7122232,0.0020375864,0.0297209,0.0010751097,0.15037572
ZJ019828,0.397501,0.0069891615,0.02242722,0.0016017433,0.30556267,0.2539447,0.011166108,0.0008073377
ZJ019829,0.36809623,0.051996652,0.09714875,0.00088962924,0.047045443,0.00931711,0.3987735,0.02673263
ZJ019830,0.20344153,0.062735096,0.23241863,0.00036751918,0.014960173,0.0136026,0.4620112,0.0104633095
ZJ019831,0.4950675,0.00086734386,0.1148187,0.33264703,0.0014736815,0.01792148,0.0014761696,0.035728235
ZJ019832,0.22858386,0.14899972,0.21998939,0.012462454,0.2021177,0.014727484,0.10354648,0.069572955
ZJ019833,0.09507835,0.029742459,0.1867881,0.0097785415,0.36945382,0.00879877,0.19676903,0.10359094
ZJ019834,0.06569968,0.057527952,0.119786434,0.15434717,0.020112103,0.048344098,0.017160023,0.51702255
ZJ019835,0.0013405469,0.0003686444,0.0015333937,0.00019096394,0.00014451583,0.99232316,0.0038682553,0.00023051046
ZJ019836,0.15318978,0.011163748,0.11928565,0.0035181167,0.0049096276,0.42732963,0.2521931,0.02841032
ZJ019837,0.0004396457,0.00015751988,0.0012651751,0.0014400127,0.0019948978,0.99391127,3.64522e-05,0.0007550475
ZJ019838,0.19179806,0.21694894,0.18319654,0.01564373,0.011017645,0.013996421,0.26389942,0.10349929
ZJ019839,0.090796486,0.12674734,0.576044,0.0013148264,0.010860056,0.056952212,0.1255387,0.011746428
ZJ019840,0.04744516,0.030703686,0.08716085,0.016968017,0.030206526,0.7207816,0.042422414,0.024311805
ZJ019841,0.002940923,0.00050638226,0.0026705,0.0017771011,0.01040704,0.97662145,0.0025088275,0.0025677625
ZJ019842,0.28123245,0.011242931,0.01953405,0.5103987,0.13616273,0.005934562,0.03001731,0.0054773376
ZJ019843,0.2223865,0.27223533,0.31871143,0.006518571,0.0027852724,0.0032594407,0.06394939,0.11015409
ZJ019844,0.0651234,0.08324519,0.25430962,0.007507271,0.0014279314,0.036636747,0.50764626,0.04410355
ZJ019845,0.17604755,0.123461656,0.22145075,0.00024772368,0.0024212857,0.007447149,0.37968993,0.08923396
ZJ019846,0.20882052,0.0020209032,0.2285677,0.17494217,0.011887137,0.07693989,0.0012916644,0.29553
ZJ019847,0.20777209,0.22608069,0.31481782,0.0005803672,0.003017416,0.023949604,0.2149429,0.008839148
ZJ019848,0.16052403,0.007494947,0.14399861,0.32446992,0.0053791576,0.003249742,0.009263918,0.34561968
ZJ019849,0.07298495,0.014282889,0.25782815,0.00063066854,0.0027865449,0.35369506,0.27985668,0.017935053
ZJ019850,0.09171193,0.020555254,0.15313226,0.0014342609,0.0021631226,0.0336102,0.6567206,0.04067233
ZJ019851,0.22217761,0.13178813,0.13132437,0.006024566,0.011744663,0.0028668111,0.42184877,0.07222509
ZJ019852,0.15068848,0.05940202,0.30706248,0.0014923224,0.0010178002,0.010097773,0.4641399,0.006099265
ZJ019853,0.31862336,0.058337856,0.1257882,0.0015116273,0.015247941,0.02000254,0.43855414,0.021934345
ZJ019854,0.30574208,0.15061522,0.23387943,0.0020719352,0.095197536,0.010245495,0.15639895,0.04584932
ZJ019855,0.42578796,0.14598891,0.16377212,0.00018814544,0.0016241653,0.009996987,0.21656775,0.036073975
ZJ019856,0.074321955,0.019764619,0.083810076,0.00111882,0.4288839,0.000160162,0.21937077,0.17256963
ZJ019857,0.04848091,0.007527751,0.05192642,0.011163312,0.012820324,0.83323723,0.022192366,0.012651687
ZJ019858,0.44081575,0.029776799,0.18627721,0.00065536017,0.040057756,0.004312564,0.27857354,0.019531058
ZJ019859,0.24370536,0.30287862,0.050027575,0.02375153,0.05352346,0.026028134,0.22147281,0.078612514
ZJ019860,0.031599324,0.0026734977,0.23316105,0.03222551,0.011046635,0.52385473,0.0016739625,0.16376527
ZJ019861,0.36418384,0.04812879,0.06405255,0.00062808377,0.01120863,0.024116034,0.467191,0.020491088
ZJ019862,0.574817,0.038617108,0.059634794,0.00017613209,0.019674227,0.0030819362,0.29868394,0.0053148475
ZJ019863,0.018896677,0.003908879,0.027904322,0.0006892707,0.00097169244,0.012367158,0.850333,0.084929086
ZJ019864,0.052987397,0.05090403,0.22305872,0.007586489,0.0006988085,0.0063146907,0.60179687,0.056653004
ZJ019865,0.13119276,0.19203222,0.11035284,0.041892678,0.37857965,0.040227156,0.05125097,0.05447174
ZJ019866,0.09910065,0.0025923809,0.17712972,0.14168864,0.004540646,0.50976586,0.0036386687,0.061543427
ZJ019867,0.10071337,0.003644082,0.18907528,0.17248638,0.006949826,0.45085692,0.005095627,0.07117848
ZJ019868,0.2002355,0.05600853,0.03922484,0.00036833168,0.0021652458,0.016585449,0.68141735,0.003994792
ZJ019869,0.26807046,0.20701584,0.13645978,0.0075501613,0.04599725,0.0013711621,0.19929199,0.13424334
ZJ019870,0.37323773,0.12023014,0.17805225,0.04623311,0.10141455,0.008148084,0.09624056,0.07644354
ZJ019871,0.81734085,0.02454566,0.078366645,0.0006653973,0.018182702,0.005396386,0.05253723,0.0029650934
ZJ019872,0.06139213,0.011315786,0.38214773,0.004515957,0.00084382546,0.018526008,0.49723762,0.024020908
ZJ019873,0.2799018,0.011775362,0.5401229,0.03249753,0.002720535,0.012809545,0.011548934,0.108623385
ZJ019874,0.009988627,0.028406914,0.046882,0.000922094,0.0032069315,0.90476125,0.0038477513,0.0019844489
ZJ019875,0.10692685,0.16225556,0.14593309,0.0013384637,0.0023609514,0.0019421345,0.54096895,0.038274
ZJ019876,0.17902032,0.037701964,0.044193946,0.0010123828,0.5328131,0.1644362,0.029986711,0.010835366
ZJ019877,0.093057014,0.0066839703,0.21821222,0.3173201,0.002775611,0.008794084,0.0037181573,0.34943885
ZJ019878,0.32270098,0.11791596,0.19259876,0.00046314346,0.018269498,0.015956003,0.30978236,0.022313317
ZJ019879,0.068637535,0.0027442798,0.0030066597,0.87744886,0.03512623,0.0057525625,0.006466938,0.0008169577
ZJ019880,0.046817873,0.040366452,0.42817822,0.0002959012,0.0005634591,0.0010485639,0.46867955,0.014050089
ZJ019881,0.14277303,0.004951576,0.25582883,0.40649927,0.026336422,0.093897656,0.006609823,0.063103415
ZJ019882,0.2313276,0.4647483,0.058644656,0.0012481626,0.013281894,0.021850208,0.17569837,0.033200756
ZJ019883,0.24637133,0.06402378,0.2969803,0.029242776,0.1792827,0.010498724,0.016905377,0.15669496
ZJ019884,0.0029843792,0.0011655564,0.013225763,0.00015748189,0.00015992798,0.98126966,0.00043044094,0.0006067842
ZJ019885,0.20937407,0.2896743,0.10277287,0.022686748,0.01398966,0.026143767,0.266087,0.06927161
ZJ019886,0.09568847,0.14484659,0.1117533,0.0071680658,0.0042692246,0.123844914,0.50624275,0.006186655
ZJ019887,0.22897139,0.3014113,0.25918445,0.0006759905,0.0011344746,0.005572796,0.15143897,0.051610585
ZJ019888,0.1791227,0.30667335,0.19762826,0.0012876387,0.0014610823,0.119696744,0.15526111,0.038869143
ZJ019889,0.004353738,0.0012713663,0.008947008,0.0008799823,0.0002948674,0.9746625,0.0035065562,0.006083974
ZJ019890,0.13954581,0.3340871,0.19156536,0.00425173,0.01086263,0.038617365,0.23633222,0.044737782
ZJ019891,0.35496494,0.13363658,0.19903053,0.0040766275,0.13120788,0.009255569,0.110047415,0.057780456
ZJ019892,0.087739214,0.21171196,0.16769716,0.07761528,0.014567497,0.009905838,0.016310407,0.41445267
ZJ019893,0.31951463,0.32391712,0.09545199,0.0062247687,0.014640265,0.014601001,0.14448987,0.08116038
ZJ019894,0.2703336,0.13282092,0.22280386,0.0073116343,0.18511,0.024024306,0.0792332,0.07836247
ZJ019895,0.17302921,0.22941662,0.0505626,0.055169713,0.026111057,0.0033366254,0.39354342,0.068830736
ZJ019896,0.4592463,0.007128626,0.28686565,0.049212486,0.069153816,0.03921271,0.031682048,0.0574984
ZJ019897,0.22390111,0.05787865,0.19287594,7.79871e-05,0.005645665,0.030392658,0.47974733,0.009480715
ZJ019898,0.33126557,0.10156736,0.16907312,0.0008522572,0.001758601,0.005825846,0.30914453,0.0805127
ZJ019899,0.06286414,0.035340052,0.13914227,0.00021851013,0.2258496,6.423753e-05,0.18506478,0.35145634
ZJ019900,0.25504768,0.14715636,0.23112383,0.1243136,0.05315391,0.003393842,0.04235624,0.14345455
ZJ019901,0.047499225,0.76084185,0.022651315,0.00041075124,0.005528878,0.0013294828,0.15479356,0.0069449046
ZJ019902,0.16385241,0.046832647,0.37539482,0.0012564504,0.0037013523,0.052216996,0.22852206,0.12822326
ZJ019903,0.1375816,0.071296915,0.018933604,0.0075344634,0.017603766,0.0009663781,0.7077705,0.03831277
ZJ019904,0.32333913,0.043047898,0.09615156,0.0008173602,0.0057062195,0.0031470547,0.5125321,0.015258594
ZJ019905,0.1416995,0.6016872,0.085976414,0.002240112,0.052845657,0.0053478773,0.08066456,0.029538684
ZJ019906,0.26980045,0.24796662,0.14784688,0.010483379,0.08579648,0.027101843,0.13712323,0.073881164
ZJ019907,0.07462856,0.038200736,0.23222354,0.0034953416,0.0041073305,0.091019176,0.54969746,0.0066278335
ZJ019908,0.1110967,0.056467067,0.24305364,0.003043669,0.012905139,0.0345155,0.35514867,0.18376957
ZJ019909,0.08662433,0.0042283935,0.15918714,0.40935585,0.0014539439,0.005161801,0.0032157593,0.33077276
ZJ019910,0.19111092,0.022257714,0.10277948,0.046248343,0.00655211,0.003170015,0.01465022,0.6132312
ZJ019911,0.007011419,0.009569174,0.00987636,0.0015488901,0.00403428,0.9643321,0.0006052604,0.0030224684
ZJ019912,0.3370339,0.056763414,0.14195114,0.017067237,0.013773296,0.009017183,0.2708677,0.15352607
ZJ019913,0.00142198,0.00018914728,0.008211156,0.000613983,0.00018741656,0.98626786,0.0005600465,0.0025484038
ZJ019914,0.04046866,0.022867087,0.3381874,0.013367003,0.0060322797,0.5200115,0.037301756,0.021764359
ZJ019915,0.08343188,0.36253765,0.2424279,0.0011120632,0.018292082,0.09078607,0.17897803,0.022434296
ZJ019916,0.13521752,0.0023599234,0.19905338,0.51100904,0.00076673256,0.05842134,0.0019193147,0.091252744
ZJ019917,0.039087474,0.008852432,0.34845716,0.0026553823,0.012331029,0.54606164,0.04039082,0.0021641215
ZJ019918,0.020387825,0.002252247,0.1326874,0.147,0.007772463,0.15075919,0.001151016,0.53798985
ZJ019919,0.17526963,0.030237595,0.35809195,0.00056939526,0.0023736113,0.015370205,0.41021383,0.007873818
ZJ019920,0.37109047,0.09351058,0.11462355,0.0049155504,0.18387884,0.05304571,0.15096629,0.027969064
ZJ019921,0.07116719,0.21062255,0.5393155,0.00010210323,0.00044109332,0.00045658837,0.16257346,0.015321581
ZJ019922,0.05140031,0.20684312,0.2956561,0.0010526628,0.00047012654,0.0068392605,0.42860457,0.009133791
ZJ019923,0.05912431,0.23841418,0.1403332,0.000103061764,0.0325502,0.0025113996,0.44861785,0.078345835
ZJ019924,0.21837224,0.100544624,0.15075117,0.0028577491,0.0057748267,0.0027380018,0.48243117,0.036530226
ZJ019925,0.07068227,0.095074706,0.053624406,0.0017157968,0.00096015027,0.00029724315,0.7394933,0.03815212
ZJ019926,0.32805988,0.009754631,0.18128145,0.00069903635,0.033648968,0.0012421472,0.43417647,0.011137382
ZJ019927,0.06796837,0.06826417,0.36842984,0.000789036,0.0011755145,0.0032266295,0.21660346,0.27354297
ZJ019928,0.26492664,0.110192716,0.26321742,8.231552e-05,0.013736707,0.01872019,0.32087642,0.008247582
ZJ019929,0.33013445,0.08654915,0.10911057,0.0064303344,0.31063443,0.019830884,0.11414308,0.023167148
ZJ019930,0.30901447,0.23036169,0.20179775,0.06543187,0.0021685546,0.00971154,0.042517193,0.13899697
ZJ019931,0.08666949,0.12314764,0.082213774,0.004951833,0.020532927,0.04691001,0.5502161,0.08535825
ZJ019932,0.05084634,0.8380718,0.03890165,0.00029001923,0.0037257604,0.0008630578,0.06374112,0.0035602793
ZJ019933,0.08691723,0.45433173,0.14843799,0.0015879,0.0018632971,0.0015195429,0.20326623,0.10207605
ZJ019934,0.58255684,0.058073293,0.09293197,0.0001381869,0.039885394,0.0043223696,0.21646081,0.0056311167
ZJ019935,0.0030790966,0.18542962,0.015247949,8.540199e-05,0.0069943983,0.7851816,0.0011885667,0.0027933666
ZJ019936,0.21007948,0.040184345,0.31456184,0.091673635,0.005025167,0.035116084,0.009530652,0.2938288
ZJ019937,0.19928803,0.0036412636,0.0150105385,0.39913043,0.2279456,0.007828288,0.1367729,0.0103829475
ZJ019938,0.082885355,0.54125726,0.106544256,0.0021729704,0.0015787137,0.0028773635,0.21788979,0.044794273
ZJ019939,0.12805344,0.07256233,0.22475289,0.0012052482,0.00525471,0.3592114,0.16777647,0.041183546
ZJ019940,0.09666329,0.03831712,0.20264943,0.009191399,0.0024027536,0.29340586,0.20091812,0.15645203
ZJ019941,0.14614815,0.60435355,0.10884679,0.0011573451,0.0016745785,0.02311699,0.10105482,0.013647722
ZJ019942,0.0040369635,0.05909807,0.028197873,0.0001321161,0.002442585,0.9013506,0.0024249852,0.0023168407
ZJ019943,0.1321961,0.20679307,0.105711654,0.0032780345,0.0134706,0.00517657,0.38529372,0.14808023
ZJ019944,0.1881811,0.0021673534,0.29796445,0.38446563,0.001960867,0.036043797,0.0020271253,0.08718967
ZJ019945,0.22385953,0.5547781,0.06353844,0.0034921947,0.0042620036,0.0031212925,0.110978045,0.035970435
ZJ019946,0.34007812,0.13354895,0.15955903,0.051137585,0.14565048,0.009457046,0.091248825,0.069319986
ZJ019947,0.12892218,0.0836434,0.34328464,0.0020913805,0.0025454152,0.007930939,0.32309756,0.10848453
ZJ019948,0.14381003,0.0015341745,0.30695868,0.40483811,0.037376378,0.023666296,0.0022164164,0.079599865
ZJ019949,0.10517751,0.13403338,0.038905136,0.0010489768,0.0012712597,0.0021118163,0.7001565,0.017295398
ZJ019950,0.22515193,0.1353788,0.12055008,0.00462726,0.0068267016,0.001122864,0.45463747,0.051704906
ZJ019951,0.1265004,0.05765886,0.4514022,0.00085526943,0.007264071,0.04725208,0.29717216,0.011895013
ZJ019952,0.24324283,0.002242159,0.12718251,0.19767047,0.008382292,0.38380387,0.004056418,0.033419475
ZJ019953,0.2954493,0.176542,0.17660093,0.013044799,0.06933134,0.06812757,0.14338472,0.057519313
ZJ019954,0.12709399,0.52245694,0.097190544,0.007646899,0.00036377276,0.0023466088,0.22271147,0.020189801
ZJ019955,0.120822564,0.23543395,0.4949701,0.0017694202,0.0012214704,0.011279725,0.0962862,0.038216572
ZJ019956,0.11706434,0.083951496,0.14285979,0.22031961,0.01854057,0.049884427,0.046344247,0.32103544
ZJ019957,0.20130849,0.019834705,0.4555542,0.057513148,0.02449212,0.07419001,0.030146942,0.13696042
ZJ019958,0.17306362,0.3166882,0.09372496,0.052678913,0.018170709,0.011957924,0.2736856,0.06003008
ZJ019959,0.12769851,0.0008422681,0.15247989,0.18550639,0.017254129,0.02781687,0.0006188461,0.48778307
ZJ019960,0.3494552,0.05475884,0.25446457,0.054594543,0.034269113,0.007335239,0.02192041,0.22320211
ZJ019961,0.041435603,0.059088305,0.0696298,0.010802381,0.006525056,0.7311515,0.048962638,0.032404758
ZJ019962,0.2505525,0.23098673,0.11324114,0.015275694,0.014002034,0.008202156,0.29136482,0.07637489
ZJ019963,0.14952709,0.004711529,0.59870696,0.050891533,0.013670538,0.047679525,0.0057992307,0.12901366
ZJ019964,0.32145277,0.15806027,0.088055976,0.00041302538,0.0051084086,0.008317966,0.40215856,0.01643306
ZJ019965,0.07613174,0.007637707,0.09980092,0.26755074,0.004613002,0.49915868,0.005294835,0.039812412
ZJ019966,0.1581846,0.006044788,0.13439837,0.16955842,0.0134388525,0.47501928,0.0076966793,0.035658974
ZJ019967,0.17414741,0.07840811,0.38461104,0.00063015474,0.0027362986,0.010266884,0.34348017,0.0057198657
ZJ019968,0.18039006,0.513894,0.12695271,0.039596114,0.00096734887,0.002594548,0.0117858285,0.123819396
ZJ019969,0.07871085,0.0036003077,0.18830255,0.08607107,0.00023478922,0.0041683814,0.0028407816,0.6360713
ZJ019970,0.1560115,0.010543631,0.028620489,0.5937044,0.16990884,0.011437798,0.016252862,0.013520494
ZJ019971,0.124896444,0.006366067,0.11567151,0.6395126,0.0061886855,0.02970103,0.002350222,0.07531344
ZJ019972,0.24750677,0.14254643,0.24917945,0.0006553979,0.015262338,0.0989743,0.23078692,0.015088456
ZJ019973,0.2234268,0.013578586,0.2874044,0.00027267908,0.0025864218,0.16007058,0.30590525,0.006755381
ZJ019974,0.1897784,0.16108976,0.27420846,5.1682116e-05,0.0032283522,0.0121493535,0.3513101,0.0081839105
ZJ019975,0.16118069,0.0037142057,0.47188658,0.065864265,0.054326147,0.16553433,0.0054133553,0.07208036
ZJ019976,0.141002,0.012130012,0.2165661,0.53368014,0.0021682528,0.032332357,0.010666802,0.05145437
ZJ019977,0.12777959,0.5862692,0.14027901,0.00036873558,0.0014435046,0.01750739,0.113727614,0.012624955
ZJ019978,0.19066273,0.31383595,0.07162651,0.08061311,0.036777027,0.019266998,0.25351956,0.033698086
ZJ019979,0.43520477,0.09919271,0.1755912,0.007513322,0.068419755,0.023809707,0.14467137,0.045597162
ZJ019980,0.2771049,0.1087122,0.24435696,0.00034473243,0.021254731,0.036007017,0.2838374,0.028382055
ZJ019981,0.0022986114,0.0006287916,0.012520738,0.00012036763,0.00017912668,0.9816712,0.00072117295,0.0018599402
ZJ019982,0.17060424,0.35029358,0.07359597,0.03824664,0.043039568,0.007172381,0.26422137,0.052826215
ZJ019983,0.13175753,0.39485428,0.15761256,0.0035002395,0.0065902877,0.06298787,0.21614113,0.026556104
ZJ019984,0.031757664,0.007892771,0.11524942,0.00036141515,0.00027227,0.00097299606,0.82567495,0.017818483
ZJ019985,0.117313415,0.087096214,0.38452888,0.00036364986,0.008163205,0.1061239,0.2577275,0.038683258
ZJ019986,0.1874603,0.08607369,0.20707448,0.05879969,0.0028210238,0.12964545,0.027523149,0.30060223
ZJ019987,0.30678365,0.065313,0.2439036,0.069061294,0.0076135923,0.014628491,0.038344488,0.2543519
ZJ019988,0.1221352,0.0014602976,0.6413615,0.07233805,0.0050067077,0.024426641,0.0014294587,0.13184209
ZJ019989,0.11568186,0.03575566,0.07084509,0.05007513,0.00392095,0.0013308513,0.012632961,0.7097575
ZJ019990,0.06886022,0.04563353,0.07021322,0.007791952,0.008136228,0.0094982525,0.7013989,0.08846767
ZJ019991,0.11602551,0.12858735,0.15839072,0.14225972,0.014710746,0.015477633,0.023436083,0.40111223
ZJ019992,0.74083877,3.2613276e-05,0.00069096556,5.6784606e-06,0.25299224,0.0021455418,0.0032255366,6.8666915e-05
ZJ019993,0.08551787,0.01928348,0.005702674,0.77994245,0.042160623,0.0034568568,0.05953097,0.0044050105
ZJ019994,0.2323795,0.41116655,0.076868184,0.0012820966,0.008527906,0.0037148236,0.22127934,0.044781655
ZJ019995,0.19301222,0.004418121,0.18362279,0.2305324,0.00558461,0.012116346,0.004722661,0.36599082
ZJ019996,0.082944594,0.0022498672,0.11106971,0.36210003,0.013398818,0.033858903,0.002135323,0.39224276
ZJ019997,0.3875515,0.046624042,0.16539441,0.0002499342,0.0045281146,0.00893916,0.36259684,0.024116026
ZJ019998,0.26286268,0.12629513,0.15659119,0.006063935,0.28065458,0.0063560177,0.0867021,0.07447439
ZJ019999,0.46126306,0.059036914,0.101224445,0.00025648,0.00083815446,0.030025229,0.32164255,0.025713181
ZJ020000,0.008109278,0.0016077084,0.018916992,0.0026676233,5.7604208e-05,0.94019705,0.016369624,0.01207415
ZJ020001,0.5655823,0.051714204,0.17413811,0.044413462,0.010682466,0.014810014,0.022218222,0.11644121
ZJ020002,0.10493766,0.55463594,0.091764726,0.00072539516,0.014887917,0.014657028,0.20776334,0.010628013
ZJ020003,0.10748316,0.016246852,0.26537368,0.00065489224,0.0050353804,0.038247444,0.5614639,0.0054946495
ZJ020004,0.08773014,0.05189777,0.028470838,0.027682813,0.014676434,0.7314849,0.043052755,0.015004398
ZJ020005,0.29315847,0.041473236,0.18302377,0.0022735405,0.022925247,0.041049737,0.39339316,0.022702873
ZJ020006,0.19100377,0.040160224,0.3510382,0.0010960802,0.0018786698,0.0111811375,0.38886446,0.014777448
ZJ020007,0.31742233,0.14449777,0.1896506,0.011612795,0.1767263,0.013375997,0.077013016,0.069701284
ZJ020008,0.13140021,0.18858811,0.25916994,0.00026582417,0.00072846335,0.009994865,0.38960782,0.020244801
ZJ020009,0.103620745,0.1603564,0.07695687,0.003294847,0.00799293,0.010162012,0.586986,0.050630223
ZJ020010,0.23238967,0.06884494,0.22216499,0.00095800345,0.06113595,0.0057911235,0.35189667,0.056818567
ZJ020011,0.06744406,0.04683743,0.334664,0.0093395505,0.0008705212,0.0067366697,0.4813098,0.05279799
ZJ020012,0.48352772,0.03761714,0.16119397,0.0013355672,0.050763413,0.0070268144,0.23225954,0.026275907
ZJ020013,0.30015114,0.013647526,0.19530833,0.278539,0.10645191,0.008019461,0.008583841,0.0892988
ZJ020014,0.01786808,0.016500365,0.0062217605,0.00012138558,0.0089936135,0.0009929269,0.9355007,0.013801183
ZJ020015,0.3150129,0.15238467,0.06439991,0.20293331,0.022226969,0.00032345517,0.016394068,0.22632468
ZJ020016,0.34709197,0.041603856,0.3546581,0.0421061,0.012624318,0.06841742,0.01712882,0.11636941
ZJ020017,0.3639783,0.06255997,0.17231084,0.0068128533,0.19842769,0.030784907,0.10113244,0.06399304
ZJ020018,0.10234226,0.4605571,0.1392886,0.0022158984,0.0031470384,0.024372445,0.22415388,0.04392276
ZJ020019,0.0744681,0.043213565,0.71581537,0.00074533565,0.029539753,0.06448314,0.05857566,0.013159093
ZJ020020,0.2728367,0.015441086,0.5523923,0.029376315,0.0043297494,0.016450342,0.008043847,0.10112963
ZJ020021,0.12165723,0.07262305,0.15171914,0.077987954,0.3371092,0.09070062,0.1388369,0.009365922
ZJ020022,0.10984424,0.13699043,0.34936675,0.0011607903,0.014464875,0.012010791,0.26525927,0.11090286
ZJ020023,0.35931835,0.03652889,0.12518291,0.0013890802,0.07789907,0.019752067,0.3690782,0.010851479
ZJ020024,0.027485482,0.033360798,0.07099356,0.0071266093,0.006993833,0.6938141,0.11772668,0.04249897
ZJ020025,0.13540447,0.009424726,0.13299234,0.29849365,0.050934367,0.06653937,0.0052117105,0.30099937
ZJ020026,0.23925638,0.14704308,0.13169271,0.002826913,0.0128326025,0.05535001,0.35368663,0.057311665
ZJ020027,0.17505246,0.023635328,0.038063385,0.6261432,0.07812632,0.0116746025,0.027830718,0.019473955
ZJ020028,0.28502005,0.25960064,0.105899945,0.000963662,0.002151509,0.04491495,0.28697777,0.014471479
ZJ020029,0.05828651,0.84687,0.027575493,0.0032019375,0.00068745814,0.0014252422,0.006038383,0.055914953
ZJ020030,0.1652411,0.03500949,0.079532936,0.00015317606,0.00026210086,0.16091673,0.54876244,0.010122031
ZJ020031,0.17700428,0.0014598966,0.13771027,0.139728,0.005805873,0.009199786,0.0040129544,0.52507895
ZJ020032,0.05524379,0.012126605,0.12902805,0.6467056,0.026204964,0.015460803,0.0014958316,0.113734245
ZJ020033,0.21903794,0.10718927,0.21124196,0.0078095202,0.015623462,0.007846692,0.38477853,0.046472605
ZJ020034,0.027290259,0.0025345865,0.0021736082,0.92349976,0.014954701,0.025988055,0.0028177456,0.00074132456
ZJ020035,0.14966795,0.10508381,0.18197866,0.092847906,0.011587539,0.016799469,0.018370995,0.42366365
ZJ020036,0.29268947,0.18292104,0.022380508,0.061968654,0.020990497,0.0008226688,0.36456648,0.05366068
ZJ020037,0.23601313,0.06331611,0.12943745,0.003605305,0.0060012694,0.0045773583,0.48231134,0.07473806
ZJ020038,0.38012657,0.10342135,0.17784801,0.006876397,0.11761424,0.0018778802,0.1567747,0.055460863
ZJ020039,0.017093107,0.7630577,0.031184964,1.6464746e-05,0.00020701451,0.015071525,0.06153049,0.11183873
ZJ020040,0.029308628,0.9350588,0.018293977,0.00010691449,7.747409e-05,0.0005108636,0.014524797,0.0021186052
ZJ020041,0.0024224534,0.00015065758,0.004016359,0.0017246894,0.005829193,0.98353857,0.00019350306,0.0021245203
ZJ020042,0.35922778,0.16450137,0.2060106,0.005928707,0.00522748,0.015612769,0.19299321,0.050498042
ZJ020043,0.089698575,0.07716247,0.5398924,0.00019182418,0.00026222944,0.014008447,0.23510337,0.04368071
ZJ020044,0.37710387,0.02026945,0.15090244,0.1923957,0.15957928,0.0031721245,0.005522517,0.09105468
ZJ020045,0.14619794,0.030007532,0.08954645,0.031167224,0.36563668,0.064217016,0.03302376,0.2402034
ZJ020046,0.096285045,0.0025804339,0.07640005,0.46154997,0.006850371,0.30630124,0.004220599,0.04581229
ZJ020047,0.52554506,0.019826027,0.10415347,0.001760666,0.016654337,0.056549996,0.26077995,0.014730491
ZJ020048,0.01810016,0.5313849,0.233849,0.00023230002,0.14298345,0.047408987,0.0067594373,0.019281747
ZJ020049,0.117731616,0.02388357,0.14636382,0.00092385017,0.0092379255,0.01585988,0.6699558,0.01604352
ZJ020050,0.06360882,0.04233643,0.21701506,0.00049804203,0.0017332735,0.5621259,0.084554374,0.02812802
ZJ020051,0.06790954,0.034186963,0.24708267,0.005145588,0.0010462971,0.009251144,0.60696495,0.028412879
ZJ020052,0.05460422,0.02815825,0.13905428,0.008765253,0.0026071058,0.004631196,0.74265724,0.019522453
ZJ020053,0.21032228,0.010320625,0.08793241,0.057242814,0.50983006,0.051599156,0.018902084,0.053850543
ZJ020054,0.14439555,0.041424308,0.2645413,0.0010176569,0.0012165735,0.38629344,0.14764285,0.013468352
ZJ020055,0.24280594,0.18526323,0.15897976,0.012016392,0.0883861,0.09802808,0.1831178,0.031402756
ZJ020056,0.016955465,0.90433234,0.027971268,0.00012146199,0.00019135684,0.0033518956,0.044472788,0.0026034925
ZJ020057,0.050055455,0.3771187,0.14700978,9.742426e-05,0.009914747,0.0014759841,0.36840633,0.04592159
ZJ020058,0.0662118,0.032198038,0.11656695,0.025093798,0.012376044,0.69616234,0.0052978657,0.04609319
ZJ020059,0.25172353,0.002876089,0.40563035,0.046664108,0.0709478,0.036255505,0.0040082363,0.18189442
ZJ020060,0.555275,0.07120957,0.11817026,0.0055757877,0.022237632,0.008756873,0.13488342,0.08389149
ZJ020061,0.38482827,0.06829649,0.36828086,0.003517668,0.0014381389,0.0068260836,0.115676016,0.05113647
ZJ020062,0.29510581,0.22799625,0.077795446,0.032897845,0.055193964,0.018637687,0.19157135,0.100801624
ZJ020063,0.117150225,0.21134081,0.13646728,0.0006596972,0.0004715044,0.056354545,0.4296921,0.047863826
ZJ020064,0.22389515,0.049190905,0.36249217,0.0002834218,0.0012998554,0.010667321,0.3262178,0.025953345
ZJ020065,0.05289448,0.0027757965,0.19105992,0.44607735,0.03772117,0.0021849405,0.0015028146,0.26578358
ZJ020066,0.27593383,0.004134686,0.53619134,0.05072691,0.0024613172,0.013113134,0.0075214636,0.10991725
ZJ020067,0.036987662,0.08714253,0.023371767,0.00014895674,0.15378022,0.6843747,0.009965164,0.0042289654
ZJ020068,0.26409718,0.10693166,0.38926,7.833376e-05,0.0056426474,0.0007738429,0.22526495,0.007951418
ZJ020069,0.10807167,0.027590811,0.17405634,0.00021658125,0.002678689,0.0074414876,0.6399252,0.04001926
ZJ020070,0.1218749,0.045077883,0.24601114,0.0075167413,0.3225169,0.06945813,0.17390424,0.013640043
ZJ020071,0.09332625,0.027874293,0.11337931,0.4034808,0.043700363,0.014739188,0.005495275,0.29800448
ZJ020072,0.094885446,0.06432724,0.1354352,0.0014362748,0.0005131073,0.58003247,0.08100046,0.042369828
ZJ020073,0.022627573,0.11462679,0.21834467,0.0039928993,0.00014459131,0.0006473447,0.6272156,0.012400509
ZJ020074,0.22841164,0.123426504,0.043200806,0.06551169,0.020199383,0.0019574366,0.42495903,0.09233346
ZJ020075,0.13789974,0.54988354,0.111482285,0.0005334269,0.0005396441,0.008338894,0.1641165,0.027206032
ZJ020076,0.21895279,0.027168235,0.04068689,0.49605688,0.16016245,0.0028921794,0.028452173,0.025628366
ZJ020077,0.3105713,0.047708917,0.21703765,0.07714181,0.106107205,0.04563161,0.08025718,0.11554434
ZJ020078,0.15570112,0.6095768,0.0938739,0.017077038,0.021482857,0.00048477604,0.05342858,0.048374858
ZJ020079,0.2535156,0.18839099,0.26546982,0.0022230246,0.073869616,0.039332796,0.11590258,0.061295602
ZJ020080,0.047444105,0.72242016,0.13219714,6.181905e-05,0.00026234495,0.05666496,0.039085034,0.0018644014
ZJ020081,0.16840397,0.09138822,0.36024734,0.00088682974,0.01530523,0.056674886,0.24244243,0.064651154
ZJ020082,0.10802824,0.10174259,0.14371441,0.0015651713,0.0071198107,0.04786392,0.49197966,0.09798618
ZJ020083,0.014423713,0.0071067624,0.084298484,0.00030054688,0.00015228987,0.00090559607,0.86654675,0.026265917
ZJ020084,0.07688727,0.07602826,0.18743658,0.0012552557,0.001300296,0.010813772,0.5898726,0.056405947
ZJ020085,0.049551055,0.0013748496,0.08053597,0.37638283,0.0017667357,0.46317685,0.0013524926,0.025859162
ZJ020086,0.0014269326,0.00012202939,0.00046117374,3.6148987e-05,0.00011090066,4.3247353e-05,0.9970756,0.0007239163
ZJ020087,0.19785886,0.06261721,0.12581575,0.0032351268,0.41759694,0.008766962,0.14966604,0.03444309
ZJ020088,0.805882,0.031265076,0.043207977,0.00061208487,0.002631594,0.009847347,0.10035346,0.006200497
ZJ020089,0.23306853,0.043180406,0.20608844,0.0009906377,0.0017326511,0.008032693,0.43935114,0.067555584
ZJ020090,0.3637372,0.034859754,0.13898891,0.003050106,0.011294122,0.0029887897,0.13692687,0.30815417
ZJ020091,0.28889555,0.042184014,0.54366076,0.029745752,0.0035418493,0.010343489,0.013623046,0.06800553
ZJ020092,0.14814466,0.13063438,0.54039,0.00017511945,0.003461196,0.008596474,0.16074944,0.007848745
ZJ020093,0.25424162,0.2902096,0.1446719,0.0029995579,0.0021808345,0.0952003,0.2061726,0.004323583
ZJ020094,0.13811937,0.02345412,0.12416548,0.3899053,0.021665337,0.06969189,0.004634847,0.22836366
ZJ020095,0.3755337,0.15649417,0.21738538,0.004672307,0.08652297,0.007141297,0.11558432,0.036665875
ZJ020096,0.11760395,0.47021168,0.23748273,0.0013083126,0.0023446272,0.025816616,0.14111383,0.0041181985
ZJ020097,0.2609965,0.19069615,0.15817347,0.0016939504,0.0021421865,0.035960943,0.30475363,0.045583192
ZJ020098,0.017196402,0.0025183442,0.055533316,0.0003181459,0.0006650437,0.8708677,0.032193203,0.020707782
ZJ020099,0.05855167,0.003532175,0.20497915,0.2319932,0.011332586,0.024898954,0.0023368357,0.46237543
ZJ020100,0.12401816,0.051236093,0.026918467,0.7024896,0.04217043,0.00818544,0.025687931,0.019293929
ZJ020101,0.0624687,0.16931695,0.059702937,0.00023853197,0.0037785475,0.28702503,0.3697768,0.04769254
ZJ020102,0.05992129,0.03925873,0.064930215,0.012144152,0.009531354,0.7115715,0.041533202,0.061109595
ZJ020103,0.025444182,0.8998972,0.02559994,0.00011013273,0.00020296784,0.0069929333,0.036547337,0.0052052867
ZJ020104,0.23038831,0.37087557,0.08048234,0.004940424,0.002916359,0.084765896,0.21986318,0.0057679084
ZJ020105,0.22664943,0.2610147,0.033802394,0.044104625,0.044985596,0.0016306319,0.27289468,0.1149179
ZJ020106,0.040177006,0.82617897,0.05467613,0.0003696275,0.0072950884,0.00069077,0.05962132,0.0109910965
ZJ020107,0.3028142,0.19593921,0.21369992,0.0048012105,0.052683942,0.0017093252,0.1351516,0.09320058
ZJ020108,0.18490633,0.46805006,0.1582913,0.00034730183,0.001621456,0.013135892,0.15873984,0.01490783
ZJ020109,0.21622485,0.19339025,0.30861527,0.00049870537,0.0046247807,0.013585385,0.060839303,0.20222145
ZJ020110,0.19896933,0.19878577,0.24304391,0.00082163495,0.0018776866,0.024862917,0.30204594,0.02959279
ZJ020111,0.17867714,0.032800682,0.08797049,0.004008755,0.5380022,0.020974943,0.114471406,0.023094421
ZJ020112,0.34249413,0.13740343,0.11710406,0.005223566,0.015686067,0.069210395,0.22064626,0.0922321
ZJ020113,0.24917187,0.13912803,0.13836908,0.001018405,0.01179503,0.00092314126,0.42278552,0.036808893
ZJ020114,0.6631749,0.010767363,0.04893953,0.1560794,0.05965765,0.00224025,0.0060126795,0.0531282
ZJ020115,0.022734558,0.04338367,0.016771123,0.0007682829,0.0036220262,0.8731371,0.013236784,0.026346412
ZJ020116,0.19120972,0.009923866,0.15263464,0.038764853,0.4287589,0.058392294,0.008640903,0.11167483
ZJ020117,0.11340612,0.0024093243,0.21074282,0.54893094,0.0049768602,0.020428084,0.0040825587,0.09502328
ZJ020118,0.08050003,0.021302665,0.34312335,0.0054353722,0.0009815453,0.008433764,0.51929706,0.020926222
ZJ020119,0.029266972,0.10719045,0.030196423,0.0001111904,0.03231191,0.7881177,0.011193183,0.0016121531
ZJ020120,0.18306828,0.0053905793,0.15241496,0.24671504,0.005714233,0.035963155,0.006179345,0.3645544
ZJ020121,0.34369826,0.25580484,0.13651147,0.0008755076,0.0038562636,0.026990263,0.21986496,0.012398459
ZJ020122,0.11237889,0.07546423,0.017283635,0.00064627157,0.0014809052,0.0012451322,0.77100015,0.020500787
ZJ020123,0.3588401,0.10386811,0.092450395,0.00063173514,0.020876419,0.016602097,0.36846733,0.038263895
ZJ020124,0.5037438,0.12878235,0.1660074,0.0008910497,0.010407218,0.054556474,0.08871198,0.04689965
ZJ020125,0.15728182,0.0052895937,0.6404078,0.038919695,0.033993762,0.03923509,0.0075206263,0.07735164
ZJ020126,0.1620131,0.0058281277,0.15674268,0.2589961,0.0065675117,0.003967927,0.0035244813,0.40236008
ZJ020127,0.0821561,0.036845215,0.07733993,0.015887236,0.0056216703,0.7242016,0.035296146,0.02265201
ZJ020128,0.9265062,0.013278271,0.012536206,8.2053724e-05,0.0018967714,0.00015691954,0.037228346,0.008315258
ZJ020129,0.006569163,0.10527171,0.0091747055,4.1884374e-05,0.00052159897,0.056659844,0.8008819,0.020879094
ZJ020130,0.33352652,0.12573992,0.15644816,0.0036883438,0.012639218,0.012589838,0.2773663,0.078001745
ZJ020131,0.31366274,0.110254794,0.1618731,0.04527386,0.15252912,0.0030198428,0.099688,0.11369854
ZJ020132,0.22366227,0.05397465,0.2744675,0.00034236012,0.03656339,0.03207829,0.13246755,0.246444
ZJ020133,0.34939897,0.21210343,0.054861996,0.0071157077,0.01824885,0.022282584,0.30168232,0.034306142
ZJ020134,0.056648932,0.025928931,0.3962178,0.01206926,0.0059653614,0.43589443,0.043744292,0.023531087
ZJ020135,0.110623285,0.031824306,0.036105778,0.0056021665,0.022262521,0.0009847105,0.7656478,0.026949393
ZJ020136,0.55869466,0.04251473,0.06020109,0.017570365,0.035503373,0.01332721,0.16353454,0.108654074
ZJ020137,0.040080864,0.0017098231,0.0014314671,0.8679156,0.0174343,0.059839875,0.011263508,0.00032458297
ZJ020138,0.11070462,0.67919177,0.050825045,0.0017981224,0.0076145157,0.0014541702,0.13138796,0.017023722
ZJ020139,0.22514448,0.24033083,0.035954066,0.073575996,0.07264539,0.004455879,0.28406647,0.063826926
ZJ020140,0.010816126,0.62706,0.011775824,3.288325e-05,0.00015621106,0.033303827,0.2788399,0.038015205
ZJ020141,0.01143941,0.0032980435,0.01989514,0.00081652123,0.00077846163,0.95212156,0.008560918,0.0030899819
ZJ020142,0.09559432,0.037037373,0.34139964,0.0015406695,0.008876457,0.004170628,0.4956495,0.015731368
ZJ020143,0.10909501,0.04101917,0.20458369,0.0034314194,0.0031565605,0.07809539,0.5255873,0.03503144
ZJ020144,0.20956588,0.063184164,0.16080339,0.0008460881,0.0011740638,0.0039821295,0.5293796,0.031064674
ZJ020145,0.221286,0.13191602,0.107974075,0.012562874,0.24974424,0.047813814,0.19610776,0.032595288
ZJ020146,0.08234648,0.011151338,0.10239152,0.07544054,0.36457872,0.053240463,0.015703008,0.29514796
ZJ020147,0.110205054,0.0019892887,0.28040132,0.4379999,0.0102220345,0.035369355,0.0017670197,0.1220461
ZJ020148,0.0018958577,0.0019606806,0.004462304,0.004927878,0.020076077,0.96412313,0.0002199179,0.0023342047
ZJ020149,0.0446472,0.05679646,0.079778284,0.019930141,0.0036665343,0.6974702,0.05594602,0.041765086
ZJ020150,0.14910285,0.4191073,0.075388744,0.03708645,0.028893638,0.00910978,0.24112098,0.040190227
ZJ020151,0.3450674,0.19806683,0.21254326,0.013382954,0.07090921,0.012524547,0.08079169,0.06671408
ZJ020152,0.29521793,0.10973577,0.104969494,0.00022018008,0.015491143,0.0043330016,0.44374207,0.026290443
ZJ020153,0.12048417,0.006699109,0.38056168,0.39431953,0.0054915543,0.049595162,0.0029417449,0.039907068
ZJ020154,0.25158545,0.0533534,0.03585498,0.00065205764,0.061044518,0.0145834815,0.5679186,0.015007539
ZJ020155,0.083864085,0.0030824672,0.27488306,0.55172276,0.006619484,0.008465004,0.0012793202,0.0700838
ZJ020156,0.21733586,0.06857031,0.42095816,0.0012777155,0.0017870998,0.005679628,0.27898178,0.0054095
ZJ020157,0.3312293,0.10182117,0.1292188,0.0013841339,0.0042567705,0.013250208,0.39712775,0.021711878
ZJ020158,0.09175269,0.2105646,0.047502503,0.0015480659,0.00044670567,0.00041674465,0.6188562,0.028912416
ZJ020159,0.09955746,0.030413445,0.31831872,0.0068391766,0.0020091804,0.0536899,0.4598542,0.029317966
ZJ020160,0.052210175,0.8320868,0.038565014,0.00016284623,0.00017549715,0.0039840695,0.06417465,0.008640903
ZJ020161,0.20208928,0.4659261,0.054715984,0.0014675095,0.0023406397,0.00431881,0.24143322,0.02770852
ZJ020162,0.024213761,0.91882473,0.007795116,6.94301e-05,0.0002754263,0.00018845705,0.044613667,0.004019329
ZJ020163,0.10767697,0.24852535,0.31727016,0.0016592687,0.0036194134,0.17930768,0.12199655,0.01994464
ZJ020164,0.1875248,0.04479104,0.4212902,0.0011690545,0.0020100935,0.05521302,0.19502327,0.0929785
ZJ020165,0.1383707,0.06368809,0.12816025,0.24446964,0.01904499,0.011745632,0.004536715,0.38998398
ZJ020166,0.22191659,0.17229912,0.29289043,0.0012944386,0.005713132,0.032980073,0.25828978,0.014616394
ZJ020167,0.4079879,0.18780178,0.22073594,0.0014234948,0.0049894825,0.0053190663,0.118261345,0.05348101
ZJ020168,0.08430444,0.009463728,0.17566562,0.01883594,0.49357396,0.1423297,0.0077126645,0.06811396
ZJ020169,0.017503504,0.85728467,0.0140201505,0.0013385938,0.00078678137,0.005691818,0.095080405,0.008294066
ZJ020170,0.09386252,0.07826803,0.25186032,0.0011639864,0.00085863966,0.003510086,0.5600336,0.010442765
ZJ020171,0.045630757,0.026737813,0.86384124,0.0004996388,0.011188161,0.01748599,0.030444456,0.004171984
ZJ020172,0.083400145,0.11620207,0.26607293,0.379176,0.048483416,0.0233875,0.0046673273,0.078610584
ZJ020173,0.433071,0.05253469,0.15000752,0.00031840568,0.0034614683,0.0066861194,0.342846,0.011074784
ZJ020174,0.05747732,0.04332246,0.04725593,0.7067916,0.059074856,0.027095156,0.024195008,0.034787666
ZJ020175,0.46999332,0.046421506,0.05704351,0.0004901752,0.07259935,0.0012663606,0.3371287,0.015057073
ZJ020176,0.21761076,0.24890952,0.14627206,0.003955114,0.015824767,0.07142683,0.2678126,0.028188257
ZJ020177,0.078187615,0.5479302,0.1664089,0.0027758959,0.0037209727,0.008078235,0.09119452,0.10170367
ZJ020178,0.10923635,0.021494837,0.0129608065,0.7495233,0.05157772,0.017816562,0.02668119,0.010709214
ZJ020179,0.12324439,0.0010693927,0.45795524,0.19172153,0.07512299,0.056762375,0.0023284496,0.09179557
ZJ020180,0.0530069,0.0004598619,0.1383551,0.536548,0.0012670651,0.018908795,0.00035473998,0.2510995
ZJ020181,0.26071158,0.31782922,0.07887773,0.0022569606,0.009558285,0.0030066662,0.2717899,0.055969726
ZJ020182,0.18142346,0.28347263,0.16602674,0.0037409093,0.19269085,0.0032236075,0.12386356,0.045558244
ZJ020183,0.10445805,0.051957905,0.33925667,0.0008785738,0.0016799003,0.032755725,0.37120548,0.09780766
ZJ020184,0.1603579,0.11478606,0.015455521,0.0028011934,0.0018855965,0.0002585307,0.6769387,0.027516456
ZJ020185,0.1224837,0.0015082792,0.56447905,0.07656474,0.0059796614,0.015491308,0.002159624,0.21133362
ZJ020186,0.02038058,0.0011278235,0.0031594138,0.00017324471,0.00059982855,0.00042934803,0.96640116,0.0077286605
ZJ020187,0.3238923,0.007872874,0.02927542,0.44479492,0.14620231,0.014326045,0.019257579,0.014378573
ZJ020188,0.12143558,0.034902822,0.13525552,0.2929107,0.024887461,0.017473198,0.0049494836,0.36818522
ZJ020189,0.20575744,0.004182519,0.48409367,0.119628586,0.030815013,0.03337296,0.007986289,0.114163525
ZJ020190,0.31943122,0.1831962,0.2084899,0.013209596,0.14354895,0.010659409,0.087506235,0.033958513
ZJ020191,0.07839254,0.01963104,0.3353315,0.004842839,0.000700618,0.0068701548,0.5390305,0.015200848
ZJ020192,0.447537,0.09712867,0.16436192,0.000245256,0.0019839865,0.11976781,0.13561402,0.033361338
ZJ020193,0.022244386,0.01475874,0.004785208,0.0012379452,0.00036352742,0.87969327,0.07421853,0.0026983516
ZJ020194,0.0355548,0.04428141,0.018133795,0.00010837427,0.0039907587,0.1971578,0.68671227,0.014060829
ZJ020195,0.5356557,0.043914698,0.12287227,0.016387356,0.008664934,0.0032067082,0.01924349,0.25005484
ZJ020196,0.1973539,0.27325362,0.07184091,0.022765845,0.072312176,0.19103542,0.1468802,0.024557937
ZJ020197,0.19490829,0.13248502,0.25777334,0.001463867,0.0021162329,0.04993102,0.29250368,0.0688186
ZJ020198,0.51676667,0.022971438,0.028387593,0.28770223,0.08469105,0.014145522,0.023616752,0.021718718
ZJ020199,0.20512915,0.0030421454,0.25675458,0.3575373,0.0569179,0.08371725,0.0030341102,0.033867575
ZJ020200,0.09947457,0.00885423,0.2076403,0.04054266,0.42463994,0.13747992,0.025045093,0.056323238
ZJ020201,0.23588102,0.082071066,0.09825333,0.00071067247,0.016842965,0.0150958,0.53447247,0.01667267
ZJ020202,0.04145765,0.041476537,0.06431161,0.016875943,0.00810982,0.7192609,0.054807037,0.053700592
ZJ020203,0.097505726,0.04684224,0.18734008,0.012189536,0.0020677117,0.010894757,0.62753767,0.01562228
ZJ020204,0.19441147,0.39397484,0.13191156,0.003576818,0.010687979,0.026618818,0.11243082,0.12638767
ZJ020205,0.05080259,0.007942934,0.004642323,0.639999,0.031848926,0.24729948,0.01129533,0.0061694747
ZJ020206,0.18400638,0.0058090906,0.19133064,0.19066149,0.012828338,0.058082737,0.004691196,0.3525901
ZJ020207,0.16993704,0.57722604,0.08331371,0.013261884,0.007757461,0.006504343,0.025962379,0.11603712
ZJ020208,0.012948867,0.0010526907,0.0043235137,0.00016976759,0.0009208637,8.380793e-05,0.9666851,0.013815376
ZJ020209,0.20475349,0.008886792,0.2524649,0.00021053254,0.00081067224,0.005618349,0.52396566,0.0032896288
ZJ020210,0.068851754,0.01133831,0.44772756,0.2141507,0.17534798,0.013454142,0.0073922495,0.06173736
ZJ020211,0.081429295,0.002687075,0.23186408,0.13679612,0.00023014925,0.007375213,0.0026690352,0.536949
ZJ020212,0.097542346,0.0057749716,0.19538711,0.37286595,0.04648409,0.006338892,0.002384054,0.27322263
ZJ020213,0.48316574,0.022576807,0.042910658,0.32038763,0.09371907,0.013015728,0.016748529,0.0074758613
ZJ020214,0.017865917,0.5054157,0.038334396,4.5561937e-05,0.000720004,0.15489128,0.11200258,0.17072453
ZJ020215,0.07803652,0.023469439,0.35308906,0.004658252,0.00085563236,0.01846454,0.49955413,0.021872435
ZJ020216,0.19535223,0.11185787,0.044272184,0.061694372,0.022596417,0.008123754,0.38465407,0.17144911
ZJ020217,0.07125742,0.022614934,0.034684464,0.004633468,0.0044645607,0.0005837561,0.8294891,0.032272294
ZJ020218,0.04645583,0.06267117,0.06586066,0.0037734318,0.0070172236,0.67958784,0.08188504,0.052748848
ZJ020219,0.05188927,0.7082147,0.13723832,0.00029706463,0.0011154984,0.009754106,0.089556746,0.0019343024
ZJ020220,0.10145263,0.0004198584,0.10541752,0.38927498,0.015973728,0.19425112,0.0018293117,0.1913808
ZJ020221,0.23837373,0.20763451,0.1399117,0.0018966388,0.011425516,0.046542343,0.3085808,0.04563478
ZJ020222,0.2432027,0.3025336,0.15169519,0.0037410061,0.103052154,0.0015869887,0.12475898,0.069429375
ZJ020223,0.08048922,0.06789695,0.10837705,0.00031277572,0.39202198,0.0043949955,0.2950917,0.05141534
ZJ020224,0.05928523,0.0062967152,0.059835486,0.5148487,0.008621528,0.0063390047,0.0014022406,0.3433711
ZJ020225,0.15224783,0.10476821,0.044072688,8.353049e-05,0.05961106,0.5054799,0.13104877,0.0026880812
ZJ020226,0.08644767,0.4299915,0.11768896,0.004250682,0.004006005,0.104743995,0.20951837,0.04335281
ZJ020227,0.28862768,0.019513344,0.032112487,0.42924154,0.109760806,0.0033094352,0.029729232,0.08770547
ZJ020228,0.09733221,0.004667734,0.31839448,0.19248888,0.0633073,0.055395193,0.0022573029,0.26615688
ZJ020229,0.18596415,0.005614108,0.04053712,0.0014804227,0.68663746,0.006660291,0.07120636,0.0019000417
ZJ020230,0.067140676,0.3309245,0.19414352,0.00021700464,0.019555409,0.003873734,0.31432706,0.06981809
ZJ020231,0.3383867,0.089461505,0.11869512,0.002135264,0.004265041,0.0048211007,0.40871546,0.033519763
ZJ020232,0.120838135,0.017306643,0.24914342,0.11446934,0.019874657,0.06532981,0.0046852673,0.40835276
ZJ020233,0.21292078,0.1338573,0.12472489,0.0030983784,0.008392206,0.004549612,0.479563,0.03289381
ZJ020234,0.13874689,0.05059302,0.6277917,0.0001200272,0.015472526,0.01230326,0.15226449,0.0027080863
ZJ020235,0.16042249,0.4495234,0.10259008,0.0007363779,0.0005987684,0.019607326,0.2265645,0.039957047
ZJ020236,0.27588475,0.20171195,0.24395883,0.0014746841,0.00095361006,0.0128787225,0.22261514,0.040522262
ZJ020237,0.10379518,0.0028484964,0.17819375,0.34682322,0.0031242745,0.016380671,0.0054330477,0.34340134
ZJ020238,0.123509794,0.50382835,0.1014809,0.00089220563,0.13882434,0.0081235105,0.11768875,0.005652198
ZJ020239,0.18221964,0.03816146,0.2775515,0.0002052233,0.00020530663,0.0039854376,0.4892974,0.008374017
ZJ020240,0.20831731,0.22485122,0.2734663,0.00050382863,0.0010206399,0.022040928,0.23356615,0.0362336
ZJ020241,0.10674639,0.3401936,0.15390944,0.008383798,0.018004004,0.01739395,0.31053263,0.04483622
ZJ020242,0.09806991,0.7874208,0.048182618,0.00755643,0.008185885,0.0019011556,0.03336164,0.015321521
ZJ020243,0.11898848,0.0055935346,0.30691263,0.21438293,0.007072975,0.018681454,0.009119077,0.31924888
ZJ020244,0.33757612,0.09310012,0.31981003,0.009149031,0.0021381762,0.023536652,0.11298317,0.10170669
ZJ020245,0.20192662,0.047517937,0.17675489,0.00052012963,0.20869936,0.0097277695,0.316187,0.03866635
ZJ020246,0.00042640444,6.399913e-05,0.0011421149,0.0006716836,0.000958653,0.9962968,3.217046e-05,0.0004081693
ZJ020247,0.16117336,0.11443976,0.35432914,0.0010593958,0.0019663845,0.016446574,0.33668566,0.013899727
ZJ020248,0.9307034,0.0060778824,0.017041365,9.577043e-05,0.005758097,0.012691534,0.02371029,0.0039216806
ZJ020249,0.26687613,0.1258804,0.18631338,0.004147255,0.016173173,0.16859773,0.10431953,0.12769237
ZJ020250,0.39032188,0.019669158,0.03694117,0.0015972506,0.0030561388,0.0014143884,0.060900193,0.48609975
ZJ020251,0.059997458,0.030797875,0.096129544,0.016035076,0.0053201364,0.71294457,0.03995924,0.03881612
ZJ020252,0.25291878,0.18357192,0.28165,0.0008051794,0.0062702354,0.035486594,0.23006028,0.00923702
ZJ020253,0.4781831,0.038331643,0.08142026,0.0026568545,0.21474236,0.0059769815,0.15515818,0.023530664
ZJ020254,0.04427366,0.8258234,0.03687628,0.001762056,0.0013905065,0.0019688336,0.06924086,0.018664358
ZJ020255,0.22580257,0.0040603904,0.3037327,0.07919632,0.08491932,0.20005366,0.004342501,0.097892515
ZJ020256,0.29933277,0.17162861,0.09911609,0.06369643,0.086370036,0.010902731,0.1762271,0.0927263
ZJ020257,0.12994914,0.24146818,0.15244633,0.0009773494,0.00080049975,0.054758117,0.35316548,0.06643491
ZJ020258,0.16414453,0.32942262,0.09099059,0.016691398,0.01277811,0.019695623,0.3142569,0.052020267
ZJ020259,0.36084595,0.06568641,0.17438023,0.00049959257,0.053818285,0.01754878,0.2927239,0.03449684
ZJ020260,0.051882196,0.02522884,0.10065254,0.016101032,0.005750835,0.74706095,0.038666315,0.014657317
ZJ020261,0.68656075,0.06443373,0.07496449,0.012058195,0.017240146,0.0058678123,0.08729955,0.051575303
ZJ020262,0.17911276,0.30173334,0.0664411,0.038609125,0.045254007,0.009526609,0.29602093,0.063302115
ZJ020263,0.12809949,0.06635745,0.43203616,0.0029659849,0.0098219095,0.02161655,0.21474524,0.12435724
ZJ020264,0.09514701,0.75616467,0.0698253,0.0010470415,0.01667852,0.0012621813,0.04336979,0.016505454
ZJ020265,0.094871126,0.6737166,0.09638554,0.00023400685,0.0012202288,0.01617934,0.09992114,0.017472047
ZJ020266,0.027765341,0.80818135,0.030661752,0.0010097217,0.004403363,0.004882714,0.11409938,0.008996475
ZJ020267,0.20442669,0.008680825,0.45678976,0.066534474,0.002796797,0.012094398,0.0016847353,0.24699235
ZJ020268,0.03699506,0.7108271,0.023890013,0.00020565321,0.010594439,0.02122612,0.1897182,0.0065433932
ZJ020269,0.039509434,0.0007422299,0.11829656,0.387196,0.009081533,0.13147523,0.0011768473,0.3125221
ZJ020270,0.17341343,0.23617592,0.06804385,0.02288589,0.11780324,0.009397846,0.3141612,0.058118597
ZJ020271,9.516887e-05,3.4047712e-06,6.021442e-05,6.324414e-05,1.7391538e-05,0.9995467,2.5859183e-05,0.00018800808
ZJ020272,0.009427826,0.0011839699,0.0021686961,2.413062e-05,2.972944e-05,0.0004760177,0.9862285,0.0004611166
ZJ020273,0.26698193,0.05947024,0.3359257,0.0002244162,0.0149175,0.108861186,0.20189457,0.011724505
ZJ020274,0.6935219,0.033890698,0.056315098,0.0069662705,0.113634914,0.020089034,0.021947002,0.053635113
ZJ020275,0.057509307,0.0032401124,0.12905319,0.18290412,0.0031679564,0.5600984,0.004396374,0.059630517
ZJ020276,0.04859339,0.0050083967,0.1206587,0.0009294644,0.0027237707,0.62500066,0.17612359,0.020961959
ZJ020277,0.33082965,0.13498695,0.24706781,0.012089948,0.12570524,0.0095501235,0.08394407,0.05582629
ZJ020278,0.121549934,0.6720968,0.08928453,0.0012409724,0.0018368977,0.0030137394,0.074821904,0.036155235
ZJ020279,0.08192097,0.12626284,0.11650562,0.00058977527,0.0022770686,0.0038090986,0.63750434,0.03113028
ZJ020280,0.40079433,0.15563248,0.24457517,0.00070412405,0.00496455,0.09792838,0.06643608,0.02896484
ZJ020281,0.21425042,0.0652894,0.108245306,0.0029164157,0.088481285,0.07610366,0.3638298,0.08088364
ZJ020282,0.09157594,0.0018513127,0.2660487,0.098772176,0.049970344,0.062118024,0.0018406099,0.42782292
ZJ020283,0.09815534,0.08616679,0.57144547,0.0027166952,0.04905979,0.057205595,0.11413768,0.021112552
ZJ020284,0.088236675,0.42059615,0.16414282,0.0005182485,0.056213073,0.050979257,0.21258639,0.0067273425
ZJ020285,0.3631532,0.015263197,0.043598954,0.3912391,0.13367559,0.015025655,0.028211338,0.0098329205
ZJ020286,0.025097592,0.31448218,0.007343959,2.6135018e-05,0.00032579966,0.021617735,0.59436905,0.036737602
ZJ020287,0.119050205,0.62110615,0.042137437,0.0010215214,0.0067535047,0.0028979979,0.15573145,0.051301803
ZJ020288,0.7024398,0.0012265213,0.03871097,0.0910436,0.034858484,0.0026562233,0.0010194529,0.12804504
ZJ020289,0.13231716,0.09757033,0.1488578,0.0011207529,0.0107929995,0.0043237815,0.52691627,0.078100935
ZJ020290,0.559225,0.002965048,0.08998028,0.12386851,0.004851668,0.008477622,0.0026170032,0.20801482
ZJ020291,0.12196091,0.057580657,0.43822956,0.00030003773,0.0007455211,0.0036054633,0.3050297,0.07254822
ZJ020292,0.802188,0.15994512,0.0033639495,7.289666e-06,0.0014950187,0.019469192,0.009149422,0.0043820846
ZJ020293,0.24494775,0.022023419,0.38905105,0.07383113,0.03964026,0.02529443,0.024819233,0.18039279
ZJ020294,0.22972278,0.002036364,0.13531329,0.36446476,0.042571936,0.022763345,0.009588251,0.19353932
ZJ020295,0.028019842,0.90629095,0.028117904,0.00015276283,8.0360536e-05,0.006602954,0.028895078,0.0018402016
ZJ020296,0.1895735,0.116808236,0.257231,0.22966152,0.11900452,0.01865413,0.0057976963,0.0632694
ZJ020297,0.17669468,0.21448901,0.1472022,0.014341965,0.002128444,0.056450415,0.27927294,0.10942039
ZJ020298,0.22506367,0.34588987,0.27121237,0.0039615785,0.0021499963,0.009938939,0.04878179,0.09300189
ZJ020299,0.1760769,0.0072743553,0.5335966,0.08005997,0.030748904,0.033366963,0.008819558,0.13005683
ZJ020300,0.1347977,0.031149516,0.018241404,0.00075429893,0.0008531323,0.0002553779,0.7950157,0.018932981
ZJ020301,0.05858718,0.0054593384,0.109562896,0.5687409,0.016017253,0.031294696,0.001836086,0.20850164
ZJ020302,0.057226878,0.14080161,0.010859448,0.0004227741,0.00035637032,0.0004090798,0.7717643,0.018159548
ZJ020303,0.18298118,0.032574125,0.43480977,0.0014608521,0.0021004814,0.07043752,0.25687703,0.018759096
ZJ020304,0.23308444,0.005694422,0.41754198,0.17917444,0.007887889,0.01547364,0.004304677,0.13683857
ZJ020305,0.09801914,0.52219695,0.07090308,0.00018291894,0.010373418,0.005591186,0.2811693,0.011563934
ZJ020306,0.14040418,0.14535694,0.56551206,9.518332e-05,0.0032821682,0.005432918,0.13579357,0.004122985
ZJ020307,0.17325012,0.28742352,0.22308205,0.0006413098,0.004096034,0.0120607875,0.27733588,0.022110267
ZJ020308,0.18967645,0.09245543,0.27461815,0.011614781,0.008322844,0.0026219958,0.28159603,0.13909426
ZJ020309,0.25398958,0.29706204,0.19400543,0.0034541662,0.05201239,0.0020790054,0.1266505,0.070746854
ZJ020310,0.40437618,0.12926486,0.14201757,0.010299224,0.016281702,0.008370574,0.184426,0.10496393
ZJ020311,0.012962561,0.0014946454,0.02125908,0.0010029039,0.00025485322,0.93437874,0.019981915,0.00866525
ZJ020312,0.16033287,0.035215545,0.21382998,0.001706796,0.002954403,0.01719089,0.4817016,0.08706789
ZJ020313,3.578271e-05,5.330825e-07,5.3568507e-05,1.774049e-05,1.4675937e-06,0.9998462,6.7906603e-06,3.79357e-05
ZJ020314,0.3176623,0.17353526,0.2643487,0.00020956092,0.0031760817,0.016682986,0.21517943,0.009205729
ZJ020315,0.0015000706,0.0009968089,0.004899607,0.006316443,0.04300917,0.9390745,0.00013839467,0.0040649604
ZJ020316,0.24296817,0.13909422,0.26897225,0.00037793332,0.008327203,0.0147963045,0.29571414,0.029749824
ZJ020317,0.5256356,0.061499614,0.15390097,0.019126786,0.02993234,0.021393884,0.054765172,0.1337456
ZJ020318,0.06502941,0.77369124,0.019843973,1.7694974e-05,0.0014416929,0.057201292,0.0408848,0.041889943
ZJ020319,0.14566746,0.08528024,0.38461357,0.00059568346,0.0021001948,0.021561943,0.3546529,0.005527975
ZJ020320,0.21285328,0.366106,0.26767373,0.003768476,0.0022724736,0.0035363592,0.054470792,0.08931888
ZJ020321,0.13407062,0.34361333,0.12761305,0.0028709057,0.0052487645,0.03515964,0.3051616,0.04626209
ZJ020322,0.18530707,0.17930014,0.32369572,0.002572672,0.0010126211,0.012208068,0.2770067,0.018897016
ZJ020323,0.2638051,0.015274203,0.4142832,0.04209581,0.06627365,0.03540807,0.031756617,0.13110341
ZJ020324,0.06489205,0.5560808,0.18464082,0.0019577786,0.0020404498,0.0032908719,0.12012999,0.06696724
ZJ020325,0.00042348806,2.463611e-05,0.00024216843,0.00036988544,2.9647797e-05,0.99793863,0.000850263,0.00012123976
ZJ020326,0.18720734,0.050849088,0.29874596,0.00055689993,0.0020667652,0.045311585,0.37177914,0.043483138
ZJ020327,0.75119066,0.012536666,0.06226754,0.017191859,0.06456217,0.0008066759,0.016065666,0.07537881
ZJ020328,0.05081183,0.68953365,0.085429914,6.883321e-05,0.009545208,0.0039701457,0.13523607,0.025404382
ZJ020329,0.07675245,0.008620526,0.1973369,0.00093224226,0.0016014399,0.38642195,0.32032773,0.008006784
ZJ020330,0.10399287,0.00454992,0.20809418,0.5479907,0.0011302958,0.03703804,0.0071023265,0.09010171
ZJ020331,0.09536678,0.007169943,0.15247674,0.49613905,0.028971141,0.0008165174,0.021647584,0.19741224
ZJ020332,0.10092732,0.0021568094,0.53895223,0.0907315,0.017365294,0.092981085,0.0018079919,0.1550778
ZJ020333,0.063965715,0.012364172,0.14829372,0.04302466,0.004618377,0.680543,0.006543199,0.04064715
ZJ020334,0.17368506,0.06632371,0.21801881,0.0006291912,0.0006605749,0.0042279265,0.5258205,0.010634204
ZJ020335,0.2452025,0.07995043,0.14773393,0.0034622638,0.0029622396,0.0026598482,0.46002948,0.057999283
ZJ020336,0.039247073,0.0073325546,0.19977398,0.0060796128,0.10013821,0.008137368,0.0051379744,0.63415325
ZJ020337,0.33103493,0.036845963,0.29856366,0.0020076255,0.013594451,0.03391075,0.2431639,0.040878788
ZJ020338,0.19972977,0.0013725581,0.031093692,0.00079230923,0.72775394,0.002651838,0.035970025,0.00063591375
ZJ020339,0.10390638,0.0042876173,0.15922914,0.4624815,0.079407014,0.0026463312,0.003978976,0.18406308
ZJ020340,0.0044740583,0.88480175,0.007001984,1.9566537e-06,5.133186e-05,0.0024758754,0.032479163,0.06871389
ZJ020341,0.20394078,0.3398031,0.13242899,0.0015794709,0.019883648,0.02126617,0.24855107,0.032546774
ZJ020342,0.21756475,0.10133301,0.16575974,0.0012784217,0.009289832,0.0013575527,0.44982806,0.053588677
ZJ020343,0.39360204,0.078942895,0.100076735,0.004007703,0.28363413,0.001378757,0.10508975,0.033268042
ZJ020344,0.30480534,0.18982576,0.17546171,0.0011698513,0.005016491,0.015047328,0.2705654,0.038108107
ZJ020345,0.070929654,0.81079686,0.03895989,0.002934083,0.005110031,0.0008263315,0.062646896,0.0077962875
ZJ020346,0.0952262,0.55965054,0.08963065,0.0059059844,0.02471495,0.0047856136,0.17326179,0.04682422
ZJ020347,0.09370612,0.012259031,0.1031068,0.00042537114,0.0011404338,0.10482757,0.66244525,0.022089336
ZJ020348,0.060608234,0.002238229,0.11235222,0.3487821,0.009153946,0.39890364,0.002399577,0.06556207
ZJ020349,0.31935075,0.026817461,0.10108225,0.0006655244,0.01156394,0.009140042,0.51717937,0.014200658
ZJ020350,0.17532101,0.09269103,0.13965997,0.0010533307,0.0002943664,0.0011045893,0.53932863,0.050547075
ZJ020351,0.2016504,0.02935689,0.22351404,0.00012939596,0.0814668,0.00068298215,0.36629763,0.096901864
ZJ020352,0.09777658,0.09961934,0.013664973,6.3819345e-05,0.4766072,0.30098334,0.010945056,0.00033968262
ZJ020353,0.18637046,0.002100473,0.47396794,0.13152325,0.03960193,0.01879092,0.0054211244,0.14222391
ZJ020354,0.34787378,0.093144596,0.1844806,0.001076897,0.001239605,0.016971534,0.20979638,0.14541662
ZJ020355,0.016794393,0.9348955,0.024082106,6.658662e-05,3.3459102e-05,0.0028602902,0.020787628,0.0004800156
ZJ020356,0.14634448,0.0042349575,0.22073203,0.35968578,0.02387622,0.004647151,0.0013353189,0.23914403
ZJ020357,0.082819894,0.15280494,0.37706268,0.0008477918,0.0014698367,0.0079750195,0.36626402,0.010755843
ZJ020358,0.058913693,0.00552865,0.27780473,0.13731457,0.0040429556,0.041783035,0.007927014,0.46668527
ZJ020359,0.059243307,0.084966846,0.41813493,0.00027050526,0.00026329598,0.0014640801,0.2643357,0.17132133
ZJ020360,0.05890203,0.05610069,0.14171308,0.28084138,0.019683884,0.2184288,0.20251109,0.021818994
ZJ020361,0.16577347,0.55633444,0.061761145,0.0011604229,0.0049680267,0.0013087572,0.16312575,0.04556789
ZJ020362,0.1073239,0.0033641066,0.24011354,0.42011452,0.064217776,0.0052712513,0.0016071054,0.15798773
ZJ020363,0.37770608,0.035367966,0.054699752,0.010475899,0.0065554767,0.005984727,0.2913616,0.21784848
ZJ020364,0.3628907,0.0021832932,0.24979831,0.20830026,0.04041646,0.07483642,0.0014932274,0.060081363
ZJ020365,5.6216442e-05,1.9167653e-06,5.632528e-05,5.5555565e-06,3.0576998e-06,0.9996835,1.7693876e-05,0.00017576109
ZJ020366,0.5122729,0.0064701927,0.25011232,0.035744675,0.069585584,0.061727066,0.0077755796,0.056311753
ZJ020367,0.044956066,0.04009325,0.28558952,0.016002474,0.0013268456,0.029986052,0.53787017,0.044175655
ZJ020368,0.20063771,0.11024762,0.30112916,0.00050430646,0.002409732,0.013458031,0.35174945,0.019864034
ZJ020369,0.2400719,0.417964,0.15591633,0.0034882769,0.01936735,0.0035522946,0.10837728,0.051262587
ZJ020370,0.030807298,0.2238286,0.21346124,0.00047041997,0.010560369,0.39021617,0.102944784,0.027711073
ZJ020371,0.19335875,0.26458237,0.12200318,0.0052638366,0.0013114221,0.035763953,0.27725604,0.10046048
ZJ020372,0.51156723,0.05217852,0.09741218,0.00014048937,0.0011525389,0.05812037,0.27001956,0.0094090635
ZJ020373,0.26871476,0.11885892,0.09013427,0.00035775593,0.019931383,0.0105702765,0.46886837,0.022564232
ZJ020374,0.16665798,0.09781935,0.19460239,0.0010768804,0.014027012,0.04580453,0.42082337,0.059188507
ZJ020375,0.7059512,0.071690746,0.050124824,0.0059055286,0.009044048,0.0015167732,0.13208115,0.023685696
ZJ020376,0.29768968,0.10310903,0.1302809,0.012621766,0.0033609597,0.023991326,0.3498816,0.07906476
ZJ020377,0.048502155,0.002450859,0.2401039,0.53399295,0.008362487,0.005399686,0.00226753,0.15892042
ZJ020378,0.34993416,0.056870293,0.1960051,0.00021194863,0.0021900597,0.012366736,0.3643826,0.018039128
ZJ020379,0.19537811,0.06256878,0.27267736,0.0004922726,0.035875488,0.0117467875,0.4091952,0.012066039
ZJ020380,0.16832085,0.1244976,0.1016407,0.0005107593,0.0076035187,0.0012204567,0.57731605,0.01889004
ZJ020381,0.0051430976,0.0031895605,0.0037078378,0.008890555,0.003487567,0.9714197,0.00082620664,0.0033354133
ZJ020382,0.26565644,0.01026112,0.026520697,0.5370335,0.10413757,0.01777945,0.03044873,0.008162481
ZJ020383,0.24709088,0.0018055101,0.030486923,0.00050344074,0.7025008,0.0027351405,0.012530953,0.0023463832
ZJ020384,0.20763116,0.1259759,0.17865992,0.0019438628,0.023551872,0.23681311,0.21656315,0.008861031
ZJ020385,0.06611959,0.7556308,0.06821202,0.000116770876,0.00043229564,0.009678452,0.09493667,0.004873393
ZJ020386,0.07577237,0.0057652667,0.13283558,0.49248752,0.03399263,0.033572473,0.0019085562,0.2236656
ZJ020387,0.013022712,0.850232,0.015616739,1.6367136e-05,0.000111334135,0.03717044,0.05271192,0.031118516
ZJ020388,0.5430304,0.0190605,0.123042166,0.00026473863,0.012846759,0.20613822,0.0902183,0.005398929
ZJ020389,0.15480995,0.0113449795,0.34486654,0.00022920204,0.00066758547,0.009581653,0.46769586,0.010804163
ZJ020390,0.22368988,0.0818359,0.16871777,0.02041826,0.27507254,0.005836821,0.117639236,0.106789574
ZJ020391,0.24632499,0.097583175,0.293205,0.001741867,0.033436053,0.053814743,0.18042141,0.09347271
ZJ020392,0.25761607,0.080015466,0.21590391,0.0008738419,0.102726944,0.011610145,0.24607585,0.08517777
ZJ020393,0.15644623,0.36517605,0.18738273,0.062273398,0.0007273999,0.0019300267,0.010667512,0.21539669
ZJ020394,0.36347693,0.14611344,0.21101525,0.009064282,0.13140151,0.009695125,0.08222646,0.047007006
ZJ020395,0.30077696,0.11636276,0.29768455,0.06015881,0.0044370964,0.008653245,0.118885234,0.09304138
ZJ020396,0.13593715,0.1597154,0.21954231,0.00068365224,0.0014079375,0.004330828,0.46957552,0.008807172
ZJ020397,0.15408818,0.018029008,0.40059078,0.00011348739,0.0013011293,0.020271726,0.40400618,0.0015995528
ZJ020398,0.28776643,0.019701999,0.037831288,0.003381435,0.0015124021,0.0022213508,0.59021527,0.057369802
ZJ020399,0.015674159,0.0007903885,0.14443243,0.1147812,0.03640845,0.12156778,0.0007797955,0.5655658
ZJ020400,0.5970093,0.062018294,0.020382583,0.22692123,0.043449484,0.005231792,0.039396312,0.005591012
ZJ020401,0.20352183,0.14681406,0.14822344,0.007196921,0.06576891,0.12826611,0.25477067,0.04543808
ZJ020402,0.21217366,0.3760922,0.19481285,0.004289111,0.034685705,0.0010386641,0.110713296,0.066194504
ZJ020403,0.15917291,0.14153366,0.22079794,0.000319397,0.00026986562,0.003335318,0.46888182,0.005689129
ZJ020404,0.38249743,0.10086504,0.14005145,0.0007473253,0.05032176,0.026236532,0.25206226,0.04721818
ZJ020405,0.14664473,0.2734183,0.09180119,0.00013406231,0.0046296837,0.026639178,0.44912,0.0076128417
ZJ020406,0.05884339,0.7895224,0.04739665,0.00016689213,0.00043225283,0.04194699,0.053358346,0.008333058
ZJ020407,0.21319872,0.20242742,0.11556171,0.0075993873,0.018112235,0.020029368,0.38962898,0.03344219
ZJ020408,0.11714477,0.008945041,0.4198754,0.32071352,0.005137118,0.011907199,0.012239474,0.10403751
ZJ020409,0.10988698,0.031070337,0.31929165,0.0004869306,0.0011763776,0.011744205,0.50468516,0.021658396
ZJ020410,0.03327751,0.03200066,0.005133903,1.7824195e-05,0.0040309154,0.0060388977,0.9163594,0.0031408684
ZJ020411,0.2011758,0.06263772,0.2581817,0.026037661,0.0049380846,0.0130449515,0.41724202,0.016742148
ZJ020412,0.14507596,0.066030584,0.047762536,0.02437608,0.047291394,0.0031717883,0.60872924,0.057562366
ZJ020413,0.22069518,0.23128861,0.19542652,0.15035696,0.02714567,0.0026619246,0.01362223,0.15880296
ZJ020414,0.10492326,0.036874812,0.17834674,0.00068051537,0.002071524,0.032026194,0.5927206,0.05235638
ZJ020415,0.0325256,0.06799432,0.011229779,0.00020435422,0.0026576456,0.04051826,0.83857405,0.0062959776
ZJ020416,0.061877314,0.00141014,0.2158471,0.15093255,0.014971293,0.094043255,0.0027507553,0.45816755
ZJ020417,0.04006332,0.095260546,0.45300803,0.00090791116,0.037884045,0.27991846,0.06791302,0.025044719
ZJ020418,0.19790858,0.28876653,0.04295332,0.050596762,0.012931514,0.0011754837,0.34421435,0.06145352
ZJ020419,0.5442294,0.003863238,0.22257864,0.046360757,0.03030568,0.10197781,0.0040410594,0.046643443
ZJ020420,0.1590564,0.0037051307,0.49976945,0.054915383,0.1437703,0.01214884,0.009593687,0.11704077
ZJ020421,0.46756843,0.013198515,0.16970496,0.080873415,0.11816986,0.053296678,0.010598123,0.08659003
ZJ020422,0.08063931,0.026409963,0.25396514,0.005043979,0.0015150901,0.029499201,0.5696909,0.033236437
ZJ020423,0.30231175,0.24628976,0.24143253,0.002076465,0.023862487,0.0009251978,0.11234531,0.07075642
ZJ020424,0.86480105,0.010077681,0.0481563,0.0124729555,0.023659125,0.00071451935,0.008458332,0.03166001
ZJ020425,0.0595381,0.030552238,0.86801887,0.00012091572,3.4844334e-06,0.00027879368,0.03674477,0.004742702
ZJ020426,0.50791466,0.0028464417,0.015944613,0.0005371123,0.41469288,0.05177536,0.0018705964,0.004418366
ZJ020427,0.11715973,0.040156566,0.21246117,0.0035335068,0.0017322059,0.108322054,0.47197232,0.0446624
ZJ020428,0.12947758,0.014292534,0.13985462,0.32518572,0.0222913,0.019000715,0.004507479,0.34539014
ZJ020429,0.09705087,0.019557383,0.038624234,0.004474981,0.049447156,0.6428546,0.062938236,0.085052654
ZJ020430,0.14571781,0.056267466,0.3322079,0.00013115181,0.00086357095,0.18626337,0.26303273,0.0155159645
ZJ020431,0.10944949,0.00455764,0.2441371,0.095761724,0.004319474,0.46868414,0.0043266495,0.06876374
ZJ020432,0.21246369,0.33141032,0.08081798,0.0008253102,0.037606943,0.048099723,0.27831244,0.01046361
ZJ020433,0.070732325,0.0035442037,0.20180197,0.36550528,0.043821204,0.0022964615,0.0023009994,0.30999753
ZJ020434,0.16031425,0.1367879,0.090927444,0.012403822,0.0006317611,0.0045034643,0.54168177,0.05274956
ZJ020435,0.030890431,0.12053086,0.3005743,0.0020379664,0.0003200975,0.006447801,0.5324538,0.006744754
ZJ020436,0.17765136,0.252938,0.15278482,0.0010927022,0.0047705816,0.01039497,0.35556808,0.044799462
ZJ020437,0.14660546,0.08034296,0.2125531,0.002021766,0.08587809,0.039312717,0.390956,0.04232996
ZJ020438,0.33122003,0.10130938,0.2800173,0.0006297522,0.0035567144,0.008257551,0.13128325,0.14372607
ZJ020439,0.14573908,0.11149281,0.20844625,0.0007220453,0.030071594,0.009264778,0.48269847,0.011564954
ZJ020440,0.15896678,0.015704699,0.02184045,0.45738807,0.29950723,0.007347311,0.01575696,0.023488468
ZJ020441,0.0147009455,0.013652266,0.003616139,4.5246583e-05,0.00041062184,0.0014593588,0.9618035,0.004311921
ZJ020442,0.6275501,0.041416083,0.1372153,0.014170507,0.0065957126,0.016713109,0.021408364,0.13493073
ZJ020443,0.3498532,0.20625776,0.20965344,0.002610723,0.03955279,0.0011076397,0.107792035,0.08317245
ZJ020444,0.61549735,0.037001926,0.122950226,0.02759193,0.0065002977,0.011806614,0.028163588,0.15048808
ZJ020445,0.103353575,0.0071145035,0.13517083,0.43577808,0.0017526257,0.012261846,0.0033120315,0.3012565
ZJ020446,0.3699923,0.07304506,0.07040329,0.02048295,0.012561575,0.018684283,0.26527184,0.16955873
ZJ020447,0.5849681,0.053090833,0.11678767,0.0055605285,0.021847358,0.0069746254,0.14346714,0.067303725
ZJ020448,0.1589266,0.0065031154,0.6211986,0.050466582,0.01173974,0.037314475,0.009010158,0.10484073
ZJ020449,0.050662465,0.60648084,0.16706493,0.00022588218,0.00024539177,0.098697916,0.07493782,0.001684714
ZJ020450,0.15743898,0.09803124,0.25686803,0.00057634275,0.037288673,0.041188847,0.35225502,0.056352887
ZJ020451,0.10535238,0.35682783,0.1166689,0.003656694,0.03572205,0.011171514,0.3267193,0.043881305
ZJ020452,0.2858466,0.21716867,0.0826849,0.05908611,0.08578151,0.005269033,0.21833737,0.045825727
ZJ020453,0.09525649,0.7261001,0.06697076,0.0009875348,0.0010534402,0.022330252,0.0723747,0.0149267325
ZJ020454,0.92345214,0.017659884,0.014685388,0.0023919146,0.007981977,0.0027528384,0.021335423,0.009740394
ZJ020455,0.00473371,0.01011512,0.011780063,0.0034888692,0.037723195,0.9273635,0.0007485174,0.004047008
ZJ020456,0.2076861,0.13518192,0.27692235,0.00238517,0.026602777,0.011116978,0.17817691,0.1619278
ZJ020457,0.19260252,0.28764477,0.093258575,0.0012026558,0.0051554013,0.13083696,0.17684332,0.11245577
ZJ020458,0.074597746,0.0048921676,0.4522642,0.2791232,0.0126358615,0.06810029,0.0044374387,0.1039491
ZJ020459,0.10963815,0.14014153,0.45913413,0.0009287761,0.0077277296,0.0217467,0.10060607,0.16007695
ZJ020460,0.067835994,0.015565862,0.17445283,0.0013640672,0.00059332233,0.18372303,0.5019409,0.054523997
ZJ020461,0.1813124,0.17208698,0.093842246,0.0019435073,0.0047231107,0.016568046,0.31353804,0.21598572
ZJ020462,0.12141218,0.024026949,0.05212006,0.14819144,0.0138686905,0.00500534,0.019903991,0.61547136
ZJ020463,0.062480275,0.061446454,0.05632092,0.0021033292,0.0017558433,0.773648,0.01550547,0.02673968
ZJ020464,0.39297387,0.04517114,0.038190495,0.059779145,0.01880425,0.0028826208,0.091646224,0.3505522
ZJ020465,0.06757531,0.11746045,0.6673988,8.353144e-07,0.012961592,0.000103091115,0.028215196,0.10628469
ZJ020466,0.041092828,0.0024161856,0.32661027,0.41526282,0.0034657165,0.09469588,0.0020748961,0.11438142
ZJ020467,0.6149185,0.07279792,0.088905096,0.0052350014,0.007109978,0.007644044,0.11450497,0.08888453
ZJ020468,0.21399777,0.026013743,0.5460487,0.0009009598,0.006054525,0.067461595,0.12592724,0.013595499
ZJ020469,0.008811132,0.57026994,0.009330654,5.1994593e-06,0.00021394693,0.013572903,0.3458273,0.05196887
ZJ020470,0.3146944,0.021997828,0.029588496,0.49262065,0.07404252,0.0074015614,0.035466228,0.024188306
ZJ020471,0.06328433,0.83997893,0.030898387,0.0031076458,0.0007845173,0.0020016509,0.038487792,0.021456754
ZJ020472,0.06314485,0.012697102,0.1189224,0.40431914,0.0134842945,0.021915385,0.0030426036,0.36247426
ZJ020473,0.12297786,0.053721476,0.40481877,0.00032154738,0.009114087,0.0039075874,0.39156368,0.01357492
ZJ020474,0.40803754,0.04328029,0.22565833,0.08138125,0.039577253,0.008432802,0.03391257,0.15971997
ZJ020475,0.080209985,0.15450116,0.2197674,0.0024436093,0.00367369,0.11768793,0.41390723,0.007809018
ZJ020476,0.05182618,0.011629637,0.052741658,0.5279689,0.012553044,0.011190978,0.0017094382,0.33038014
ZJ020477,0.15421113,0.004151483,0.2552797,0.39988568,0.0663119,0.03187461,0.0061413376,0.0821441
ZJ020478,0.049171753,0.015330815,0.09497894,0.0005581026,0.0026007763,0.6737681,0.13906927,0.024522258
ZJ020479,0.002986639,0.0045902943,0.007756828,0.0023402006,0.004002216,0.975605,0.00059719826,0.00212165
ZJ020480,0.34160495,0.09242742,0.37276998,0.0048658685,0.0008235766,0.0113218315,0.090289496,0.08589685
ZJ020481,0.06116437,0.011667237,0.30877027,0.004569023,0.0009044216,0.06864983,0.5201567,0.024118144
ZJ020482,0.24366069,0.109701395,0.18702935,0.002594959,0.017809404,0.0013627837,0.41530228,0.022539232
ZJ020483,0.09457736,0.0014517679,0.22364345,0.56958103,0.0016677405,0.015315843,0.0010752177,0.092687555
ZJ020484,0.0046051717,0.004185602,0.016210038,0.0009148878,5.260941e-05,0.9504613,0.0138557665,0.009714591
ZJ020485,0.31369108,0.2722525,0.14177711,0.0027619794,0.07701553,0.0030569113,0.10288599,0.086558856
ZJ020486,0.32108012,0.06613691,0.35156858,0.0017285382,0.036578234,0.018030677,0.19425738,0.010619548
ZJ020487,0.23084314,0.033700652,0.041436113,0.456318,0.19561379,0.010330504,0.019238088,0.012519674
ZJ020488,0.023684112,0.0007006221,0.13713884,0.10913377,0.005704588,0.20893925,0.00083022943,0.5138686
ZJ020489,0.13438028,0.0022006992,0.32500362,0.40483847,0.005971053,0.018374017,0.0014995316,0.107732356
ZJ020490,0.18151112,0.07584514,0.45743558,0.0036869608,0.0019402467,0.031855408,0.23303472,0.014690842
ZJ020491,0.0015085378,0.00025687824,0.01727384,8.5432905e-05,0.0005012378,0.97848296,0.00052414235,0.001366959
ZJ020492,0.14261436,0.47924396,0.13117725,0.0004207481,0.00042000038,0.04546183,0.17083617,0.029825674
ZJ020493,0.233291,0.50046676,0.120740876,0.0022217587,0.0018766159,0.011131063,0.078662775,0.05160921
ZJ020494,0.23487823,0.17831026,0.27474755,0.0046510915,0.04806011,0.017489659,0.118404284,0.12345879
ZJ020495,0.1778523,0.26084048,0.14200374,0.006238667,0.010340574,0.084888265,0.27614036,0.04169568
ZJ020496,0.073947474,0.028690415,0.046612155,0.09680518,0.007818926,0.0015022437,0.013951904,0.73067176
ZJ020497,0.14688702,0.008966038,0.1855072,0.14168406,0.02625037,0.4245843,0.007830368,0.058290675
ZJ020498,0.1062393,0.54898065,0.1141612,0.001132711,0.00074868597,0.03985307,0.18280421,0.0060801962
ZJ020499,0.0070119556,0.006096722,0.000915389,8.356645e-05,1.8404242e-05,0.0014364214,0.98350173,0.0009358048
ZJ020500,0.15118599,0.029016959,0.15903561,0.001959285,0.014419442,0.035137147,0.39335823,0.21588731
ZJ020501,0.05731733,0.002992706,0.1966481,0.40820834,0.028461432,0.005531715,0.0022484427,0.29859194
ZJ020502,0.1595885,0.23318052,0.14231311,0.0031748305,0.009235524,0.06833867,0.34966445,0.034504328
ZJ020503,0.17897971,0.4044371,0.09858651,0.0026466865,0.010084415,0.14515522,0.15408182,0.006028421
ZJ020504,0.22132061,0.001451833,0.5577962,0.046339184,0.049501155,0.016447747,0.0021241172,0.10501922
ZJ020505,0.3109755,0.083916724,0.48076004,0.00072980893,0.0065734107,0.047603738,0.052670706,0.01677012
ZJ020506,0.0056687,0.044612944,0.026987724,0.00012716152,0.033115923,0.88411677,0.0041755815,0.0011952561
ZJ020507,0.15787697,0.023878273,0.4804605,0.0007680883,0.02652295,0.03500236,0.21662168,0.058869194
ZJ020508,0.26262978,0.018611168,0.031847518,0.44912925,0.14883819,0.026657322,0.0418547,0.020432051
ZJ020509,0.4431719,0.048019256,0.20516185,0.027239665,0.019747864,0.008813851,0.034679163,0.21316649
ZJ020510,0.050722826,0.0008563392,0.29179904,0.49454337,0.03599164,0.012614175,0.00048188743,0.112990774
ZJ020511,0.06534329,0.015865192,0.22623846,0.0006170187,0.00082896627,0.094802275,0.45597538,0.1403294
ZJ020512,0.04211717,0.03380669,0.08219556,0.005588533,0.002053061,0.77257013,0.040412404,0.021256452
ZJ020513,0.13709283,0.4387852,0.13884157,0.07962029,0.0011635349,0.003929123,0.009674725,0.19089279
ZJ020514,0.16808128,0.44729513,0.1527141,0.0015341459,0.002372263,0.0045666853,0.17165115,0.05178521
ZJ020515,0.3530554,0.05207294,0.14859305,0.00037702709,0.0024507768,0.011123978,0.42353788,0.00878896
ZJ020516,0.36232337,0.06368935,0.3047459,0.034736015,0.02059712,0.025550302,0.012884433,0.17547353
ZJ020517,0.11058439,0.031528577,0.21154338,0.0010661385,0.0046955165,0.020339759,0.6005206,0.0197216
ZJ020518,0.2187239,0.11274232,0.23765525,0.0047389884,0.010434403,0.027148893,0.22390017,0.16465609
ZJ020519,0.5047158,0.11846715,0.042096864,0.00066057727,0.0054759714,0.0015680973,0.26454628,0.062469263
ZJ020520,0.20235169,0.030558035,0.014143628,0.000488639,0.0019509741,0.0017620269,0.7357753,0.012969647
ZJ020521,0.38019,0.026541203,0.17676267,0.0013296476,0.10008037,0.003643227,0.29700762,0.014445322
ZJ020522,0.15151612,0.3640976,0.061287094,0.04593052,0.029154573,0.004310408,0.2932067,0.050496984
ZJ020523,0.06767441,0.033286545,0.20403229,0.00027767365,0.003974647,0.020707576,0.63983786,0.030209081
ZJ020524,0.024700427,0.026676483,0.023626927,0.0060753217,0.0013825174,0.8693946,0.0069174273,0.041226313
ZJ020525,0.04928212,0.014710933,0.24232496,0.0004132608,0.23811859,8.9267254e-05,0.16093622,0.29412466
ZJ020526,0.15037113,0.0034259374,0.4877203,0.06816037,0.06062457,0.08881664,0.0049489066,0.13593215
ZJ020527,0.016002554,0.9524138,0.022453675,0.00016866875,0.00029394982,0.00014769327,0.005289892,0.0032298318
ZJ020528,0.006407961,0.0071953745,0.006125933,0.0056384685,0.0019212553,0.96924275,0.00028385394,0.003184326
ZJ020529,0.0027811972,0.00032857322,0.004353134,0.0012829037,0.00018918603,0.9869296,0.00282855,0.0013068388
ZJ020530,0.42194533,0.025420526,0.048953164,0.001459781,0.009159325,0.008085734,0.47932723,0.0056488384
ZJ020531,0.013576036,0.86330026,0.02252114,7.4801515e-06,6.879253e-05,0.042735513,0.025177328,0.03261338
ZJ020532,0.10488679,0.53353184,0.12926961,0.023331335,0.0029297112,0.006387679,0.105989985,0.09367298
ZJ020533,0.059077807,0.005902276,0.10564846,0.4321315,0.011299544,0.006289399,0.0015818193,0.37806913
ZJ020534,0.25729024,0.014188402,0.023383582,0.44059774,0.18052815,0.030755965,0.04267406,0.01058182
ZJ020535,0.2126098,0.0062876204,0.14904468,0.059446037,0.38897455,0.061248295,0.019859789,0.10252924
ZJ020536,0.11067872,0.0025356975,0.14608997,0.12843527,0.045041397,0.5240516,0.003593525,0.03957379
ZJ020537,0.19709617,0.039129864,0.12734354,0.0009775809,0.0505639,0.03491757,0.525505,0.024466332
ZJ020538,0.25638196,0.045117907,0.2288416,0.00046453055,0.041769475,0.01635506,0.40068993,0.010379568
ZJ020539,0.047818936,0.063031495,0.07833843,0.00028180782,0.005483577,0.4735406,0.3251384,0.0063666604
ZJ020540,0.23952848,0.0390829,0.5230685,0.037403513,0.004129904,0.03480107,0.018983666,0.10300199
ZJ020541,0.17374639,0.13717349,0.1159763,0.002993386,0.0048921783,0.004964809,0.50138664,0.05886682
ZJ020542,0.09887736,0.0017608977,0.19662525,0.40295804,0.12591144,0.005897818,0.0029644629,0.16500472
ZJ020543,0.08668196,0.012900698,0.0114298025,0.7851876,0.06851479,0.008778833,0.01974035,0.006765932
ZJ020544,0.12473967,0.15461132,0.099451825,0.0005719873,0.0015998877,0.025643207,0.5131587,0.08022336
ZJ020545,0.07371841,0.021924848,0.1393222,0.00041447164,0.004998742,0.0064052506,0.7414885,0.011727554
ZJ020546,0.5192494,0.0069071697,0.020896666,0.28394762,0.12616351,0.013781895,0.020182231,0.00887152
ZJ020547,0.60689145,0.07464708,0.0593128,0.00079504744,0.0383799,0.018786428,0.18103212,0.020155227
ZJ020548,0.118131,0.029650668,0.087297656,0.38294783,0.02969395,0.002579507,0.006398303,0.3433011
ZJ020549,0.12082656,0.03372681,0.3095687,0.0020651503,0.0039364123,0.13662255,0.27144158,0.12181227
ZJ020550,0.06595838,0.020218186,0.329998,0.016095,0.0008256051,0.06308655,0.4696405,0.0341778
ZJ020551,0.22493345,0.527216,0.07015474,0.00049645966,0.0053196726,0.003722962,0.11010286,0.058053873
ZJ020552,0.52316177,0.001263663,0.23296821,0.026235214,0.005741244,0.004952146,0.0009894173,0.20468834
ZJ020553,0.27198204,0.24612664,0.19371648,0.0060598017,0.08017055,0.0033290775,0.12384632,0.07476915
ZJ020554,0.19836242,0.08243274,0.21949615,0.00030209366,0.0003946512,0.0023711738,0.48835263,0.008288125
ZJ020555,0.5401117,0.03703738,0.111011095,0.00021665565,0.0029742343,0.023912145,0.26741645,0.017320262
ZJ020556,0.7684807,0.03635609,0.05633167,0.003379505,0.007822003,0.0015604945,0.071700215,0.0543693
ZJ020557,0.010077182,0.0066136387,0.03214718,0.0037441247,0.00014338554,0.9013081,0.040467136,0.005499247
ZJ020558,0.04460883,0.0032831659,0.12177409,0.5818373,0.007771652,0.10183625,0.0013109775,0.13757779
ZJ020559,0.32560018,0.030503292,0.15699038,0.0017868335,0.038830496,0.018031724,0.39191052,0.036346592
ZJ020560,0.31755748,0.06566271,0.15905003,0.014349268,0.23009074,0.014530947,0.13454828,0.06421057
ZJ020561,0.46716607,0.01503626,0.02795183,0.00051752495,0.0020067438,0.0016364272,0.47608536,0.0095998505
ZJ020562,0.16360539,0.010439939,0.35738838,0.1228131,0.26497605,0.016879538,0.0095737595,0.054323804
ZJ020563,0.38195056,0.06846546,0.20274445,0.01731354,0.010066043,0.0063492954,0.04186076,0.2712499
ZJ020564,0.08374108,0.05609095,0.068580106,0.58982724,0.11400175,0.0175672,0.033591468,0.036600165
ZJ020565,0.11119256,0.0061685718,0.13825288,0.4334286,0.037602115,0.009768162,0.002610527,0.26097658
ZJ020566,0.5290056,0.0030918317,0.02767985,0.0022109116,0.22601429,0.20590526,0.0048143556,0.0012778661
ZJ020567,0.062045954,0.801478,0.026238512,0.00026328923,0.0014065456,0.0023490814,0.08993346,0.016285062
ZJ020568,0.22780208,0.08753517,0.09809408,0.021989863,0.41298613,0.0062554823,0.1180383,0.027298868
ZJ020569,0.517379,0.0757123,0.18110153,0.005200761,0.042008746,0.009003895,0.13263659,0.036957197
ZJ020570,0.08360067,0.036730543,0.043376487,0.56003076,0.18395205,0.047050815,0.02006646,0.025192235
ZJ020571,0.31707183,0.009986516,0.016801197,0.3366272,0.28680986,0.012099509,0.01794378,0.0026601034
ZJ020572,0.17513831,0.0029213182,0.100460395,0.17052056,0.20254461,0.1767716,0.0059722625,0.16567104
ZJ020573,0.08788896,0.014977528,0.24527337,0.00058702595,0.0090867365,0.03504852,0.60111785,0.00601997
ZJ020574,0.4039401,0.019369828,0.033444304,0.026625078,0.003632936,0.0021145877,0.015697397,0.4951758
ZJ020575,0.19673951,0.19191547,0.23667558,0.0002835855,0.0070356866,0.010936704,0.33734995,0.019063422
ZJ020576,0.24687855,0.050009627,0.13389376,0.0073070275,0.012936638,0.036096234,0.31323045,0.19964772
ZJ020577,0.10335448,0.007535638,0.076389536,0.002935965,0.0040281643,0.060174134,0.7029826,0.042599443
ZJ020578,0.21884063,0.07975358,0.14958109,0.00091102824,0.0018723698,0.047112927,0.4643953,0.037532996
ZJ020579,0.3192217,0.17144082,0.16621843,0.00071783713,0.0017328202,0.024649834,0.23883319,0.07718531
ZJ020580,0.26875922,0.20225573,0.20507538,0.011837043,0.09528393,0.006699441,0.12670143,0.083387844
ZJ020581,0.39186087,0.11960357,0.3237103,0.0004207246,0.0061707636,0.081099726,0.055161156,0.021972852
ZJ020582,0.050675698,0.20351785,0.34224474,0.0007522335,0.00013227743,0.013631564,0.3819301,0.0071154614
ZJ020583,0.24659164,0.0034053246,0.04772274,0.0018962057,0.618701,0.013115267,0.064479604,0.0040882267
ZJ020584,0.45186958,0.026335048,0.11414766,0.102379516,0.035811704,0.0025704764,0.034109388,0.23277669
ZJ020585,0.10732858,0.006104369,0.45245847,0.001235942,0.10896831,0.0041525266,0.30827054,0.011481247
ZJ020586,0.022253849,0.012073843,0.060308844,0.045541063,0.0075676204,0.7760349,0.06828192,0.007937964
ZJ020587,0.0018073386,3.645631e-05,0.0031153506,0.000104226565,6.846583e-05,0.99087584,0.0010923895,0.0028999052
ZJ020588,0.06025872,0.056454323,0.50820684,0.0033845524,0.00042686565,0.25563192,0.1000771,0.015559656
ZJ020589,0.28304785,0.0064157066,0.09420231,0.0015939306,0.38152888,0.023410415,0.20536822,0.0044326372
ZJ020590,0.015336561,0.013014477,0.06026808,0.0014630689,0.012764377,0.87006146,0.017813945,0.009278082
ZJ020591,0.14173914,0.1846286,0.22885664,0.0026478912,0.022657312,0.0074775917,0.12765881,0.28433403
ZJ020592,0.3911677,0.1418305,0.26820713,0.0010740822,0.0051500415,0.09264075,0.053332295,0.046597462
ZJ020593,0.056440495,0.068741314,0.0955756,0.009129808,0.0058936593,0.68414766,0.03671812,0.043353353
ZJ020594,0.15978332,0.07846286,0.50852686,6.3473206e-05,0.001046504,0.0045235446,0.24342068,0.0041728094
ZJ020595,4.7083606e-05,7.6427386e-07,4.8089587e-05,7.970572e-06,1.8034182e-06,0.99975646,7.464363e-06,0.00013038382
ZJ020596,0.09459598,0.70061356,0.04955893,5.9033813e-05,8.727116e-05,0.054555904,0.093856215,0.006673072
ZJ020597,0.026453048,0.019657804,0.081800304,0.0010893148,0.013740625,0.8417634,0.014683162,0.00081237656
ZJ020598,0.059002716,0.0061263354,0.22029293,0.124231316,0.00072831986,0.0116101615,0.0034413931,0.57456684
ZJ020599,0.34970492,0.10193338,0.13604215,0.0028459788,0.006376674,0.011541962,0.34745067,0.044104237
ZJ020600,0.8392002,0.0007967924,0.018949406,0.009814073,0.071745485,0.0005960251,0.011619724,0.04727828
ZJ020601,0.12733196,0.14061148,0.112446174,0.16996415,0.014050912,0.007677843,0.022203723,0.4057137
ZJ020602,0.32541034,0.15792674,0.076573834,0.00033022187,0.009331222,0.033306744,0.38219848,0.014922407
ZJ020603,0.14224708,0.058253855,0.23381889,0.0016684784,0.0028467039,0.025612537,0.45421633,0.08133615
ZJ020604,0.0033813466,0.028462388,0.02053527,0.00012017485,0.0012064698,0.9420773,0.0018940344,0.002323055
ZJ020605,0.39389867,0.031051299,0.17604439,5.1066723e-05,0.023948345,0.0062222374,0.35950586,0.009278193
ZJ020606,0.2295473,0.19789147,0.06114414,0.09374677,0.12164439,0.012390567,0.2405484,0.043087006
ZJ020607,0.064622976,0.030612955,0.17725639,0.0050001196,0.0040929113,0.04458523,0.667334,0.0064954013
ZJ020608,0.24759479,0.06375623,0.22936642,0.0009818767,0.027334226,0.080582656,0.34517607,0.0052077575
ZJ020609,0.0010805544,0.00024995336,0.0035572865,0.0010219383,0.0052116364,0.98707557,0.00010142375,0.0017016245
ZJ020610,0.1739209,0.24649014,0.097358935,0.0014769841,0.008152258,0.0024019792,0.43759903,0.032599736
ZJ020611,0.0043246862,0.0011486419,0.0061457013,0.0006556776,0.00024158157,0.9711517,0.015887965,0.0004440303
ZJ020612,0.106774546,0.104164064,0.25985116,0.0019085677,0.020787489,0.15013394,0.26742876,0.08895146
ZJ020613,0.4213145,0.048938084,0.2618716,0.005599745,0.020885492,0.006054409,0.055484623,0.17985152
ZJ020614,0.03179157,0.012995689,0.10146179,0.0006243533,0.00084980845,0.7240258,0.106408246,0.021842701
ZJ020615,0.19553503,0.045147497,0.33687788,0.13683966,0.034315035,0.00972321,0.008471606,0.23309004
ZJ020616,0.096910335,0.0078514265,0.321396,0.31203005,0.004360658,0.016730381,0.0025914845,0.23812965
ZJ020617,0.24877498,0.4398813,0.03290719,0.0004297001,0.0061426316,0.0024030916,0.19882062,0.0706405
ZJ020618,0.0061544906,0.0035186743,0.050821412,0.00087933376,0.0037232975,0.9249767,0.004964059,0.0049621295
ZJ020619,0.2190877,0.067070425,0.34843424,0.00033222724,0.009267809,0.06835978,0.16074274,0.12670507
ZJ020620,0.020641835,0.0029416368,0.011028349,0.0029408406,0.0010848562,0.001548185,0.95369184,0.0061224713
ZJ020621,0.07796132,0.015559183,0.02220901,0.010673653,0.01018857,0.00058366155,0.83788776,0.024936777
ZJ020622,0.22995685,0.08599955,0.31058177,0.00016845962,0.00039384002,0.0036072796,0.28312317,0.08616908
ZJ020623,0.28610396,0.14430808,0.12058299,0.0598652,0.0014180245,0.001468543,0.0070288647,0.37922433
ZJ020624,0.037826113,0.11316525,0.17442235,0.00081078964,0.0035826263,0.47516564,0.17377636,0.021250807
ZJ020625,0.10122587,0.11733461,0.24074636,0.38785693,0.07945216,0.011932077,0.0027992486,0.058652785
ZJ020626,0.074953936,0.5987425,0.14390539,0.0031683925,0.004357854,0.005512733,0.08764668,0.081712484
ZJ020627,0.28803724,0.20222946,0.1905711,0.017888099,0.14078587,0.010966672,0.09657107,0.052950528
ZJ020628,0.06898773,0.08260137,0.085367315,0.0042221053,0.009192933,0.09064184,0.58830774,0.07067896
ZJ020629,0.30592453,0.09897324,0.12665997,0.0009205732,0.03749902,0.025499703,0.37631842,0.028204609
ZJ020630,0.04325373,0.8607816,0.012903684,0.0012957196,0.0005317061,0.0006129887,0.07253741,0.008083148
ZJ020631,0.14883737,0.56671435,0.10345028,0.00061426463,0.0018672757,0.031586055,0.13795765,0.008972845
ZJ020632,0.05509345,0.005174738,0.17812803,0.0011432166,0.0016854319,0.51243013,0.23155446,0.014790567
ZJ020633,0.016506426,0.006269551,0.01052981,0.00182999,6.546139e-05,0.87986714,0.0822573,0.0026742935
ZJ020634,0.09380792,0.0012778828,0.18758982,0.445471,0.113562465,0.0034923956,0.0013065937,0.15349194
ZJ020635,0.37736684,0.0974748,0.32228917,0.010913219,0.011219989,0.014502976,0.031960055,0.13427289
ZJ020636,0.12850684,0.021526739,0.21874464,0.0006653158,0.0027712032,0.012719024,0.60354334,0.011522923
ZJ020637,0.10024213,0.006053777,0.2954646,0.12091978,0.009825823,0.008913348,0.0040944307,0.4544861
ZJ020638,0.2822491,0.16075353,0.14655142,0.003371946,0.010333838,0.003882413,0.27491596,0.117941745
ZJ020639,0.32602146,0.28577325,0.13265815,0.019212604,0.0040481505,0.0065374933,0.027511712,0.19823723
ZJ020640,0.36582038,0.027932148,0.10312497,0.3021579,0.10257406,0.0016897889,0.005700488,0.0910003
ZJ020641,0.18172432,0.044469774,0.32727247,0.0008071378,0.0030817688,0.024544325,0.39786145,0.02023874
ZJ020642,0.56660455,0.051855985,0.0855849,0.0051989993,0.030210681,0.0055305306,0.13663921,0.118375175
ZJ020643,0.053553883,0.03062341,0.30090398,0.004595664,0.0004747733,0.009011597,0.5661823,0.03465449
ZJ020644,0.3443667,0.034912348,0.15453942,0.0110724475,0.27853116,0.014171937,0.123296656,0.039109353
ZJ020645,0.29843867,0.071722955,0.27952805,8.057468e-05,0.009948577,0.027397973,0.30871627,0.0041668685
ZJ020646,0.20351921,0.034755435,0.037509434,0.53479266,0.08096226,0.029573422,0.026838273,0.052049264
ZJ020647,0.053373158,0.0011513977,0.30315468,0.33940688,0.005517275,0.030844113,0.0047000577,0.26185238
ZJ020648,0.042882502,0.6184624,0.25751594,0.00017982653,7.5806325e-05,0.00024051694,0.06614584,0.014497136
ZJ020649,0.20852432,0.13157901,0.16498664,0.0008430433,0.0028781025,0.023881454,0.42177412,0.045533277
ZJ020650,0.9512838,0.0055785887,0.013040496,2.4171544e-05,0.0017894908,0.00030354055,0.026466772,0.0015130976
ZJ020651,0.002416333,0.9891691,0.0038132116,0.00030524738,0.00014032316,0.0005062108,0.001444432,0.0022050175
ZJ020652,0.17004356,0.24858268,0.20281693,0.004360872,0.004651887,0.055897713,0.27348858,0.040157814
ZJ020653,0.15710355,0.002459954,0.45270434,0.10079454,0.029550122,0.005505438,0.0018397903,0.25004235
ZJ020654,0.20320244,0.32638112,0.24978532,0.00039405975,0.001005853,0.017094832,0.17396118,0.028175207
ZJ020655,0.0035007922,0.093446426,0.009616083,0.0001789053,0.0016456771,0.05928901,0.82068855,0.011634505
ZJ020656,0.12236499,0.01861396,0.18310344,0.006937238,0.2117511,0.008959558,0.29192796,0.15634175
ZJ020657,0.22677262,0.15010382,0.33013546,0.0026440572,0.014333817,0.012718545,0.15681356,0.10647809
ZJ020658,0.7790788,0.11859934,0.023969915,0.000974666,0.0056711636,0.0062708855,0.032981742,0.03245343
ZJ020659,0.4213911,0.1258355,0.070837684,0.0013642488,0.0072725974,0.0150880115,0.31380007,0.044410754
ZJ020660,0.2634556,0.24753375,0.20768768,0.008720426,0.05211684,0.013593473,0.12517521,0.08171704
ZJ020661,0.2874291,0.28052247,0.12242563,0.0045575607,0.0112686185,0.0033064375,0.24257062,0.047919527
ZJ020662,0.04800345,0.06543727,0.04642166,0.002786481,0.021129401,0.77382654,0.03015063,0.012244563
ZJ020663,0.27202165,0.2510991,0.20435137,0.0242911,0.027638365,0.017613895,0.18901236,0.0139721
ZJ020664,0.12130105,0.0032876353,0.46362817,0.08103,0.04071719,0.03046382,0.0029360526,0.25663608
ZJ020665,0.20180176,0.22962937,0.033778094,0.0408279,0.05080713,0.003734391,0.35008335,0.08933798
ZJ020666,0.18002212,0.031290334,0.16027941,0.0008857897,0.0053772377,0.09509801,0.51072127,0.016325757
ZJ020667,0.055680986,0.28885904,0.53676885,1.7964132e-05,7.7184595e-05,0.0005613202,0.094149835,0.023884786
ZJ020668,0.12755367,0.015985359,0.108506694,0.0034654879,0.015207168,0.026950173,0.66163063,0.040700793
ZJ020669,0.14180999,0.10638829,0.16429691,0.03376826,0.05078248,0.010705652,0.023035193,0.46921322
ZJ020670,0.014944669,0.0357544,0.010151675,0.043347914,0.14234391,0.7095008,0.009838197,0.034118477
ZJ020671,0.17136519,0.18975517,0.23617919,0.004001038,0.036836576,0.008636924,0.32191196,0.031313874
ZJ020672,0.0018003547,0.0005909445,0.0020668947,0.0030954818,0.041540526,0.9447132,0.00023159618,0.0059610596
ZJ020673,0.18824174,0.0048940536,0.26019582,0.20475271,0.041991964,0.16909651,0.0052464805,0.1255807
ZJ020674,0.16599971,0.07430447,0.27329636,0.0011134769,0.0383723,0.13364126,0.2509482,0.062324245
ZJ020675,0.40431023,0.027525812,0.19561781,0.00033271214,0.0048981477,0.10543727,0.25121936,0.0106585985
ZJ020676,0.18061969,0.0025848185,0.27660158,0.2326877,0.011230286,0.02156351,0.0026037132,0.2721087
ZJ020677,0.29525346,0.0127353845,0.02310712,0.03265772,0.001995134,0.00012992538,0.0035009352,0.6306203
ZJ020678,0.25849417,0.10632541,0.27380505,0.0011230521,0.018907126,0.019191662,0.16278927,0.15936424
ZJ020679,0.28867248,0.012901686,0.03868501,0.31073076,0.21886516,0.055474702,0.03938516,0.03528514
ZJ020680,0.480579,0.006670279,0.044354428,0.027288103,0.35249916,0.022893894,0.005044823,0.06067033
ZJ020681,0.12015131,0.3644803,0.1461619,0.0008318759,0.00080505566,0.064011276,0.2893711,0.014187147
ZJ020682,0.07971955,0.08082194,0.36127788,0.00068795297,0.0016501705,0.015865155,0.4526531,0.00732421
ZJ020683,0.06608538,0.019151358,0.10272692,0.55445397,0.007678462,0.00054864516,0.014734508,0.23462078
ZJ020684,0.11862438,0.0033606873,0.23715836,0.25038642,0.0006174799,0.111090034,0.0009658792,0.27779678
ZJ020685,0.13313587,0.1251513,0.34995943,0.00034576489,0.0018612484,0.0075271004,0.36357358,0.018445645
ZJ020686,0.090532444,0.76966244,0.06579922,0.0034130542,0.0046780617,0.0014613156,0.039151862,0.025301602
ZJ020687,0.029419878,0.056781005,0.07912176,0.0046975412,0.017061973,0.7241234,0.055606842,0.033187646
ZJ020688,0.032869667,0.022735821,0.30189273,0.00088051136,0.008099505,0.5898118,0.041873533,0.0018363438
ZJ020689,0.15421619,0.0022787738,0.0079078125,0.783131,0.040399693,0.004159189,0.0051483414,0.002758963
ZJ020690,0.012224369,0.022353666,0.013467585,0.0012047469,0.0029189782,0.9326081,0.004186528,0.01103605
ZJ020691,0.49346247,0.05284764,0.10361851,0.001504983,0.020318447,0.0060709873,0.26244754,0.059729468
ZJ020692,0.10220428,0.031531423,0.122889236,0.33215544,0.034160275,0.03173762,0.00836295,0.3369588
ZJ020693,0.37970427,0.041027892,0.17008825,0.00059706165,0.028569309,0.010633533,0.35303238,0.016347243
ZJ020694,0.14566295,0.45735657,0.0696473,0.022200482,0.0348556,0.0012496396,0.22938268,0.039644763
ZJ020695,0.17529973,0.10870186,0.2099455,0.0016293748,0.09661747,0.09453927,0.21349262,0.09977412
ZJ020696,0.2500933,0.31916678,0.08216399,0.013135968,0.08646418,0.0132123865,0.18229459,0.053468827
ZJ020697,0.2589502,0.007433127,0.5397422,0.035780676,0.002156975,0.036881547,0.007774875,0.11128045
ZJ020698,0.22096565,0.4112741,0.07581816,0.0018712445,0.0061262953,0.0012424637,0.22249474,0.06020735
ZJ020699,0.2710305,0.07753363,0.31656927,0.000498797,0.032421697,0.0648458,0.22530289,0.011797364
ZJ020700,0.15763709,0.19953313,0.2672336,0.0034930597,0.0038585006,0.021945117,0.16552562,0.18077385
ZJ020701,0.0029063432,0.00012423024,0.004768451,0.00030121833,0.00020149935,0.98719716,0.001385448,0.0031156798
ZJ020702,0.14450239,0.31100914,0.092515565,0.02542237,0.021932459,0.020581534,0.34738412,0.03665246
ZJ020703,0.25641006,0.021367913,0.02597879,0.44748878,0.19849221,0.021421652,0.017160112,0.011680367
ZJ020704,0.3471748,0.21753521,0.05375934,0.1195092,0.10034264,0.0036614516,0.13376154,0.024255855
ZJ020705,0.59100085,0.0536041,0.112435564,0.0007708926,0.04422117,0.005105301,0.17767549,0.015186568
ZJ020706,0.3491961,0.0085338,0.38933384,0.045900848,0.016077569,0.058952965,0.029015938,0.10298894
ZJ020707,0.5208207,0.016055094,0.02607217,0.23858143,0.113051035,0.03675782,0.032695558,0.015966251
ZJ020708,0.3156549,0.033866175,0.029990984,0.00977074,0.07624129,0.0010802783,0.4873683,0.04602728
ZJ020709,0.14249383,0.017035607,0.15326424,0.015998393,0.33716124,0.011621364,0.22249404,0.09993117
ZJ020710,0.015423773,0.0011301499,0.11672589,0.1521914,0.014296486,0.3091768,0.00084942766,0.3902061
ZJ020711,0.21959157,0.34756052,0.09096481,0.026439022,0.0430904,0.020997265,0.20683633,0.04452001
ZJ020712,0.11507673,0.059138015,0.09622793,0.2841437,0.010677845,0.009407196,0.0053834035,0.41994515
ZJ020713,0.11681915,0.0031477674,0.522787,0.09969272,0.034786608,0.015816094,0.0032344598,0.20371625
ZJ020714,0.50083584,0.03556827,0.1636936,0.03451128,0.00556931,0.0030510263,0.031998,0.22477266
ZJ020715,0.09412462,0.48493436,0.080206,0.0002882714,0.0061033564,0.003677969,0.32104427,0.009621184
ZJ020716,0.4222893,0.05383327,0.090732224,0.0011359145,0.050178442,0.012478521,0.36143988,0.007912411
ZJ020717,0.31723744,0.1095821,0.1178859,0.0029279063,0.08820231,0.022990322,0.28958985,0.05158415
ZJ020718,0.2242659,0.011789605,0.01808884,0.48700762,0.22350664,0.0054620462,0.014865511,0.015013845
ZJ020719,0.5313717,0.089956574,0.15636961,0.007799484,0.0411583,0.010281738,0.123074114,0.039988417
ZJ020720,0.09875513,0.04685978,0.37249458,0.0012499543,0.0035354125,0.00502352,0.46167818,0.010403468
ZJ020721,0.18114959,0.35563388,0.0677766,0.04590511,0.01147808,0.010510977,0.27750957,0.050036132
ZJ020722,0.045391418,0.0056408383,0.1012455,0.0019860326,0.002051742,0.653144,0.18149064,0.009049892
ZJ020723,0.3008961,0.03193745,0.09629207,0.0033327122,0.25857452,0.009120814,0.28911856,0.010727775
ZJ020724,0.060008787,0.00360616,0.3059219,0.492583,0.015829744,0.024756465,0.0010431227,0.09625076
ZJ020725,0.05848316,0.8365068,0.05348476,0.002564219,0.0013637703,0.0016935914,0.017988726,0.027914973
ZJ020726,0.15529262,0.0024359515,0.4137907,0.000610043,0.0008273194,0.011581461,0.41207978,0.0033820858
ZJ020727,0.065531604,0.06986253,0.11327862,0.010173576,0.014919628,0.6206431,0.058694907,0.04689596
ZJ020728,0.1364853,0.015391521,0.30953866,0.059866905,0.03419492,0.09767796,0.0032118063,0.3436329
ZJ020729,0.20985803,0.14104064,0.31110817,0.0002674998,0.004880688,0.016512865,0.30054677,0.015785394
ZJ020730,0.114481546,0.011281604,0.02200332,0.002178933,0.00064853777,5.348748e-05,0.81496865,0.034383968
ZJ020731,0.15175337,0.0047625015,0.20865285,0.54359126,0.0005859594,0.01473598,0.004101721,0.071816325
ZJ020732,0.1912943,0.079159476,0.18444476,0.0015879255,0.019140609,0.201808,0.24490088,0.07766401
ZJ020733,0.07388203,0.01754021,0.030878857,0.74069744,0.095397525,0.0046106316,0.025418779,0.011574457
ZJ020734,0.13442858,0.0020402241,0.1833583,0.38037017,0.0041898107,0.04074164,0.0014618093,0.25340945
ZJ020735,0.005748807,0.040891703,0.008194845,0.0018420629,0.006430342,0.9330253,0.0019167772,0.0019502268
ZJ020736,0.44723696,0.13728552,0.2204444,0.0036280663,0.02003913,0.017192243,0.09542734,0.05874631
ZJ020737,0.25193965,0.0171645,0.02654928,0.4683858,0.1978817,0.012919816,0.01779621,0.007363024
ZJ020738,0.216971,0.3626807,0.09762622,0.029714897,0.038165398,0.0039212806,0.17741205,0.07350849
ZJ020739,0.38924897,0.17870775,0.19955158,0.0048392187,0.07454849,0.00053680904,0.08631148,0.066255756
ZJ020740,0.42528707,0.024048222,0.1554161,0.0023869574,0.08255951,0.0027007808,0.28390774,0.023693591
ZJ020741,0.16289705,0.016127469,0.028500665,0.68647045,0.047882937,0.019211955,0.012545749,0.026363784
ZJ020742,0.06856131,0.12536913,0.19165654,0.002074301,0.002367704,0.034514036,0.5408536,0.03460335
ZJ020743,0.19928335,0.019768625,0.45515245,0.062345788,0.056549747,0.033950664,0.015031614,0.15791781
ZJ020744,0.5887472,0.036693238,0.07070197,0.011507055,0.072761394,0.007957232,0.1594028,0.05222912
ZJ020745,0.21195966,0.14533949,0.1754641,0.007168311,0.016289037,0.10437981,0.2877621,0.051637437
ZJ020746,0.105284326,0.034513053,0.047851417,0.021573279,0.030747335,0.0044978918,0.6739717,0.08156097
ZJ020747,0.14444841,0.046979092,0.13012256,0.32802644,0.010518326,0.017501649,0.0072878967,0.31511557
ZJ020748,0.07654396,0.7926631,0.036026776,0.008646908,0.03819484,0.0008717544,0.018951597,0.028101085
ZJ020749,0.03696034,0.35629544,0.114458546,0.00036497766,0.043413583,0.08784656,0.30256844,0.05809219
ZJ020750,0.12973347,0.20137817,0.1670485,0.010362219,0.019116001,0.028062217,0.3470256,0.09727384
ZJ020751,0.21867038,0.06430749,0.17376447,0.005641254,0.3165157,0.005168614,0.1709258,0.04500634
ZJ020752,0.095821485,0.013150805,0.14546691,0.31040365,0.028781662,0.014951665,0.00341076,0.3880131
ZJ020753,0.5477975,0.051763013,0.09880002,0.008478018,0.048324328,0.018820042,0.14082186,0.0851952
ZJ020754,0.10726974,0.048157874,0.06438492,0.003136522,0.002952856,0.27963716,0.3541566,0.14030431
ZJ020755,0.14498495,0.105294004,0.28705394,0.00030615024,0.007564658,0.13141827,0.27192485,0.0514532
ZJ020756,0.100604996,0.054904103,0.08344018,0.0117681725,0.40210888,0.2886237,0.015898345,0.042651623
ZJ020757,0.0068921563,0.00037160324,0.012285732,0.0001763515,6.175306e-05,0.00026400716,0.9739809,0.0059674354
ZJ020758,0.12664372,0.16331856,0.1982664,0.08860404,0.009775348,0.015623993,0.031826146,0.3659418
ZJ020759,0.45085368,0.08809576,0.1355848,0.0016756845,0.003940017,0.017838743,0.16677268,0.13523862
ZJ020760,0.043720476,0.004907038,0.1187463,0.0009455387,0.004977375,0.66251177,0.14761,0.016581489
ZJ020761,0.43994308,0.045873944,0.0735539,0.00261699,0.17861864,0.0034096667,0.23499683,0.020986963
ZJ020762,0.03415969,0.5821211,0.15491264,0.00023962105,0.11854405,0.07203498,0.01300927,0.024978684
ZJ020763,0.109758876,0.38524023,0.2855833,0.00011267324,0.0005439857,0.07261268,0.14414322,0.00200505
ZJ020764,0.12802657,0.048152633,0.2512903,0.0036239666,0.0019920734,0.023438927,0.51807964,0.025395809
ZJ020765,0.25801033,0.014681981,0.2796242,0.0006121463,0.012767095,0.06676722,0.34208557,0.025451439
ZJ020766,0.25675574,0.0135040935,0.03855953,0.47988322,0.13058367,0.03863883,0.032315306,0.009759578
ZJ020767,0.079598546,0.34343365,0.40585995,0.00019555393,0.00024893746,0.0008514989,0.14349493,0.026316963
ZJ020768,0.2579473,0.19327308,0.24838643,0.018297212,0.004711824,0.008779531,0.12062425,0.14798042
ZJ020769,0.09089759,0.0044618957,0.15913612,0.42564812,0.0030186072,0.008519149,0.0067149866,0.30160356
ZJ020770,0.10219454,0.7075992,0.054796543,0.012630357,0.0013607219,0.0012964678,0.037592657,0.08252941
ZJ020771,0.13741362,0.04310826,0.09890166,0.2737563,0.029488873,0.010428132,0.0028633103,0.40403986
ZJ020772,0.14040205,0.010368075,0.040843032,0.01315311,0.02974047,0.4463533,0.17026952,0.1488705
ZJ020773,0.18942095,0.07996361,0.31107748,0.012384959,0.017144466,0.0031905104,0.17547436,0.21134372
ZJ020774,0.091735914,0.38701612,0.07496537,0.00062559394,0.00568889,0.0010229454,0.42761666,0.011328507
ZJ020775,0.10209285,0.002177544,0.19042572,0.37595522,0.0018766755,0.008619026,0.0024693636,0.31638363
ZJ020776,0.20930396,0.008988789,0.1575986,0.23376657,0.008079775,0.0031690134,0.0074514356,0.37164184
ZJ020777,0.1057701,0.16913639,0.19649087,0.00039798222,0.03336826,0.012505686,0.39411885,0.08821186
ZJ020778,0.079335324,0.0031600755,0.24277775,0.51692176,0.0386252,0.0066011753,0.0013397422,0.1112389
ZJ020779,0.44547775,0.024886455,0.14633085,0.0017994123,0.025098888,0.010691928,0.33094734,0.014767325
ZJ020780,0.12788585,0.62202996,0.06885638,0.00086731947,0.0030512481,0.0017340811,0.11640676,0.05916835
ZJ020781,0.044558216,0.013742722,0.05366303,0.5831819,0.003285695,0.008879702,0.009802199,0.28288656
ZJ020782,0.108103864,0.023768717,0.32318422,0.005999834,0.0031222277,0.028838068,0.48350093,0.023482129
ZJ020783,0.32782784,0.2396521,0.1768811,0.004726447,0.03585826,0.0014479172,0.13644288,0.07716347
ZJ020784,0.44677922,0.04141488,0.113091566,0.004897223,0.016208526,0.061889436,0.29864046,0.01707869
ZJ020785,0.29526493,0.15746179,0.21778433,0.013052995,0.15634231,0.002554351,0.102624506,0.054914806
ZJ020786,0.18137427,0.44444904,0.108241126,0.006160117,0.019079823,0.00339255,0.09516058,0.14214249
ZJ020787,0.05685401,0.04732808,0.14841248,0.007815932,0.0035797441,0.6668795,0.047035772,0.022094477
ZJ020788,0.13825153,0.015284869,0.12971993,0.4068601,0.031072972,0.0077079213,0.0038915575,0.2672111
ZJ020789,0.12593617,0.46563917,0.094108194,0.004601042,0.004864789,0.030779045,0.1885391,0.085532464
ZJ020790,0.039016567,0.63448924,0.038724907,0.0043496527,0.03930003,0.024094993,0.15254076,0.06748392
ZJ020791,0.16065095,0.45761827,0.16065641,0.0010403075,0.0011896787,0.04938154,0.16189508,0.0075677177
ZJ020792,0.19796604,0.15031753,0.14218673,0.014066068,0.00063572277,0.03192262,0.40805912,0.05484616
ZJ020793,0.30162308,0.11800752,0.094030105,0.0025305043,0.23626122,0.016996741,0.21152742,0.019023351
ZJ020794,0.27826422,0.093704775,0.29126775,0.0004064983,0.004154101,0.023937233,0.30209824,0.00616714
ZJ020795,0.08199417,0.7939294,0.030334923,0.0053543053,0.00589921,0.00069519645,0.05826181,0.023530966
ZJ020796,0.6060717,0.06705103,0.12375201,7.7911725e-05,0.0019319268,0.0034789683,0.099397264,0.09823916
ZJ020797,0.17927858,0.0039916644,0.6053562,0.049462743,0.014678414,0.027135171,0.007485728,0.11261152
ZJ020798,0.5407242,0.1332468,0.11639429,0.0013091956,0.016338184,0.0041626864,0.11421117,0.073613465
ZJ020799,0.5096628,0.001519293,0.110136054,0.094293706,0.19483937,0.023530796,0.0012270694,0.064790845
ZJ020800,0.6799971,0.002992619,0.08120489,0.01200851,0.17977448,0.010931522,0.0025169083,0.030573959
ZJ020801,0.36858976,0.0068280636,0.34155363,0.09886281,0.021106506,0.060079206,0.015556786,0.08742326
ZJ020802,0.00069838885,1.2382955e-05,0.0014842103,4.493257e-05,1.572002e-05,0.99554795,0.0002571912,0.0019392773
ZJ020803,0.070606366,0.0032157341,0.20764607,0.23150079,0.0057641463,0.0074988096,0.0074813757,0.46628672
ZJ020804,0.048601415,0.015210792,0.061835505,0.48661128,0.0075243255,0.0048383996,0.0030208854,0.37235737
ZJ020805,0.3229981,0.031947114,0.028968204,0.35930145,0.16741207,0.026562678,0.048594642,0.014215769
ZJ020806,0.0025430867,4.6491936e-05,0.0032058838,0.00013061074,5.213132e-05,0.9903214,0.0010526776,0.0026477238
ZJ020807,0.18517615,0.007118434,0.12692066,0.60728866,0.033132866,0.003963829,0.007187334,0.029211981
ZJ020808,0.27925336,0.4565985,0.06788269,0.036174264,0.002300456,0.015816065,0.13870029,0.0032743402
ZJ020809,0.49473232,0.15378283,0.085070774,0.0018875806,0.008856201,0.0046582073,0.1989818,0.052030265
ZJ020810,0.067675635,0.012998032,0.16529943,0.001101467,0.005507465,0.53574586,0.19137348,0.020298615
ZJ020811,0.046864968,0.25918233,0.17855954,0.0005409266,0.04434251,0.11521271,0.23214549,0.12315145
ZJ020812,0.31872934,0.010921095,0.50647455,0.042062003,0.0020192508,0.015056169,0.008150567,0.096587
ZJ020813,0.41148674,0.03979814,0.34114686,0.0036700424,0.019858537,0.003065819,0.07154855,0.109425254
ZJ020814,0.0814725,0.11449974,0.67555016,0.00021943082,0.0021765472,0.0053284476,0.11709621,0.0036569934
ZJ020815,0.03380559,0.13527885,0.1084525,0.0003341562,0.41812003,0.26362318,0.033573654,0.0068120486
ZJ020816,0.104367495,0.24580076,0.17115644,0.0015522066,0.044556934,0.07429824,0.3077933,0.05047471
ZJ020817,0.31669918,0.09918876,0.14900108,0.0011114622,0.021822738,0.026276503,0.33971027,0.04618997
ZJ020818,0.121216826,0.0030357707,0.13992786,0.29127908,0.0046889456,0.013875875,0.002822505,0.42315313
ZJ020819,0.25924215,0.23140363,0.048719708,0.034434922,0.1824592,0.008062905,0.18752195,0.048155464
ZJ020820,0.597545,0.11526781,0.07222475,0.0029158099,0.018531121,0.0074586472,0.14561115,0.040445704
ZJ020821,0.38051623,0.11040448,0.110745095,0.0017411183,0.008810319,0.0038004466,0.36249948,0.021482846
ZJ020822,0.3676065,0.23109679,0.16938251,0.01004084,0.0688909,0.0007150839,0.05214402,0.10012338
ZJ020823,0.057282988,0.060372807,0.075486064,0.6180727,0.096976504,0.014182761,0.04148514,0.03614101
ZJ020824,0.19966015,0.14942275,0.094982885,0.012111792,0.3961121,0.020686388,0.09507446,0.0319494
ZJ020825,0.23691234,0.07952007,0.17141788,0.016662335,0.28714573,0.024737425,0.11486583,0.06873839
ZJ020826,0.08260422,0.0028134137,0.36823693,0.21420214,0.048769496,0.13798791,0.0016650398,0.14372082
ZJ020827,0.09905478,0.08334919,0.37960172,0.00034032218,0.013653783,0.11016625,0.28844285,0.025391132
ZJ020828,0.018948197,0.06589582,0.02112061,4.37609e-05,0.018982593,0.867316,0.0058637112,0.0018292735
ZJ020829,0.05346612,0.14516477,0.41533405,0.0016508396,0.023735957,0.17220747,0.132679,0.055761736
ZJ020830,0.61770743,0.082342684,0.078362174,0.0011636975,0.0044920747,0.024196846,0.17276254,0.018972551
ZJ020831,0.00015143561,8.830791e-05,8.772425e-05,0.00057137065,2.4710278e-05,0.99888766,0.000101238176,8.7540386e-05
ZJ020832,0.107701235,0.037140112,0.10343792,0.43872562,0.010826467,0.019133449,0.0056320243,0.27740315
ZJ020833,0.07311115,0.0402259,0.23591554,0.00037130577,0.002706004,0.0021589317,0.62934756,0.01616359
ZJ020834,0.19255443,0.054812975,0.28511864,0.0014459979,0.006386657,0.008823197,0.44501337,0.005844724
ZJ020835,0.34070656,0.11508421,0.18201123,0.0030349114,0.059504133,0.02016201,0.25813267,0.021364292
ZJ020836,0.22346333,0.10102958,0.32303724,0.00047452314,0.022070255,0.02114424,0.28745094,0.02132997
ZJ020837,0.20751223,0.21470515,0.20591065,0.0025291748,0.0114595955,0.015355187,0.27986062,0.06266743
ZJ020838,0.05294043,0.012469645,0.058889568,0.47178477,0.01879844,0.046385262,0.0031861968,0.33554563
ZJ020839,0.010917019,0.5910374,0.011947703,2.3506118e-06,0.0001325384,0.012738481,0.30342582,0.06979865
ZJ020840,0.13998154,0.038823806,0.15731388,0.011056854,0.19225508,0.047889777,0.13747959,0.27519947
ZJ020841,0.67323345,0.0067084054,0.07084696,0.12179425,0.050423052,0.004686557,0.013940997,0.058366373
ZJ020842,0.2090941,0.16398269,0.28106096,0.0017595799,0.007076689,0.005952982,0.26135164,0.06972135
ZJ020843,0.16479121,0.009950477,0.24495105,0.14910403,0.013363622,0.0028259438,0.0029012698,0.41211239
ZJ020844,0.2674647,0.08844092,0.20772949,0.00056146574,0.011909518,0.08968596,0.3076579,0.026550123
ZJ020845,0.023080735,0.6079532,0.084987424,0.00032622882,0.061687507,0.19937657,0.0085678855,0.014020479
ZJ020846,0.032952614,0.0024301705,0.025353039,7.7722914e-05,0.00023894953,0.0005628089,0.9111861,0.027198559
ZJ020847,0.113525584,0.7023028,0.071931176,0.0007822869,0.009706245,0.0076774117,0.08879827,0.0052762185
ZJ020848,0.19736595,0.24700488,0.117608525,0.00044469116,0.0010124556,0.119331114,0.2754945,0.041737884
ZJ020849,0.065629646,0.8367961,0.043910764,0.00011572783,0.00028799754,0.002397856,0.041272663,0.009589153
ZJ020850,0.14784683,0.123470284,0.23769358,0.0036053595,0.009421431,0.013246848,0.24148412,0.22323152
ZJ020851,0.08263465,0.72602564,0.08234059,0.00027757284,0.0016531819,0.003368917,0.09482353,0.008875929
ZJ020852,0.24306804,0.11722803,0.32892424,0.10292284,0.005343574,0.0038482128,0.12167123,0.076993845
ZJ020853,0.18405238,0.070499234,0.48512518,0.00012049395,0.002249588,0.00080983347,0.25125432,0.0058890022
ZJ020854,0.0014241608,3.9476563e-05,0.0026935737,0.00019682717,4.080465e-05,0.99352795,0.0003807456,0.0016964606
ZJ020855,0.09417755,0.0022163473,0.6000805,0.09920799,0.010736747,0.038167197,0.0015270354,0.15388668
ZJ020856,0.28933778,0.024812588,0.03111766,0.40397492,0.20558214,0.007985843,0.02364202,0.0135470405
ZJ020857,0.042670265,0.9349806,0.0008374826,8.063098e-05,0.00023555849,0.00011177858,0.020941282,0.00014253562
ZJ020858,0.43704435,0.0016129633,0.20107347,0.14297733,0.11726945,0.024629837,0.0016389283,0.073753625
ZJ020859,0.71829444,0.033908885,0.07919819,0.060648195,0.01436017,0.015107501,0.013731027,0.06475157
ZJ020860,0.119405195,0.0027274922,0.5754304,0.0923246,0.006862092,0.059296034,0.0019918047,0.14196238
ZJ020861,0.07198538,0.004576362,0.23052928,0.5182138,0.022168,0.027371451,0.0028590667,0.12229668
ZJ020862,0.03647065,0.030802371,0.02508341,0.03579695,0.013831239,0.8206024,0.029763572,0.0076493938
ZJ020863,0.16071509,0.0061799656,0.18984002,0.2704568,0.003312446,0.006305862,0.004708145,0.3584817
ZJ020864,0.2154525,0.29547364,0.17398313,0.007489725,0.002719901,0.044149645,0.24702488,0.013706614
ZJ020865,0.17282881,0.24747649,0.04672528,0.025564177,0.03259141,0.004930926,0.4000994,0.0697835
ZJ020866,0.16996178,0.12523851,0.29069257,0.002735609,0.023766696,0.0495412,0.17972615,0.15833752
ZJ020867,0.0048810258,0.0018863346,0.040507045,0.0005019633,0.0031556573,0.9432906,0.002990201,0.0027872603
ZJ020868,0.14177707,0.025647137,0.17274545,0.0016641755,0.003180191,0.036549445,0.5337001,0.08473644
ZJ020869,0.24650387,0.01076122,0.026660576,0.029058617,0.008971956,0.0003888751,0.014178039,0.6634769
ZJ020870,0.15892369,0.3501835,0.070211135,0.1264449,0.014797057,0.0035150058,0.23468463,0.041240096
ZJ020871,0.339651,0.15245537,0.12280086,0.00054023124,0.0039047417,0.042023648,0.17475887,0.16386533
ZJ020872,0.037239432,0.010618081,0.08596239,0.00029225976,0.0007653383,0.003225737,0.85000294,0.011893788
ZJ020873,0.0268279,0.019133093,0.06701206,0.0134617835,0.013860497,0.8306433,0.017337393,0.011723958
ZJ020874,0.554655,0.02648822,0.06855538,0.0042763744,0.14009023,0.008596717,0.18160813,0.015729876
ZJ020875,0.08648258,0.006538037,0.041526355,0.0012054135,0.004740484,0.00044447923,0.8520865,0.0069760904
ZJ020876,0.19810908,0.020567661,0.15995999,0.001480379,0.25758028,0.02044283,0.33620816,0.005651603
ZJ020877,0.51914275,0.06685396,0.19227298,0.002619379,0.015337657,0.0058482653,0.07823244,0.11969257
ZJ020878,0.33761746,0.16715245,0.17767444,0.05276165,0.03144712,0.0065160063,0.13563448,0.0911964
ZJ020879,0.11842418,0.008859259,0.18850689,0.55732214,0.0008479917,0.06662402,0.011339669,0.048075862
ZJ020880,0.40071514,0.1143746,0.06889956,0.006734925,0.0061755734,0.0044784956,0.37673473,0.021886982
ZJ020881,0.33785412,0.13570932,0.15818967,0.045050498,0.0303765,0.0050990474,0.1715685,0.116152376
ZJ020882,0.10226685,0.009460646,0.12035643,0.35705313,0.0062325746,0.013806891,0.0032289492,0.38759455
ZJ020883,0.23979062,0.23427409,0.21043187,0.06695567,0.015729317,0.0072739306,0.039123252,0.18642123
ZJ020884,0.16267337,0.30898595,0.08527498,0.016576476,0.028978473,0.0047268136,0.28210983,0.110674135
ZJ020885,0.55526775,0.0047248458,0.015392403,0.23412286,0.16742267,0.006165062,0.010883654,0.0060208486
ZJ020886,0.26880336,0.04373089,0.2873843,0.032454528,0.009667536,0.22905134,0.042387526,0.086520545
ZJ020887,0.07874806,0.094211645,0.49161845,0.00016798968,0.00016501395,0.015070641,0.26561797,0.054400224
ZJ020888,0.104092516,0.19162905,0.046450123,0.0010128907,0.1570218,0.4296863,0.051468987,0.018638277
ZJ020889,0.19013396,0.0026992494,0.107647665,0.014508062,0.5537391,0.04026251,0.008520251,0.082489304
ZJ020890,0.26368684,0.054010108,0.26274076,0.00060757203,0.0039096717,0.030944305,0.36108333,0.023017464
ZJ020891,0.15706114,0.6157177,0.105776004,0.000831791,0.0016599736,0.0054459907,0.08913536,0.024372041
ZJ020892,0.03989624,0.17919071,0.31660172,0.0009279849,0.05238255,0.32009342,0.07705667,0.013850655
ZJ020893,0.111380875,0.07694983,0.013688204,0.034158424,0.010972266,0.0007485167,0.72362775,0.028474143
ZJ020894,0.14223504,0.0035223444,0.22565092,0.16422826,0.0010414255,0.0036980538,0.0028370789,0.45678696
ZJ020895,0.053277567,0.014944601,0.10153427,0.48149973,0.020890454,0.05420158,0.0018742125,0.27177763
ZJ020896,0.19634612,0.122929215,0.19380409,0.0033572281,0.003897586,0.0021376936,0.32225138,0.15527667
ZJ020897,0.21017426,0.21754982,0.097386256,0.064342566,0.009426037,0.0044780034,0.022506515,0.37413657
ZJ020898,0.0024396207,0.0003233586,0.023532037,0.00063450803,0.000247613,0.9647808,0.0031101778,0.004931897
ZJ020899,0.18023862,0.0022289273,0.43127346,0.05754462,0.043473944,0.012361944,0.0049180584,0.2679604
ZJ020900,0.025708668,0.75680584,0.038247544,1.9102396e-05,6.1049934e-05,0.010601449,0.10720843,0.06134785
ZJ020901,0.31242815,0.10690343,0.1570468,0.00098448,0.014234743,0.023200348,0.36473775,0.020464377
ZJ020902,0.13794453,0.0026163042,0.21679461,0.21495551,0.0038213292,0.010782023,0.0031250862,0.40996057
ZJ020903,0.4431733,0.1225475,0.17218842,0.0031853952,0.0048746685,0.047716722,0.19762577,0.008688288
ZJ020904,0.10429615,0.017189002,0.08368468,0.039747976,0.0049753217,0.002979018,0.008994741,0.7381332
ZJ020905,0.2696967,0.2573691,0.12474497,0.0050613876,0.015260608,0.004647855,0.25614542,0.06707393
ZJ020906,0.14899091,0.003914551,0.4877815,0.0716844,0.029224576,0.028082,0.0036558446,0.2266662
ZJ020907,0.18142289,0.19587792,0.25192323,0.0015256008,0.0063896393,0.015548703,0.31883046,0.028481584
ZJ020908,0.11293104,0.018506683,0.10873833,0.10357328,0.007472023,0.0038810696,0.008902218,0.6359954
ZJ020909,0.18776906,0.002590703,0.24120788,0.41494474,0.01783461,0.0141494125,0.0028719148,0.11863167
ZJ020910,0.03861633,0.015837109,0.010700903,0.018723544,0.046835247,0.00055575324,0.8540387,0.01469243
ZJ020911,0.4006873,0.114794314,0.041343875,0.0004625035,0.0011401335,0.04843097,0.38851702,0.004623898
ZJ020912,0.3664967,0.096054636,0.14278094,0.0033193908,0.017523382,0.04579084,0.3203127,0.007721355
ZJ020913,0.0034581847,0.024921356,0.022320524,0.00014199704,0.001084801,0.94404805,0.001983516,0.0020415818
ZJ020914,0.24104668,0.034301836,0.12110762,0.0011789128,0.03578267,0.0265767,0.51284474,0.027160816
ZJ020915,0.39656952,0.06968968,0.17716502,0.00021387689,0.0041507003,0.0048796763,0.33662173,0.010709784
ZJ020916,0.34213609,0.09705942,0.25676712,0.0015291069,0.008933323,0.0067713168,0.24490245,0.04190119
ZJ020917,0.2558378,0.037119485,0.087269895,0.003615739,0.3012163,0.004961997,0.2956322,0.014346491
ZJ020918,0.050646037,0.8722387,0.022686705,0.0023402579,0.0020169963,0.0011143096,0.018191027,0.030765995
ZJ020919,0.22212546,0.008286498,0.040395346,0.0017953088,0.010056114,0.003373273,0.70878506,0.0051828986
ZJ020920,0.11487578,0.12699392,0.34696314,0.25268367,0.040792428,0.024683096,0.008099857,0.08490815
ZJ020921,0.024267863,0.773847,0.10967098,0.00045262466,0.009080025,0.0015846617,0.07252533,0.008571572
ZJ020922,0.31573936,0.102060184,0.22690032,0.0027917859,0.13249984,0.010746742,0.1606675,0.04859428
ZJ020923,0.0014922624,0.00048436562,0.014716863,0.00021628689,0.00026010664,0.9790345,0.00070237706,0.0030932345
ZJ020924,0.06813075,0.029380666,0.23953252,0.002214781,0.0038207383,0.03467512,0.61590236,0.0063431133
ZJ020925,0.3278862,0.07156643,0.30757946,0.0021206937,0.030258182,0.013133852,0.16534252,0.08211269
ZJ020926,0.87113893,0.0007465582,0.005919143,4.213832e-05,0.10153935,0.001520622,0.018722838,0.00037042098
ZJ020927,0.3697159,0.069212615,0.20671207,0.12407316,0.022632308,0.0028416852,0.01843392,0.1863783
ZJ020928,0.0049197017,0.0033175854,0.0024788221,0.0029083784,0.01173357,0.9709197,0.0013545745,0.002367683
ZJ020929,0.1284336,0.080510154,0.14331861,0.06375272,0.04740173,0.44088,0.0110169975,0.084686205
ZJ020930,0.14534822,0.16415013,0.47844028,0.00024056934,0.0017799323,0.0018574904,0.19448747,0.013695895
ZJ020931,0.18859302,0.45981348,0.16787301,0.0007225937,0.0010424226,0.020369314,0.120645784,0.040940437
ZJ020932,0.37711516,0.08456002,0.22617899,0.0014029123,0.010534439,0.03812713,0.21466099,0.047420345
ZJ020933,0.18550898,0.004539487,0.13533683,0.1505201,0.014483352,0.45516047,0.0070973895,0.047353365
ZJ020934,0.7434495,5.254278e-05,0.00082290976,1.685099e-06,0.25327712,0.0001756488,0.0021654477,5.509882e-05
ZJ020935,0.13669157,0.017465495,0.27092618,0.17322956,0.031130973,0.097094744,0.021305429,0.25215608
ZJ020936,0.11162287,0.020773672,0.26915246,0.0009156509,0.0015922557,0.024247725,0.5461732,0.025522156
ZJ020937,0.12387082,0.23438555,0.12968548,0.0717403,0.023596909,0.0077335336,0.019790536,0.3891969
ZJ020938,0.18345878,0.06428856,0.13366465,0.0037831583,0.000598257,0.023386085,0.5243529,0.0664676
ZJ020939,0.19242714,0.005184727,0.090225406,0.30413324,0.0028163907,0.0033608302,0.025556669,0.37629563
ZJ020940,0.21821183,0.015906895,0.06948175,0.0027431133,0.08669418,0.3431159,0.18123037,0.082615994
ZJ020941,0.17195633,0.33399323,0.11878145,0.003075502,0.0048578843,0.0032774021,0.34001198,0.024046222
ZJ020942,0.1382538,0.0028978412,0.26056,0.0020425185,0.0007433656,0.073477395,0.5108277,0.011197446
ZJ020943,0.7586244,0.058153078,0.020556891,0.0019342491,0.0059837024,0.00028332326,0.14618412,0.008280246
ZJ020944,0.1106425,0.09074023,0.05376129,0.45704362,0.22489715,0.0091490075,0.028045721,0.025720432
ZJ020945,0.35994264,0.05212546,0.1308809,0.023473164,0.016214078,0.014623022,0.37428707,0.028453616
ZJ020946,0.34186876,0.033465866,0.08139912,0.0028828285,0.33972698,0.0059618447,0.18519834,0.009496229
ZJ020947,0.30541995,0.17704605,0.21111415,0.094052464,0.04317938,0.013521622,0.14698942,0.008676965
ZJ020948,0.47216794,0.038246356,0.08531025,0.0036537664,0.03504283,0.048619673,0.2832549,0.0337043
ZJ020949,0.1401172,0.0022113237,0.14589226,0.49940246,0.01978446,0.10127801,0.002973658,0.088340595
ZJ020950,0.23081218,0.17180258,0.17836428,0.003594106,0.0036960277,0.003769598,0.3752441,0.03271708
ZJ020951,0.0028649468,0.0001153357,0.008422943,0.00021586538,0.0020311598,0.98321015,0.0012868756,0.0018527645
